ISO-10303-21;
HEADER;
FILE_DESCRIPTION(('KiCad electronic assembly'),'2;1');
FILE_NAME('.step','2026-08-29T14:57:27',('Pcbnew'),('Kicad'),
  'Open CASCADE STEP processor 7.9','KiCad to STEP converter','Unknown'
  );
FILE_SCHEMA(('AUTOMOTIVE_DESIGN { 1 0 10303 214 1 1 1 1 }'));
ENDSEC;
DATA;
#1 = APPLICATION_PROTOCOL_DEFINITION('international standard',
  'automotive_design',2000,#2);
#2 = APPLICATION_CONTEXT(
  'core data for automotive mechanical design processes');
#3 = SHAPE_DEFINITION_REPRESENTATION(#4,#10);
#4 = PRODUCT_DEFINITION_SHAPE('','',#5);
#5 = PRODUCT_DEFINITION('design','',#6,#9);
#6 = PRODUCT_DEFINITION_FORMATION('','',#7);
#7 = PRODUCT('.step 1','.step 1','',(#8));
#8 = PRODUCT_CONTEXT('',#2,'mechanical');
#9 = PRODUCT_DEFINITION_CONTEXT('part definition',#2,'design');
#10 = SHAPE_REPRESENTATION('',(#11,#15,#19,#23,#27,#31,#35,#39,#43,#47,
    #51,#55,#59,#63,#67,#71,#75,#79,#83,#87,#91,#95,#99,#103,#107,#111,
    #115,#119),#123);
#11 = AXIS2_PLACEMENT_3D('',#12,#13,#14);
#12 = CARTESIAN_POINT('',(0.,0.,0.));
#13 = DIRECTION('',(0.,0.,1.));
#14 = DIRECTION('',(1.,0.,-0.));
#15 = AXIS2_PLACEMENT_3D('',#16,#17,#18);
#16 = CARTESIAN_POINT('',(96.012,-84.074,1.595));
#17 = DIRECTION('',(0.,0.,1.));
#18 = DIRECTION('',(1.,0.,0.));
#19 = AXIS2_PLACEMENT_3D('',#20,#21,#22);
#20 = CARTESIAN_POINT('',(99.568,-81.788,1.595));
#21 = DIRECTION('',(0.,-0.,1.));
#22 = DIRECTION('',(1.110223024625E-16,1.,0.));
#23 = AXIS2_PLACEMENT_3D('',#24,#25,#26);
#24 = CARTESIAN_POINT('',(112.776,-81.76,1.595));
#25 = DIRECTION('',(0.,-0.,1.));
#26 = DIRECTION('',(1.110223024625E-16,1.,0.));
#27 = AXIS2_PLACEMENT_3D('',#28,#29,#30);
#28 = CARTESIAN_POINT('',(98.636,-86.502,1.595));
#29 = DIRECTION('',(0.,0.,1.));
#30 = DIRECTION('',(1.,0.,0.));
#31 = AXIS2_PLACEMENT_3D('',#32,#33,#34);
#32 = CARTESIAN_POINT('',(121.414,-80.772,1.595));
#33 = DIRECTION('',(0.,0.,1.));
#34 = DIRECTION('',(1.,0.,0.));
#35 = AXIS2_PLACEMENT_3D('',#36,#37,#38);
#36 = CARTESIAN_POINT('',(117.35,-76.2,1.595));
#37 = DIRECTION('',(0.,0.,1.));
#38 = DIRECTION('',(-1.,1.224646799147E-16,0.));
#39 = AXIS2_PLACEMENT_3D('',#40,#41,#42);
#40 = CARTESIAN_POINT('',(101.6,-81.76,1.595));
#41 = DIRECTION('',(0.,-0.,1.));
#42 = DIRECTION('',(1.110223024625E-16,1.,0.));
#43 = AXIS2_PLACEMENT_3D('',#44,#45,#46);
#44 = CARTESIAN_POINT('',(101.148,-89.042,1.595));
#45 = DIRECTION('',(0.,0.,1.));
#46 = DIRECTION('',(-1.,1.224646799147E-16,0.));
#47 = AXIS2_PLACEMENT_3D('',#48,#49,#50);
#48 = CARTESIAN_POINT('',(96.012,-74.168,1.595));
#49 = DIRECTION('',(0.,0.,1.));
#50 = DIRECTION('',(1.,0.,0.));
#51 = AXIS2_PLACEMENT_3D('',#52,#53,#54);
#52 = CARTESIAN_POINT('',(95.56,-88.534,1.595));
#53 = DIRECTION('',(0.,-0.,1.));
#54 = DIRECTION('',(1.110223024625E-16,1.,0.));
#55 = AXIS2_PLACEMENT_3D('',#56,#57,#58);
#56 = CARTESIAN_POINT('',(121.41,-82.296,1.595));
#57 = DIRECTION('',(0.,0.,1.));
#58 = DIRECTION('',(-1.,1.224646799147E-16,0.));
#59 = AXIS2_PLACEMENT_3D('',#60,#61,#62);
#60 = CARTESIAN_POINT('',(121.41,-77.724,1.595));
#61 = DIRECTION('',(0.,0.,1.));
#62 = DIRECTION('',(1.,0.,0.));
#63 = AXIS2_PLACEMENT_3D('',#64,#65,#66);
#64 = CARTESIAN_POINT('',(96.012,-81.788,1.595));
#65 = DIRECTION('',(0.,-0.,1.));
#66 = DIRECTION('',(1.110223024625E-16,1.,0.));
#67 = AXIS2_PLACEMENT_3D('',#68,#69,#70);
#68 = CARTESIAN_POINT('',(118.872,-76.706,1.595));
#69 = DIRECTION('',(-0.,0.,1.));
#70 = DIRECTION('',(1.110223024625E-16,-1.,0.));
#71 = AXIS2_PLACEMENT_3D('',#72,#73,#74);
#72 = CARTESIAN_POINT('',(113.792,-81.788,1.595));
#73 = DIRECTION('',(-0.,0.,1.));
#74 = DIRECTION('',(1.110223024625E-16,-1.,0.));
#75 = AXIS2_PLACEMENT_3D('',#76,#77,#78);
#76 = CARTESIAN_POINT('',(98.608,-90.566,1.595));
#77 = DIRECTION('',(0.,0.,1.));
#78 = DIRECTION('',(-1.,1.224646799147E-16,0.));
#79 = AXIS2_PLACEMENT_3D('',#80,#81,#82);
#80 = CARTESIAN_POINT('',(121.44,-79.248,1.595));
#81 = DIRECTION('',(0.,0.,1.));
#82 = DIRECTION('',(1.,0.,0.));
#83 = AXIS2_PLACEMENT_3D('',#84,#85,#86);
#84 = CARTESIAN_POINT('',(97.536,-81.788,1.595));
#85 = DIRECTION('',(0.,-0.,1.));
#86 = DIRECTION('',(1.110223024625E-16,1.,0.));
#87 = AXIS2_PLACEMENT_3D('',#88,#89,#90);
#88 = CARTESIAN_POINT('',(100.612,-73.152,1.595));
#89 = DIRECTION('',(0.,0.,1.));
#90 = DIRECTION('',(1.,0.,0.));
#91 = AXIS2_PLACEMENT_3D('',#92,#93,#94);
#92 = CARTESIAN_POINT('',(123.446,-82.296,1.595));
#93 = DIRECTION('',(0.,0.,1.));
#94 = DIRECTION('',(-1.,1.224646799147E-16,0.));
#95 = AXIS2_PLACEMENT_3D('',#96,#97,#98);
#96 = CARTESIAN_POINT('',(114.808,-88.9,1.595));
#97 = DIRECTION('',(-0.,0.,1.));
#98 = DIRECTION('',(1.110223024625E-16,-1.,0.));
#99 = AXIS2_PLACEMENT_3D('',#100,#101,#102);
#100 = CARTESIAN_POINT('',(127.508,-88.392,1.595));
#101 = DIRECTION('',(0.,0.,1.));
#102 = DIRECTION('',(1.,0.,0.));
#103 = AXIS2_PLACEMENT_3D('',#104,#105,#106);
#104 = CARTESIAN_POINT('',(127.508,-73.66,1.595));
#105 = DIRECTION('',(0.,0.,1.));
#106 = DIRECTION('',(1.,0.,0.));
#107 = AXIS2_PLACEMENT_3D('',#108,#109,#110);
#108 = CARTESIAN_POINT('',(112.522,-78.74,1.595));
#109 = DIRECTION('',(0.,0.,1.));
#110 = DIRECTION('',(-1.,1.224646799147E-16,0.));
#111 = AXIS2_PLACEMENT_3D('',#112,#113,#114);
#112 = CARTESIAN_POINT('',(95.504,-86.106,1.595));
#113 = DIRECTION('',(0.,-0.,1.));
#114 = DIRECTION('',(1.110223024625E-16,1.,0.));
#115 = AXIS2_PLACEMENT_3D('',#116,#117,#118);
#116 = CARTESIAN_POINT('',(119.38,-88.9,1.595));
#117 = DIRECTION('',(-0.,0.,1.));
#118 = DIRECTION('',(1.110223024625E-16,-1.,0.));
#119 = AXIS2_PLACEMENT_3D('',#120,#121,#122);
#120 = CARTESIAN_POINT('',(0.,0.,0.));
#121 = DIRECTION('',(0.,0.,1.));
#122 = DIRECTION('',(1.,0.,-0.));
#123 = ( GEOMETRIC_REPRESENTATION_CONTEXT(3) 
GLOBAL_UNCERTAINTY_ASSIGNED_CONTEXT((#127)) GLOBAL_UNIT_ASSIGNED_CONTEXT
((#124,#125,#126)) REPRESENTATION_CONTEXT('Context #1',
  '3D Context with UNIT and UNCERTAINTY') );
#124 = ( LENGTH_UNIT() NAMED_UNIT(*) SI_UNIT(.MILLI.,.METRE.) );
#125 = ( NAMED_UNIT(*) PLANE_ANGLE_UNIT() SI_UNIT($,.RADIAN.) );
#126 = ( NAMED_UNIT(*) SI_UNIT($,.STERADIAN.) SOLID_ANGLE_UNIT() );
#127 = UNCERTAINTY_MEASURE_WITH_UNIT(LENGTH_MEASURE(1.E-07),#124,
  'distance_accuracy_value','confusion accuracy');
#128 = PRODUCT_RELATED_PRODUCT_CATEGORY('part',$,(#7));
#129 = SHAPE_DEFINITION_REPRESENTATION(#130,#136);
#130 = PRODUCT_DEFINITION_SHAPE('','',#131);
#131 = PRODUCT_DEFINITION('design','',#132,#135);
#132 = PRODUCT_DEFINITION_FORMATION('','',#133);
#133 = PRODUCT('R_0402_1005Metric','R_0402_1005Metric','',(#134));
#134 = PRODUCT_CONTEXT('',#2,'mechanical');
#135 = PRODUCT_DEFINITION_CONTEXT('part definition',#2,'design');
#136 = SHAPE_REPRESENTATION('',(#11,#137),#141);
#137 = AXIS2_PLACEMENT_3D('',#138,#139,#140);
#138 = CARTESIAN_POINT('',(0.,0.,0.));
#139 = DIRECTION('',(0.,0.,1.));
#140 = DIRECTION('',(1.,0.,-0.));
#141 = ( GEOMETRIC_REPRESENTATION_CONTEXT(3) 
GLOBAL_UNCERTAINTY_ASSIGNED_CONTEXT((#145)) GLOBAL_UNIT_ASSIGNED_CONTEXT
((#142,#143,#144)) REPRESENTATION_CONTEXT('Context #1',
  '3D Context with UNIT and UNCERTAINTY') );
#142 = ( LENGTH_UNIT() NAMED_UNIT(*) SI_UNIT(.MILLI.,.METRE.) );
#143 = ( NAMED_UNIT(*) PLANE_ANGLE_UNIT() SI_UNIT($,.RADIAN.) );
#144 = ( NAMED_UNIT(*) SI_UNIT($,.STERADIAN.) SOLID_ANGLE_UNIT() );
#145 = UNCERTAINTY_MEASURE_WITH_UNIT(LENGTH_MEASURE(1.E-07),#142,
  'distance_accuracy_value','confusion accuracy');
#146 = CONTEXT_DEPENDENT_SHAPE_REPRESENTATION(#147,#149);
#147 = ( REPRESENTATION_RELATIONSHIP('','',#136,#10) 
REPRESENTATION_RELATIONSHIP_WITH_TRANSFORMATION(#148) 
SHAPE_REPRESENTATION_RELATIONSHIP() );
#148 = ITEM_DEFINED_TRANSFORMATION('','',#11,#15);
#149 = PRODUCT_DEFINITION_SHAPE('Placement','Placement of an item',#150
  );
#150 = NEXT_ASSEMBLY_USAGE_OCCURRENCE('2','R3','',#5,#131,$);
#151 = PRODUCT_RELATED_PRODUCT_CATEGORY('part',$,(#133));
#152 = SHAPE_DEFINITION_REPRESENTATION(#153,#159);
#153 = PRODUCT_DEFINITION_SHAPE('','',#154);
#154 = PRODUCT_DEFINITION('design','',#155,#158);
#155 = PRODUCT_DEFINITION_FORMATION('','',#156);
#156 = PRODUCT('R_0402_1005Metric','R_0402_1005Metric','',(#157));
#157 = PRODUCT_CONTEXT('',#2,'mechanical');
#158 = PRODUCT_DEFINITION_CONTEXT('part definition',#2,'design');
#159 = ADVANCED_BREP_SHAPE_REPRESENTATION('',(#11,#160),#950);
#160 = MANIFOLD_SOLID_BREP('',#161);
#161 = CLOSED_SHELL('',(#162,#202,#285,#310,#335,#402,#419,#436,#485,
    #502,#519,#568,#585,#654,#685,#709,#778,#802,#819,#836,#853,#870,
    #887,#904,#921,#938));
#162 = ADVANCED_FACE('',(#163),#197,.F.);
#163 = FACE_BOUND('',#164,.F.);
#164 = EDGE_LOOP('',(#165,#175,#183,#191));
#165 = ORIENTED_EDGE('',*,*,#166,.F.);
#166 = EDGE_CURVE('',#167,#169,#171,.T.);
#167 = VERTEX_POINT('',#168);
#168 = CARTESIAN_POINT('',(-0.5,-0.25,3.5E-02));
#169 = VERTEX_POINT('',#170);
#170 = CARTESIAN_POINT('',(-0.5,-0.25,0.315));
#171 = LINE('',#172,#173);
#172 = CARTESIAN_POINT('',(-0.5,-0.25,0.));
#173 = VECTOR('',#174,1.);
#174 = DIRECTION('',(0.,0.,1.));
#175 = ORIENTED_EDGE('',*,*,#176,.T.);
#176 = EDGE_CURVE('',#167,#177,#179,.T.);
#177 = VERTEX_POINT('',#178);
#178 = CARTESIAN_POINT('',(-0.5,0.25,3.5E-02));
#179 = LINE('',#180,#181);
#180 = CARTESIAN_POINT('',(-0.5,-0.25,3.5E-02));
#181 = VECTOR('',#182,1.);
#182 = DIRECTION('',(0.,1.,0.));
#183 = ORIENTED_EDGE('',*,*,#184,.T.);
#184 = EDGE_CURVE('',#177,#185,#187,.T.);
#185 = VERTEX_POINT('',#186);
#186 = CARTESIAN_POINT('',(-0.5,0.25,0.315));
#187 = LINE('',#188,#189);
#188 = CARTESIAN_POINT('',(-0.5,0.25,0.));
#189 = VECTOR('',#190,1.);
#190 = DIRECTION('',(0.,0.,1.));
#191 = ORIENTED_EDGE('',*,*,#192,.F.);
#192 = EDGE_CURVE('',#169,#185,#193,.T.);
#193 = LINE('',#194,#195);
#194 = CARTESIAN_POINT('',(-0.5,-0.25,0.315));
#195 = VECTOR('',#196,1.);
#196 = DIRECTION('',(0.,1.,0.));
#197 = PLANE('',#198);
#198 = AXIS2_PLACEMENT_3D('',#199,#200,#201);
#199 = CARTESIAN_POINT('',(-0.5,-0.25,0.));
#200 = DIRECTION('',(1.,0.,0.));
#201 = DIRECTION('',(0.,0.,1.));
#202 = ADVANCED_FACE('',(#203),#280,.F.);
#203 = FACE_BOUND('',#204,.F.);
#204 = EDGE_LOOP('',(#205,#215,#222,#223,#232,#240,#249,#257,#265,#273)
  );
#205 = ORIENTED_EDGE('',*,*,#206,.F.);
#206 = EDGE_CURVE('',#207,#209,#211,.T.);
#207 = VERTEX_POINT('',#208);
#208 = CARTESIAN_POINT('',(-0.465,-0.25,-2.775557561563E-17));
#209 = VERTEX_POINT('',#210);
#210 = CARTESIAN_POINT('',(-0.335,-0.25,-2.775557561563E-17));
#211 = LINE('',#212,#213);
#212 = CARTESIAN_POINT('',(-0.5,-0.25,0.));
#213 = VECTOR('',#214,1.);
#214 = DIRECTION('',(1.,0.,0.));
#215 = ORIENTED_EDGE('',*,*,#216,.F.);
#216 = EDGE_CURVE('',#167,#207,#217,.T.);
#217 = CIRCLE('',#218,3.5E-02);
#218 = AXIS2_PLACEMENT_3D('',#219,#220,#221);
#219 = CARTESIAN_POINT('',(-0.465,-0.25,3.5E-02));
#220 = DIRECTION('',(0.,-1.,0.));
#221 = DIRECTION('',(0.,0.,1.));
#222 = ORIENTED_EDGE('',*,*,#166,.T.);
#223 = ORIENTED_EDGE('',*,*,#224,.T.);
#224 = EDGE_CURVE('',#169,#225,#227,.T.);
#225 = VERTEX_POINT('',#226);
#226 = CARTESIAN_POINT('',(-0.465,-0.25,0.35));
#227 = CIRCLE('',#228,3.5E-02);
#228 = AXIS2_PLACEMENT_3D('',#229,#230,#231);
#229 = CARTESIAN_POINT('',(-0.465,-0.25,0.315));
#230 = DIRECTION('',(0.,1.,0.));
#231 = DIRECTION('',(0.,-0.,1.));
#232 = ORIENTED_EDGE('',*,*,#233,.T.);
#233 = EDGE_CURVE('',#225,#234,#236,.T.);
#234 = VERTEX_POINT('',#235);
#235 = CARTESIAN_POINT('',(-0.335,-0.25,0.35));
#236 = LINE('',#237,#238);
#237 = CARTESIAN_POINT('',(-0.5,-0.25,0.35));
#238 = VECTOR('',#239,1.);
#239 = DIRECTION('',(1.,0.,0.));
#240 = ORIENTED_EDGE('',*,*,#241,.F.);
#241 = EDGE_CURVE('',#242,#234,#244,.T.);
#242 = VERTEX_POINT('',#243);
#243 = CARTESIAN_POINT('',(-0.3,-0.25,0.315));
#244 = CIRCLE('',#245,3.5E-02);
#245 = AXIS2_PLACEMENT_3D('',#246,#247,#248);
#246 = CARTESIAN_POINT('',(-0.335,-0.25,0.315));
#247 = DIRECTION('',(0.,-1.,0.));
#248 = DIRECTION('',(0.,0.,1.));
#249 = ORIENTED_EDGE('',*,*,#250,.F.);
#250 = EDGE_CURVE('',#251,#242,#253,.T.);
#251 = VERTEX_POINT('',#252);
#252 = CARTESIAN_POINT('',(-0.465,-0.25,0.315));
#253 = LINE('',#254,#255);
#254 = CARTESIAN_POINT('',(-0.465,-0.25,0.315));
#255 = VECTOR('',#256,1.);
#256 = DIRECTION('',(1.,0.,0.));
#257 = ORIENTED_EDGE('',*,*,#258,.F.);
#258 = EDGE_CURVE('',#259,#251,#261,.T.);
#259 = VERTEX_POINT('',#260);
#260 = CARTESIAN_POINT('',(-0.465,-0.25,3.5E-02));
#261 = LINE('',#262,#263);
#262 = CARTESIAN_POINT('',(-0.465,-0.25,3.5E-02));
#263 = VECTOR('',#264,1.);
#264 = DIRECTION('',(0.,0.,1.));
#265 = ORIENTED_EDGE('',*,*,#266,.T.);
#266 = EDGE_CURVE('',#259,#267,#269,.T.);
#267 = VERTEX_POINT('',#268);
#268 = CARTESIAN_POINT('',(-0.3,-0.25,3.5E-02));
#269 = LINE('',#270,#271);
#270 = CARTESIAN_POINT('',(-0.465,-0.25,3.5E-02));
#271 = VECTOR('',#272,1.);
#272 = DIRECTION('',(1.,0.,0.));
#273 = ORIENTED_EDGE('',*,*,#274,.T.);
#274 = EDGE_CURVE('',#267,#209,#275,.T.);
#275 = CIRCLE('',#276,3.5E-02);
#276 = AXIS2_PLACEMENT_3D('',#277,#278,#279);
#277 = CARTESIAN_POINT('',(-0.335,-0.25,3.5E-02));
#278 = DIRECTION('',(0.,1.,0.));
#279 = DIRECTION('',(0.,-0.,1.));
#280 = PLANE('',#281);
#281 = AXIS2_PLACEMENT_3D('',#282,#283,#284);
#282 = CARTESIAN_POINT('',(-0.5,-0.25,0.));
#283 = DIRECTION('',(0.,1.,0.));
#284 = DIRECTION('',(0.,-0.,1.));
#285 = ADVANCED_FACE('',(#286),#305,.T.);
#286 = FACE_BOUND('',#287,.T.);
#287 = EDGE_LOOP('',(#288,#289,#298,#304));
#288 = ORIENTED_EDGE('',*,*,#176,.T.);
#289 = ORIENTED_EDGE('',*,*,#290,.T.);
#290 = EDGE_CURVE('',#177,#291,#293,.T.);
#291 = VERTEX_POINT('',#292);
#292 = CARTESIAN_POINT('',(-0.465,0.25,-2.775557561563E-17));
#293 = CIRCLE('',#294,3.5E-02);
#294 = AXIS2_PLACEMENT_3D('',#295,#296,#297);
#295 = CARTESIAN_POINT('',(-0.465,0.25,3.5E-02));
#296 = DIRECTION('',(0.,-1.,0.));
#297 = DIRECTION('',(0.,0.,1.));
#298 = ORIENTED_EDGE('',*,*,#299,.F.);
#299 = EDGE_CURVE('',#207,#291,#300,.T.);
#300 = LINE('',#301,#302);
#301 = CARTESIAN_POINT('',(-0.465,-0.25,-2.775557561563E-17));
#302 = VECTOR('',#303,1.);
#303 = DIRECTION('',(0.,1.,0.));
#304 = ORIENTED_EDGE('',*,*,#216,.F.);
#305 = CYLINDRICAL_SURFACE('',#306,3.5E-02);
#306 = AXIS2_PLACEMENT_3D('',#307,#308,#309);
#307 = CARTESIAN_POINT('',(-0.465,-0.25,3.5E-02));
#308 = DIRECTION('',(0.,1.,0.));
#309 = DIRECTION('',(-1.,0.,0.));
#310 = ADVANCED_FACE('',(#311),#330,.T.);
#311 = FACE_BOUND('',#312,.T.);
#312 = EDGE_LOOP('',(#313,#314,#322,#329));
#313 = ORIENTED_EDGE('',*,*,#224,.T.);
#314 = ORIENTED_EDGE('',*,*,#315,.T.);
#315 = EDGE_CURVE('',#225,#316,#318,.T.);
#316 = VERTEX_POINT('',#317);
#317 = CARTESIAN_POINT('',(-0.465,0.25,0.35));
#318 = LINE('',#319,#320);
#319 = CARTESIAN_POINT('',(-0.465,-0.25,0.35));
#320 = VECTOR('',#321,1.);
#321 = DIRECTION('',(0.,1.,0.));
#322 = ORIENTED_EDGE('',*,*,#323,.F.);
#323 = EDGE_CURVE('',#185,#316,#324,.T.);
#324 = CIRCLE('',#325,3.5E-02);
#325 = AXIS2_PLACEMENT_3D('',#326,#327,#328);
#326 = CARTESIAN_POINT('',(-0.465,0.25,0.315));
#327 = DIRECTION('',(0.,1.,0.));
#328 = DIRECTION('',(0.,-0.,1.));
#329 = ORIENTED_EDGE('',*,*,#192,.F.);
#330 = CYLINDRICAL_SURFACE('',#331,3.5E-02);
#331 = AXIS2_PLACEMENT_3D('',#332,#333,#334);
#332 = CARTESIAN_POINT('',(-0.465,-0.25,0.315));
#333 = DIRECTION('',(0.,1.,0.));
#334 = DIRECTION('',(-1.,0.,0.));
#335 = ADVANCED_FACE('',(#336),#397,.T.);
#336 = FACE_BOUND('',#337,.T.);
#337 = EDGE_LOOP('',(#338,#346,#347,#348,#349,#357,#366,#374,#382,#390)
  );
#338 = ORIENTED_EDGE('',*,*,#339,.F.);
#339 = EDGE_CURVE('',#291,#340,#342,.T.);
#340 = VERTEX_POINT('',#341);
#341 = CARTESIAN_POINT('',(-0.335,0.25,-2.775557561563E-17));
#342 = LINE('',#343,#344);
#343 = CARTESIAN_POINT('',(-0.5,0.25,0.));
#344 = VECTOR('',#345,1.);
#345 = DIRECTION('',(1.,0.,0.));
#346 = ORIENTED_EDGE('',*,*,#290,.F.);
#347 = ORIENTED_EDGE('',*,*,#184,.T.);
#348 = ORIENTED_EDGE('',*,*,#323,.T.);
#349 = ORIENTED_EDGE('',*,*,#350,.T.);
#350 = EDGE_CURVE('',#316,#351,#353,.T.);
#351 = VERTEX_POINT('',#352);
#352 = CARTESIAN_POINT('',(-0.335,0.25,0.35));
#353 = LINE('',#354,#355);
#354 = CARTESIAN_POINT('',(-0.5,0.25,0.35));
#355 = VECTOR('',#356,1.);
#356 = DIRECTION('',(1.,0.,0.));
#357 = ORIENTED_EDGE('',*,*,#358,.F.);
#358 = EDGE_CURVE('',#359,#351,#361,.T.);
#359 = VERTEX_POINT('',#360);
#360 = CARTESIAN_POINT('',(-0.3,0.25,0.315));
#361 = CIRCLE('',#362,3.5E-02);
#362 = AXIS2_PLACEMENT_3D('',#363,#364,#365);
#363 = CARTESIAN_POINT('',(-0.335,0.25,0.315));
#364 = DIRECTION('',(0.,-1.,0.));
#365 = DIRECTION('',(0.,0.,1.));
#366 = ORIENTED_EDGE('',*,*,#367,.F.);
#367 = EDGE_CURVE('',#368,#359,#370,.T.);
#368 = VERTEX_POINT('',#369);
#369 = CARTESIAN_POINT('',(-0.465,0.25,0.315));
#370 = LINE('',#371,#372);
#371 = CARTESIAN_POINT('',(-0.465,0.25,0.315));
#372 = VECTOR('',#373,1.);
#373 = DIRECTION('',(1.,0.,0.));
#374 = ORIENTED_EDGE('',*,*,#375,.F.);
#375 = EDGE_CURVE('',#376,#368,#378,.T.);
#376 = VERTEX_POINT('',#377);
#377 = CARTESIAN_POINT('',(-0.465,0.25,3.5E-02));
#378 = LINE('',#379,#380);
#379 = CARTESIAN_POINT('',(-0.465,0.25,3.5E-02));
#380 = VECTOR('',#381,1.);
#381 = DIRECTION('',(0.,0.,1.));
#382 = ORIENTED_EDGE('',*,*,#383,.T.);
#383 = EDGE_CURVE('',#376,#384,#386,.T.);
#384 = VERTEX_POINT('',#385);
#385 = CARTESIAN_POINT('',(-0.3,0.25,3.5E-02));
#386 = LINE('',#387,#388);
#387 = CARTESIAN_POINT('',(-0.465,0.25,3.5E-02));
#388 = VECTOR('',#389,1.);
#389 = DIRECTION('',(1.,0.,0.));
#390 = ORIENTED_EDGE('',*,*,#391,.T.);
#391 = EDGE_CURVE('',#384,#340,#392,.T.);
#392 = CIRCLE('',#393,3.5E-02);
#393 = AXIS2_PLACEMENT_3D('',#394,#395,#396);
#394 = CARTESIAN_POINT('',(-0.335,0.25,3.5E-02));
#395 = DIRECTION('',(0.,1.,0.));
#396 = DIRECTION('',(0.,-0.,1.));
#397 = PLANE('',#398);
#398 = AXIS2_PLACEMENT_3D('',#399,#400,#401);
#399 = CARTESIAN_POINT('',(-0.5,0.25,0.));
#400 = DIRECTION('',(0.,1.,0.));
#401 = DIRECTION('',(0.,-0.,1.));
#402 = ADVANCED_FACE('',(#403),#414,.F.);
#403 = FACE_BOUND('',#404,.F.);
#404 = EDGE_LOOP('',(#405,#406,#407,#408));
#405 = ORIENTED_EDGE('',*,*,#339,.F.);
#406 = ORIENTED_EDGE('',*,*,#299,.F.);
#407 = ORIENTED_EDGE('',*,*,#206,.T.);
#408 = ORIENTED_EDGE('',*,*,#409,.T.);
#409 = EDGE_CURVE('',#209,#340,#410,.T.);
#410 = LINE('',#411,#412);
#411 = CARTESIAN_POINT('',(-0.335,-0.25,-2.775557561563E-17));
#412 = VECTOR('',#413,1.);
#413 = DIRECTION('',(0.,1.,0.));
#414 = PLANE('',#415);
#415 = AXIS2_PLACEMENT_3D('',#416,#417,#418);
#416 = CARTESIAN_POINT('',(-0.5,-0.25,0.));
#417 = DIRECTION('',(0.,0.,1.));
#418 = DIRECTION('',(1.,0.,-0.));
#419 = ADVANCED_FACE('',(#420),#431,.T.);
#420 = FACE_BOUND('',#421,.T.);
#421 = EDGE_LOOP('',(#422,#423,#424,#425));
#422 = ORIENTED_EDGE('',*,*,#274,.T.);
#423 = ORIENTED_EDGE('',*,*,#409,.T.);
#424 = ORIENTED_EDGE('',*,*,#391,.F.);
#425 = ORIENTED_EDGE('',*,*,#426,.F.);
#426 = EDGE_CURVE('',#267,#384,#427,.T.);
#427 = LINE('',#428,#429);
#428 = CARTESIAN_POINT('',(-0.3,-0.25,3.5E-02));
#429 = VECTOR('',#430,1.);
#430 = DIRECTION('',(0.,1.,0.));
#431 = CYLINDRICAL_SURFACE('',#432,3.5E-02);
#432 = AXIS2_PLACEMENT_3D('',#433,#434,#435);
#433 = CARTESIAN_POINT('',(-0.335,-0.25,3.5E-02));
#434 = DIRECTION('',(0.,1.,0.));
#435 = DIRECTION('',(1.,0.,0.));
#436 = ADVANCED_FACE('',(#437),#480,.F.);
#437 = FACE_BOUND('',#438,.F.);
#438 = EDGE_LOOP('',(#439,#440,#441,#442,#450,#458,#466,#474));
#439 = ORIENTED_EDGE('',*,*,#266,.F.);
#440 = ORIENTED_EDGE('',*,*,#258,.T.);
#441 = ORIENTED_EDGE('',*,*,#250,.T.);
#442 = ORIENTED_EDGE('',*,*,#443,.T.);
#443 = EDGE_CURVE('',#242,#444,#446,.T.);
#444 = VERTEX_POINT('',#445);
#445 = CARTESIAN_POINT('',(0.3,-0.25,0.315));
#446 = LINE('',#447,#448);
#447 = CARTESIAN_POINT('',(-0.3,-0.25,0.315));
#448 = VECTOR('',#449,1.);
#449 = DIRECTION('',(1.,0.,0.));
#450 = ORIENTED_EDGE('',*,*,#451,.T.);
#451 = EDGE_CURVE('',#444,#452,#454,.T.);
#452 = VERTEX_POINT('',#453);
#453 = CARTESIAN_POINT('',(0.465,-0.25,0.315));
#454 = LINE('',#455,#456);
#455 = CARTESIAN_POINT('',(-0.465,-0.25,0.315));
#456 = VECTOR('',#457,1.);
#457 = DIRECTION('',(1.,0.,0.));
#458 = ORIENTED_EDGE('',*,*,#459,.F.);
#459 = EDGE_CURVE('',#460,#452,#462,.T.);
#460 = VERTEX_POINT('',#461);
#461 = CARTESIAN_POINT('',(0.465,-0.25,3.5E-02));
#462 = LINE('',#463,#464);
#463 = CARTESIAN_POINT('',(0.465,-0.25,3.5E-02));
#464 = VECTOR('',#465,1.);
#465 = DIRECTION('',(0.,0.,1.));
#466 = ORIENTED_EDGE('',*,*,#467,.F.);
#467 = EDGE_CURVE('',#468,#460,#470,.T.);
#468 = VERTEX_POINT('',#469);
#469 = CARTESIAN_POINT('',(0.3,-0.25,3.5E-02));
#470 = LINE('',#471,#472);
#471 = CARTESIAN_POINT('',(-0.465,-0.25,3.5E-02));
#472 = VECTOR('',#473,1.);
#473 = DIRECTION('',(1.,0.,0.));
#474 = ORIENTED_EDGE('',*,*,#475,.F.);
#475 = EDGE_CURVE('',#267,#468,#476,.T.);
#476 = LINE('',#477,#478);
#477 = CARTESIAN_POINT('',(-0.465,-0.25,3.5E-02));
#478 = VECTOR('',#479,1.);
#479 = DIRECTION('',(1.,0.,0.));
#480 = PLANE('',#481);
#481 = AXIS2_PLACEMENT_3D('',#482,#483,#484);
#482 = CARTESIAN_POINT('',(-0.465,-0.25,3.5E-02));
#483 = DIRECTION('',(0.,1.,0.));
#484 = DIRECTION('',(0.,-0.,1.));
#485 = ADVANCED_FACE('',(#486),#497,.T.);
#486 = FACE_BOUND('',#487,.T.);
#487 = EDGE_LOOP('',(#488,#489,#490,#491));
#488 = ORIENTED_EDGE('',*,*,#350,.F.);
#489 = ORIENTED_EDGE('',*,*,#315,.F.);
#490 = ORIENTED_EDGE('',*,*,#233,.T.);
#491 = ORIENTED_EDGE('',*,*,#492,.T.);
#492 = EDGE_CURVE('',#234,#351,#493,.T.);
#493 = LINE('',#494,#495);
#494 = CARTESIAN_POINT('',(-0.335,-0.25,0.35));
#495 = VECTOR('',#496,1.);
#496 = DIRECTION('',(0.,1.,0.));
#497 = PLANE('',#498);
#498 = AXIS2_PLACEMENT_3D('',#499,#500,#501);
#499 = CARTESIAN_POINT('',(-0.5,-0.25,0.35));
#500 = DIRECTION('',(0.,0.,1.));
#501 = DIRECTION('',(1.,0.,-0.));
#502 = ADVANCED_FACE('',(#503),#514,.T.);
#503 = FACE_BOUND('',#504,.T.);
#504 = EDGE_LOOP('',(#505,#511,#512,#513));
#505 = ORIENTED_EDGE('',*,*,#506,.T.);
#506 = EDGE_CURVE('',#242,#359,#507,.T.);
#507 = LINE('',#508,#509);
#508 = CARTESIAN_POINT('',(-0.3,-0.25,0.315));
#509 = VECTOR('',#510,1.);
#510 = DIRECTION('',(0.,1.,0.));
#511 = ORIENTED_EDGE('',*,*,#358,.T.);
#512 = ORIENTED_EDGE('',*,*,#492,.F.);
#513 = ORIENTED_EDGE('',*,*,#241,.F.);
#514 = CYLINDRICAL_SURFACE('',#515,3.5E-02);
#515 = AXIS2_PLACEMENT_3D('',#516,#517,#518);
#516 = CARTESIAN_POINT('',(-0.335,-0.25,0.315));
#517 = DIRECTION('',(0.,1.,0.));
#518 = DIRECTION('',(1.,0.,0.));
#519 = ADVANCED_FACE('',(#520),#563,.T.);
#520 = FACE_BOUND('',#521,.T.);
#521 = EDGE_LOOP('',(#522,#523,#524,#525,#533,#541,#549,#557));
#522 = ORIENTED_EDGE('',*,*,#383,.F.);
#523 = ORIENTED_EDGE('',*,*,#375,.T.);
#524 = ORIENTED_EDGE('',*,*,#367,.T.);
#525 = ORIENTED_EDGE('',*,*,#526,.T.);
#526 = EDGE_CURVE('',#359,#527,#529,.T.);
#527 = VERTEX_POINT('',#528);
#528 = CARTESIAN_POINT('',(0.3,0.25,0.315));
#529 = LINE('',#530,#531);
#530 = CARTESIAN_POINT('',(-0.3,0.25,0.315));
#531 = VECTOR('',#532,1.);
#532 = DIRECTION('',(1.,0.,0.));
#533 = ORIENTED_EDGE('',*,*,#534,.T.);
#534 = EDGE_CURVE('',#527,#535,#537,.T.);
#535 = VERTEX_POINT('',#536);
#536 = CARTESIAN_POINT('',(0.465,0.25,0.315));
#537 = LINE('',#538,#539);
#538 = CARTESIAN_POINT('',(-0.465,0.25,0.315));
#539 = VECTOR('',#540,1.);
#540 = DIRECTION('',(1.,0.,0.));
#541 = ORIENTED_EDGE('',*,*,#542,.F.);
#542 = EDGE_CURVE('',#543,#535,#545,.T.);
#543 = VERTEX_POINT('',#544);
#544 = CARTESIAN_POINT('',(0.465,0.25,3.5E-02));
#545 = LINE('',#546,#547);
#546 = CARTESIAN_POINT('',(0.465,0.25,3.5E-02));
#547 = VECTOR('',#548,1.);
#548 = DIRECTION('',(0.,0.,1.));
#549 = ORIENTED_EDGE('',*,*,#550,.F.);
#550 = EDGE_CURVE('',#551,#543,#553,.T.);
#551 = VERTEX_POINT('',#552);
#552 = CARTESIAN_POINT('',(0.3,0.25,3.5E-02));
#553 = LINE('',#554,#555);
#554 = CARTESIAN_POINT('',(-0.465,0.25,3.5E-02));
#555 = VECTOR('',#556,1.);
#556 = DIRECTION('',(1.,0.,0.));
#557 = ORIENTED_EDGE('',*,*,#558,.F.);
#558 = EDGE_CURVE('',#384,#551,#559,.T.);
#559 = LINE('',#560,#561);
#560 = CARTESIAN_POINT('',(-0.465,0.25,3.5E-02));
#561 = VECTOR('',#562,1.);
#562 = DIRECTION('',(1.,0.,0.));
#563 = PLANE('',#564);
#564 = AXIS2_PLACEMENT_3D('',#565,#566,#567);
#565 = CARTESIAN_POINT('',(-0.465,0.25,3.5E-02));
#566 = DIRECTION('',(0.,1.,0.));
#567 = DIRECTION('',(0.,-0.,1.));
#568 = ADVANCED_FACE('',(#569),#580,.F.);
#569 = FACE_BOUND('',#570,.F.);
#570 = EDGE_LOOP('',(#571,#572,#573,#579));
#571 = ORIENTED_EDGE('',*,*,#426,.F.);
#572 = ORIENTED_EDGE('',*,*,#475,.T.);
#573 = ORIENTED_EDGE('',*,*,#574,.T.);
#574 = EDGE_CURVE('',#468,#551,#575,.T.);
#575 = LINE('',#576,#577);
#576 = CARTESIAN_POINT('',(0.3,-0.25,3.5E-02));
#577 = VECTOR('',#578,1.);
#578 = DIRECTION('',(0.,1.,0.));
#579 = ORIENTED_EDGE('',*,*,#558,.F.);
#580 = PLANE('',#581);
#581 = AXIS2_PLACEMENT_3D('',#582,#583,#584);
#582 = CARTESIAN_POINT('',(-0.465,-0.25,3.5E-02));
#583 = DIRECTION('',(0.,0.,1.));
#584 = DIRECTION('',(1.,0.,-0.));
#585 = ADVANCED_FACE('',(#586),#649,.F.);
#586 = FACE_BOUND('',#587,.F.);
#587 = EDGE_LOOP('',(#588,#598,#605,#606,#607,#608,#617,#625,#634,#642)
  );
#588 = ORIENTED_EDGE('',*,*,#589,.F.);
#589 = EDGE_CURVE('',#590,#592,#594,.T.);
#590 = VERTEX_POINT('',#591);
#591 = CARTESIAN_POINT('',(0.335,-0.25,-2.775557561563E-17));
#592 = VERTEX_POINT('',#593);
#593 = CARTESIAN_POINT('',(0.465,-0.25,-2.775557561563E-17));
#594 = LINE('',#595,#596);
#595 = CARTESIAN_POINT('',(0.3,-0.25,0.));
#596 = VECTOR('',#597,1.);
#597 = DIRECTION('',(1.,0.,0.));
#598 = ORIENTED_EDGE('',*,*,#599,.F.);
#599 = EDGE_CURVE('',#468,#590,#600,.T.);
#600 = CIRCLE('',#601,3.5E-02);
#601 = AXIS2_PLACEMENT_3D('',#602,#603,#604);
#602 = CARTESIAN_POINT('',(0.335,-0.25,3.5E-02));
#603 = DIRECTION('',(0.,-1.,0.));
#604 = DIRECTION('',(0.,0.,1.));
#605 = ORIENTED_EDGE('',*,*,#467,.T.);
#606 = ORIENTED_EDGE('',*,*,#459,.T.);
#607 = ORIENTED_EDGE('',*,*,#451,.F.);
#608 = ORIENTED_EDGE('',*,*,#609,.T.);
#609 = EDGE_CURVE('',#444,#610,#612,.T.);
#610 = VERTEX_POINT('',#611);
#611 = CARTESIAN_POINT('',(0.335,-0.25,0.35));
#612 = CIRCLE('',#613,3.5E-02);
#613 = AXIS2_PLACEMENT_3D('',#614,#615,#616);
#614 = CARTESIAN_POINT('',(0.335,-0.25,0.315));
#615 = DIRECTION('',(0.,1.,0.));
#616 = DIRECTION('',(0.,-0.,1.));
#617 = ORIENTED_EDGE('',*,*,#618,.T.);
#618 = EDGE_CURVE('',#610,#619,#621,.T.);
#619 = VERTEX_POINT('',#620);
#620 = CARTESIAN_POINT('',(0.465,-0.25,0.35));
#621 = LINE('',#622,#623);
#622 = CARTESIAN_POINT('',(0.3,-0.25,0.35));
#623 = VECTOR('',#624,1.);
#624 = DIRECTION('',(1.,0.,0.));
#625 = ORIENTED_EDGE('',*,*,#626,.F.);
#626 = EDGE_CURVE('',#627,#619,#629,.T.);
#627 = VERTEX_POINT('',#628);
#628 = CARTESIAN_POINT('',(0.5,-0.25,0.315));
#629 = CIRCLE('',#630,3.5E-02);
#630 = AXIS2_PLACEMENT_3D('',#631,#632,#633);
#631 = CARTESIAN_POINT('',(0.465,-0.25,0.315));
#632 = DIRECTION('',(0.,-1.,0.));
#633 = DIRECTION('',(0.,0.,1.));
#634 = ORIENTED_EDGE('',*,*,#635,.F.);
#635 = EDGE_CURVE('',#636,#627,#638,.T.);
#636 = VERTEX_POINT('',#637);
#637 = CARTESIAN_POINT('',(0.5,-0.25,3.5E-02));
#638 = LINE('',#639,#640);
#639 = CARTESIAN_POINT('',(0.5,-0.25,0.));
#640 = VECTOR('',#641,1.);
#641 = DIRECTION('',(0.,0.,1.));
#642 = ORIENTED_EDGE('',*,*,#643,.T.);
#643 = EDGE_CURVE('',#636,#592,#644,.T.);
#644 = CIRCLE('',#645,3.5E-02);
#645 = AXIS2_PLACEMENT_3D('',#646,#647,#648);
#646 = CARTESIAN_POINT('',(0.465,-0.25,3.5E-02));
#647 = DIRECTION('',(0.,1.,0.));
#648 = DIRECTION('',(0.,-0.,1.));
#649 = PLANE('',#650);
#650 = AXIS2_PLACEMENT_3D('',#651,#652,#653);
#651 = CARTESIAN_POINT('',(0.3,-0.25,0.));
#652 = DIRECTION('',(0.,1.,0.));
#653 = DIRECTION('',(0.,-0.,1.));
#654 = ADVANCED_FACE('',(#655),#680,.F.);
#655 = FACE_BOUND('',#656,.F.);
#656 = EDGE_LOOP('',(#657,#658,#666,#674));
#657 = ORIENTED_EDGE('',*,*,#443,.F.);
#658 = ORIENTED_EDGE('',*,*,#659,.T.);
#659 = EDGE_CURVE('',#242,#660,#662,.T.);
#660 = VERTEX_POINT('',#661);
#661 = CARTESIAN_POINT('',(-0.3,-0.25,0.35));
#662 = LINE('',#663,#664);
#663 = CARTESIAN_POINT('',(-0.3,-0.25,0.315));
#664 = VECTOR('',#665,1.);
#665 = DIRECTION('',(0.,0.,1.));
#666 = ORIENTED_EDGE('',*,*,#667,.T.);
#667 = EDGE_CURVE('',#660,#668,#670,.T.);
#668 = VERTEX_POINT('',#669);
#669 = CARTESIAN_POINT('',(0.3,-0.25,0.35));
#670 = LINE('',#671,#672);
#671 = CARTESIAN_POINT('',(-0.3,-0.25,0.35));
#672 = VECTOR('',#673,1.);
#673 = DIRECTION('',(1.,0.,0.));
#674 = ORIENTED_EDGE('',*,*,#675,.F.);
#675 = EDGE_CURVE('',#444,#668,#676,.T.);
#676 = LINE('',#677,#678);
#677 = CARTESIAN_POINT('',(0.3,-0.25,0.315));
#678 = VECTOR('',#679,1.);
#679 = DIRECTION('',(0.,0.,1.));
#680 = PLANE('',#681);
#681 = AXIS2_PLACEMENT_3D('',#682,#683,#684);
#682 = CARTESIAN_POINT('',(-0.3,-0.25,0.315));
#683 = DIRECTION('',(0.,1.,0.));
#684 = DIRECTION('',(0.,-0.,1.));
#685 = ADVANCED_FACE('',(#686),#704,.F.);
#686 = FACE_BOUND('',#687,.F.);
#687 = EDGE_LOOP('',(#688,#689,#690,#698));
#688 = ORIENTED_EDGE('',*,*,#659,.F.);
#689 = ORIENTED_EDGE('',*,*,#506,.T.);
#690 = ORIENTED_EDGE('',*,*,#691,.T.);
#691 = EDGE_CURVE('',#359,#692,#694,.T.);
#692 = VERTEX_POINT('',#693);
#693 = CARTESIAN_POINT('',(-0.3,0.25,0.35));
#694 = LINE('',#695,#696);
#695 = CARTESIAN_POINT('',(-0.3,0.25,0.315));
#696 = VECTOR('',#697,1.);
#697 = DIRECTION('',(0.,0.,1.));
#698 = ORIENTED_EDGE('',*,*,#699,.F.);
#699 = EDGE_CURVE('',#660,#692,#700,.T.);
#700 = LINE('',#701,#702);
#701 = CARTESIAN_POINT('',(-0.3,-0.25,0.35));
#702 = VECTOR('',#703,1.);
#703 = DIRECTION('',(0.,1.,0.));
#704 = PLANE('',#705);
#705 = AXIS2_PLACEMENT_3D('',#706,#707,#708);
#706 = CARTESIAN_POINT('',(-0.3,-0.25,0.315));
#707 = DIRECTION('',(1.,0.,0.));
#708 = DIRECTION('',(0.,0.,1.));
#709 = ADVANCED_FACE('',(#710),#773,.T.);
#710 = FACE_BOUND('',#711,.T.);
#711 = EDGE_LOOP('',(#712,#722,#729,#730,#731,#732,#741,#749,#758,#766)
  );
#712 = ORIENTED_EDGE('',*,*,#713,.F.);
#713 = EDGE_CURVE('',#714,#716,#718,.T.);
#714 = VERTEX_POINT('',#715);
#715 = CARTESIAN_POINT('',(0.335,0.25,-2.775557561563E-17));
#716 = VERTEX_POINT('',#717);
#717 = CARTESIAN_POINT('',(0.465,0.25,-2.775557561563E-17));
#718 = LINE('',#719,#720);
#719 = CARTESIAN_POINT('',(0.3,0.25,0.));
#720 = VECTOR('',#721,1.);
#721 = DIRECTION('',(1.,0.,0.));
#722 = ORIENTED_EDGE('',*,*,#723,.F.);
#723 = EDGE_CURVE('',#551,#714,#724,.T.);
#724 = CIRCLE('',#725,3.5E-02);
#725 = AXIS2_PLACEMENT_3D('',#726,#727,#728);
#726 = CARTESIAN_POINT('',(0.335,0.25,3.5E-02));
#727 = DIRECTION('',(0.,-1.,0.));
#728 = DIRECTION('',(0.,0.,1.));
#729 = ORIENTED_EDGE('',*,*,#550,.T.);
#730 = ORIENTED_EDGE('',*,*,#542,.T.);
#731 = ORIENTED_EDGE('',*,*,#534,.F.);
#732 = ORIENTED_EDGE('',*,*,#733,.T.);
#733 = EDGE_CURVE('',#527,#734,#736,.T.);
#734 = VERTEX_POINT('',#735);
#735 = CARTESIAN_POINT('',(0.335,0.25,0.35));
#736 = CIRCLE('',#737,3.5E-02);
#737 = AXIS2_PLACEMENT_3D('',#738,#739,#740);
#738 = CARTESIAN_POINT('',(0.335,0.25,0.315));
#739 = DIRECTION('',(0.,1.,0.));
#740 = DIRECTION('',(0.,-0.,1.));
#741 = ORIENTED_EDGE('',*,*,#742,.T.);
#742 = EDGE_CURVE('',#734,#743,#745,.T.);
#743 = VERTEX_POINT('',#744);
#744 = CARTESIAN_POINT('',(0.465,0.25,0.35));
#745 = LINE('',#746,#747);
#746 = CARTESIAN_POINT('',(0.3,0.25,0.35));
#747 = VECTOR('',#748,1.);
#748 = DIRECTION('',(1.,0.,0.));
#749 = ORIENTED_EDGE('',*,*,#750,.F.);
#750 = EDGE_CURVE('',#751,#743,#753,.T.);
#751 = VERTEX_POINT('',#752);
#752 = CARTESIAN_POINT('',(0.5,0.25,0.315));
#753 = CIRCLE('',#754,3.5E-02);
#754 = AXIS2_PLACEMENT_3D('',#755,#756,#757);
#755 = CARTESIAN_POINT('',(0.465,0.25,0.315));
#756 = DIRECTION('',(0.,-1.,0.));
#757 = DIRECTION('',(0.,0.,1.));
#758 = ORIENTED_EDGE('',*,*,#759,.F.);
#759 = EDGE_CURVE('',#760,#751,#762,.T.);
#760 = VERTEX_POINT('',#761);
#761 = CARTESIAN_POINT('',(0.5,0.25,3.5E-02));
#762 = LINE('',#763,#764);
#763 = CARTESIAN_POINT('',(0.5,0.25,0.));
#764 = VECTOR('',#765,1.);
#765 = DIRECTION('',(0.,0.,1.));
#766 = ORIENTED_EDGE('',*,*,#767,.T.);
#767 = EDGE_CURVE('',#760,#716,#768,.T.);
#768 = CIRCLE('',#769,3.5E-02);
#769 = AXIS2_PLACEMENT_3D('',#770,#771,#772);
#770 = CARTESIAN_POINT('',(0.465,0.25,3.5E-02));
#771 = DIRECTION('',(0.,1.,0.));
#772 = DIRECTION('',(0.,-0.,1.));
#773 = PLANE('',#774);
#774 = AXIS2_PLACEMENT_3D('',#775,#776,#777);
#775 = CARTESIAN_POINT('',(0.3,0.25,0.));
#776 = DIRECTION('',(0.,1.,0.));
#777 = DIRECTION('',(0.,-0.,1.));
#778 = ADVANCED_FACE('',(#779),#797,.T.);
#779 = FACE_BOUND('',#780,.T.);
#780 = EDGE_LOOP('',(#781,#782,#783,#791));
#781 = ORIENTED_EDGE('',*,*,#526,.F.);
#782 = ORIENTED_EDGE('',*,*,#691,.T.);
#783 = ORIENTED_EDGE('',*,*,#784,.T.);
#784 = EDGE_CURVE('',#692,#785,#787,.T.);
#785 = VERTEX_POINT('',#786);
#786 = CARTESIAN_POINT('',(0.3,0.25,0.35));
#787 = LINE('',#788,#789);
#788 = CARTESIAN_POINT('',(-0.3,0.25,0.35));
#789 = VECTOR('',#790,1.);
#790 = DIRECTION('',(1.,0.,0.));
#791 = ORIENTED_EDGE('',*,*,#792,.F.);
#792 = EDGE_CURVE('',#527,#785,#793,.T.);
#793 = LINE('',#794,#795);
#794 = CARTESIAN_POINT('',(0.3,0.25,0.315));
#795 = VECTOR('',#796,1.);
#796 = DIRECTION('',(0.,0.,1.));
#797 = PLANE('',#798);
#798 = AXIS2_PLACEMENT_3D('',#799,#800,#801);
#799 = CARTESIAN_POINT('',(-0.3,0.25,0.315));
#800 = DIRECTION('',(0.,1.,0.));
#801 = DIRECTION('',(0.,-0.,1.));
#802 = ADVANCED_FACE('',(#803),#814,.T.);
#803 = FACE_BOUND('',#804,.T.);
#804 = EDGE_LOOP('',(#805,#806,#807,#813));
#805 = ORIENTED_EDGE('',*,*,#574,.T.);
#806 = ORIENTED_EDGE('',*,*,#723,.T.);
#807 = ORIENTED_EDGE('',*,*,#808,.F.);
#808 = EDGE_CURVE('',#590,#714,#809,.T.);
#809 = LINE('',#810,#811);
#810 = CARTESIAN_POINT('',(0.335,-0.25,-2.775557561563E-17));
#811 = VECTOR('',#812,1.);
#812 = DIRECTION('',(0.,1.,0.));
#813 = ORIENTED_EDGE('',*,*,#599,.F.);
#814 = CYLINDRICAL_SURFACE('',#815,3.5E-02);
#815 = AXIS2_PLACEMENT_3D('',#816,#817,#818);
#816 = CARTESIAN_POINT('',(0.335,-0.25,3.5E-02));
#817 = DIRECTION('',(0.,1.,0.));
#818 = DIRECTION('',(-1.,0.,0.));
#819 = ADVANCED_FACE('',(#820),#831,.F.);
#820 = FACE_BOUND('',#821,.F.);
#821 = EDGE_LOOP('',(#822,#823,#824,#825));
#822 = ORIENTED_EDGE('',*,*,#713,.F.);
#823 = ORIENTED_EDGE('',*,*,#808,.F.);
#824 = ORIENTED_EDGE('',*,*,#589,.T.);
#825 = ORIENTED_EDGE('',*,*,#826,.T.);
#826 = EDGE_CURVE('',#592,#716,#827,.T.);
#827 = LINE('',#828,#829);
#828 = CARTESIAN_POINT('',(0.465,-0.25,-2.775557561563E-17));
#829 = VECTOR('',#830,1.);
#830 = DIRECTION('',(0.,1.,0.));
#831 = PLANE('',#832);
#832 = AXIS2_PLACEMENT_3D('',#833,#834,#835);
#833 = CARTESIAN_POINT('',(0.3,-0.25,0.));
#834 = DIRECTION('',(0.,0.,1.));
#835 = DIRECTION('',(1.,0.,-0.));
#836 = ADVANCED_FACE('',(#837),#848,.T.);
#837 = FACE_BOUND('',#838,.T.);
#838 = EDGE_LOOP('',(#839,#840,#841,#842));
#839 = ORIENTED_EDGE('',*,*,#643,.T.);
#840 = ORIENTED_EDGE('',*,*,#826,.T.);
#841 = ORIENTED_EDGE('',*,*,#767,.F.);
#842 = ORIENTED_EDGE('',*,*,#843,.F.);
#843 = EDGE_CURVE('',#636,#760,#844,.T.);
#844 = LINE('',#845,#846);
#845 = CARTESIAN_POINT('',(0.5,-0.25,3.5E-02));
#846 = VECTOR('',#847,1.);
#847 = DIRECTION('',(0.,1.,0.));
#848 = CYLINDRICAL_SURFACE('',#849,3.5E-02);
#849 = AXIS2_PLACEMENT_3D('',#850,#851,#852);
#850 = CARTESIAN_POINT('',(0.465,-0.25,3.5E-02));
#851 = DIRECTION('',(0.,1.,0.));
#852 = DIRECTION('',(1.,0.,0.));
#853 = ADVANCED_FACE('',(#854),#865,.T.);
#854 = FACE_BOUND('',#855,.T.);
#855 = EDGE_LOOP('',(#856,#857,#858,#859));
#856 = ORIENTED_EDGE('',*,*,#635,.F.);
#857 = ORIENTED_EDGE('',*,*,#843,.T.);
#858 = ORIENTED_EDGE('',*,*,#759,.T.);
#859 = ORIENTED_EDGE('',*,*,#860,.F.);
#860 = EDGE_CURVE('',#627,#751,#861,.T.);
#861 = LINE('',#862,#863);
#862 = CARTESIAN_POINT('',(0.5,-0.25,0.315));
#863 = VECTOR('',#864,1.);
#864 = DIRECTION('',(0.,1.,0.));
#865 = PLANE('',#866);
#866 = AXIS2_PLACEMENT_3D('',#867,#868,#869);
#867 = CARTESIAN_POINT('',(0.5,-0.25,0.));
#868 = DIRECTION('',(1.,0.,0.));
#869 = DIRECTION('',(0.,0.,1.));
#870 = ADVANCED_FACE('',(#871),#882,.T.);
#871 = FACE_BOUND('',#872,.T.);
#872 = EDGE_LOOP('',(#873,#874,#875,#881));
#873 = ORIENTED_EDGE('',*,*,#860,.T.);
#874 = ORIENTED_EDGE('',*,*,#750,.T.);
#875 = ORIENTED_EDGE('',*,*,#876,.F.);
#876 = EDGE_CURVE('',#619,#743,#877,.T.);
#877 = LINE('',#878,#879);
#878 = CARTESIAN_POINT('',(0.465,-0.25,0.35));
#879 = VECTOR('',#880,1.);
#880 = DIRECTION('',(0.,1.,0.));
#881 = ORIENTED_EDGE('',*,*,#626,.F.);
#882 = CYLINDRICAL_SURFACE('',#883,3.5E-02);
#883 = AXIS2_PLACEMENT_3D('',#884,#885,#886);
#884 = CARTESIAN_POINT('',(0.465,-0.25,0.315));
#885 = DIRECTION('',(0.,1.,0.));
#886 = DIRECTION('',(1.,0.,0.));
#887 = ADVANCED_FACE('',(#888),#899,.T.);
#888 = FACE_BOUND('',#889,.T.);
#889 = EDGE_LOOP('',(#890,#891,#897,#898));
#890 = ORIENTED_EDGE('',*,*,#742,.F.);
#891 = ORIENTED_EDGE('',*,*,#892,.F.);
#892 = EDGE_CURVE('',#610,#734,#893,.T.);
#893 = LINE('',#894,#895);
#894 = CARTESIAN_POINT('',(0.335,-0.25,0.35));
#895 = VECTOR('',#896,1.);
#896 = DIRECTION('',(0.,1.,0.));
#897 = ORIENTED_EDGE('',*,*,#618,.T.);
#898 = ORIENTED_EDGE('',*,*,#876,.T.);
#899 = PLANE('',#900);
#900 = AXIS2_PLACEMENT_3D('',#901,#902,#903);
#901 = CARTESIAN_POINT('',(0.3,-0.25,0.35));
#902 = DIRECTION('',(0.,0.,1.));
#903 = DIRECTION('',(1.,0.,-0.));
#904 = ADVANCED_FACE('',(#905),#916,.T.);
#905 = FACE_BOUND('',#906,.T.);
#906 = EDGE_LOOP('',(#907,#908,#909,#910));
#907 = ORIENTED_EDGE('',*,*,#609,.T.);
#908 = ORIENTED_EDGE('',*,*,#892,.T.);
#909 = ORIENTED_EDGE('',*,*,#733,.F.);
#910 = ORIENTED_EDGE('',*,*,#911,.F.);
#911 = EDGE_CURVE('',#444,#527,#912,.T.);
#912 = LINE('',#913,#914);
#913 = CARTESIAN_POINT('',(0.3,-0.25,0.315));
#914 = VECTOR('',#915,1.);
#915 = DIRECTION('',(0.,1.,0.));
#916 = CYLINDRICAL_SURFACE('',#917,3.5E-02);
#917 = AXIS2_PLACEMENT_3D('',#918,#919,#920);
#918 = CARTESIAN_POINT('',(0.335,-0.25,0.315));
#919 = DIRECTION('',(0.,1.,0.));
#920 = DIRECTION('',(-1.,0.,0.));
#921 = ADVANCED_FACE('',(#922),#933,.T.);
#922 = FACE_BOUND('',#923,.T.);
#923 = EDGE_LOOP('',(#924,#925,#926,#927));
#924 = ORIENTED_EDGE('',*,*,#675,.F.);
#925 = ORIENTED_EDGE('',*,*,#911,.T.);
#926 = ORIENTED_EDGE('',*,*,#792,.T.);
#927 = ORIENTED_EDGE('',*,*,#928,.F.);
#928 = EDGE_CURVE('',#668,#785,#929,.T.);
#929 = LINE('',#930,#931);
#930 = CARTESIAN_POINT('',(0.3,-0.25,0.35));
#931 = VECTOR('',#932,1.);
#932 = DIRECTION('',(0.,1.,0.));
#933 = PLANE('',#934);
#934 = AXIS2_PLACEMENT_3D('',#935,#936,#937);
#935 = CARTESIAN_POINT('',(0.3,-0.25,0.315));
#936 = DIRECTION('',(1.,0.,0.));
#937 = DIRECTION('',(0.,0.,1.));
#938 = ADVANCED_FACE('',(#939),#945,.T.);
#939 = FACE_BOUND('',#940,.T.);
#940 = EDGE_LOOP('',(#941,#942,#943,#944));
#941 = ORIENTED_EDGE('',*,*,#699,.F.);
#942 = ORIENTED_EDGE('',*,*,#667,.T.);
#943 = ORIENTED_EDGE('',*,*,#928,.T.);
#944 = ORIENTED_EDGE('',*,*,#784,.F.);
#945 = PLANE('',#946);
#946 = AXIS2_PLACEMENT_3D('',#947,#948,#949);
#947 = CARTESIAN_POINT('',(-0.3,-0.25,0.35));
#948 = DIRECTION('',(0.,0.,1.));
#949 = DIRECTION('',(1.,0.,-0.));
#950 = ( GEOMETRIC_REPRESENTATION_CONTEXT(3) 
GLOBAL_UNCERTAINTY_ASSIGNED_CONTEXT((#954)) GLOBAL_UNIT_ASSIGNED_CONTEXT
((#951,#952,#953)) REPRESENTATION_CONTEXT('Context #1',
  '3D Context with UNIT and UNCERTAINTY') );
#951 = ( LENGTH_UNIT() NAMED_UNIT(*) SI_UNIT(.MILLI.,.METRE.) );
#952 = ( NAMED_UNIT(*) PLANE_ANGLE_UNIT() SI_UNIT($,.RADIAN.) );
#953 = ( NAMED_UNIT(*) SI_UNIT($,.STERADIAN.) SOLID_ANGLE_UNIT() );
#954 = UNCERTAINTY_MEASURE_WITH_UNIT(LENGTH_MEASURE(1.E-07),#951,
  'distance_accuracy_value','confusion accuracy');
#955 = CONTEXT_DEPENDENT_SHAPE_REPRESENTATION(#956,#958);
#956 = ( REPRESENTATION_RELATIONSHIP('','',#159,#136) 
REPRESENTATION_RELATIONSHIP_WITH_TRANSFORMATION(#957) 
SHAPE_REPRESENTATION_RELATIONSHIP() );
#957 = ITEM_DEFINED_TRANSFORMATION('','',#11,#137);
#958 = PRODUCT_DEFINITION_SHAPE('Placement','Placement of an item',#959
  );
#959 = NEXT_ASSEMBLY_USAGE_OCCURRENCE('1','=>[0:1:1:3]','',#131,#154,$);
#960 = PRODUCT_RELATED_PRODUCT_CATEGORY('part',$,(#156));
#961 = SHAPE_DEFINITION_REPRESENTATION(#962,#968);
#962 = PRODUCT_DEFINITION_SHAPE('','',#963);
#963 = PRODUCT_DEFINITION('design','',#964,#967);
#964 = PRODUCT_DEFINITION_FORMATION('','',#965);
#965 = PRODUCT('C_0402_1005Metric','C_0402_1005Metric','',(#966));
#966 = PRODUCT_CONTEXT('',#2,'mechanical');
#967 = PRODUCT_DEFINITION_CONTEXT('part definition',#2,'design');
#968 = SHAPE_REPRESENTATION('',(#11,#969),#973);
#969 = AXIS2_PLACEMENT_3D('',#970,#971,#972);
#970 = CARTESIAN_POINT('',(0.,0.,0.));
#971 = DIRECTION('',(0.,0.,1.));
#972 = DIRECTION('',(1.,0.,-0.));
#973 = ( GEOMETRIC_REPRESENTATION_CONTEXT(3) 
GLOBAL_UNCERTAINTY_ASSIGNED_CONTEXT((#977)) GLOBAL_UNIT_ASSIGNED_CONTEXT
((#974,#975,#976)) REPRESENTATION_CONTEXT('Context #1',
  '3D Context with UNIT and UNCERTAINTY') );
#974 = ( LENGTH_UNIT() NAMED_UNIT(*) SI_UNIT(.MILLI.,.METRE.) );
#975 = ( NAMED_UNIT(*) PLANE_ANGLE_UNIT() SI_UNIT($,.RADIAN.) );
#976 = ( NAMED_UNIT(*) SI_UNIT($,.STERADIAN.) SOLID_ANGLE_UNIT() );
#977 = UNCERTAINTY_MEASURE_WITH_UNIT(LENGTH_MEASURE(1.E-07),#974,
  'distance_accuracy_value','confusion accuracy');
#978 = CONTEXT_DEPENDENT_SHAPE_REPRESENTATION(#979,#981);
#979 = ( REPRESENTATION_RELATIONSHIP('','',#968,#10) 
REPRESENTATION_RELATIONSHIP_WITH_TRANSFORMATION(#980) 
SHAPE_REPRESENTATION_RELATIONSHIP() );
#980 = ITEM_DEFINED_TRANSFORMATION('','',#11,#19);
#981 = PRODUCT_DEFINITION_SHAPE('Placement','Placement of an item',#982
  );
#982 = NEXT_ASSEMBLY_USAGE_OCCURRENCE('4','C42','',#5,#963,$);
#983 = PRODUCT_RELATED_PRODUCT_CATEGORY('part',$,(#965));
#984 = SHAPE_DEFINITION_REPRESENTATION(#985,#991);
#985 = PRODUCT_DEFINITION_SHAPE('','',#986);
#986 = PRODUCT_DEFINITION('design','',#987,#990);
#987 = PRODUCT_DEFINITION_FORMATION('','',#988);
#988 = PRODUCT('C_0402_1005Metric','C_0402_1005Metric','',(#989));
#989 = PRODUCT_CONTEXT('',#2,'mechanical');
#990 = PRODUCT_DEFINITION_CONTEXT('part definition',#2,'design');
#991 = ADVANCED_BREP_SHAPE_REPRESENTATION('',(#11,#992),#1846);
#992 = MANIFOLD_SOLID_BREP('',#993);
#993 = CLOSED_SHELL('',(#994,#1070,#1101,#1126,#1151,#1175,#1199,#1224,
    #1249,#1266,#1352,#1384,#1408,#1433,#1457,#1482,#1506,#1531,#1548,
    #1634,#1665,#1690,#1715,#1739,#1763,#1788,#1813,#1830));
#994 = ADVANCED_FACE('',(#995),#1065,.F.);
#995 = FACE_BOUND('',#996,.F.);
#996 = EDGE_LOOP('',(#997,#1007,#1016,#1024,#1033,#1041,#1050,#1058));
#997 = ORIENTED_EDGE('',*,*,#998,.F.);
#998 = EDGE_CURVE('',#999,#1001,#1003,.T.);
#999 = VERTEX_POINT('',#1000);
#1000 = CARTESIAN_POINT('',(-0.5,-0.25,2.E-02));
#1001 = VERTEX_POINT('',#1002);
#1002 = CARTESIAN_POINT('',(-0.5,-0.25,0.48));
#1003 = LINE('',#1004,#1005);
#1004 = CARTESIAN_POINT('',(-0.5,-0.25,0.));
#1005 = VECTOR('',#1006,1.);
#1006 = DIRECTION('',(0.,0.,1.));
#1007 = ORIENTED_EDGE('',*,*,#1008,.T.);
#1008 = EDGE_CURVE('',#999,#1009,#1011,.T.);
#1009 = VERTEX_POINT('',#1010);
#1010 = CARTESIAN_POINT('',(-0.5,-0.23,0.));
#1011 = CIRCLE('',#1012,2.E-02);
#1012 = AXIS2_PLACEMENT_3D('',#1013,#1014,#1015);
#1013 = CARTESIAN_POINT('',(-0.5,-0.23,2.E-02));
#1014 = DIRECTION('',(1.,0.,-0.));
#1015 = DIRECTION('',(0.,0.,1.));
#1016 = ORIENTED_EDGE('',*,*,#1017,.T.);
#1017 = EDGE_CURVE('',#1009,#1018,#1020,.T.);
#1018 = VERTEX_POINT('',#1019);
#1019 = CARTESIAN_POINT('',(-0.5,0.23,0.));
#1020 = LINE('',#1021,#1022);
#1021 = CARTESIAN_POINT('',(-0.5,-0.25,0.));
#1022 = VECTOR('',#1023,1.);
#1023 = DIRECTION('',(0.,1.,0.));
#1024 = ORIENTED_EDGE('',*,*,#1025,.F.);
#1025 = EDGE_CURVE('',#1026,#1018,#1028,.T.);
#1026 = VERTEX_POINT('',#1027);
#1027 = CARTESIAN_POINT('',(-0.5,0.25,2.E-02));
#1028 = CIRCLE('',#1029,2.E-02);
#1029 = AXIS2_PLACEMENT_3D('',#1030,#1031,#1032);
#1030 = CARTESIAN_POINT('',(-0.5,0.23,2.E-02));
#1031 = DIRECTION('',(-1.,0.,0.));
#1032 = DIRECTION('',(0.,0.,1.));
#1033 = ORIENTED_EDGE('',*,*,#1034,.T.);
#1034 = EDGE_CURVE('',#1026,#1035,#1037,.T.);
#1035 = VERTEX_POINT('',#1036);
#1036 = CARTESIAN_POINT('',(-0.5,0.25,0.48));
#1037 = LINE('',#1038,#1039);
#1038 = CARTESIAN_POINT('',(-0.5,0.25,0.));
#1039 = VECTOR('',#1040,1.);
#1040 = DIRECTION('',(0.,0.,1.));
#1041 = ORIENTED_EDGE('',*,*,#1042,.T.);
#1042 = EDGE_CURVE('',#1035,#1043,#1045,.T.);
#1043 = VERTEX_POINT('',#1044);
#1044 = CARTESIAN_POINT('',(-0.5,0.23,0.5));
#1045 = CIRCLE('',#1046,2.E-02);
#1046 = AXIS2_PLACEMENT_3D('',#1047,#1048,#1049);
#1047 = CARTESIAN_POINT('',(-0.5,0.23,0.48));
#1048 = DIRECTION('',(1.,0.,-0.));
#1049 = DIRECTION('',(0.,0.,1.));
#1050 = ORIENTED_EDGE('',*,*,#1051,.F.);
#1051 = EDGE_CURVE('',#1052,#1043,#1054,.T.);
#1052 = VERTEX_POINT('',#1053);
#1053 = CARTESIAN_POINT('',(-0.5,-0.23,0.5));
#1054 = LINE('',#1055,#1056);
#1055 = CARTESIAN_POINT('',(-0.5,-0.25,0.5));
#1056 = VECTOR('',#1057,1.);
#1057 = DIRECTION('',(0.,1.,0.));
#1058 = ORIENTED_EDGE('',*,*,#1059,.F.);
#1059 = EDGE_CURVE('',#1001,#1052,#1060,.T.);
#1060 = CIRCLE('',#1061,2.E-02);
#1061 = AXIS2_PLACEMENT_3D('',#1062,#1063,#1064);
#1062 = CARTESIAN_POINT('',(-0.5,-0.23,0.48));
#1063 = DIRECTION('',(-1.,0.,0.));
#1064 = DIRECTION('',(0.,0.,1.));
#1065 = PLANE('',#1066);
#1066 = AXIS2_PLACEMENT_3D('',#1067,#1068,#1069);
#1067 = CARTESIAN_POINT('',(-0.5,-0.25,0.));
#1068 = DIRECTION('',(1.,0.,0.));
#1069 = DIRECTION('',(0.,0.,1.));
#1070 = ADVANCED_FACE('',(#1071),#1096,.F.);
#1071 = FACE_BOUND('',#1072,.F.);
#1072 = EDGE_LOOP('',(#1073,#1083,#1089,#1090));
#1073 = ORIENTED_EDGE('',*,*,#1074,.F.);
#1074 = EDGE_CURVE('',#1075,#1077,#1079,.T.);
#1075 = VERTEX_POINT('',#1076);
#1076 = CARTESIAN_POINT('',(-0.3,-0.25,2.E-02));
#1077 = VERTEX_POINT('',#1078);
#1078 = CARTESIAN_POINT('',(-0.3,-0.25,0.48));
#1079 = LINE('',#1080,#1081);
#1080 = CARTESIAN_POINT('',(-0.3,-0.25,0.));
#1081 = VECTOR('',#1082,1.);
#1082 = DIRECTION('',(0.,0.,1.));
#1083 = ORIENTED_EDGE('',*,*,#1084,.F.);
#1084 = EDGE_CURVE('',#999,#1075,#1085,.T.);
#1085 = LINE('',#1086,#1087);
#1086 = CARTESIAN_POINT('',(-0.5,-0.25,2.E-02));
#1087 = VECTOR('',#1088,1.);
#1088 = DIRECTION('',(1.,0.,0.));
#1089 = ORIENTED_EDGE('',*,*,#998,.T.);
#1090 = ORIENTED_EDGE('',*,*,#1091,.T.);
#1091 = EDGE_CURVE('',#1001,#1077,#1092,.T.);
#1092 = LINE('',#1093,#1094);
#1093 = CARTESIAN_POINT('',(-0.5,-0.25,0.48));
#1094 = VECTOR('',#1095,1.);
#1095 = DIRECTION('',(1.,0.,0.));
#1096 = PLANE('',#1097);
#1097 = AXIS2_PLACEMENT_3D('',#1098,#1099,#1100);
#1098 = CARTESIAN_POINT('',(-0.5,-0.25,0.));
#1099 = DIRECTION('',(0.,1.,0.));
#1100 = DIRECTION('',(0.,-0.,1.));
#1101 = ADVANCED_FACE('',(#1102),#1121,.T.);
#1102 = FACE_BOUND('',#1103,.T.);
#1103 = EDGE_LOOP('',(#1104,#1105,#1113,#1120));
#1104 = ORIENTED_EDGE('',*,*,#1008,.T.);
#1105 = ORIENTED_EDGE('',*,*,#1106,.T.);
#1106 = EDGE_CURVE('',#1009,#1107,#1109,.T.);
#1107 = VERTEX_POINT('',#1108);
#1108 = CARTESIAN_POINT('',(-0.3,-0.23,0.));
#1109 = LINE('',#1110,#1111);
#1110 = CARTESIAN_POINT('',(-0.5,-0.23,0.));
#1111 = VECTOR('',#1112,1.);
#1112 = DIRECTION('',(1.,0.,0.));
#1113 = ORIENTED_EDGE('',*,*,#1114,.F.);
#1114 = EDGE_CURVE('',#1075,#1107,#1115,.T.);
#1115 = CIRCLE('',#1116,2.E-02);
#1116 = AXIS2_PLACEMENT_3D('',#1117,#1118,#1119);
#1117 = CARTESIAN_POINT('',(-0.3,-0.23,2.E-02));
#1118 = DIRECTION('',(1.,0.,-0.));
#1119 = DIRECTION('',(0.,0.,1.));
#1120 = ORIENTED_EDGE('',*,*,#1084,.F.);
#1121 = CYLINDRICAL_SURFACE('',#1122,2.E-02);
#1122 = AXIS2_PLACEMENT_3D('',#1123,#1124,#1125);
#1123 = CARTESIAN_POINT('',(-0.5,-0.23,2.E-02));
#1124 = DIRECTION('',(1.,0.,0.));
#1125 = DIRECTION('',(0.,-1.,0.));
#1126 = ADVANCED_FACE('',(#1127),#1146,.T.);
#1127 = FACE_BOUND('',#1128,.T.);
#1128 = EDGE_LOOP('',(#1129,#1130,#1139,#1145));
#1129 = ORIENTED_EDGE('',*,*,#1091,.T.);
#1130 = ORIENTED_EDGE('',*,*,#1131,.T.);
#1131 = EDGE_CURVE('',#1077,#1132,#1134,.T.);
#1132 = VERTEX_POINT('',#1133);
#1133 = CARTESIAN_POINT('',(-0.3,-0.23,0.5));
#1134 = CIRCLE('',#1135,2.E-02);
#1135 = AXIS2_PLACEMENT_3D('',#1136,#1137,#1138);
#1136 = CARTESIAN_POINT('',(-0.3,-0.23,0.48));
#1137 = DIRECTION('',(-1.,0.,0.));
#1138 = DIRECTION('',(0.,0.,1.));
#1139 = ORIENTED_EDGE('',*,*,#1140,.F.);
#1140 = EDGE_CURVE('',#1052,#1132,#1141,.T.);
#1141 = LINE('',#1142,#1143);
#1142 = CARTESIAN_POINT('',(-0.5,-0.23,0.5));
#1143 = VECTOR('',#1144,1.);
#1144 = DIRECTION('',(1.,0.,0.));
#1145 = ORIENTED_EDGE('',*,*,#1059,.F.);
#1146 = CYLINDRICAL_SURFACE('',#1147,2.E-02);
#1147 = AXIS2_PLACEMENT_3D('',#1148,#1149,#1150);
#1148 = CARTESIAN_POINT('',(-0.5,-0.23,0.48));
#1149 = DIRECTION('',(1.,0.,0.));
#1150 = DIRECTION('',(0.,-1.,0.));
#1151 = ADVANCED_FACE('',(#1152),#1170,.F.);
#1152 = FACE_BOUND('',#1153,.F.);
#1153 = EDGE_LOOP('',(#1154,#1155,#1156,#1164));
#1154 = ORIENTED_EDGE('',*,*,#1017,.F.);
#1155 = ORIENTED_EDGE('',*,*,#1106,.T.);
#1156 = ORIENTED_EDGE('',*,*,#1157,.T.);
#1157 = EDGE_CURVE('',#1107,#1158,#1160,.T.);
#1158 = VERTEX_POINT('',#1159);
#1159 = CARTESIAN_POINT('',(-0.3,0.23,0.));
#1160 = LINE('',#1161,#1162);
#1161 = CARTESIAN_POINT('',(-0.3,-0.25,0.));
#1162 = VECTOR('',#1163,1.);
#1163 = DIRECTION('',(0.,1.,0.));
#1164 = ORIENTED_EDGE('',*,*,#1165,.F.);
#1165 = EDGE_CURVE('',#1018,#1158,#1166,.T.);
#1166 = LINE('',#1167,#1168);
#1167 = CARTESIAN_POINT('',(-0.5,0.23,0.));
#1168 = VECTOR('',#1169,1.);
#1169 = DIRECTION('',(1.,0.,0.));
#1170 = PLANE('',#1171);
#1171 = AXIS2_PLACEMENT_3D('',#1172,#1173,#1174);
#1172 = CARTESIAN_POINT('',(-0.5,-0.25,0.));
#1173 = DIRECTION('',(0.,0.,1.));
#1174 = DIRECTION('',(1.,0.,-0.));
#1175 = ADVANCED_FACE('',(#1176),#1194,.T.);
#1176 = FACE_BOUND('',#1177,.T.);
#1177 = EDGE_LOOP('',(#1178,#1179,#1180,#1188));
#1178 = ORIENTED_EDGE('',*,*,#1051,.F.);
#1179 = ORIENTED_EDGE('',*,*,#1140,.T.);
#1180 = ORIENTED_EDGE('',*,*,#1181,.T.);
#1181 = EDGE_CURVE('',#1132,#1182,#1184,.T.);
#1182 = VERTEX_POINT('',#1183);
#1183 = CARTESIAN_POINT('',(-0.3,0.23,0.5));
#1184 = LINE('',#1185,#1186);
#1185 = CARTESIAN_POINT('',(-0.3,-0.25,0.5));
#1186 = VECTOR('',#1187,1.);
#1187 = DIRECTION('',(0.,1.,0.));
#1188 = ORIENTED_EDGE('',*,*,#1189,.F.);
#1189 = EDGE_CURVE('',#1043,#1182,#1190,.T.);
#1190 = LINE('',#1191,#1192);
#1191 = CARTESIAN_POINT('',(-0.5,0.23,0.5));
#1192 = VECTOR('',#1193,1.);
#1193 = DIRECTION('',(1.,0.,0.));
#1194 = PLANE('',#1195);
#1195 = AXIS2_PLACEMENT_3D('',#1196,#1197,#1198);
#1196 = CARTESIAN_POINT('',(-0.5,-0.25,0.5));
#1197 = DIRECTION('',(0.,0.,1.));
#1198 = DIRECTION('',(1.,0.,-0.));
#1199 = ADVANCED_FACE('',(#1200),#1219,.T.);
#1200 = FACE_BOUND('',#1201,.T.);
#1201 = EDGE_LOOP('',(#1202,#1210,#1217,#1218));
#1202 = ORIENTED_EDGE('',*,*,#1203,.T.);
#1203 = EDGE_CURVE('',#1026,#1204,#1206,.T.);
#1204 = VERTEX_POINT('',#1205);
#1205 = CARTESIAN_POINT('',(-0.3,0.25,2.E-02));
#1206 = LINE('',#1207,#1208);
#1207 = CARTESIAN_POINT('',(-0.5,0.25,2.E-02));
#1208 = VECTOR('',#1209,1.);
#1209 = DIRECTION('',(1.,0.,0.));
#1210 = ORIENTED_EDGE('',*,*,#1211,.T.);
#1211 = EDGE_CURVE('',#1204,#1158,#1212,.T.);
#1212 = CIRCLE('',#1213,2.E-02);
#1213 = AXIS2_PLACEMENT_3D('',#1214,#1215,#1216);
#1214 = CARTESIAN_POINT('',(-0.3,0.23,2.E-02));
#1215 = DIRECTION('',(-1.,0.,0.));
#1216 = DIRECTION('',(0.,0.,1.));
#1217 = ORIENTED_EDGE('',*,*,#1165,.F.);
#1218 = ORIENTED_EDGE('',*,*,#1025,.F.);
#1219 = CYLINDRICAL_SURFACE('',#1220,2.E-02);
#1220 = AXIS2_PLACEMENT_3D('',#1221,#1222,#1223);
#1221 = CARTESIAN_POINT('',(-0.5,0.23,2.E-02));
#1222 = DIRECTION('',(1.,0.,0.));
#1223 = DIRECTION('',(-0.,1.,0.));
#1224 = ADVANCED_FACE('',(#1225),#1244,.T.);
#1225 = FACE_BOUND('',#1226,.T.);
#1226 = EDGE_LOOP('',(#1227,#1228,#1229,#1238));
#1227 = ORIENTED_EDGE('',*,*,#1042,.T.);
#1228 = ORIENTED_EDGE('',*,*,#1189,.T.);
#1229 = ORIENTED_EDGE('',*,*,#1230,.F.);
#1230 = EDGE_CURVE('',#1231,#1182,#1233,.T.);
#1231 = VERTEX_POINT('',#1232);
#1232 = CARTESIAN_POINT('',(-0.3,0.25,0.48));
#1233 = CIRCLE('',#1234,2.E-02);
#1234 = AXIS2_PLACEMENT_3D('',#1235,#1236,#1237);
#1235 = CARTESIAN_POINT('',(-0.3,0.23,0.48));
#1236 = DIRECTION('',(1.,0.,-0.));
#1237 = DIRECTION('',(0.,0.,1.));
#1238 = ORIENTED_EDGE('',*,*,#1239,.F.);
#1239 = EDGE_CURVE('',#1035,#1231,#1240,.T.);
#1240 = LINE('',#1241,#1242);
#1241 = CARTESIAN_POINT('',(-0.5,0.25,0.48));
#1242 = VECTOR('',#1243,1.);
#1243 = DIRECTION('',(1.,0.,0.));
#1244 = CYLINDRICAL_SURFACE('',#1245,2.E-02);
#1245 = AXIS2_PLACEMENT_3D('',#1246,#1247,#1248);
#1246 = CARTESIAN_POINT('',(-0.5,0.23,0.48));
#1247 = DIRECTION('',(1.,0.,0.));
#1248 = DIRECTION('',(-0.,1.,0.));
#1249 = ADVANCED_FACE('',(#1250),#1261,.T.);
#1250 = FACE_BOUND('',#1251,.T.);
#1251 = EDGE_LOOP('',(#1252,#1258,#1259,#1260));
#1252 = ORIENTED_EDGE('',*,*,#1253,.F.);
#1253 = EDGE_CURVE('',#1204,#1231,#1254,.T.);
#1254 = LINE('',#1255,#1256);
#1255 = CARTESIAN_POINT('',(-0.3,0.25,0.));
#1256 = VECTOR('',#1257,1.);
#1257 = DIRECTION('',(0.,0.,1.));
#1258 = ORIENTED_EDGE('',*,*,#1203,.F.);
#1259 = ORIENTED_EDGE('',*,*,#1034,.T.);
#1260 = ORIENTED_EDGE('',*,*,#1239,.T.);
#1261 = PLANE('',#1262);
#1262 = AXIS2_PLACEMENT_3D('',#1263,#1264,#1265);
#1263 = CARTESIAN_POINT('',(-0.5,0.25,0.));
#1264 = DIRECTION('',(0.,1.,0.));
#1265 = DIRECTION('',(0.,-0.,1.));
#1266 = ADVANCED_FACE('',(#1267,#1277),#1347,.T.);
#1267 = FACE_BOUND('',#1268,.T.);
#1268 = EDGE_LOOP('',(#1269,#1270,#1271,#1272,#1273,#1274,#1275,#1276));
#1269 = ORIENTED_EDGE('',*,*,#1074,.F.);
#1270 = ORIENTED_EDGE('',*,*,#1114,.T.);
#1271 = ORIENTED_EDGE('',*,*,#1157,.T.);
#1272 = ORIENTED_EDGE('',*,*,#1211,.F.);
#1273 = ORIENTED_EDGE('',*,*,#1253,.T.);
#1274 = ORIENTED_EDGE('',*,*,#1230,.T.);
#1275 = ORIENTED_EDGE('',*,*,#1181,.F.);
#1276 = ORIENTED_EDGE('',*,*,#1131,.F.);
#1277 = FACE_BOUND('',#1278,.T.);
#1278 = EDGE_LOOP('',(#1279,#1290,#1298,#1307,#1315,#1324,#1332,#1341));
#1279 = ORIENTED_EDGE('',*,*,#1280,.F.);
#1280 = EDGE_CURVE('',#1281,#1283,#1285,.T.);
#1281 = VERTEX_POINT('',#1282);
#1282 = CARTESIAN_POINT('',(-0.3,-0.23,4.E-02));
#1283 = VERTEX_POINT('',#1284);
#1284 = CARTESIAN_POINT('',(-0.3,-0.21,2.E-02));
#1285 = CIRCLE('',#1286,2.E-02);
#1286 = AXIS2_PLACEMENT_3D('',#1287,#1288,#1289);
#1287 = CARTESIAN_POINT('',(-0.3,-0.21,4.E-02));
#1288 = DIRECTION('',(1.,0.,-0.));
#1289 = DIRECTION('',(0.,0.,1.));
#1290 = ORIENTED_EDGE('',*,*,#1291,.T.);
#1291 = EDGE_CURVE('',#1281,#1292,#1294,.T.);
#1292 = VERTEX_POINT('',#1293);
#1293 = CARTESIAN_POINT('',(-0.3,-0.23,0.46));
#1294 = LINE('',#1295,#1296);
#1295 = CARTESIAN_POINT('',(-0.3,-0.23,2.E-02));
#1296 = VECTOR('',#1297,1.);
#1297 = DIRECTION('',(0.,0.,1.));
#1298 = ORIENTED_EDGE('',*,*,#1299,.T.);
#1299 = EDGE_CURVE('',#1292,#1300,#1302,.T.);
#1300 = VERTEX_POINT('',#1301);
#1301 = CARTESIAN_POINT('',(-0.3,-0.21,0.48));
#1302 = CIRCLE('',#1303,2.E-02);
#1303 = AXIS2_PLACEMENT_3D('',#1304,#1305,#1306);
#1304 = CARTESIAN_POINT('',(-0.3,-0.21,0.46));
#1305 = DIRECTION('',(-1.,0.,0.));
#1306 = DIRECTION('',(0.,0.,1.));
#1307 = ORIENTED_EDGE('',*,*,#1308,.T.);
#1308 = EDGE_CURVE('',#1300,#1309,#1311,.T.);
#1309 = VERTEX_POINT('',#1310);
#1310 = CARTESIAN_POINT('',(-0.3,0.21,0.48));
#1311 = LINE('',#1312,#1313);
#1312 = CARTESIAN_POINT('',(-0.3,-0.23,0.48));
#1313 = VECTOR('',#1314,1.);
#1314 = DIRECTION('',(0.,1.,0.));
#1315 = ORIENTED_EDGE('',*,*,#1316,.F.);
#1316 = EDGE_CURVE('',#1317,#1309,#1319,.T.);
#1317 = VERTEX_POINT('',#1318);
#1318 = CARTESIAN_POINT('',(-0.3,0.23,0.46));
#1319 = CIRCLE('',#1320,2.E-02);
#1320 = AXIS2_PLACEMENT_3D('',#1321,#1322,#1323);
#1321 = CARTESIAN_POINT('',(-0.3,0.21,0.46));
#1322 = DIRECTION('',(1.,0.,-0.));
#1323 = DIRECTION('',(0.,0.,1.));
#1324 = ORIENTED_EDGE('',*,*,#1325,.F.);
#1325 = EDGE_CURVE('',#1326,#1317,#1328,.T.);
#1326 = VERTEX_POINT('',#1327);
#1327 = CARTESIAN_POINT('',(-0.3,0.23,4.E-02));
#1328 = LINE('',#1329,#1330);
#1329 = CARTESIAN_POINT('',(-0.3,0.23,2.E-02));
#1330 = VECTOR('',#1331,1.);
#1331 = DIRECTION('',(0.,0.,1.));
#1332 = ORIENTED_EDGE('',*,*,#1333,.T.);
#1333 = EDGE_CURVE('',#1326,#1334,#1336,.T.);
#1334 = VERTEX_POINT('',#1335);
#1335 = CARTESIAN_POINT('',(-0.3,0.21,2.E-02));
#1336 = CIRCLE('',#1337,2.E-02);
#1337 = AXIS2_PLACEMENT_3D('',#1338,#1339,#1340);
#1338 = CARTESIAN_POINT('',(-0.3,0.21,4.E-02));
#1339 = DIRECTION('',(-1.,0.,0.));
#1340 = DIRECTION('',(0.,0.,1.));
#1341 = ORIENTED_EDGE('',*,*,#1342,.F.);
#1342 = EDGE_CURVE('',#1283,#1334,#1343,.T.);
#1343 = LINE('',#1344,#1345);
#1344 = CARTESIAN_POINT('',(-0.3,-0.23,2.E-02));
#1345 = VECTOR('',#1346,1.);
#1346 = DIRECTION('',(0.,1.,0.));
#1347 = PLANE('',#1348);
#1348 = AXIS2_PLACEMENT_3D('',#1349,#1350,#1351);
#1349 = CARTESIAN_POINT('',(-0.3,-0.25,0.));
#1350 = DIRECTION('',(1.,0.,0.));
#1351 = DIRECTION('',(0.,0.,1.));
#1352 = ADVANCED_FACE('',(#1353),#1379,.T.);
#1353 = FACE_BOUND('',#1354,.T.);
#1354 = EDGE_LOOP('',(#1355,#1356,#1364,#1373));
#1355 = ORIENTED_EDGE('',*,*,#1280,.T.);
#1356 = ORIENTED_EDGE('',*,*,#1357,.T.);
#1357 = EDGE_CURVE('',#1283,#1358,#1360,.T.);
#1358 = VERTEX_POINT('',#1359);
#1359 = CARTESIAN_POINT('',(0.3,-0.21,2.E-02));
#1360 = LINE('',#1361,#1362);
#1361 = CARTESIAN_POINT('',(-0.3,-0.21,2.E-02));
#1362 = VECTOR('',#1363,1.);
#1363 = DIRECTION('',(1.,0.,0.));
#1364 = ORIENTED_EDGE('',*,*,#1365,.F.);
#1365 = EDGE_CURVE('',#1366,#1358,#1368,.T.);
#1366 = VERTEX_POINT('',#1367);
#1367 = CARTESIAN_POINT('',(0.3,-0.23,4.E-02));
#1368 = CIRCLE('',#1369,2.E-02);
#1369 = AXIS2_PLACEMENT_3D('',#1370,#1371,#1372);
#1370 = CARTESIAN_POINT('',(0.3,-0.21,4.E-02));
#1371 = DIRECTION('',(1.,0.,-0.));
#1372 = DIRECTION('',(0.,0.,1.));
#1373 = ORIENTED_EDGE('',*,*,#1374,.F.);
#1374 = EDGE_CURVE('',#1281,#1366,#1375,.T.);
#1375 = LINE('',#1376,#1377);
#1376 = CARTESIAN_POINT('',(-0.3,-0.23,4.E-02));
#1377 = VECTOR('',#1378,1.);
#1378 = DIRECTION('',(1.,0.,0.));
#1379 = CYLINDRICAL_SURFACE('',#1380,2.E-02);
#1380 = AXIS2_PLACEMENT_3D('',#1381,#1382,#1383);
#1381 = CARTESIAN_POINT('',(-0.3,-0.21,4.E-02));
#1382 = DIRECTION('',(1.,0.,0.));
#1383 = DIRECTION('',(0.,-1.,0.));
#1384 = ADVANCED_FACE('',(#1385),#1403,.F.);
#1385 = FACE_BOUND('',#1386,.F.);
#1386 = EDGE_LOOP('',(#1387,#1388,#1389,#1397));
#1387 = ORIENTED_EDGE('',*,*,#1342,.F.);
#1388 = ORIENTED_EDGE('',*,*,#1357,.T.);
#1389 = ORIENTED_EDGE('',*,*,#1390,.T.);
#1390 = EDGE_CURVE('',#1358,#1391,#1393,.T.);
#1391 = VERTEX_POINT('',#1392);
#1392 = CARTESIAN_POINT('',(0.3,0.21,2.E-02));
#1393 = LINE('',#1394,#1395);
#1394 = CARTESIAN_POINT('',(0.3,-0.23,2.E-02));
#1395 = VECTOR('',#1396,1.);
#1396 = DIRECTION('',(0.,1.,0.));
#1397 = ORIENTED_EDGE('',*,*,#1398,.F.);
#1398 = EDGE_CURVE('',#1334,#1391,#1399,.T.);
#1399 = LINE('',#1400,#1401);
#1400 = CARTESIAN_POINT('',(-0.3,0.21,2.E-02));
#1401 = VECTOR('',#1402,1.);
#1402 = DIRECTION('',(1.,0.,0.));
#1403 = PLANE('',#1404);
#1404 = AXIS2_PLACEMENT_3D('',#1405,#1406,#1407);
#1405 = CARTESIAN_POINT('',(-0.3,-0.23,2.E-02));
#1406 = DIRECTION('',(0.,0.,1.));
#1407 = DIRECTION('',(1.,0.,-0.));
#1408 = ADVANCED_FACE('',(#1409),#1428,.T.);
#1409 = FACE_BOUND('',#1410,.T.);
#1410 = EDGE_LOOP('',(#1411,#1419,#1426,#1427));
#1411 = ORIENTED_EDGE('',*,*,#1412,.T.);
#1412 = EDGE_CURVE('',#1326,#1413,#1415,.T.);
#1413 = VERTEX_POINT('',#1414);
#1414 = CARTESIAN_POINT('',(0.3,0.23,4.E-02));
#1415 = LINE('',#1416,#1417);
#1416 = CARTESIAN_POINT('',(-0.3,0.23,4.E-02));
#1417 = VECTOR('',#1418,1.);
#1418 = DIRECTION('',(1.,0.,0.));
#1419 = ORIENTED_EDGE('',*,*,#1420,.T.);
#1420 = EDGE_CURVE('',#1413,#1391,#1421,.T.);
#1421 = CIRCLE('',#1422,2.E-02);
#1422 = AXIS2_PLACEMENT_3D('',#1423,#1424,#1425);
#1423 = CARTESIAN_POINT('',(0.3,0.21,4.E-02));
#1424 = DIRECTION('',(-1.,0.,0.));
#1425 = DIRECTION('',(0.,0.,1.));
#1426 = ORIENTED_EDGE('',*,*,#1398,.F.);
#1427 = ORIENTED_EDGE('',*,*,#1333,.F.);
#1428 = CYLINDRICAL_SURFACE('',#1429,2.E-02);
#1429 = AXIS2_PLACEMENT_3D('',#1430,#1431,#1432);
#1430 = CARTESIAN_POINT('',(-0.3,0.21,4.E-02));
#1431 = DIRECTION('',(1.,0.,0.));
#1432 = DIRECTION('',(-0.,1.,0.));
#1433 = ADVANCED_FACE('',(#1434),#1452,.T.);
#1434 = FACE_BOUND('',#1435,.T.);
#1435 = EDGE_LOOP('',(#1436,#1444,#1445,#1446));
#1436 = ORIENTED_EDGE('',*,*,#1437,.F.);
#1437 = EDGE_CURVE('',#1413,#1438,#1440,.T.);
#1438 = VERTEX_POINT('',#1439);
#1439 = CARTESIAN_POINT('',(0.3,0.23,0.46));
#1440 = LINE('',#1441,#1442);
#1441 = CARTESIAN_POINT('',(0.3,0.23,2.E-02));
#1442 = VECTOR('',#1443,1.);
#1443 = DIRECTION('',(0.,0.,1.));
#1444 = ORIENTED_EDGE('',*,*,#1412,.F.);
#1445 = ORIENTED_EDGE('',*,*,#1325,.T.);
#1446 = ORIENTED_EDGE('',*,*,#1447,.T.);
#1447 = EDGE_CURVE('',#1317,#1438,#1448,.T.);
#1448 = LINE('',#1449,#1450);
#1449 = CARTESIAN_POINT('',(-0.3,0.23,0.46));
#1450 = VECTOR('',#1451,1.);
#1451 = DIRECTION('',(1.,0.,0.));
#1452 = PLANE('',#1453);
#1453 = AXIS2_PLACEMENT_3D('',#1454,#1455,#1456);
#1454 = CARTESIAN_POINT('',(-0.3,0.23,2.E-02));
#1455 = DIRECTION('',(0.,1.,0.));
#1456 = DIRECTION('',(0.,-0.,1.));
#1457 = ADVANCED_FACE('',(#1458),#1477,.T.);
#1458 = FACE_BOUND('',#1459,.T.);
#1459 = EDGE_LOOP('',(#1460,#1461,#1469,#1476));
#1460 = ORIENTED_EDGE('',*,*,#1316,.T.);
#1461 = ORIENTED_EDGE('',*,*,#1462,.T.);
#1462 = EDGE_CURVE('',#1309,#1463,#1465,.T.);
#1463 = VERTEX_POINT('',#1464);
#1464 = CARTESIAN_POINT('',(0.3,0.21,0.48));
#1465 = LINE('',#1466,#1467);
#1466 = CARTESIAN_POINT('',(-0.3,0.21,0.48));
#1467 = VECTOR('',#1468,1.);
#1468 = DIRECTION('',(1.,0.,0.));
#1469 = ORIENTED_EDGE('',*,*,#1470,.F.);
#1470 = EDGE_CURVE('',#1438,#1463,#1471,.T.);
#1471 = CIRCLE('',#1472,2.E-02);
#1472 = AXIS2_PLACEMENT_3D('',#1473,#1474,#1475);
#1473 = CARTESIAN_POINT('',(0.3,0.21,0.46));
#1474 = DIRECTION('',(1.,0.,-0.));
#1475 = DIRECTION('',(0.,0.,1.));
#1476 = ORIENTED_EDGE('',*,*,#1447,.F.);
#1477 = CYLINDRICAL_SURFACE('',#1478,2.E-02);
#1478 = AXIS2_PLACEMENT_3D('',#1479,#1480,#1481);
#1479 = CARTESIAN_POINT('',(-0.3,0.21,0.46));
#1480 = DIRECTION('',(1.,0.,0.));
#1481 = DIRECTION('',(-0.,1.,0.));
#1482 = ADVANCED_FACE('',(#1483),#1501,.T.);
#1483 = FACE_BOUND('',#1484,.T.);
#1484 = EDGE_LOOP('',(#1485,#1486,#1494,#1500));
#1485 = ORIENTED_EDGE('',*,*,#1308,.F.);
#1486 = ORIENTED_EDGE('',*,*,#1487,.T.);
#1487 = EDGE_CURVE('',#1300,#1488,#1490,.T.);
#1488 = VERTEX_POINT('',#1489);
#1489 = CARTESIAN_POINT('',(0.3,-0.21,0.48));
#1490 = LINE('',#1491,#1492);
#1491 = CARTESIAN_POINT('',(-0.3,-0.21,0.48));
#1492 = VECTOR('',#1493,1.);
#1493 = DIRECTION('',(1.,0.,0.));
#1494 = ORIENTED_EDGE('',*,*,#1495,.T.);
#1495 = EDGE_CURVE('',#1488,#1463,#1496,.T.);
#1496 = LINE('',#1497,#1498);
#1497 = CARTESIAN_POINT('',(0.3,-0.23,0.48));
#1498 = VECTOR('',#1499,1.);
#1499 = DIRECTION('',(0.,1.,0.));
#1500 = ORIENTED_EDGE('',*,*,#1462,.F.);
#1501 = PLANE('',#1502);
#1502 = AXIS2_PLACEMENT_3D('',#1503,#1504,#1505);
#1503 = CARTESIAN_POINT('',(-0.3,-0.23,0.48));
#1504 = DIRECTION('',(0.,0.,1.));
#1505 = DIRECTION('',(1.,0.,-0.));
#1506 = ADVANCED_FACE('',(#1507),#1526,.T.);
#1507 = FACE_BOUND('',#1508,.T.);
#1508 = EDGE_LOOP('',(#1509,#1517,#1524,#1525));
#1509 = ORIENTED_EDGE('',*,*,#1510,.T.);
#1510 = EDGE_CURVE('',#1292,#1511,#1513,.T.);
#1511 = VERTEX_POINT('',#1512);
#1512 = CARTESIAN_POINT('',(0.3,-0.23,0.46));
#1513 = LINE('',#1514,#1515);
#1514 = CARTESIAN_POINT('',(-0.3,-0.23,0.46));
#1515 = VECTOR('',#1516,1.);
#1516 = DIRECTION('',(1.,0.,0.));
#1517 = ORIENTED_EDGE('',*,*,#1518,.T.);
#1518 = EDGE_CURVE('',#1511,#1488,#1519,.T.);
#1519 = CIRCLE('',#1520,2.E-02);
#1520 = AXIS2_PLACEMENT_3D('',#1521,#1522,#1523);
#1521 = CARTESIAN_POINT('',(0.3,-0.21,0.46));
#1522 = DIRECTION('',(-1.,0.,0.));
#1523 = DIRECTION('',(0.,0.,1.));
#1524 = ORIENTED_EDGE('',*,*,#1487,.F.);
#1525 = ORIENTED_EDGE('',*,*,#1299,.F.);
#1526 = CYLINDRICAL_SURFACE('',#1527,2.E-02);
#1527 = AXIS2_PLACEMENT_3D('',#1528,#1529,#1530);
#1528 = CARTESIAN_POINT('',(-0.3,-0.21,0.46));
#1529 = DIRECTION('',(1.,0.,0.));
#1530 = DIRECTION('',(0.,-1.,0.));
#1531 = ADVANCED_FACE('',(#1532),#1543,.F.);
#1532 = FACE_BOUND('',#1533,.F.);
#1533 = EDGE_LOOP('',(#1534,#1540,#1541,#1542));
#1534 = ORIENTED_EDGE('',*,*,#1535,.F.);
#1535 = EDGE_CURVE('',#1366,#1511,#1536,.T.);
#1536 = LINE('',#1537,#1538);
#1537 = CARTESIAN_POINT('',(0.3,-0.23,2.E-02));
#1538 = VECTOR('',#1539,1.);
#1539 = DIRECTION('',(0.,0.,1.));
#1540 = ORIENTED_EDGE('',*,*,#1374,.F.);
#1541 = ORIENTED_EDGE('',*,*,#1291,.T.);
#1542 = ORIENTED_EDGE('',*,*,#1510,.T.);
#1543 = PLANE('',#1544);
#1544 = AXIS2_PLACEMENT_3D('',#1545,#1546,#1547);
#1545 = CARTESIAN_POINT('',(-0.3,-0.23,2.E-02));
#1546 = DIRECTION('',(0.,1.,0.));
#1547 = DIRECTION('',(0.,-0.,1.));
#1548 = ADVANCED_FACE('',(#1549,#1619),#1629,.F.);
#1549 = FACE_BOUND('',#1550,.F.);
#1550 = EDGE_LOOP('',(#1551,#1561,#1570,#1578,#1587,#1595,#1604,#1612));
#1551 = ORIENTED_EDGE('',*,*,#1552,.F.);
#1552 = EDGE_CURVE('',#1553,#1555,#1557,.T.);
#1553 = VERTEX_POINT('',#1554);
#1554 = CARTESIAN_POINT('',(0.3,-0.25,2.E-02));
#1555 = VERTEX_POINT('',#1556);
#1556 = CARTESIAN_POINT('',(0.3,-0.25,0.48));
#1557 = LINE('',#1558,#1559);
#1558 = CARTESIAN_POINT('',(0.3,-0.25,0.));
#1559 = VECTOR('',#1560,1.);
#1560 = DIRECTION('',(0.,0.,1.));
#1561 = ORIENTED_EDGE('',*,*,#1562,.T.);
#1562 = EDGE_CURVE('',#1553,#1563,#1565,.T.);
#1563 = VERTEX_POINT('',#1564);
#1564 = CARTESIAN_POINT('',(0.3,-0.23,0.));
#1565 = CIRCLE('',#1566,2.E-02);
#1566 = AXIS2_PLACEMENT_3D('',#1567,#1568,#1569);
#1567 = CARTESIAN_POINT('',(0.3,-0.23,2.E-02));
#1568 = DIRECTION('',(1.,0.,-0.));
#1569 = DIRECTION('',(0.,0.,1.));
#1570 = ORIENTED_EDGE('',*,*,#1571,.T.);
#1571 = EDGE_CURVE('',#1563,#1572,#1574,.T.);
#1572 = VERTEX_POINT('',#1573);
#1573 = CARTESIAN_POINT('',(0.3,0.23,0.));
#1574 = LINE('',#1575,#1576);
#1575 = CARTESIAN_POINT('',(0.3,-0.25,0.));
#1576 = VECTOR('',#1577,1.);
#1577 = DIRECTION('',(0.,1.,0.));
#1578 = ORIENTED_EDGE('',*,*,#1579,.F.);
#1579 = EDGE_CURVE('',#1580,#1572,#1582,.T.);
#1580 = VERTEX_POINT('',#1581);
#1581 = CARTESIAN_POINT('',(0.3,0.25,2.E-02));
#1582 = CIRCLE('',#1583,2.E-02);
#1583 = AXIS2_PLACEMENT_3D('',#1584,#1585,#1586);
#1584 = CARTESIAN_POINT('',(0.3,0.23,2.E-02));
#1585 = DIRECTION('',(-1.,0.,0.));
#1586 = DIRECTION('',(0.,0.,1.));
#1587 = ORIENTED_EDGE('',*,*,#1588,.T.);
#1588 = EDGE_CURVE('',#1580,#1589,#1591,.T.);
#1589 = VERTEX_POINT('',#1590);
#1590 = CARTESIAN_POINT('',(0.3,0.25,0.48));
#1591 = LINE('',#1592,#1593);
#1592 = CARTESIAN_POINT('',(0.3,0.25,0.));
#1593 = VECTOR('',#1594,1.);
#1594 = DIRECTION('',(0.,0.,1.));
#1595 = ORIENTED_EDGE('',*,*,#1596,.T.);
#1596 = EDGE_CURVE('',#1589,#1597,#1599,.T.);
#1597 = VERTEX_POINT('',#1598);
#1598 = CARTESIAN_POINT('',(0.3,0.23,0.5));
#1599 = CIRCLE('',#1600,2.E-02);
#1600 = AXIS2_PLACEMENT_3D('',#1601,#1602,#1603);
#1601 = CARTESIAN_POINT('',(0.3,0.23,0.48));
#1602 = DIRECTION('',(1.,0.,-0.));
#1603 = DIRECTION('',(0.,0.,1.));
#1604 = ORIENTED_EDGE('',*,*,#1605,.F.);
#1605 = EDGE_CURVE('',#1606,#1597,#1608,.T.);
#1606 = VERTEX_POINT('',#1607);
#1607 = CARTESIAN_POINT('',(0.3,-0.23,0.5));
#1608 = LINE('',#1609,#1610);
#1609 = CARTESIAN_POINT('',(0.3,-0.25,0.5));
#1610 = VECTOR('',#1611,1.);
#1611 = DIRECTION('',(0.,1.,0.));
#1612 = ORIENTED_EDGE('',*,*,#1613,.F.);
#1613 = EDGE_CURVE('',#1555,#1606,#1614,.T.);
#1614 = CIRCLE('',#1615,2.E-02);
#1615 = AXIS2_PLACEMENT_3D('',#1616,#1617,#1618);
#1616 = CARTESIAN_POINT('',(0.3,-0.23,0.48));
#1617 = DIRECTION('',(-1.,0.,0.));
#1618 = DIRECTION('',(0.,0.,1.));
#1619 = FACE_BOUND('',#1620,.F.);
#1620 = EDGE_LOOP('',(#1621,#1622,#1623,#1624,#1625,#1626,#1627,#1628));
#1621 = ORIENTED_EDGE('',*,*,#1365,.F.);
#1622 = ORIENTED_EDGE('',*,*,#1535,.T.);
#1623 = ORIENTED_EDGE('',*,*,#1518,.T.);
#1624 = ORIENTED_EDGE('',*,*,#1495,.T.);
#1625 = ORIENTED_EDGE('',*,*,#1470,.F.);
#1626 = ORIENTED_EDGE('',*,*,#1437,.F.);
#1627 = ORIENTED_EDGE('',*,*,#1420,.T.);
#1628 = ORIENTED_EDGE('',*,*,#1390,.F.);
#1629 = PLANE('',#1630);
#1630 = AXIS2_PLACEMENT_3D('',#1631,#1632,#1633);
#1631 = CARTESIAN_POINT('',(0.3,-0.25,0.));
#1632 = DIRECTION('',(1.,0.,0.));
#1633 = DIRECTION('',(0.,0.,1.));
#1634 = ADVANCED_FACE('',(#1635),#1660,.F.);
#1635 = FACE_BOUND('',#1636,.F.);
#1636 = EDGE_LOOP('',(#1637,#1647,#1653,#1654));
#1637 = ORIENTED_EDGE('',*,*,#1638,.F.);
#1638 = EDGE_CURVE('',#1639,#1641,#1643,.T.);
#1639 = VERTEX_POINT('',#1640);
#1640 = CARTESIAN_POINT('',(0.5,-0.25,2.E-02));
#1641 = VERTEX_POINT('',#1642);
#1642 = CARTESIAN_POINT('',(0.5,-0.25,0.48));
#1643 = LINE('',#1644,#1645);
#1644 = CARTESIAN_POINT('',(0.5,-0.25,0.));
#1645 = VECTOR('',#1646,1.);
#1646 = DIRECTION('',(0.,0.,1.));
#1647 = ORIENTED_EDGE('',*,*,#1648,.F.);
#1648 = EDGE_CURVE('',#1553,#1639,#1649,.T.);
#1649 = LINE('',#1650,#1651);
#1650 = CARTESIAN_POINT('',(0.3,-0.25,2.E-02));
#1651 = VECTOR('',#1652,1.);
#1652 = DIRECTION('',(1.,0.,0.));
#1653 = ORIENTED_EDGE('',*,*,#1552,.T.);
#1654 = ORIENTED_EDGE('',*,*,#1655,.T.);
#1655 = EDGE_CURVE('',#1555,#1641,#1656,.T.);
#1656 = LINE('',#1657,#1658);
#1657 = CARTESIAN_POINT('',(0.3,-0.25,0.48));
#1658 = VECTOR('',#1659,1.);
#1659 = DIRECTION('',(1.,0.,0.));
#1660 = PLANE('',#1661);
#1661 = AXIS2_PLACEMENT_3D('',#1662,#1663,#1664);
#1662 = CARTESIAN_POINT('',(0.3,-0.25,0.));
#1663 = DIRECTION('',(0.,1.,0.));
#1664 = DIRECTION('',(0.,-0.,1.));
#1665 = ADVANCED_FACE('',(#1666),#1685,.T.);
#1666 = FACE_BOUND('',#1667,.T.);
#1667 = EDGE_LOOP('',(#1668,#1669,#1677,#1684));
#1668 = ORIENTED_EDGE('',*,*,#1562,.T.);
#1669 = ORIENTED_EDGE('',*,*,#1670,.T.);
#1670 = EDGE_CURVE('',#1563,#1671,#1673,.T.);
#1671 = VERTEX_POINT('',#1672);
#1672 = CARTESIAN_POINT('',(0.5,-0.23,0.));
#1673 = LINE('',#1674,#1675);
#1674 = CARTESIAN_POINT('',(0.3,-0.23,0.));
#1675 = VECTOR('',#1676,1.);
#1676 = DIRECTION('',(1.,0.,0.));
#1677 = ORIENTED_EDGE('',*,*,#1678,.F.);
#1678 = EDGE_CURVE('',#1639,#1671,#1679,.T.);
#1679 = CIRCLE('',#1680,2.E-02);
#1680 = AXIS2_PLACEMENT_3D('',#1681,#1682,#1683);
#1681 = CARTESIAN_POINT('',(0.5,-0.23,2.E-02));
#1682 = DIRECTION('',(1.,0.,-0.));
#1683 = DIRECTION('',(0.,0.,1.));
#1684 = ORIENTED_EDGE('',*,*,#1648,.F.);
#1685 = CYLINDRICAL_SURFACE('',#1686,2.E-02);
#1686 = AXIS2_PLACEMENT_3D('',#1687,#1688,#1689);
#1687 = CARTESIAN_POINT('',(0.3,-0.23,2.E-02));
#1688 = DIRECTION('',(1.,0.,0.));
#1689 = DIRECTION('',(0.,-1.,0.));
#1690 = ADVANCED_FACE('',(#1691),#1710,.T.);
#1691 = FACE_BOUND('',#1692,.T.);
#1692 = EDGE_LOOP('',(#1693,#1694,#1703,#1709));
#1693 = ORIENTED_EDGE('',*,*,#1655,.T.);
#1694 = ORIENTED_EDGE('',*,*,#1695,.T.);
#1695 = EDGE_CURVE('',#1641,#1696,#1698,.T.);
#1696 = VERTEX_POINT('',#1697);
#1697 = CARTESIAN_POINT('',(0.5,-0.23,0.5));
#1698 = CIRCLE('',#1699,2.E-02);
#1699 = AXIS2_PLACEMENT_3D('',#1700,#1701,#1702);
#1700 = CARTESIAN_POINT('',(0.5,-0.23,0.48));
#1701 = DIRECTION('',(-1.,0.,0.));
#1702 = DIRECTION('',(0.,0.,1.));
#1703 = ORIENTED_EDGE('',*,*,#1704,.F.);
#1704 = EDGE_CURVE('',#1606,#1696,#1705,.T.);
#1705 = LINE('',#1706,#1707);
#1706 = CARTESIAN_POINT('',(0.3,-0.23,0.5));
#1707 = VECTOR('',#1708,1.);
#1708 = DIRECTION('',(1.,0.,0.));
#1709 = ORIENTED_EDGE('',*,*,#1613,.F.);
#1710 = CYLINDRICAL_SURFACE('',#1711,2.E-02);
#1711 = AXIS2_PLACEMENT_3D('',#1712,#1713,#1714);
#1712 = CARTESIAN_POINT('',(0.3,-0.23,0.48));
#1713 = DIRECTION('',(1.,0.,0.));
#1714 = DIRECTION('',(0.,-1.,0.));
#1715 = ADVANCED_FACE('',(#1716),#1734,.F.);
#1716 = FACE_BOUND('',#1717,.F.);
#1717 = EDGE_LOOP('',(#1718,#1719,#1720,#1728));
#1718 = ORIENTED_EDGE('',*,*,#1571,.F.);
#1719 = ORIENTED_EDGE('',*,*,#1670,.T.);
#1720 = ORIENTED_EDGE('',*,*,#1721,.T.);
#1721 = EDGE_CURVE('',#1671,#1722,#1724,.T.);
#1722 = VERTEX_POINT('',#1723);
#1723 = CARTESIAN_POINT('',(0.5,0.23,0.));
#1724 = LINE('',#1725,#1726);
#1725 = CARTESIAN_POINT('',(0.5,-0.25,0.));
#1726 = VECTOR('',#1727,1.);
#1727 = DIRECTION('',(0.,1.,0.));
#1728 = ORIENTED_EDGE('',*,*,#1729,.F.);
#1729 = EDGE_CURVE('',#1572,#1722,#1730,.T.);
#1730 = LINE('',#1731,#1732);
#1731 = CARTESIAN_POINT('',(0.3,0.23,0.));
#1732 = VECTOR('',#1733,1.);
#1733 = DIRECTION('',(1.,0.,0.));
#1734 = PLANE('',#1735);
#1735 = AXIS2_PLACEMENT_3D('',#1736,#1737,#1738);
#1736 = CARTESIAN_POINT('',(0.3,-0.25,0.));
#1737 = DIRECTION('',(0.,0.,1.));
#1738 = DIRECTION('',(1.,0.,-0.));
#1739 = ADVANCED_FACE('',(#1740),#1758,.T.);
#1740 = FACE_BOUND('',#1741,.T.);
#1741 = EDGE_LOOP('',(#1742,#1743,#1744,#1752));
#1742 = ORIENTED_EDGE('',*,*,#1605,.F.);
#1743 = ORIENTED_EDGE('',*,*,#1704,.T.);
#1744 = ORIENTED_EDGE('',*,*,#1745,.T.);
#1745 = EDGE_CURVE('',#1696,#1746,#1748,.T.);
#1746 = VERTEX_POINT('',#1747);
#1747 = CARTESIAN_POINT('',(0.5,0.23,0.5));
#1748 = LINE('',#1749,#1750);
#1749 = CARTESIAN_POINT('',(0.5,-0.25,0.5));
#1750 = VECTOR('',#1751,1.);
#1751 = DIRECTION('',(0.,1.,0.));
#1752 = ORIENTED_EDGE('',*,*,#1753,.F.);
#1753 = EDGE_CURVE('',#1597,#1746,#1754,.T.);
#1754 = LINE('',#1755,#1756);
#1755 = CARTESIAN_POINT('',(0.3,0.23,0.5));
#1756 = VECTOR('',#1757,1.);
#1757 = DIRECTION('',(1.,0.,0.));
#1758 = PLANE('',#1759);
#1759 = AXIS2_PLACEMENT_3D('',#1760,#1761,#1762);
#1760 = CARTESIAN_POINT('',(0.3,-0.25,0.5));
#1761 = DIRECTION('',(0.,0.,1.));
#1762 = DIRECTION('',(1.,0.,-0.));
#1763 = ADVANCED_FACE('',(#1764),#1783,.T.);
#1764 = FACE_BOUND('',#1765,.T.);
#1765 = EDGE_LOOP('',(#1766,#1774,#1781,#1782));
#1766 = ORIENTED_EDGE('',*,*,#1767,.T.);
#1767 = EDGE_CURVE('',#1580,#1768,#1770,.T.);
#1768 = VERTEX_POINT('',#1769);
#1769 = CARTESIAN_POINT('',(0.5,0.25,2.E-02));
#1770 = LINE('',#1771,#1772);
#1771 = CARTESIAN_POINT('',(0.3,0.25,2.E-02));
#1772 = VECTOR('',#1773,1.);
#1773 = DIRECTION('',(1.,0.,0.));
#1774 = ORIENTED_EDGE('',*,*,#1775,.T.);
#1775 = EDGE_CURVE('',#1768,#1722,#1776,.T.);
#1776 = CIRCLE('',#1777,2.E-02);
#1777 = AXIS2_PLACEMENT_3D('',#1778,#1779,#1780);
#1778 = CARTESIAN_POINT('',(0.5,0.23,2.E-02));
#1779 = DIRECTION('',(-1.,0.,0.));
#1780 = DIRECTION('',(0.,0.,1.));
#1781 = ORIENTED_EDGE('',*,*,#1729,.F.);
#1782 = ORIENTED_EDGE('',*,*,#1579,.F.);
#1783 = CYLINDRICAL_SURFACE('',#1784,2.E-02);
#1784 = AXIS2_PLACEMENT_3D('',#1785,#1786,#1787);
#1785 = CARTESIAN_POINT('',(0.3,0.23,2.E-02));
#1786 = DIRECTION('',(1.,0.,0.));
#1787 = DIRECTION('',(-0.,1.,0.));
#1788 = ADVANCED_FACE('',(#1789),#1808,.T.);
#1789 = FACE_BOUND('',#1790,.T.);
#1790 = EDGE_LOOP('',(#1791,#1792,#1793,#1802));
#1791 = ORIENTED_EDGE('',*,*,#1596,.T.);
#1792 = ORIENTED_EDGE('',*,*,#1753,.T.);
#1793 = ORIENTED_EDGE('',*,*,#1794,.F.);
#1794 = EDGE_CURVE('',#1795,#1746,#1797,.T.);
#1795 = VERTEX_POINT('',#1796);
#1796 = CARTESIAN_POINT('',(0.5,0.25,0.48));
#1797 = CIRCLE('',#1798,2.E-02);
#1798 = AXIS2_PLACEMENT_3D('',#1799,#1800,#1801);
#1799 = CARTESIAN_POINT('',(0.5,0.23,0.48));
#1800 = DIRECTION('',(1.,0.,-0.));
#1801 = DIRECTION('',(0.,0.,1.));
#1802 = ORIENTED_EDGE('',*,*,#1803,.F.);
#1803 = EDGE_CURVE('',#1589,#1795,#1804,.T.);
#1804 = LINE('',#1805,#1806);
#1805 = CARTESIAN_POINT('',(0.3,0.25,0.48));
#1806 = VECTOR('',#1807,1.);
#1807 = DIRECTION('',(1.,0.,0.));
#1808 = CYLINDRICAL_SURFACE('',#1809,2.E-02);
#1809 = AXIS2_PLACEMENT_3D('',#1810,#1811,#1812);
#1810 = CARTESIAN_POINT('',(0.3,0.23,0.48));
#1811 = DIRECTION('',(1.,0.,0.));
#1812 = DIRECTION('',(-0.,1.,0.));
#1813 = ADVANCED_FACE('',(#1814),#1825,.T.);
#1814 = FACE_BOUND('',#1815,.T.);
#1815 = EDGE_LOOP('',(#1816,#1822,#1823,#1824));
#1816 = ORIENTED_EDGE('',*,*,#1817,.F.);
#1817 = EDGE_CURVE('',#1768,#1795,#1818,.T.);
#1818 = LINE('',#1819,#1820);
#1819 = CARTESIAN_POINT('',(0.5,0.25,0.));
#1820 = VECTOR('',#1821,1.);
#1821 = DIRECTION('',(0.,0.,1.));
#1822 = ORIENTED_EDGE('',*,*,#1767,.F.);
#1823 = ORIENTED_EDGE('',*,*,#1588,.T.);
#1824 = ORIENTED_EDGE('',*,*,#1803,.T.);
#1825 = PLANE('',#1826);
#1826 = AXIS2_PLACEMENT_3D('',#1827,#1828,#1829);
#1827 = CARTESIAN_POINT('',(0.3,0.25,0.));
#1828 = DIRECTION('',(0.,1.,0.));
#1829 = DIRECTION('',(0.,-0.,1.));
#1830 = ADVANCED_FACE('',(#1831),#1841,.T.);
#1831 = FACE_BOUND('',#1832,.T.);
#1832 = EDGE_LOOP('',(#1833,#1834,#1835,#1836,#1837,#1838,#1839,#1840));
#1833 = ORIENTED_EDGE('',*,*,#1638,.F.);
#1834 = ORIENTED_EDGE('',*,*,#1678,.T.);
#1835 = ORIENTED_EDGE('',*,*,#1721,.T.);
#1836 = ORIENTED_EDGE('',*,*,#1775,.F.);
#1837 = ORIENTED_EDGE('',*,*,#1817,.T.);
#1838 = ORIENTED_EDGE('',*,*,#1794,.T.);
#1839 = ORIENTED_EDGE('',*,*,#1745,.F.);
#1840 = ORIENTED_EDGE('',*,*,#1695,.F.);
#1841 = PLANE('',#1842);
#1842 = AXIS2_PLACEMENT_3D('',#1843,#1844,#1845);
#1843 = CARTESIAN_POINT('',(0.5,-0.25,0.));
#1844 = DIRECTION('',(1.,0.,0.));
#1845 = DIRECTION('',(0.,0.,1.));
#1846 = ( GEOMETRIC_REPRESENTATION_CONTEXT(3) 
GLOBAL_UNCERTAINTY_ASSIGNED_CONTEXT((#1850)) 
GLOBAL_UNIT_ASSIGNED_CONTEXT((#1847,#1848,#1849)) REPRESENTATION_CONTEXT
('Context #1','3D Context with UNIT and UNCERTAINTY') );
#1847 = ( LENGTH_UNIT() NAMED_UNIT(*) SI_UNIT(.MILLI.,.METRE.) );
#1848 = ( NAMED_UNIT(*) PLANE_ANGLE_UNIT() SI_UNIT($,.RADIAN.) );
#1849 = ( NAMED_UNIT(*) SI_UNIT($,.STERADIAN.) SOLID_ANGLE_UNIT() );
#1850 = UNCERTAINTY_MEASURE_WITH_UNIT(LENGTH_MEASURE(1.E-07),#1847,
  'distance_accuracy_value','confusion accuracy');
#1851 = CONTEXT_DEPENDENT_SHAPE_REPRESENTATION(#1852,#1854);
#1852 = ( REPRESENTATION_RELATIONSHIP('','',#991,#968) 
REPRESENTATION_RELATIONSHIP_WITH_TRANSFORMATION(#1853) 
SHAPE_REPRESENTATION_RELATIONSHIP() );
#1853 = ITEM_DEFINED_TRANSFORMATION('','',#11,#969);
#1854 = PRODUCT_DEFINITION_SHAPE('Placement','Placement of an item',
  #1855);
#1855 = NEXT_ASSEMBLY_USAGE_OCCURRENCE('3','=>[0:1:1:5]','',#963,#986,$
  );
#1856 = PRODUCT_RELATED_PRODUCT_CATEGORY('part',$,(#988));
#1857 = CONTEXT_DEPENDENT_SHAPE_REPRESENTATION(#1858,#1860);
#1858 = ( REPRESENTATION_RELATIONSHIP('','',#968,#10) 
REPRESENTATION_RELATIONSHIP_WITH_TRANSFORMATION(#1859) 
SHAPE_REPRESENTATION_RELATIONSHIP() );
#1859 = ITEM_DEFINED_TRANSFORMATION('','',#11,#23);
#1860 = PRODUCT_DEFINITION_SHAPE('Placement','Placement of an item',
  #1861);
#1861 = NEXT_ASSEMBLY_USAGE_OCCURRENCE('5','C38','',#5,#963,$);
#1862 = CONTEXT_DEPENDENT_SHAPE_REPRESENTATION(#1863,#1865);
#1863 = ( REPRESENTATION_RELATIONSHIP('','',#968,#10) 
REPRESENTATION_RELATIONSHIP_WITH_TRANSFORMATION(#1864) 
SHAPE_REPRESENTATION_RELATIONSHIP() );
#1864 = ITEM_DEFINED_TRANSFORMATION('','',#11,#27);
#1865 = PRODUCT_DEFINITION_SHAPE('Placement','Placement of an item',
  #1866);
#1866 = NEXT_ASSEMBLY_USAGE_OCCURRENCE('6','C37','',#5,#963,$);
#1867 = CONTEXT_DEPENDENT_SHAPE_REPRESENTATION(#1868,#1870);
#1868 = ( REPRESENTATION_RELATIONSHIP('','',#136,#10) 
REPRESENTATION_RELATIONSHIP_WITH_TRANSFORMATION(#1869) 
SHAPE_REPRESENTATION_RELATIONSHIP() );
#1869 = ITEM_DEFINED_TRANSFORMATION('','',#11,#31);
#1870 = PRODUCT_DEFINITION_SHAPE('Placement','Placement of an item',
  #1871);
#1871 = NEXT_ASSEMBLY_USAGE_OCCURRENCE('7','R34','',#5,#131,$);
#1872 = CONTEXT_DEPENDENT_SHAPE_REPRESENTATION(#1873,#1875);
#1873 = ( REPRESENTATION_RELATIONSHIP('','',#136,#10) 
REPRESENTATION_RELATIONSHIP_WITH_TRANSFORMATION(#1874) 
SHAPE_REPRESENTATION_RELATIONSHIP() );
#1874 = ITEM_DEFINED_TRANSFORMATION('','',#11,#35);
#1875 = PRODUCT_DEFINITION_SHAPE('Placement','Placement of an item',
  #1876);
#1876 = NEXT_ASSEMBLY_USAGE_OCCURRENCE('8','R28','',#5,#131,$);
#1877 = CONTEXT_DEPENDENT_SHAPE_REPRESENTATION(#1878,#1880);
#1878 = ( REPRESENTATION_RELATIONSHIP('','',#968,#10) 
REPRESENTATION_RELATIONSHIP_WITH_TRANSFORMATION(#1879) 
SHAPE_REPRESENTATION_RELATIONSHIP() );
#1879 = ITEM_DEFINED_TRANSFORMATION('','',#11,#39);
#1880 = PRODUCT_DEFINITION_SHAPE('Placement','Placement of an item',
  #1881);
#1881 = NEXT_ASSEMBLY_USAGE_OCCURRENCE('9','C35','',#5,#963,$);
#1882 = CONTEXT_DEPENDENT_SHAPE_REPRESENTATION(#1883,#1885);
#1883 = ( REPRESENTATION_RELATIONSHIP('','',#136,#10) 
REPRESENTATION_RELATIONSHIP_WITH_TRANSFORMATION(#1884) 
SHAPE_REPRESENTATION_RELATIONSHIP() );
#1884 = ITEM_DEFINED_TRANSFORMATION('','',#11,#43);
#1885 = PRODUCT_DEFINITION_SHAPE('Placement','Placement of an item',
  #1886);
#1886 = NEXT_ASSEMBLY_USAGE_OCCURRENCE('10','R35','',#5,#131,$);
#1887 = SHAPE_DEFINITION_REPRESENTATION(#1888,#1894);
#1888 = PRODUCT_DEFINITION_SHAPE('','',#1889);
#1889 = PRODUCT_DEFINITION('design','',#1890,#1893);
#1890 = PRODUCT_DEFINITION_FORMATION('','',#1891);
#1891 = PRODUCT('PinHeader_1x02_P2.54mm_Vertical',
  'PinHeader_1x02_P2.54mm_Vertical','',(#1892));
#1892 = PRODUCT_CONTEXT('',#2,'mechanical');
#1893 = PRODUCT_DEFINITION_CONTEXT('part definition',#2,'design');
#1894 = SHAPE_REPRESENTATION('',(#11,#1895),#1899);
#1895 = AXIS2_PLACEMENT_3D('',#1896,#1897,#1898);
#1896 = CARTESIAN_POINT('',(0.,0.,0.));
#1897 = DIRECTION('',(0.,0.,1.));
#1898 = DIRECTION('',(1.,0.,-0.));
#1899 = ( GEOMETRIC_REPRESENTATION_CONTEXT(3) 
GLOBAL_UNCERTAINTY_ASSIGNED_CONTEXT((#1903)) 
GLOBAL_UNIT_ASSIGNED_CONTEXT((#1900,#1901,#1902)) REPRESENTATION_CONTEXT
('Context #1','3D Context with UNIT and UNCERTAINTY') );
#1900 = ( LENGTH_UNIT() NAMED_UNIT(*) SI_UNIT(.MILLI.,.METRE.) );
#1901 = ( NAMED_UNIT(*) PLANE_ANGLE_UNIT() SI_UNIT($,.RADIAN.) );
#1902 = ( NAMED_UNIT(*) SI_UNIT($,.STERADIAN.) SOLID_ANGLE_UNIT() );
#1903 = UNCERTAINTY_MEASURE_WITH_UNIT(LENGTH_MEASURE(1.E-07),#1900,
  'distance_accuracy_value','confusion accuracy');
#1904 = CONTEXT_DEPENDENT_SHAPE_REPRESENTATION(#1905,#1907);
#1905 = ( REPRESENTATION_RELATIONSHIP('','',#1894,#10) 
REPRESENTATION_RELATIONSHIP_WITH_TRANSFORMATION(#1906) 
SHAPE_REPRESENTATION_RELATIONSHIP() );
#1906 = ITEM_DEFINED_TRANSFORMATION('','',#11,#47);
#1907 = PRODUCT_DEFINITION_SHAPE('Placement','Placement of an item',
  #1908);
#1908 = NEXT_ASSEMBLY_USAGE_OCCURRENCE('12','J3','',#5,#1889,$);
#1909 = PRODUCT_RELATED_PRODUCT_CATEGORY('part',$,(#1891));
#1910 = SHAPE_DEFINITION_REPRESENTATION(#1911,#1917);
#1911 = PRODUCT_DEFINITION_SHAPE('','',#1912);
#1912 = PRODUCT_DEFINITION('design','',#1913,#1916);
#1913 = PRODUCT_DEFINITION_FORMATION('','',#1914);
#1914 = PRODUCT('PinHeader_1x02_P254mm_Vertical',
  'PinHeader_1x02_P254mm_Vertical','',(#1915));
#1915 = PRODUCT_CONTEXT('',#2,'mechanical');
#1916 = PRODUCT_DEFINITION_CONTEXT('part definition',#2,'design');
#1917 = ADVANCED_BREP_SHAPE_REPRESENTATION('',(#11,#1918),#3350);
#1918 = MANIFOLD_SOLID_BREP('',#1919);
#1919 = CLOSED_SHELL('',(#1920,#1960,#1991,#2022,#2187,#2352,#2369,#2386
    ,#2403,#2420,#2437,#2454,#2471,#2488,#2505,#2522,#2534,#2565,#2589,
    #2613,#2630,#2661,#2685,#2709,#2726,#2757,#2781,#2805,#2822,#2853,
    #2877,#2901,#2918,#2949,#2973,#2997,#3014,#3045,#3069,#3093,#3110,
    #3141,#3165,#3189,#3206,#3237,#3261,#3285,#3302,#3314,#3326,#3338));
#1920 = ADVANCED_FACE('',(#1921),#1955,.F.);
#1921 = FACE_BOUND('',#1922,.F.);
#1922 = EDGE_LOOP('',(#1923,#1933,#1941,#1949));
#1923 = ORIENTED_EDGE('',*,*,#1924,.T.);
#1924 = EDGE_CURVE('',#1925,#1927,#1929,.T.);
#1925 = VERTEX_POINT('',#1926);
#1926 = CARTESIAN_POINT('',(-1.016,1.27,0.));
#1927 = VERTEX_POINT('',#1928);
#1928 = CARTESIAN_POINT('',(-1.016,1.27,2.54));
#1929 = LINE('',#1930,#1931);
#1930 = CARTESIAN_POINT('',(-1.016,1.27,0.));
#1931 = VECTOR('',#1932,1.);
#1932 = DIRECTION('',(0.,0.,1.));
#1933 = ORIENTED_EDGE('',*,*,#1934,.T.);
#1934 = EDGE_CURVE('',#1927,#1935,#1937,.T.);
#1935 = VERTEX_POINT('',#1936);
#1936 = CARTESIAN_POINT('',(-1.27,1.016,2.54));
#1937 = LINE('',#1938,#1939);
#1938 = CARTESIAN_POINT('',(-1.016,1.27,2.54));
#1939 = VECTOR('',#1940,1.);
#1940 = DIRECTION('',(-0.707106781187,-0.707106781187,0.));
#1941 = ORIENTED_EDGE('',*,*,#1942,.F.);
#1942 = EDGE_CURVE('',#1943,#1935,#1945,.T.);
#1943 = VERTEX_POINT('',#1944);
#1944 = CARTESIAN_POINT('',(-1.27,1.016,0.));
#1945 = LINE('',#1946,#1947);
#1946 = CARTESIAN_POINT('',(-1.27,1.016,0.));
#1947 = VECTOR('',#1948,1.);
#1948 = DIRECTION('',(0.,0.,1.));
#1949 = ORIENTED_EDGE('',*,*,#1950,.F.);
#1950 = EDGE_CURVE('',#1925,#1943,#1951,.T.);
#1951 = LINE('',#1952,#1953);
#1952 = CARTESIAN_POINT('',(-1.016,1.27,0.));
#1953 = VECTOR('',#1954,1.);
#1954 = DIRECTION('',(-0.707106781187,-0.707106781187,0.));
#1955 = PLANE('',#1956);
#1956 = AXIS2_PLACEMENT_3D('',#1957,#1958,#1959);
#1957 = CARTESIAN_POINT('',(-1.016,1.27,0.));
#1958 = DIRECTION('',(0.707106781187,-0.707106781187,0.));
#1959 = DIRECTION('',(-0.707106781187,-0.707106781187,0.));
#1960 = ADVANCED_FACE('',(#1961),#1986,.F.);
#1961 = FACE_BOUND('',#1962,.F.);
#1962 = EDGE_LOOP('',(#1963,#1973,#1979,#1980));
#1963 = ORIENTED_EDGE('',*,*,#1964,.T.);
#1964 = EDGE_CURVE('',#1965,#1967,#1969,.T.);
#1965 = VERTEX_POINT('',#1966);
#1966 = CARTESIAN_POINT('',(1.016,1.27,0.));
#1967 = VERTEX_POINT('',#1968);
#1968 = CARTESIAN_POINT('',(1.016,1.27,2.54));
#1969 = LINE('',#1970,#1971);
#1970 = CARTESIAN_POINT('',(1.016,1.27,0.));
#1971 = VECTOR('',#1972,1.);
#1972 = DIRECTION('',(0.,0.,1.));
#1973 = ORIENTED_EDGE('',*,*,#1974,.T.);
#1974 = EDGE_CURVE('',#1967,#1927,#1975,.T.);
#1975 = LINE('',#1976,#1977);
#1976 = CARTESIAN_POINT('',(1.016,1.27,2.54));
#1977 = VECTOR('',#1978,1.);
#1978 = DIRECTION('',(-1.,0.,0.));
#1979 = ORIENTED_EDGE('',*,*,#1924,.F.);
#1980 = ORIENTED_EDGE('',*,*,#1981,.F.);
#1981 = EDGE_CURVE('',#1965,#1925,#1982,.T.);
#1982 = LINE('',#1983,#1984);
#1983 = CARTESIAN_POINT('',(1.016,1.27,0.));
#1984 = VECTOR('',#1985,1.);
#1985 = DIRECTION('',(-1.,0.,0.));
#1986 = PLANE('',#1987);
#1987 = AXIS2_PLACEMENT_3D('',#1988,#1989,#1990);
#1988 = CARTESIAN_POINT('',(1.016,1.27,0.));
#1989 = DIRECTION('',(0.,-1.,0.));
#1990 = DIRECTION('',(-1.,0.,0.));
#1991 = ADVANCED_FACE('',(#1992),#2017,.F.);
#1992 = FACE_BOUND('',#1993,.F.);
#1993 = EDGE_LOOP('',(#1994,#1995,#2003,#2011));
#1994 = ORIENTED_EDGE('',*,*,#1942,.T.);
#1995 = ORIENTED_EDGE('',*,*,#1996,.T.);
#1996 = EDGE_CURVE('',#1935,#1997,#1999,.T.);
#1997 = VERTEX_POINT('',#1998);
#1998 = CARTESIAN_POINT('',(-1.27,-1.016,2.54));
#1999 = LINE('',#2000,#2001);
#2000 = CARTESIAN_POINT('',(-1.27,1.016,2.54));
#2001 = VECTOR('',#2002,1.);
#2002 = DIRECTION('',(0.,-1.,0.));
#2003 = ORIENTED_EDGE('',*,*,#2004,.F.);
#2004 = EDGE_CURVE('',#2005,#1997,#2007,.T.);
#2005 = VERTEX_POINT('',#2006);
#2006 = CARTESIAN_POINT('',(-1.27,-1.016,0.));
#2007 = LINE('',#2008,#2009);
#2008 = CARTESIAN_POINT('',(-1.27,-1.016,0.));
#2009 = VECTOR('',#2010,1.);
#2010 = DIRECTION('',(0.,0.,1.));
#2011 = ORIENTED_EDGE('',*,*,#2012,.F.);
#2012 = EDGE_CURVE('',#1943,#2005,#2013,.T.);
#2013 = LINE('',#2014,#2015);
#2014 = CARTESIAN_POINT('',(-1.27,1.016,0.));
#2015 = VECTOR('',#2016,1.);
#2016 = DIRECTION('',(0.,-1.,0.));
#2017 = PLANE('',#2018);
#2018 = AXIS2_PLACEMENT_3D('',#2019,#2020,#2021);
#2019 = CARTESIAN_POINT('',(-1.27,1.016,0.));
#2020 = DIRECTION('',(1.,0.,0.));
#2021 = DIRECTION('',(0.,-1.,0.));
#2022 = ADVANCED_FACE('',(#2023,#2114,#2148),#2182,.F.);
#2023 = FACE_BOUND('',#2024,.F.);
#2024 = EDGE_LOOP('',(#2025,#2026,#2027,#2035,#2043,#2051,#2059,#2067,
    #2075,#2083,#2091,#2099,#2107,#2113));
#2025 = ORIENTED_EDGE('',*,*,#1950,.T.);
#2026 = ORIENTED_EDGE('',*,*,#2012,.T.);
#2027 = ORIENTED_EDGE('',*,*,#2028,.T.);
#2028 = EDGE_CURVE('',#2005,#2029,#2031,.T.);
#2029 = VERTEX_POINT('',#2030);
#2030 = CARTESIAN_POINT('',(-1.016,-1.27,0.));
#2031 = LINE('',#2032,#2033);
#2032 = CARTESIAN_POINT('',(-1.27,-1.016,0.));
#2033 = VECTOR('',#2034,1.);
#2034 = DIRECTION('',(0.707106781187,-0.707106781187,0.));
#2035 = ORIENTED_EDGE('',*,*,#2036,.T.);
#2036 = EDGE_CURVE('',#2029,#2037,#2039,.T.);
#2037 = VERTEX_POINT('',#2038);
#2038 = CARTESIAN_POINT('',(-1.27,-1.524,0.));
#2039 = LINE('',#2040,#2041);
#2040 = CARTESIAN_POINT('',(-1.016,-1.27,0.));
#2041 = VECTOR('',#2042,1.);
#2042 = DIRECTION('',(-0.707106781187,-0.707106781187,0.));
#2043 = ORIENTED_EDGE('',*,*,#2044,.T.);
#2044 = EDGE_CURVE('',#2037,#2045,#2047,.T.);
#2045 = VERTEX_POINT('',#2046);
#2046 = CARTESIAN_POINT('',(-1.27,-3.556,0.));
#2047 = LINE('',#2048,#2049);
#2048 = CARTESIAN_POINT('',(-1.27,-1.524,0.));
#2049 = VECTOR('',#2050,1.);
#2050 = DIRECTION('',(0.,-1.,0.));
#2051 = ORIENTED_EDGE('',*,*,#2052,.T.);
#2052 = EDGE_CURVE('',#2045,#2053,#2055,.T.);
#2053 = VERTEX_POINT('',#2054);
#2054 = CARTESIAN_POINT('',(-1.016,-3.81,0.));
#2055 = LINE('',#2056,#2057);
#2056 = CARTESIAN_POINT('',(-1.27,-3.556,0.));
#2057 = VECTOR('',#2058,1.);
#2058 = DIRECTION('',(0.707106781187,-0.707106781187,0.));
#2059 = ORIENTED_EDGE('',*,*,#2060,.T.);
#2060 = EDGE_CURVE('',#2053,#2061,#2063,.T.);
#2061 = VERTEX_POINT('',#2062);
#2062 = CARTESIAN_POINT('',(1.016,-3.81,0.));
#2063 = LINE('',#2064,#2065);
#2064 = CARTESIAN_POINT('',(-1.016,-3.81,0.));
#2065 = VECTOR('',#2066,1.);
#2066 = DIRECTION('',(1.,0.,0.));
#2067 = ORIENTED_EDGE('',*,*,#2068,.T.);
#2068 = EDGE_CURVE('',#2061,#2069,#2071,.T.);
#2069 = VERTEX_POINT('',#2070);
#2070 = CARTESIAN_POINT('',(1.27,-3.556,0.));
#2071 = LINE('',#2072,#2073);
#2072 = CARTESIAN_POINT('',(1.016,-3.81,0.));
#2073 = VECTOR('',#2074,1.);
#2074 = DIRECTION('',(0.707106781187,0.707106781187,0.));
#2075 = ORIENTED_EDGE('',*,*,#2076,.T.);
#2076 = EDGE_CURVE('',#2069,#2077,#2079,.T.);
#2077 = VERTEX_POINT('',#2078);
#2078 = CARTESIAN_POINT('',(1.27,-1.524,0.));
#2079 = LINE('',#2080,#2081);
#2080 = CARTESIAN_POINT('',(1.27,-3.556,0.));
#2081 = VECTOR('',#2082,1.);
#2082 = DIRECTION('',(0.,1.,0.));
#2083 = ORIENTED_EDGE('',*,*,#2084,.T.);
#2084 = EDGE_CURVE('',#2077,#2085,#2087,.T.);
#2085 = VERTEX_POINT('',#2086);
#2086 = CARTESIAN_POINT('',(1.016,-1.27,0.));
#2087 = LINE('',#2088,#2089);
#2088 = CARTESIAN_POINT('',(1.27,-1.524,0.));
#2089 = VECTOR('',#2090,1.);
#2090 = DIRECTION('',(-0.707106781187,0.707106781187,0.));
#2091 = ORIENTED_EDGE('',*,*,#2092,.T.);
#2092 = EDGE_CURVE('',#2085,#2093,#2095,.T.);
#2093 = VERTEX_POINT('',#2094);
#2094 = CARTESIAN_POINT('',(1.27,-1.016,0.));
#2095 = LINE('',#2096,#2097);
#2096 = CARTESIAN_POINT('',(1.016,-1.27,0.));
#2097 = VECTOR('',#2098,1.);
#2098 = DIRECTION('',(0.707106781187,0.707106781187,0.));
#2099 = ORIENTED_EDGE('',*,*,#2100,.T.);
#2100 = EDGE_CURVE('',#2093,#2101,#2103,.T.);
#2101 = VERTEX_POINT('',#2102);
#2102 = CARTESIAN_POINT('',(1.27,1.016,0.));
#2103 = LINE('',#2104,#2105);
#2104 = CARTESIAN_POINT('',(1.27,-1.016,0.));
#2105 = VECTOR('',#2106,1.);
#2106 = DIRECTION('',(0.,1.,0.));
#2107 = ORIENTED_EDGE('',*,*,#2108,.T.);
#2108 = EDGE_CURVE('',#2101,#1965,#2109,.T.);
#2109 = LINE('',#2110,#2111);
#2110 = CARTESIAN_POINT('',(1.27,1.016,0.));
#2111 = VECTOR('',#2112,1.);
#2112 = DIRECTION('',(-0.707106781187,0.707106781187,0.));
#2113 = ORIENTED_EDGE('',*,*,#1981,.T.);
#2114 = FACE_BOUND('',#2115,.F.);
#2115 = EDGE_LOOP('',(#2116,#2126,#2134,#2142));
#2116 = ORIENTED_EDGE('',*,*,#2117,.T.);
#2117 = EDGE_CURVE('',#2118,#2120,#2122,.T.);
#2118 = VERTEX_POINT('',#2119);
#2119 = CARTESIAN_POINT('',(0.32,-0.32,0.));
#2120 = VERTEX_POINT('',#2121);
#2121 = CARTESIAN_POINT('',(-0.32,-0.32,0.));
#2122 = LINE('',#2123,#2124);
#2123 = CARTESIAN_POINT('',(-0.16,-0.32,0.));
#2124 = VECTOR('',#2125,1.);
#2125 = DIRECTION('',(-1.,0.,0.));
#2126 = ORIENTED_EDGE('',*,*,#2127,.T.);
#2127 = EDGE_CURVE('',#2120,#2128,#2130,.T.);
#2128 = VERTEX_POINT('',#2129);
#2129 = CARTESIAN_POINT('',(-0.32,0.32,0.));
#2130 = LINE('',#2131,#2132);
#2131 = CARTESIAN_POINT('',(-0.32,-0.795,0.));
#2132 = VECTOR('',#2133,1.);
#2133 = DIRECTION('',(0.,1.,0.));
#2134 = ORIENTED_EDGE('',*,*,#2135,.F.);
#2135 = EDGE_CURVE('',#2136,#2128,#2138,.T.);
#2136 = VERTEX_POINT('',#2137);
#2137 = CARTESIAN_POINT('',(0.32,0.32,0.));
#2138 = LINE('',#2139,#2140);
#2139 = CARTESIAN_POINT('',(-0.16,0.32,0.));
#2140 = VECTOR('',#2141,1.);
#2141 = DIRECTION('',(-1.,0.,0.));
#2142 = ORIENTED_EDGE('',*,*,#2143,.F.);
#2143 = EDGE_CURVE('',#2118,#2136,#2144,.T.);
#2144 = LINE('',#2145,#2146);
#2145 = CARTESIAN_POINT('',(0.32,-0.795,0.));
#2146 = VECTOR('',#2147,1.);
#2147 = DIRECTION('',(0.,1.,0.));
#2148 = FACE_BOUND('',#2149,.F.);
#2149 = EDGE_LOOP('',(#2150,#2160,#2168,#2176));
#2150 = ORIENTED_EDGE('',*,*,#2151,.T.);
#2151 = EDGE_CURVE('',#2152,#2154,#2156,.T.);
#2152 = VERTEX_POINT('',#2153);
#2153 = CARTESIAN_POINT('',(0.32,-2.86,0.));
#2154 = VERTEX_POINT('',#2155);
#2155 = CARTESIAN_POINT('',(-0.32,-2.86,0.));
#2156 = LINE('',#2157,#2158);
#2157 = CARTESIAN_POINT('',(-0.16,-2.86,0.));
#2158 = VECTOR('',#2159,1.);
#2159 = DIRECTION('',(-1.,0.,0.));
#2160 = ORIENTED_EDGE('',*,*,#2161,.T.);
#2161 = EDGE_CURVE('',#2154,#2162,#2164,.T.);
#2162 = VERTEX_POINT('',#2163);
#2163 = CARTESIAN_POINT('',(-0.32,-2.22,0.));
#2164 = LINE('',#2165,#2166);
#2165 = CARTESIAN_POINT('',(-0.32,-2.065,0.));
#2166 = VECTOR('',#2167,1.);
#2167 = DIRECTION('',(0.,1.,0.));
#2168 = ORIENTED_EDGE('',*,*,#2169,.F.);
#2169 = EDGE_CURVE('',#2170,#2162,#2172,.T.);
#2170 = VERTEX_POINT('',#2171);
#2171 = CARTESIAN_POINT('',(0.32,-2.22,0.));
#2172 = LINE('',#2173,#2174);
#2173 = CARTESIAN_POINT('',(-0.16,-2.22,0.));
#2174 = VECTOR('',#2175,1.);
#2175 = DIRECTION('',(-1.,0.,0.));
#2176 = ORIENTED_EDGE('',*,*,#2177,.F.);
#2177 = EDGE_CURVE('',#2152,#2170,#2178,.T.);
#2178 = LINE('',#2179,#2180);
#2179 = CARTESIAN_POINT('',(0.32,-2.065,0.));
#2180 = VECTOR('',#2181,1.);
#2181 = DIRECTION('',(0.,1.,0.));
#2182 = PLANE('',#2183);
#2183 = AXIS2_PLACEMENT_3D('',#2184,#2185,#2186);
#2184 = CARTESIAN_POINT('',(1.473843703412E-17,-1.27,0.));
#2185 = DIRECTION('',(0.,0.,1.));
#2186 = DIRECTION('',(1.,0.,-0.));
#2187 = ADVANCED_FACE('',(#2188,#2279,#2313),#2347,.T.);
#2188 = FACE_BOUND('',#2189,.T.);
#2189 = EDGE_LOOP('',(#2190,#2191,#2192,#2200,#2208,#2216,#2224,#2232,
    #2240,#2248,#2256,#2264,#2272,#2278));
#2190 = ORIENTED_EDGE('',*,*,#1934,.T.);
#2191 = ORIENTED_EDGE('',*,*,#1996,.T.);
#2192 = ORIENTED_EDGE('',*,*,#2193,.T.);
#2193 = EDGE_CURVE('',#1997,#2194,#2196,.T.);
#2194 = VERTEX_POINT('',#2195);
#2195 = CARTESIAN_POINT('',(-1.016,-1.27,2.54));
#2196 = LINE('',#2197,#2198);
#2197 = CARTESIAN_POINT('',(-1.27,-1.016,2.54));
#2198 = VECTOR('',#2199,1.);
#2199 = DIRECTION('',(0.707106781187,-0.707106781187,0.));
#2200 = ORIENTED_EDGE('',*,*,#2201,.T.);
#2201 = EDGE_CURVE('',#2194,#2202,#2204,.T.);
#2202 = VERTEX_POINT('',#2203);
#2203 = CARTESIAN_POINT('',(-1.27,-1.524,2.54));
#2204 = LINE('',#2205,#2206);
#2205 = CARTESIAN_POINT('',(-1.016,-1.27,2.54));
#2206 = VECTOR('',#2207,1.);
#2207 = DIRECTION('',(-0.707106781187,-0.707106781187,0.));
#2208 = ORIENTED_EDGE('',*,*,#2209,.T.);
#2209 = EDGE_CURVE('',#2202,#2210,#2212,.T.);
#2210 = VERTEX_POINT('',#2211);
#2211 = CARTESIAN_POINT('',(-1.27,-3.556,2.54));
#2212 = LINE('',#2213,#2214);
#2213 = CARTESIAN_POINT('',(-1.27,-1.524,2.54));
#2214 = VECTOR('',#2215,1.);
#2215 = DIRECTION('',(0.,-1.,0.));
#2216 = ORIENTED_EDGE('',*,*,#2217,.T.);
#2217 = EDGE_CURVE('',#2210,#2218,#2220,.T.);
#2218 = VERTEX_POINT('',#2219);
#2219 = CARTESIAN_POINT('',(-1.016,-3.81,2.54));
#2220 = LINE('',#2221,#2222);
#2221 = CARTESIAN_POINT('',(-1.27,-3.556,2.54));
#2222 = VECTOR('',#2223,1.);
#2223 = DIRECTION('',(0.707106781187,-0.707106781187,0.));
#2224 = ORIENTED_EDGE('',*,*,#2225,.T.);
#2225 = EDGE_CURVE('',#2218,#2226,#2228,.T.);
#2226 = VERTEX_POINT('',#2227);
#2227 = CARTESIAN_POINT('',(1.016,-3.81,2.54));
#2228 = LINE('',#2229,#2230);
#2229 = CARTESIAN_POINT('',(-1.016,-3.81,2.54));
#2230 = VECTOR('',#2231,1.);
#2231 = DIRECTION('',(1.,0.,0.));
#2232 = ORIENTED_EDGE('',*,*,#2233,.T.);
#2233 = EDGE_CURVE('',#2226,#2234,#2236,.T.);
#2234 = VERTEX_POINT('',#2235);
#2235 = CARTESIAN_POINT('',(1.27,-3.556,2.54));
#2236 = LINE('',#2237,#2238);
#2237 = CARTESIAN_POINT('',(1.016,-3.81,2.54));
#2238 = VECTOR('',#2239,1.);
#2239 = DIRECTION('',(0.707106781187,0.707106781187,0.));
#2240 = ORIENTED_EDGE('',*,*,#2241,.T.);
#2241 = EDGE_CURVE('',#2234,#2242,#2244,.T.);
#2242 = VERTEX_POINT('',#2243);
#2243 = CARTESIAN_POINT('',(1.27,-1.524,2.54));
#2244 = LINE('',#2245,#2246);
#2245 = CARTESIAN_POINT('',(1.27,-3.556,2.54));
#2246 = VECTOR('',#2247,1.);
#2247 = DIRECTION('',(0.,1.,0.));
#2248 = ORIENTED_EDGE('',*,*,#2249,.T.);
#2249 = EDGE_CURVE('',#2242,#2250,#2252,.T.);
#2250 = VERTEX_POINT('',#2251);
#2251 = CARTESIAN_POINT('',(1.016,-1.27,2.54));
#2252 = LINE('',#2253,#2254);
#2253 = CARTESIAN_POINT('',(1.27,-1.524,2.54));
#2254 = VECTOR('',#2255,1.);
#2255 = DIRECTION('',(-0.707106781187,0.707106781187,0.));
#2256 = ORIENTED_EDGE('',*,*,#2257,.T.);
#2257 = EDGE_CURVE('',#2250,#2258,#2260,.T.);
#2258 = VERTEX_POINT('',#2259);
#2259 = CARTESIAN_POINT('',(1.27,-1.016,2.54));
#2260 = LINE('',#2261,#2262);
#2261 = CARTESIAN_POINT('',(1.016,-1.27,2.54));
#2262 = VECTOR('',#2263,1.);
#2263 = DIRECTION('',(0.707106781187,0.707106781187,0.));
#2264 = ORIENTED_EDGE('',*,*,#2265,.T.);
#2265 = EDGE_CURVE('',#2258,#2266,#2268,.T.);
#2266 = VERTEX_POINT('',#2267);
#2267 = CARTESIAN_POINT('',(1.27,1.016,2.54));
#2268 = LINE('',#2269,#2270);
#2269 = CARTESIAN_POINT('',(1.27,-1.016,2.54));
#2270 = VECTOR('',#2271,1.);
#2271 = DIRECTION('',(0.,1.,0.));
#2272 = ORIENTED_EDGE('',*,*,#2273,.T.);
#2273 = EDGE_CURVE('',#2266,#1967,#2274,.T.);
#2274 = LINE('',#2275,#2276);
#2275 = CARTESIAN_POINT('',(1.27,1.016,2.54));
#2276 = VECTOR('',#2277,1.);
#2277 = DIRECTION('',(-0.707106781187,0.707106781187,0.));
#2278 = ORIENTED_EDGE('',*,*,#1974,.T.);
#2279 = FACE_BOUND('',#2280,.T.);
#2280 = EDGE_LOOP('',(#2281,#2291,#2299,#2307));
#2281 = ORIENTED_EDGE('',*,*,#2282,.T.);
#2282 = EDGE_CURVE('',#2283,#2285,#2287,.T.);
#2283 = VERTEX_POINT('',#2284);
#2284 = CARTESIAN_POINT('',(0.32,-0.32,2.54));
#2285 = VERTEX_POINT('',#2286);
#2286 = CARTESIAN_POINT('',(-0.32,-0.32,2.54));
#2287 = LINE('',#2288,#2289);
#2288 = CARTESIAN_POINT('',(-0.16,-0.32,2.54));
#2289 = VECTOR('',#2290,1.);
#2290 = DIRECTION('',(-1.,0.,0.));
#2291 = ORIENTED_EDGE('',*,*,#2292,.T.);
#2292 = EDGE_CURVE('',#2285,#2293,#2295,.T.);
#2293 = VERTEX_POINT('',#2294);
#2294 = CARTESIAN_POINT('',(-0.32,0.32,2.54));
#2295 = LINE('',#2296,#2297);
#2296 = CARTESIAN_POINT('',(-0.32,-0.795,2.54));
#2297 = VECTOR('',#2298,1.);
#2298 = DIRECTION('',(0.,1.,0.));
#2299 = ORIENTED_EDGE('',*,*,#2300,.F.);
#2300 = EDGE_CURVE('',#2301,#2293,#2303,.T.);
#2301 = VERTEX_POINT('',#2302);
#2302 = CARTESIAN_POINT('',(0.32,0.32,2.54));
#2303 = LINE('',#2304,#2305);
#2304 = CARTESIAN_POINT('',(-0.16,0.32,2.54));
#2305 = VECTOR('',#2306,1.);
#2306 = DIRECTION('',(-1.,0.,0.));
#2307 = ORIENTED_EDGE('',*,*,#2308,.F.);
#2308 = EDGE_CURVE('',#2283,#2301,#2309,.T.);
#2309 = LINE('',#2310,#2311);
#2310 = CARTESIAN_POINT('',(0.32,-0.795,2.54));
#2311 = VECTOR('',#2312,1.);
#2312 = DIRECTION('',(0.,1.,0.));
#2313 = FACE_BOUND('',#2314,.T.);
#2314 = EDGE_LOOP('',(#2315,#2325,#2333,#2341));
#2315 = ORIENTED_EDGE('',*,*,#2316,.T.);
#2316 = EDGE_CURVE('',#2317,#2319,#2321,.T.);
#2317 = VERTEX_POINT('',#2318);
#2318 = CARTESIAN_POINT('',(0.32,-2.86,2.54));
#2319 = VERTEX_POINT('',#2320);
#2320 = CARTESIAN_POINT('',(-0.32,-2.86,2.54));
#2321 = LINE('',#2322,#2323);
#2322 = CARTESIAN_POINT('',(-0.16,-2.86,2.54));
#2323 = VECTOR('',#2324,1.);
#2324 = DIRECTION('',(-1.,0.,0.));
#2325 = ORIENTED_EDGE('',*,*,#2326,.T.);
#2326 = EDGE_CURVE('',#2319,#2327,#2329,.T.);
#2327 = VERTEX_POINT('',#2328);
#2328 = CARTESIAN_POINT('',(-0.32,-2.22,2.54));
#2329 = LINE('',#2330,#2331);
#2330 = CARTESIAN_POINT('',(-0.32,-2.065,2.54));
#2331 = VECTOR('',#2332,1.);
#2332 = DIRECTION('',(0.,1.,0.));
#2333 = ORIENTED_EDGE('',*,*,#2334,.F.);
#2334 = EDGE_CURVE('',#2335,#2327,#2337,.T.);
#2335 = VERTEX_POINT('',#2336);
#2336 = CARTESIAN_POINT('',(0.32,-2.22,2.54));
#2337 = LINE('',#2338,#2339);
#2338 = CARTESIAN_POINT('',(-0.16,-2.22,2.54));
#2339 = VECTOR('',#2340,1.);
#2340 = DIRECTION('',(-1.,0.,0.));
#2341 = ORIENTED_EDGE('',*,*,#2342,.F.);
#2342 = EDGE_CURVE('',#2317,#2335,#2343,.T.);
#2343 = LINE('',#2344,#2345);
#2344 = CARTESIAN_POINT('',(0.32,-2.065,2.54));
#2345 = VECTOR('',#2346,1.);
#2346 = DIRECTION('',(0.,1.,0.));
#2347 = PLANE('',#2348);
#2348 = AXIS2_PLACEMENT_3D('',#2349,#2350,#2351);
#2349 = CARTESIAN_POINT('',(1.473843703412E-17,-1.27,2.54));
#2350 = DIRECTION('',(0.,0.,1.));
#2351 = DIRECTION('',(1.,0.,-0.));
#2352 = ADVANCED_FACE('',(#2353),#2364,.F.);
#2353 = FACE_BOUND('',#2354,.F.);
#2354 = EDGE_LOOP('',(#2355,#2361,#2362,#2363));
#2355 = ORIENTED_EDGE('',*,*,#2356,.T.);
#2356 = EDGE_CURVE('',#2101,#2266,#2357,.T.);
#2357 = LINE('',#2358,#2359);
#2358 = CARTESIAN_POINT('',(1.27,1.016,0.));
#2359 = VECTOR('',#2360,1.);
#2360 = DIRECTION('',(0.,0.,1.));
#2361 = ORIENTED_EDGE('',*,*,#2273,.T.);
#2362 = ORIENTED_EDGE('',*,*,#1964,.F.);
#2363 = ORIENTED_EDGE('',*,*,#2108,.F.);
#2364 = PLANE('',#2365);
#2365 = AXIS2_PLACEMENT_3D('',#2366,#2367,#2368);
#2366 = CARTESIAN_POINT('',(1.27,1.016,0.));
#2367 = DIRECTION('',(-0.707106781187,-0.707106781187,0.));
#2368 = DIRECTION('',(-0.707106781187,0.707106781187,0.));
#2369 = ADVANCED_FACE('',(#2370),#2381,.F.);
#2370 = FACE_BOUND('',#2371,.F.);
#2371 = EDGE_LOOP('',(#2372,#2373,#2374,#2380));
#2372 = ORIENTED_EDGE('',*,*,#2004,.T.);
#2373 = ORIENTED_EDGE('',*,*,#2193,.T.);
#2374 = ORIENTED_EDGE('',*,*,#2375,.F.);
#2375 = EDGE_CURVE('',#2029,#2194,#2376,.T.);
#2376 = LINE('',#2377,#2378);
#2377 = CARTESIAN_POINT('',(-1.016,-1.27,0.));
#2378 = VECTOR('',#2379,1.);
#2379 = DIRECTION('',(0.,0.,1.));
#2380 = ORIENTED_EDGE('',*,*,#2028,.F.);
#2381 = PLANE('',#2382);
#2382 = AXIS2_PLACEMENT_3D('',#2383,#2384,#2385);
#2383 = CARTESIAN_POINT('',(-1.27,-1.016,0.));
#2384 = DIRECTION('',(0.707106781187,0.707106781187,0.));
#2385 = DIRECTION('',(0.707106781187,-0.707106781187,0.));
#2386 = ADVANCED_FACE('',(#2387),#2398,.F.);
#2387 = FACE_BOUND('',#2388,.F.);
#2388 = EDGE_LOOP('',(#2389,#2395,#2396,#2397));
#2389 = ORIENTED_EDGE('',*,*,#2390,.T.);
#2390 = EDGE_CURVE('',#2093,#2258,#2391,.T.);
#2391 = LINE('',#2392,#2393);
#2392 = CARTESIAN_POINT('',(1.27,-1.016,0.));
#2393 = VECTOR('',#2394,1.);
#2394 = DIRECTION('',(0.,0.,1.));
#2395 = ORIENTED_EDGE('',*,*,#2265,.T.);
#2396 = ORIENTED_EDGE('',*,*,#2356,.F.);
#2397 = ORIENTED_EDGE('',*,*,#2100,.F.);
#2398 = PLANE('',#2399);
#2399 = AXIS2_PLACEMENT_3D('',#2400,#2401,#2402);
#2400 = CARTESIAN_POINT('',(1.27,-1.016,0.));
#2401 = DIRECTION('',(-1.,0.,0.));
#2402 = DIRECTION('',(0.,1.,0.));
#2403 = ADVANCED_FACE('',(#2404),#2415,.F.);
#2404 = FACE_BOUND('',#2405,.F.);
#2405 = EDGE_LOOP('',(#2406,#2407,#2408,#2414));
#2406 = ORIENTED_EDGE('',*,*,#2375,.T.);
#2407 = ORIENTED_EDGE('',*,*,#2201,.T.);
#2408 = ORIENTED_EDGE('',*,*,#2409,.F.);
#2409 = EDGE_CURVE('',#2037,#2202,#2410,.T.);
#2410 = LINE('',#2411,#2412);
#2411 = CARTESIAN_POINT('',(-1.27,-1.524,0.));
#2412 = VECTOR('',#2413,1.);
#2413 = DIRECTION('',(0.,0.,1.));
#2414 = ORIENTED_EDGE('',*,*,#2036,.F.);
#2415 = PLANE('',#2416);
#2416 = AXIS2_PLACEMENT_3D('',#2417,#2418,#2419);
#2417 = CARTESIAN_POINT('',(-1.016,-1.27,0.));
#2418 = DIRECTION('',(0.707106781187,-0.707106781187,0.));
#2419 = DIRECTION('',(-0.707106781187,-0.707106781187,0.));
#2420 = ADVANCED_FACE('',(#2421),#2432,.F.);
#2421 = FACE_BOUND('',#2422,.F.);
#2422 = EDGE_LOOP('',(#2423,#2429,#2430,#2431));
#2423 = ORIENTED_EDGE('',*,*,#2424,.T.);
#2424 = EDGE_CURVE('',#2085,#2250,#2425,.T.);
#2425 = LINE('',#2426,#2427);
#2426 = CARTESIAN_POINT('',(1.016,-1.27,0.));
#2427 = VECTOR('',#2428,1.);
#2428 = DIRECTION('',(0.,0.,1.));
#2429 = ORIENTED_EDGE('',*,*,#2257,.T.);
#2430 = ORIENTED_EDGE('',*,*,#2390,.F.);
#2431 = ORIENTED_EDGE('',*,*,#2092,.F.);
#2432 = PLANE('',#2433);
#2433 = AXIS2_PLACEMENT_3D('',#2434,#2435,#2436);
#2434 = CARTESIAN_POINT('',(1.016,-1.27,0.));
#2435 = DIRECTION('',(-0.707106781187,0.707106781187,0.));
#2436 = DIRECTION('',(0.707106781187,0.707106781187,0.));
#2437 = ADVANCED_FACE('',(#2438),#2449,.F.);
#2438 = FACE_BOUND('',#2439,.F.);
#2439 = EDGE_LOOP('',(#2440,#2441,#2442,#2448));
#2440 = ORIENTED_EDGE('',*,*,#2409,.T.);
#2441 = ORIENTED_EDGE('',*,*,#2209,.T.);
#2442 = ORIENTED_EDGE('',*,*,#2443,.F.);
#2443 = EDGE_CURVE('',#2045,#2210,#2444,.T.);
#2444 = LINE('',#2445,#2446);
#2445 = CARTESIAN_POINT('',(-1.27,-3.556,0.));
#2446 = VECTOR('',#2447,1.);
#2447 = DIRECTION('',(0.,0.,1.));
#2448 = ORIENTED_EDGE('',*,*,#2044,.F.);
#2449 = PLANE('',#2450);
#2450 = AXIS2_PLACEMENT_3D('',#2451,#2452,#2453);
#2451 = CARTESIAN_POINT('',(-1.27,-1.524,0.));
#2452 = DIRECTION('',(1.,0.,0.));
#2453 = DIRECTION('',(0.,-1.,0.));
#2454 = ADVANCED_FACE('',(#2455),#2466,.F.);
#2455 = FACE_BOUND('',#2456,.F.);
#2456 = EDGE_LOOP('',(#2457,#2463,#2464,#2465));
#2457 = ORIENTED_EDGE('',*,*,#2458,.T.);
#2458 = EDGE_CURVE('',#2077,#2242,#2459,.T.);
#2459 = LINE('',#2460,#2461);
#2460 = CARTESIAN_POINT('',(1.27,-1.524,0.));
#2461 = VECTOR('',#2462,1.);
#2462 = DIRECTION('',(0.,0.,1.));
#2463 = ORIENTED_EDGE('',*,*,#2249,.T.);
#2464 = ORIENTED_EDGE('',*,*,#2424,.F.);
#2465 = ORIENTED_EDGE('',*,*,#2084,.F.);
#2466 = PLANE('',#2467);
#2467 = AXIS2_PLACEMENT_3D('',#2468,#2469,#2470);
#2468 = CARTESIAN_POINT('',(1.27,-1.524,0.));
#2469 = DIRECTION('',(-0.707106781187,-0.707106781187,0.));
#2470 = DIRECTION('',(-0.707106781187,0.707106781187,0.));
#2471 = ADVANCED_FACE('',(#2472),#2483,.F.);
#2472 = FACE_BOUND('',#2473,.F.);
#2473 = EDGE_LOOP('',(#2474,#2475,#2476,#2482));
#2474 = ORIENTED_EDGE('',*,*,#2443,.T.);
#2475 = ORIENTED_EDGE('',*,*,#2217,.T.);
#2476 = ORIENTED_EDGE('',*,*,#2477,.F.);
#2477 = EDGE_CURVE('',#2053,#2218,#2478,.T.);
#2478 = LINE('',#2479,#2480);
#2479 = CARTESIAN_POINT('',(-1.016,-3.81,0.));
#2480 = VECTOR('',#2481,1.);
#2481 = DIRECTION('',(0.,0.,1.));
#2482 = ORIENTED_EDGE('',*,*,#2052,.F.);
#2483 = PLANE('',#2484);
#2484 = AXIS2_PLACEMENT_3D('',#2485,#2486,#2487);
#2485 = CARTESIAN_POINT('',(-1.27,-3.556,0.));
#2486 = DIRECTION('',(0.707106781187,0.707106781187,0.));
#2487 = DIRECTION('',(0.707106781187,-0.707106781187,0.));
#2488 = ADVANCED_FACE('',(#2489),#2500,.F.);
#2489 = FACE_BOUND('',#2490,.F.);
#2490 = EDGE_LOOP('',(#2491,#2497,#2498,#2499));
#2491 = ORIENTED_EDGE('',*,*,#2492,.T.);
#2492 = EDGE_CURVE('',#2069,#2234,#2493,.T.);
#2493 = LINE('',#2494,#2495);
#2494 = CARTESIAN_POINT('',(1.27,-3.556,0.));
#2495 = VECTOR('',#2496,1.);
#2496 = DIRECTION('',(0.,0.,1.));
#2497 = ORIENTED_EDGE('',*,*,#2241,.T.);
#2498 = ORIENTED_EDGE('',*,*,#2458,.F.);
#2499 = ORIENTED_EDGE('',*,*,#2076,.F.);
#2500 = PLANE('',#2501);
#2501 = AXIS2_PLACEMENT_3D('',#2502,#2503,#2504);
#2502 = CARTESIAN_POINT('',(1.27,-3.556,0.));
#2503 = DIRECTION('',(-1.,0.,0.));
#2504 = DIRECTION('',(0.,1.,0.));
#2505 = ADVANCED_FACE('',(#2506),#2517,.F.);
#2506 = FACE_BOUND('',#2507,.F.);
#2507 = EDGE_LOOP('',(#2508,#2509,#2510,#2516));
#2508 = ORIENTED_EDGE('',*,*,#2477,.T.);
#2509 = ORIENTED_EDGE('',*,*,#2225,.T.);
#2510 = ORIENTED_EDGE('',*,*,#2511,.F.);
#2511 = EDGE_CURVE('',#2061,#2226,#2512,.T.);
#2512 = LINE('',#2513,#2514);
#2513 = CARTESIAN_POINT('',(1.016,-3.81,0.));
#2514 = VECTOR('',#2515,1.);
#2515 = DIRECTION('',(0.,0.,1.));
#2516 = ORIENTED_EDGE('',*,*,#2060,.F.);
#2517 = PLANE('',#2518);
#2518 = AXIS2_PLACEMENT_3D('',#2519,#2520,#2521);
#2519 = CARTESIAN_POINT('',(-1.016,-3.81,0.));
#2520 = DIRECTION('',(0.,1.,0.));
#2521 = DIRECTION('',(1.,0.,0.));
#2522 = ADVANCED_FACE('',(#2523),#2529,.F.);
#2523 = FACE_BOUND('',#2524,.F.);
#2524 = EDGE_LOOP('',(#2525,#2526,#2527,#2528));
#2525 = ORIENTED_EDGE('',*,*,#2511,.T.);
#2526 = ORIENTED_EDGE('',*,*,#2233,.T.);
#2527 = ORIENTED_EDGE('',*,*,#2492,.F.);
#2528 = ORIENTED_EDGE('',*,*,#2068,.F.);
#2529 = PLANE('',#2530);
#2530 = AXIS2_PLACEMENT_3D('',#2531,#2532,#2533);
#2531 = CARTESIAN_POINT('',(1.016,-3.81,0.));
#2532 = DIRECTION('',(-0.707106781187,0.707106781187,0.));
#2533 = DIRECTION('',(0.707106781187,0.707106781187,0.));
#2534 = ADVANCED_FACE('',(#2535),#2560,.F.);
#2535 = FACE_BOUND('',#2536,.F.);
#2536 = EDGE_LOOP('',(#2537,#2545,#2553,#2559));
#2537 = ORIENTED_EDGE('',*,*,#2538,.F.);
#2538 = EDGE_CURVE('',#2539,#2118,#2541,.T.);
#2539 = VERTEX_POINT('',#2540);
#2540 = CARTESIAN_POINT('',(0.32,-0.32,-2.84));
#2541 = LINE('',#2542,#2543);
#2542 = CARTESIAN_POINT('',(0.32,-0.32,-3.));
#2543 = VECTOR('',#2544,1.);
#2544 = DIRECTION('',(0.,0.,1.));
#2545 = ORIENTED_EDGE('',*,*,#2546,.F.);
#2546 = EDGE_CURVE('',#2547,#2539,#2549,.T.);
#2547 = VERTEX_POINT('',#2548);
#2548 = CARTESIAN_POINT('',(-0.32,-0.32,-2.84));
#2549 = LINE('',#2550,#2551);
#2550 = CARTESIAN_POINT('',(-0.32,-0.32,-2.84));
#2551 = VECTOR('',#2552,1.);
#2552 = DIRECTION('',(1.,0.,0.));
#2553 = ORIENTED_EDGE('',*,*,#2554,.T.);
#2554 = EDGE_CURVE('',#2547,#2120,#2555,.T.);
#2555 = LINE('',#2556,#2557);
#2556 = CARTESIAN_POINT('',(-0.32,-0.32,-3.));
#2557 = VECTOR('',#2558,1.);
#2558 = DIRECTION('',(0.,0.,1.));
#2559 = ORIENTED_EDGE('',*,*,#2117,.F.);
#2560 = PLANE('',#2561);
#2561 = AXIS2_PLACEMENT_3D('',#2562,#2563,#2564);
#2562 = CARTESIAN_POINT('',(-0.32,-0.32,-3.));
#2563 = DIRECTION('',(0.,1.,0.));
#2564 = DIRECTION('',(0.,-0.,1.));
#2565 = ADVANCED_FACE('',(#2566),#2584,.T.);
#2566 = FACE_BOUND('',#2567,.T.);
#2567 = EDGE_LOOP('',(#2568,#2569,#2577,#2583));
#2568 = ORIENTED_EDGE('',*,*,#2538,.F.);
#2569 = ORIENTED_EDGE('',*,*,#2570,.T.);
#2570 = EDGE_CURVE('',#2539,#2571,#2573,.T.);
#2571 = VERTEX_POINT('',#2572);
#2572 = CARTESIAN_POINT('',(0.32,0.32,-2.84));
#2573 = LINE('',#2574,#2575);
#2574 = CARTESIAN_POINT('',(0.32,-0.32,-2.84));
#2575 = VECTOR('',#2576,1.);
#2576 = DIRECTION('',(0.,1.,0.));
#2577 = ORIENTED_EDGE('',*,*,#2578,.T.);
#2578 = EDGE_CURVE('',#2571,#2136,#2579,.T.);
#2579 = LINE('',#2580,#2581);
#2580 = CARTESIAN_POINT('',(0.32,0.32,-3.));
#2581 = VECTOR('',#2582,1.);
#2582 = DIRECTION('',(0.,0.,1.));
#2583 = ORIENTED_EDGE('',*,*,#2143,.F.);
#2584 = PLANE('',#2585);
#2585 = AXIS2_PLACEMENT_3D('',#2586,#2587,#2588);
#2586 = CARTESIAN_POINT('',(0.32,-0.32,-3.));
#2587 = DIRECTION('',(1.,0.,0.));
#2588 = DIRECTION('',(0.,0.,1.));
#2589 = ADVANCED_FACE('',(#2590),#2608,.T.);
#2590 = FACE_BOUND('',#2591,.T.);
#2591 = EDGE_LOOP('',(#2592,#2593,#2601,#2607));
#2592 = ORIENTED_EDGE('',*,*,#2578,.F.);
#2593 = ORIENTED_EDGE('',*,*,#2594,.F.);
#2594 = EDGE_CURVE('',#2595,#2571,#2597,.T.);
#2595 = VERTEX_POINT('',#2596);
#2596 = CARTESIAN_POINT('',(-0.32,0.32,-2.84));
#2597 = LINE('',#2598,#2599);
#2598 = CARTESIAN_POINT('',(-0.32,0.32,-2.84));
#2599 = VECTOR('',#2600,1.);
#2600 = DIRECTION('',(1.,0.,0.));
#2601 = ORIENTED_EDGE('',*,*,#2602,.T.);
#2602 = EDGE_CURVE('',#2595,#2128,#2603,.T.);
#2603 = LINE('',#2604,#2605);
#2604 = CARTESIAN_POINT('',(-0.32,0.32,-3.));
#2605 = VECTOR('',#2606,1.);
#2606 = DIRECTION('',(0.,0.,1.));
#2607 = ORIENTED_EDGE('',*,*,#2135,.F.);
#2608 = PLANE('',#2609);
#2609 = AXIS2_PLACEMENT_3D('',#2610,#2611,#2612);
#2610 = CARTESIAN_POINT('',(-0.32,0.32,-3.));
#2611 = DIRECTION('',(0.,1.,0.));
#2612 = DIRECTION('',(0.,-0.,1.));
#2613 = ADVANCED_FACE('',(#2614),#2625,.F.);
#2614 = FACE_BOUND('',#2615,.F.);
#2615 = EDGE_LOOP('',(#2616,#2617,#2623,#2624));
#2616 = ORIENTED_EDGE('',*,*,#2554,.F.);
#2617 = ORIENTED_EDGE('',*,*,#2618,.T.);
#2618 = EDGE_CURVE('',#2547,#2595,#2619,.T.);
#2619 = LINE('',#2620,#2621);
#2620 = CARTESIAN_POINT('',(-0.32,-0.32,-2.84));
#2621 = VECTOR('',#2622,1.);
#2622 = DIRECTION('',(0.,1.,0.));
#2623 = ORIENTED_EDGE('',*,*,#2602,.T.);
#2624 = ORIENTED_EDGE('',*,*,#2127,.F.);
#2625 = PLANE('',#2626);
#2626 = AXIS2_PLACEMENT_3D('',#2627,#2628,#2629);
#2627 = CARTESIAN_POINT('',(-0.32,-0.32,-3.));
#2628 = DIRECTION('',(1.,0.,0.));
#2629 = DIRECTION('',(0.,0.,1.));
#2630 = ADVANCED_FACE('',(#2631),#2656,.F.);
#2631 = FACE_BOUND('',#2632,.F.);
#2632 = EDGE_LOOP('',(#2633,#2641,#2649,#2655));
#2633 = ORIENTED_EDGE('',*,*,#2634,.F.);
#2634 = EDGE_CURVE('',#2635,#2152,#2637,.T.);
#2635 = VERTEX_POINT('',#2636);
#2636 = CARTESIAN_POINT('',(0.32,-2.86,-2.84));
#2637 = LINE('',#2638,#2639);
#2638 = CARTESIAN_POINT('',(0.32,-2.86,-3.));
#2639 = VECTOR('',#2640,1.);
#2640 = DIRECTION('',(0.,0.,1.));
#2641 = ORIENTED_EDGE('',*,*,#2642,.F.);
#2642 = EDGE_CURVE('',#2643,#2635,#2645,.T.);
#2643 = VERTEX_POINT('',#2644);
#2644 = CARTESIAN_POINT('',(-0.32,-2.86,-2.84));
#2645 = LINE('',#2646,#2647);
#2646 = CARTESIAN_POINT('',(-0.32,-2.86,-2.84));
#2647 = VECTOR('',#2648,1.);
#2648 = DIRECTION('',(1.,0.,0.));
#2649 = ORIENTED_EDGE('',*,*,#2650,.T.);
#2650 = EDGE_CURVE('',#2643,#2154,#2651,.T.);
#2651 = LINE('',#2652,#2653);
#2652 = CARTESIAN_POINT('',(-0.32,-2.86,-3.));
#2653 = VECTOR('',#2654,1.);
#2654 = DIRECTION('',(0.,0.,1.));
#2655 = ORIENTED_EDGE('',*,*,#2151,.F.);
#2656 = PLANE('',#2657);
#2657 = AXIS2_PLACEMENT_3D('',#2658,#2659,#2660);
#2658 = CARTESIAN_POINT('',(-0.32,-2.86,-3.));
#2659 = DIRECTION('',(0.,1.,0.));
#2660 = DIRECTION('',(0.,-0.,1.));
#2661 = ADVANCED_FACE('',(#2662),#2680,.T.);
#2662 = FACE_BOUND('',#2663,.T.);
#2663 = EDGE_LOOP('',(#2664,#2665,#2673,#2679));
#2664 = ORIENTED_EDGE('',*,*,#2634,.F.);
#2665 = ORIENTED_EDGE('',*,*,#2666,.T.);
#2666 = EDGE_CURVE('',#2635,#2667,#2669,.T.);
#2667 = VERTEX_POINT('',#2668);
#2668 = CARTESIAN_POINT('',(0.32,-2.22,-2.84));
#2669 = LINE('',#2670,#2671);
#2670 = CARTESIAN_POINT('',(0.32,-2.86,-2.84));
#2671 = VECTOR('',#2672,1.);
#2672 = DIRECTION('',(0.,1.,0.));
#2673 = ORIENTED_EDGE('',*,*,#2674,.T.);
#2674 = EDGE_CURVE('',#2667,#2170,#2675,.T.);
#2675 = LINE('',#2676,#2677);
#2676 = CARTESIAN_POINT('',(0.32,-2.22,-3.));
#2677 = VECTOR('',#2678,1.);
#2678 = DIRECTION('',(0.,0.,1.));
#2679 = ORIENTED_EDGE('',*,*,#2177,.F.);
#2680 = PLANE('',#2681);
#2681 = AXIS2_PLACEMENT_3D('',#2682,#2683,#2684);
#2682 = CARTESIAN_POINT('',(0.32,-2.86,-3.));
#2683 = DIRECTION('',(1.,0.,0.));
#2684 = DIRECTION('',(0.,0.,1.));
#2685 = ADVANCED_FACE('',(#2686),#2704,.T.);
#2686 = FACE_BOUND('',#2687,.T.);
#2687 = EDGE_LOOP('',(#2688,#2689,#2697,#2703));
#2688 = ORIENTED_EDGE('',*,*,#2674,.F.);
#2689 = ORIENTED_EDGE('',*,*,#2690,.F.);
#2690 = EDGE_CURVE('',#2691,#2667,#2693,.T.);
#2691 = VERTEX_POINT('',#2692);
#2692 = CARTESIAN_POINT('',(-0.32,-2.22,-2.84));
#2693 = LINE('',#2694,#2695);
#2694 = CARTESIAN_POINT('',(-0.32,-2.22,-2.84));
#2695 = VECTOR('',#2696,1.);
#2696 = DIRECTION('',(1.,0.,0.));
#2697 = ORIENTED_EDGE('',*,*,#2698,.T.);
#2698 = EDGE_CURVE('',#2691,#2162,#2699,.T.);
#2699 = LINE('',#2700,#2701);
#2700 = CARTESIAN_POINT('',(-0.32,-2.22,-3.));
#2701 = VECTOR('',#2702,1.);
#2702 = DIRECTION('',(0.,0.,1.));
#2703 = ORIENTED_EDGE('',*,*,#2169,.F.);
#2704 = PLANE('',#2705);
#2705 = AXIS2_PLACEMENT_3D('',#2706,#2707,#2708);
#2706 = CARTESIAN_POINT('',(-0.32,-2.22,-3.));
#2707 = DIRECTION('',(0.,1.,0.));
#2708 = DIRECTION('',(0.,-0.,1.));
#2709 = ADVANCED_FACE('',(#2710),#2721,.F.);
#2710 = FACE_BOUND('',#2711,.F.);
#2711 = EDGE_LOOP('',(#2712,#2713,#2719,#2720));
#2712 = ORIENTED_EDGE('',*,*,#2650,.F.);
#2713 = ORIENTED_EDGE('',*,*,#2714,.T.);
#2714 = EDGE_CURVE('',#2643,#2691,#2715,.T.);
#2715 = LINE('',#2716,#2717);
#2716 = CARTESIAN_POINT('',(-0.32,-2.86,-2.84));
#2717 = VECTOR('',#2718,1.);
#2718 = DIRECTION('',(0.,1.,0.));
#2719 = ORIENTED_EDGE('',*,*,#2698,.T.);
#2720 = ORIENTED_EDGE('',*,*,#2161,.F.);
#2721 = PLANE('',#2722);
#2722 = AXIS2_PLACEMENT_3D('',#2723,#2724,#2725);
#2723 = CARTESIAN_POINT('',(-0.32,-2.86,-3.));
#2724 = DIRECTION('',(1.,0.,0.));
#2725 = DIRECTION('',(0.,0.,1.));
#2726 = ADVANCED_FACE('',(#2727),#2752,.F.);
#2727 = FACE_BOUND('',#2728,.F.);
#2728 = EDGE_LOOP('',(#2729,#2737,#2738,#2746));
#2729 = ORIENTED_EDGE('',*,*,#2730,.F.);
#2730 = EDGE_CURVE('',#2283,#2731,#2733,.T.);
#2731 = VERTEX_POINT('',#2732);
#2732 = CARTESIAN_POINT('',(0.32,-0.32,8.38));
#2733 = LINE('',#2734,#2735);
#2734 = CARTESIAN_POINT('',(0.32,-0.32,-3.));
#2735 = VECTOR('',#2736,1.);
#2736 = DIRECTION('',(0.,0.,1.));
#2737 = ORIENTED_EDGE('',*,*,#2282,.T.);
#2738 = ORIENTED_EDGE('',*,*,#2739,.T.);
#2739 = EDGE_CURVE('',#2285,#2740,#2742,.T.);
#2740 = VERTEX_POINT('',#2741);
#2741 = CARTESIAN_POINT('',(-0.32,-0.32,8.38));
#2742 = LINE('',#2743,#2744);
#2743 = CARTESIAN_POINT('',(-0.32,-0.32,-3.));
#2744 = VECTOR('',#2745,1.);
#2745 = DIRECTION('',(0.,0.,1.));
#2746 = ORIENTED_EDGE('',*,*,#2747,.T.);
#2747 = EDGE_CURVE('',#2740,#2731,#2748,.T.);
#2748 = LINE('',#2749,#2750);
#2749 = CARTESIAN_POINT('',(-0.32,-0.32,8.38));
#2750 = VECTOR('',#2751,1.);
#2751 = DIRECTION('',(1.,0.,0.));
#2752 = PLANE('',#2753);
#2753 = AXIS2_PLACEMENT_3D('',#2754,#2755,#2756);
#2754 = CARTESIAN_POINT('',(-0.32,-0.32,-3.));
#2755 = DIRECTION('',(0.,1.,0.));
#2756 = DIRECTION('',(0.,-0.,1.));
#2757 = ADVANCED_FACE('',(#2758),#2776,.T.);
#2758 = FACE_BOUND('',#2759,.T.);
#2759 = EDGE_LOOP('',(#2760,#2761,#2762,#2770));
#2760 = ORIENTED_EDGE('',*,*,#2730,.F.);
#2761 = ORIENTED_EDGE('',*,*,#2308,.T.);
#2762 = ORIENTED_EDGE('',*,*,#2763,.T.);
#2763 = EDGE_CURVE('',#2301,#2764,#2766,.T.);
#2764 = VERTEX_POINT('',#2765);
#2765 = CARTESIAN_POINT('',(0.32,0.32,8.38));
#2766 = LINE('',#2767,#2768);
#2767 = CARTESIAN_POINT('',(0.32,0.32,-3.));
#2768 = VECTOR('',#2769,1.);
#2769 = DIRECTION('',(0.,0.,1.));
#2770 = ORIENTED_EDGE('',*,*,#2771,.F.);
#2771 = EDGE_CURVE('',#2731,#2764,#2772,.T.);
#2772 = LINE('',#2773,#2774);
#2773 = CARTESIAN_POINT('',(0.32,-0.32,8.38));
#2774 = VECTOR('',#2775,1.);
#2775 = DIRECTION('',(0.,1.,0.));
#2776 = PLANE('',#2777);
#2777 = AXIS2_PLACEMENT_3D('',#2778,#2779,#2780);
#2778 = CARTESIAN_POINT('',(0.32,-0.32,-3.));
#2779 = DIRECTION('',(1.,0.,0.));
#2780 = DIRECTION('',(0.,0.,1.));
#2781 = ADVANCED_FACE('',(#2782),#2800,.T.);
#2782 = FACE_BOUND('',#2783,.T.);
#2783 = EDGE_LOOP('',(#2784,#2785,#2786,#2794));
#2784 = ORIENTED_EDGE('',*,*,#2763,.F.);
#2785 = ORIENTED_EDGE('',*,*,#2300,.T.);
#2786 = ORIENTED_EDGE('',*,*,#2787,.T.);
#2787 = EDGE_CURVE('',#2293,#2788,#2790,.T.);
#2788 = VERTEX_POINT('',#2789);
#2789 = CARTESIAN_POINT('',(-0.32,0.32,8.38));
#2790 = LINE('',#2791,#2792);
#2791 = CARTESIAN_POINT('',(-0.32,0.32,-3.));
#2792 = VECTOR('',#2793,1.);
#2793 = DIRECTION('',(0.,0.,1.));
#2794 = ORIENTED_EDGE('',*,*,#2795,.T.);
#2795 = EDGE_CURVE('',#2788,#2764,#2796,.T.);
#2796 = LINE('',#2797,#2798);
#2797 = CARTESIAN_POINT('',(-0.32,0.32,8.38));
#2798 = VECTOR('',#2799,1.);
#2799 = DIRECTION('',(1.,0.,0.));
#2800 = PLANE('',#2801);
#2801 = AXIS2_PLACEMENT_3D('',#2802,#2803,#2804);
#2802 = CARTESIAN_POINT('',(-0.32,0.32,-3.));
#2803 = DIRECTION('',(0.,1.,0.));
#2804 = DIRECTION('',(0.,-0.,1.));
#2805 = ADVANCED_FACE('',(#2806),#2817,.F.);
#2806 = FACE_BOUND('',#2807,.F.);
#2807 = EDGE_LOOP('',(#2808,#2809,#2810,#2811));
#2808 = ORIENTED_EDGE('',*,*,#2739,.F.);
#2809 = ORIENTED_EDGE('',*,*,#2292,.T.);
#2810 = ORIENTED_EDGE('',*,*,#2787,.T.);
#2811 = ORIENTED_EDGE('',*,*,#2812,.F.);
#2812 = EDGE_CURVE('',#2740,#2788,#2813,.T.);
#2813 = LINE('',#2814,#2815);
#2814 = CARTESIAN_POINT('',(-0.32,-0.32,8.38));
#2815 = VECTOR('',#2816,1.);
#2816 = DIRECTION('',(0.,1.,0.));
#2817 = PLANE('',#2818);
#2818 = AXIS2_PLACEMENT_3D('',#2819,#2820,#2821);
#2819 = CARTESIAN_POINT('',(-0.32,-0.32,-3.));
#2820 = DIRECTION('',(1.,0.,0.));
#2821 = DIRECTION('',(0.,0.,1.));
#2822 = ADVANCED_FACE('',(#2823),#2848,.F.);
#2823 = FACE_BOUND('',#2824,.F.);
#2824 = EDGE_LOOP('',(#2825,#2833,#2834,#2842));
#2825 = ORIENTED_EDGE('',*,*,#2826,.F.);
#2826 = EDGE_CURVE('',#2317,#2827,#2829,.T.);
#2827 = VERTEX_POINT('',#2828);
#2828 = CARTESIAN_POINT('',(0.32,-2.86,8.38));
#2829 = LINE('',#2830,#2831);
#2830 = CARTESIAN_POINT('',(0.32,-2.86,-3.));
#2831 = VECTOR('',#2832,1.);
#2832 = DIRECTION('',(0.,0.,1.));
#2833 = ORIENTED_EDGE('',*,*,#2316,.T.);
#2834 = ORIENTED_EDGE('',*,*,#2835,.T.);
#2835 = EDGE_CURVE('',#2319,#2836,#2838,.T.);
#2836 = VERTEX_POINT('',#2837);
#2837 = CARTESIAN_POINT('',(-0.32,-2.86,8.38));
#2838 = LINE('',#2839,#2840);
#2839 = CARTESIAN_POINT('',(-0.32,-2.86,-3.));
#2840 = VECTOR('',#2841,1.);
#2841 = DIRECTION('',(0.,0.,1.));
#2842 = ORIENTED_EDGE('',*,*,#2843,.T.);
#2843 = EDGE_CURVE('',#2836,#2827,#2844,.T.);
#2844 = LINE('',#2845,#2846);
#2845 = CARTESIAN_POINT('',(-0.32,-2.86,8.38));
#2846 = VECTOR('',#2847,1.);
#2847 = DIRECTION('',(1.,0.,0.));
#2848 = PLANE('',#2849);
#2849 = AXIS2_PLACEMENT_3D('',#2850,#2851,#2852);
#2850 = CARTESIAN_POINT('',(-0.32,-2.86,-3.));
#2851 = DIRECTION('',(0.,1.,0.));
#2852 = DIRECTION('',(0.,-0.,1.));
#2853 = ADVANCED_FACE('',(#2854),#2872,.T.);
#2854 = FACE_BOUND('',#2855,.T.);
#2855 = EDGE_LOOP('',(#2856,#2857,#2858,#2866));
#2856 = ORIENTED_EDGE('',*,*,#2826,.F.);
#2857 = ORIENTED_EDGE('',*,*,#2342,.T.);
#2858 = ORIENTED_EDGE('',*,*,#2859,.T.);
#2859 = EDGE_CURVE('',#2335,#2860,#2862,.T.);
#2860 = VERTEX_POINT('',#2861);
#2861 = CARTESIAN_POINT('',(0.32,-2.22,8.38));
#2862 = LINE('',#2863,#2864);
#2863 = CARTESIAN_POINT('',(0.32,-2.22,-3.));
#2864 = VECTOR('',#2865,1.);
#2865 = DIRECTION('',(0.,0.,1.));
#2866 = ORIENTED_EDGE('',*,*,#2867,.F.);
#2867 = EDGE_CURVE('',#2827,#2860,#2868,.T.);
#2868 = LINE('',#2869,#2870);
#2869 = CARTESIAN_POINT('',(0.32,-2.86,8.38));
#2870 = VECTOR('',#2871,1.);
#2871 = DIRECTION('',(0.,1.,0.));
#2872 = PLANE('',#2873);
#2873 = AXIS2_PLACEMENT_3D('',#2874,#2875,#2876);
#2874 = CARTESIAN_POINT('',(0.32,-2.86,-3.));
#2875 = DIRECTION('',(1.,0.,0.));
#2876 = DIRECTION('',(0.,0.,1.));
#2877 = ADVANCED_FACE('',(#2878),#2896,.T.);
#2878 = FACE_BOUND('',#2879,.T.);
#2879 = EDGE_LOOP('',(#2880,#2881,#2882,#2890));
#2880 = ORIENTED_EDGE('',*,*,#2859,.F.);
#2881 = ORIENTED_EDGE('',*,*,#2334,.T.);
#2882 = ORIENTED_EDGE('',*,*,#2883,.T.);
#2883 = EDGE_CURVE('',#2327,#2884,#2886,.T.);
#2884 = VERTEX_POINT('',#2885);
#2885 = CARTESIAN_POINT('',(-0.32,-2.22,8.38));
#2886 = LINE('',#2887,#2888);
#2887 = CARTESIAN_POINT('',(-0.32,-2.22,-3.));
#2888 = VECTOR('',#2889,1.);
#2889 = DIRECTION('',(0.,0.,1.));
#2890 = ORIENTED_EDGE('',*,*,#2891,.T.);
#2891 = EDGE_CURVE('',#2884,#2860,#2892,.T.);
#2892 = LINE('',#2893,#2894);
#2893 = CARTESIAN_POINT('',(-0.32,-2.22,8.38));
#2894 = VECTOR('',#2895,1.);
#2895 = DIRECTION('',(1.,0.,0.));
#2896 = PLANE('',#2897);
#2897 = AXIS2_PLACEMENT_3D('',#2898,#2899,#2900);
#2898 = CARTESIAN_POINT('',(-0.32,-2.22,-3.));
#2899 = DIRECTION('',(0.,1.,0.));
#2900 = DIRECTION('',(0.,-0.,1.));
#2901 = ADVANCED_FACE('',(#2902),#2913,.F.);
#2902 = FACE_BOUND('',#2903,.F.);
#2903 = EDGE_LOOP('',(#2904,#2905,#2906,#2907));
#2904 = ORIENTED_EDGE('',*,*,#2835,.F.);
#2905 = ORIENTED_EDGE('',*,*,#2326,.T.);
#2906 = ORIENTED_EDGE('',*,*,#2883,.T.);
#2907 = ORIENTED_EDGE('',*,*,#2908,.F.);
#2908 = EDGE_CURVE('',#2836,#2884,#2909,.T.);
#2909 = LINE('',#2910,#2911);
#2910 = CARTESIAN_POINT('',(-0.32,-2.86,8.38));
#2911 = VECTOR('',#2912,1.);
#2912 = DIRECTION('',(0.,1.,0.));
#2913 = PLANE('',#2914);
#2914 = AXIS2_PLACEMENT_3D('',#2915,#2916,#2917);
#2915 = CARTESIAN_POINT('',(-0.32,-2.86,-3.));
#2916 = DIRECTION('',(1.,0.,0.));
#2917 = DIRECTION('',(0.,0.,1.));
#2918 = ADVANCED_FACE('',(#2919),#2944,.T.);
#2919 = FACE_BOUND('',#2920,.F.);
#2920 = EDGE_LOOP('',(#2921,#2929,#2930,#2938));
#2921 = ORIENTED_EDGE('',*,*,#2922,.F.);
#2922 = EDGE_CURVE('',#2547,#2923,#2925,.T.);
#2923 = VERTEX_POINT('',#2924);
#2924 = CARTESIAN_POINT('',(-0.16,-0.16,-3.));
#2925 = LINE('',#2926,#2927);
#2926 = CARTESIAN_POINT('',(-0.266666666667,-0.266666666667,
    -2.893333333333));
#2927 = VECTOR('',#2928,1.);
#2928 = DIRECTION('',(0.57735026919,0.57735026919,-0.57735026919));
#2929 = ORIENTED_EDGE('',*,*,#2546,.T.);
#2930 = ORIENTED_EDGE('',*,*,#2931,.T.);
#2931 = EDGE_CURVE('',#2539,#2932,#2934,.T.);
#2932 = VERTEX_POINT('',#2933);
#2933 = CARTESIAN_POINT('',(0.16,-0.16,-3.));
#2934 = LINE('',#2935,#2936);
#2935 = CARTESIAN_POINT('',(0.16,-0.16,-3.));
#2936 = VECTOR('',#2937,1.);
#2937 = DIRECTION('',(-0.57735026919,0.57735026919,-0.57735026919));
#2938 = ORIENTED_EDGE('',*,*,#2939,.F.);
#2939 = EDGE_CURVE('',#2923,#2932,#2940,.T.);
#2940 = LINE('',#2941,#2942);
#2941 = CARTESIAN_POINT('',(-0.32,-0.16,-3.));
#2942 = VECTOR('',#2943,1.);
#2943 = DIRECTION('',(1.,0.,0.));
#2944 = PLANE('',#2945);
#2945 = AXIS2_PLACEMENT_3D('',#2946,#2947,#2948);
#2946 = CARTESIAN_POINT('',(-0.32,-0.24,-2.92));
#2947 = DIRECTION('',(1.735167508357E-18,-0.707106781187,-0.707106781187
    ));
#2948 = DIRECTION('',(-1.,-1.226948711654E-18,-1.226948711654E-18));
#2949 = ADVANCED_FACE('',(#2950),#2968,.F.);
#2950 = FACE_BOUND('',#2951,.F.);
#2951 = EDGE_LOOP('',(#2952,#2953,#2954,#2962));
#2952 = ORIENTED_EDGE('',*,*,#2931,.F.);
#2953 = ORIENTED_EDGE('',*,*,#2570,.T.);
#2954 = ORIENTED_EDGE('',*,*,#2955,.T.);
#2955 = EDGE_CURVE('',#2571,#2956,#2958,.T.);
#2956 = VERTEX_POINT('',#2957);
#2957 = CARTESIAN_POINT('',(0.16,0.16,-3.));
#2958 = LINE('',#2959,#2960);
#2959 = CARTESIAN_POINT('',(5.333333333333E-02,5.333333333333E-02,
    -3.106666666667));
#2960 = VECTOR('',#2961,1.);
#2961 = DIRECTION('',(-0.57735026919,-0.57735026919,-0.57735026919));
#2962 = ORIENTED_EDGE('',*,*,#2963,.F.);
#2963 = EDGE_CURVE('',#2932,#2956,#2964,.T.);
#2964 = LINE('',#2965,#2966);
#2965 = CARTESIAN_POINT('',(0.16,-0.32,-3.));
#2966 = VECTOR('',#2967,1.);
#2967 = DIRECTION('',(0.,1.,0.));
#2968 = PLANE('',#2969);
#2969 = AXIS2_PLACEMENT_3D('',#2970,#2971,#2972);
#2970 = CARTESIAN_POINT('',(0.24,-0.32,-2.92));
#2971 = DIRECTION('',(-0.707106781187,1.735167508357E-18,0.707106781187)
  );
#2972 = DIRECTION('',(1.226948711654E-18,1.,-1.226948711654E-18));
#2973 = ADVANCED_FACE('',(#2974),#2992,.F.);
#2974 = FACE_BOUND('',#2975,.T.);
#2975 = EDGE_LOOP('',(#2976,#2984,#2985,#2986));
#2976 = ORIENTED_EDGE('',*,*,#2977,.F.);
#2977 = EDGE_CURVE('',#2595,#2978,#2980,.T.);
#2978 = VERTEX_POINT('',#2979);
#2979 = CARTESIAN_POINT('',(-0.16,0.16,-3.));
#2980 = LINE('',#2981,#2982);
#2981 = CARTESIAN_POINT('',(-0.16,0.16,-3.));
#2982 = VECTOR('',#2983,1.);
#2983 = DIRECTION('',(0.57735026919,-0.57735026919,-0.57735026919));
#2984 = ORIENTED_EDGE('',*,*,#2594,.T.);
#2985 = ORIENTED_EDGE('',*,*,#2955,.T.);
#2986 = ORIENTED_EDGE('',*,*,#2987,.F.);
#2987 = EDGE_CURVE('',#2978,#2956,#2988,.T.);
#2988 = LINE('',#2989,#2990);
#2989 = CARTESIAN_POINT('',(-0.32,0.16,-3.));
#2990 = VECTOR('',#2991,1.);
#2991 = DIRECTION('',(1.,0.,0.));
#2992 = PLANE('',#2993);
#2993 = AXIS2_PLACEMENT_3D('',#2994,#2995,#2996);
#2994 = CARTESIAN_POINT('',(-0.32,0.24,-2.92));
#2995 = DIRECTION('',(-1.735167508357E-18,-0.707106781187,0.707106781187
    ));
#2996 = DIRECTION('',(-1.,1.226948711654E-18,-1.226948711654E-18));
#2997 = ADVANCED_FACE('',(#2998),#3009,.T.);
#2998 = FACE_BOUND('',#2999,.T.);
#2999 = EDGE_LOOP('',(#3000,#3001,#3002,#3003));
#3000 = ORIENTED_EDGE('',*,*,#2922,.F.);
#3001 = ORIENTED_EDGE('',*,*,#2618,.T.);
#3002 = ORIENTED_EDGE('',*,*,#2977,.T.);
#3003 = ORIENTED_EDGE('',*,*,#3004,.F.);
#3004 = EDGE_CURVE('',#2923,#2978,#3005,.T.);
#3005 = LINE('',#3006,#3007);
#3006 = CARTESIAN_POINT('',(-0.16,-0.32,-3.));
#3007 = VECTOR('',#3008,1.);
#3008 = DIRECTION('',(0.,1.,0.));
#3009 = PLANE('',#3010);
#3010 = AXIS2_PLACEMENT_3D('',#3011,#3012,#3013);
#3011 = CARTESIAN_POINT('',(-0.24,-0.32,-2.92));
#3012 = DIRECTION('',(-0.707106781187,-1.735167508357E-18,
    -0.707106781187));
#3013 = DIRECTION('',(-1.226948711654E-18,1.,-1.226948711654E-18));
#3014 = ADVANCED_FACE('',(#3015),#3040,.T.);
#3015 = FACE_BOUND('',#3016,.F.);
#3016 = EDGE_LOOP('',(#3017,#3025,#3026,#3034));
#3017 = ORIENTED_EDGE('',*,*,#3018,.F.);
#3018 = EDGE_CURVE('',#2643,#3019,#3021,.T.);
#3019 = VERTEX_POINT('',#3020);
#3020 = CARTESIAN_POINT('',(-0.16,-2.7,-3.));
#3021 = LINE('',#3022,#3023);
#3022 = CARTESIAN_POINT('',(-0.266666666667,-2.806666666667,
    -2.893333333333));
#3023 = VECTOR('',#3024,1.);
#3024 = DIRECTION('',(0.57735026919,0.57735026919,-0.57735026919));
#3025 = ORIENTED_EDGE('',*,*,#2642,.T.);
#3026 = ORIENTED_EDGE('',*,*,#3027,.T.);
#3027 = EDGE_CURVE('',#2635,#3028,#3030,.T.);
#3028 = VERTEX_POINT('',#3029);
#3029 = CARTESIAN_POINT('',(0.16,-2.7,-3.));
#3030 = LINE('',#3031,#3032);
#3031 = CARTESIAN_POINT('',(0.16,-2.7,-3.));
#3032 = VECTOR('',#3033,1.);
#3033 = DIRECTION('',(-0.57735026919,0.57735026919,-0.57735026919));
#3034 = ORIENTED_EDGE('',*,*,#3035,.F.);
#3035 = EDGE_CURVE('',#3019,#3028,#3036,.T.);
#3036 = LINE('',#3037,#3038);
#3037 = CARTESIAN_POINT('',(-0.32,-2.7,-3.));
#3038 = VECTOR('',#3039,1.);
#3039 = DIRECTION('',(1.,0.,0.));
#3040 = PLANE('',#3041);
#3041 = AXIS2_PLACEMENT_3D('',#3042,#3043,#3044);
#3042 = CARTESIAN_POINT('',(-0.32,-2.78,-2.92));
#3043 = DIRECTION('',(1.735167508357E-18,-0.707106781187,-0.707106781187
    ));
#3044 = DIRECTION('',(-1.,-1.226948711654E-18,-1.226948711654E-18));
#3045 = ADVANCED_FACE('',(#3046),#3064,.F.);
#3046 = FACE_BOUND('',#3047,.F.);
#3047 = EDGE_LOOP('',(#3048,#3049,#3050,#3058));
#3048 = ORIENTED_EDGE('',*,*,#3027,.F.);
#3049 = ORIENTED_EDGE('',*,*,#2666,.T.);
#3050 = ORIENTED_EDGE('',*,*,#3051,.T.);
#3051 = EDGE_CURVE('',#2667,#3052,#3054,.T.);
#3052 = VERTEX_POINT('',#3053);
#3053 = CARTESIAN_POINT('',(0.16,-2.38,-3.));
#3054 = LINE('',#3055,#3056);
#3055 = CARTESIAN_POINT('',(5.333333333333E-02,-2.486666666667,
    -3.106666666667));
#3056 = VECTOR('',#3057,1.);
#3057 = DIRECTION('',(-0.57735026919,-0.57735026919,-0.57735026919));
#3058 = ORIENTED_EDGE('',*,*,#3059,.F.);
#3059 = EDGE_CURVE('',#3028,#3052,#3060,.T.);
#3060 = LINE('',#3061,#3062);
#3061 = CARTESIAN_POINT('',(0.16,-2.86,-3.));
#3062 = VECTOR('',#3063,1.);
#3063 = DIRECTION('',(0.,1.,0.));
#3064 = PLANE('',#3065);
#3065 = AXIS2_PLACEMENT_3D('',#3066,#3067,#3068);
#3066 = CARTESIAN_POINT('',(0.24,-2.86,-2.92));
#3067 = DIRECTION('',(-0.707106781187,1.735167508357E-18,0.707106781187)
  );
#3068 = DIRECTION('',(1.226948711654E-18,1.,-1.226948711654E-18));
#3069 = ADVANCED_FACE('',(#3070),#3088,.F.);
#3070 = FACE_BOUND('',#3071,.T.);
#3071 = EDGE_LOOP('',(#3072,#3080,#3081,#3082));
#3072 = ORIENTED_EDGE('',*,*,#3073,.F.);
#3073 = EDGE_CURVE('',#2691,#3074,#3076,.T.);
#3074 = VERTEX_POINT('',#3075);
#3075 = CARTESIAN_POINT('',(-0.16,-2.38,-3.));
#3076 = LINE('',#3077,#3078);
#3077 = CARTESIAN_POINT('',(-0.16,-2.38,-3.));
#3078 = VECTOR('',#3079,1.);
#3079 = DIRECTION('',(0.57735026919,-0.57735026919,-0.57735026919));
#3080 = ORIENTED_EDGE('',*,*,#2690,.T.);
#3081 = ORIENTED_EDGE('',*,*,#3051,.T.);
#3082 = ORIENTED_EDGE('',*,*,#3083,.F.);
#3083 = EDGE_CURVE('',#3074,#3052,#3084,.T.);
#3084 = LINE('',#3085,#3086);
#3085 = CARTESIAN_POINT('',(-0.32,-2.38,-3.));
#3086 = VECTOR('',#3087,1.);
#3087 = DIRECTION('',(1.,0.,0.));
#3088 = PLANE('',#3089);
#3089 = AXIS2_PLACEMENT_3D('',#3090,#3091,#3092);
#3090 = CARTESIAN_POINT('',(-0.32,-2.3,-2.92));
#3091 = DIRECTION('',(-1.735167508357E-18,-0.707106781187,0.707106781187
    ));
#3092 = DIRECTION('',(-1.,1.226948711654E-18,-1.226948711654E-18));
#3093 = ADVANCED_FACE('',(#3094),#3105,.T.);
#3094 = FACE_BOUND('',#3095,.T.);
#3095 = EDGE_LOOP('',(#3096,#3097,#3098,#3099));
#3096 = ORIENTED_EDGE('',*,*,#3018,.F.);
#3097 = ORIENTED_EDGE('',*,*,#2714,.T.);
#3098 = ORIENTED_EDGE('',*,*,#3073,.T.);
#3099 = ORIENTED_EDGE('',*,*,#3100,.F.);
#3100 = EDGE_CURVE('',#3019,#3074,#3101,.T.);
#3101 = LINE('',#3102,#3103);
#3102 = CARTESIAN_POINT('',(-0.16,-2.86,-3.));
#3103 = VECTOR('',#3104,1.);
#3104 = DIRECTION('',(0.,1.,0.));
#3105 = PLANE('',#3106);
#3106 = AXIS2_PLACEMENT_3D('',#3107,#3108,#3109);
#3107 = CARTESIAN_POINT('',(-0.24,-2.86,-2.92));
#3108 = DIRECTION('',(-0.707106781187,-1.735167508357E-18,
    -0.707106781187));
#3109 = DIRECTION('',(-1.226948711654E-18,1.,-1.226948711654E-18));
#3110 = ADVANCED_FACE('',(#3111),#3136,.F.);
#3111 = FACE_BOUND('',#3112,.T.);
#3112 = EDGE_LOOP('',(#3113,#3121,#3122,#3130));
#3113 = ORIENTED_EDGE('',*,*,#3114,.F.);
#3114 = EDGE_CURVE('',#2740,#3115,#3117,.T.);
#3115 = VERTEX_POINT('',#3116);
#3116 = CARTESIAN_POINT('',(-0.16,-0.16,8.54));
#3117 = LINE('',#3118,#3119);
#3118 = CARTESIAN_POINT('',(-0.266666666667,-0.266666666667,
    8.433333333333));
#3119 = VECTOR('',#3120,1.);
#3120 = DIRECTION('',(0.57735026919,0.57735026919,0.57735026919));
#3121 = ORIENTED_EDGE('',*,*,#2747,.T.);
#3122 = ORIENTED_EDGE('',*,*,#3123,.T.);
#3123 = EDGE_CURVE('',#2731,#3124,#3126,.T.);
#3124 = VERTEX_POINT('',#3125);
#3125 = CARTESIAN_POINT('',(0.16,-0.16,8.54));
#3126 = LINE('',#3127,#3128);
#3127 = CARTESIAN_POINT('',(0.16,-0.16,8.54));
#3128 = VECTOR('',#3129,1.);
#3129 = DIRECTION('',(-0.57735026919,0.57735026919,0.57735026919));
#3130 = ORIENTED_EDGE('',*,*,#3131,.F.);
#3131 = EDGE_CURVE('',#3115,#3124,#3132,.T.);
#3132 = LINE('',#3133,#3134);
#3133 = CARTESIAN_POINT('',(-0.32,-0.16,8.54));
#3134 = VECTOR('',#3135,1.);
#3135 = DIRECTION('',(1.,0.,0.));
#3136 = PLANE('',#3137);
#3137 = AXIS2_PLACEMENT_3D('',#3138,#3139,#3140);
#3138 = CARTESIAN_POINT('',(-0.32,-0.24,8.46));
#3139 = DIRECTION('',(-1.735167508357E-18,0.707106781187,-0.707106781187
    ));
#3140 = DIRECTION('',(-1.,-1.226948711654E-18,1.226948711654E-18));
#3141 = ADVANCED_FACE('',(#3142),#3160,.T.);
#3142 = FACE_BOUND('',#3143,.T.);
#3143 = EDGE_LOOP('',(#3144,#3145,#3146,#3154));
#3144 = ORIENTED_EDGE('',*,*,#3123,.F.);
#3145 = ORIENTED_EDGE('',*,*,#2771,.T.);
#3146 = ORIENTED_EDGE('',*,*,#3147,.T.);
#3147 = EDGE_CURVE('',#2764,#3148,#3150,.T.);
#3148 = VERTEX_POINT('',#3149);
#3149 = CARTESIAN_POINT('',(0.16,0.16,8.54));
#3150 = LINE('',#3151,#3152);
#3151 = CARTESIAN_POINT('',(5.333333333333E-02,5.333333333333E-02,
    8.646666666667));
#3152 = VECTOR('',#3153,1.);
#3153 = DIRECTION('',(-0.57735026919,-0.57735026919,0.57735026919));
#3154 = ORIENTED_EDGE('',*,*,#3155,.F.);
#3155 = EDGE_CURVE('',#3124,#3148,#3156,.T.);
#3156 = LINE('',#3157,#3158);
#3157 = CARTESIAN_POINT('',(0.16,-0.32,8.54));
#3158 = VECTOR('',#3159,1.);
#3159 = DIRECTION('',(0.,1.,0.));
#3160 = PLANE('',#3161);
#3161 = AXIS2_PLACEMENT_3D('',#3162,#3163,#3164);
#3162 = CARTESIAN_POINT('',(0.24,-0.32,8.46));
#3163 = DIRECTION('',(0.707106781187,-1.735167508357E-18,0.707106781187)
  );
#3164 = DIRECTION('',(1.226948711654E-18,1.,1.226948711654E-18));
#3165 = ADVANCED_FACE('',(#3166),#3184,.T.);
#3166 = FACE_BOUND('',#3167,.F.);
#3167 = EDGE_LOOP('',(#3168,#3176,#3177,#3178));
#3168 = ORIENTED_EDGE('',*,*,#3169,.F.);
#3169 = EDGE_CURVE('',#2788,#3170,#3172,.T.);
#3170 = VERTEX_POINT('',#3171);
#3171 = CARTESIAN_POINT('',(-0.16,0.16,8.54));
#3172 = LINE('',#3173,#3174);
#3173 = CARTESIAN_POINT('',(-0.16,0.16,8.54));
#3174 = VECTOR('',#3175,1.);
#3175 = DIRECTION('',(0.57735026919,-0.57735026919,0.57735026919));
#3176 = ORIENTED_EDGE('',*,*,#2795,.T.);
#3177 = ORIENTED_EDGE('',*,*,#3147,.T.);
#3178 = ORIENTED_EDGE('',*,*,#3179,.F.);
#3179 = EDGE_CURVE('',#3170,#3148,#3180,.T.);
#3180 = LINE('',#3181,#3182);
#3181 = CARTESIAN_POINT('',(-0.32,0.16,8.54));
#3182 = VECTOR('',#3183,1.);
#3183 = DIRECTION('',(1.,0.,0.));
#3184 = PLANE('',#3185);
#3185 = AXIS2_PLACEMENT_3D('',#3186,#3187,#3188);
#3186 = CARTESIAN_POINT('',(-0.32,0.24,8.46));
#3187 = DIRECTION('',(1.735167508357E-18,0.707106781187,0.707106781187)
  );
#3188 = DIRECTION('',(-1.,1.226948711654E-18,1.226948711654E-18));
#3189 = ADVANCED_FACE('',(#3190),#3201,.F.);
#3190 = FACE_BOUND('',#3191,.F.);
#3191 = EDGE_LOOP('',(#3192,#3193,#3194,#3195));
#3192 = ORIENTED_EDGE('',*,*,#3114,.F.);
#3193 = ORIENTED_EDGE('',*,*,#2812,.T.);
#3194 = ORIENTED_EDGE('',*,*,#3169,.T.);
#3195 = ORIENTED_EDGE('',*,*,#3196,.F.);
#3196 = EDGE_CURVE('',#3115,#3170,#3197,.T.);
#3197 = LINE('',#3198,#3199);
#3198 = CARTESIAN_POINT('',(-0.16,-0.32,8.54));
#3199 = VECTOR('',#3200,1.);
#3200 = DIRECTION('',(0.,1.,0.));
#3201 = PLANE('',#3202);
#3202 = AXIS2_PLACEMENT_3D('',#3203,#3204,#3205);
#3203 = CARTESIAN_POINT('',(-0.24,-0.32,8.46));
#3204 = DIRECTION('',(0.707106781187,1.735167508357E-18,-0.707106781187)
  );
#3205 = DIRECTION('',(-1.226948711654E-18,1.,1.226948711654E-18));
#3206 = ADVANCED_FACE('',(#3207),#3232,.F.);
#3207 = FACE_BOUND('',#3208,.T.);
#3208 = EDGE_LOOP('',(#3209,#3217,#3218,#3226));
#3209 = ORIENTED_EDGE('',*,*,#3210,.F.);
#3210 = EDGE_CURVE('',#2836,#3211,#3213,.T.);
#3211 = VERTEX_POINT('',#3212);
#3212 = CARTESIAN_POINT('',(-0.16,-2.7,8.54));
#3213 = LINE('',#3214,#3215);
#3214 = CARTESIAN_POINT('',(-0.266666666667,-2.806666666667,
    8.433333333333));
#3215 = VECTOR('',#3216,1.);
#3216 = DIRECTION('',(0.57735026919,0.57735026919,0.57735026919));
#3217 = ORIENTED_EDGE('',*,*,#2843,.T.);
#3218 = ORIENTED_EDGE('',*,*,#3219,.T.);
#3219 = EDGE_CURVE('',#2827,#3220,#3222,.T.);
#3220 = VERTEX_POINT('',#3221);
#3221 = CARTESIAN_POINT('',(0.16,-2.7,8.54));
#3222 = LINE('',#3223,#3224);
#3223 = CARTESIAN_POINT('',(0.16,-2.7,8.54));
#3224 = VECTOR('',#3225,1.);
#3225 = DIRECTION('',(-0.57735026919,0.57735026919,0.57735026919));
#3226 = ORIENTED_EDGE('',*,*,#3227,.F.);
#3227 = EDGE_CURVE('',#3211,#3220,#3228,.T.);
#3228 = LINE('',#3229,#3230);
#3229 = CARTESIAN_POINT('',(-0.32,-2.7,8.54));
#3230 = VECTOR('',#3231,1.);
#3231 = DIRECTION('',(1.,0.,0.));
#3232 = PLANE('',#3233);
#3233 = AXIS2_PLACEMENT_3D('',#3234,#3235,#3236);
#3234 = CARTESIAN_POINT('',(-0.32,-2.78,8.46));
#3235 = DIRECTION('',(-1.735167508357E-18,0.707106781187,-0.707106781187
    ));
#3236 = DIRECTION('',(-1.,-1.226948711654E-18,1.226948711654E-18));
#3237 = ADVANCED_FACE('',(#3238),#3256,.T.);
#3238 = FACE_BOUND('',#3239,.T.);
#3239 = EDGE_LOOP('',(#3240,#3241,#3242,#3250));
#3240 = ORIENTED_EDGE('',*,*,#3219,.F.);
#3241 = ORIENTED_EDGE('',*,*,#2867,.T.);
#3242 = ORIENTED_EDGE('',*,*,#3243,.T.);
#3243 = EDGE_CURVE('',#2860,#3244,#3246,.T.);
#3244 = VERTEX_POINT('',#3245);
#3245 = CARTESIAN_POINT('',(0.16,-2.38,8.54));
#3246 = LINE('',#3247,#3248);
#3247 = CARTESIAN_POINT('',(5.333333333333E-02,-2.486666666667,
    8.646666666667));
#3248 = VECTOR('',#3249,1.);
#3249 = DIRECTION('',(-0.57735026919,-0.57735026919,0.57735026919));
#3250 = ORIENTED_EDGE('',*,*,#3251,.F.);
#3251 = EDGE_CURVE('',#3220,#3244,#3252,.T.);
#3252 = LINE('',#3253,#3254);
#3253 = CARTESIAN_POINT('',(0.16,-2.86,8.54));
#3254 = VECTOR('',#3255,1.);
#3255 = DIRECTION('',(0.,1.,0.));
#3256 = PLANE('',#3257);
#3257 = AXIS2_PLACEMENT_3D('',#3258,#3259,#3260);
#3258 = CARTESIAN_POINT('',(0.24,-2.86,8.46));
#3259 = DIRECTION('',(0.707106781187,-1.735167508357E-18,0.707106781187)
  );
#3260 = DIRECTION('',(1.226948711654E-18,1.,1.226948711654E-18));
#3261 = ADVANCED_FACE('',(#3262),#3280,.T.);
#3262 = FACE_BOUND('',#3263,.F.);
#3263 = EDGE_LOOP('',(#3264,#3272,#3273,#3274));
#3264 = ORIENTED_EDGE('',*,*,#3265,.F.);
#3265 = EDGE_CURVE('',#2884,#3266,#3268,.T.);
#3266 = VERTEX_POINT('',#3267);
#3267 = CARTESIAN_POINT('',(-0.16,-2.38,8.54));
#3268 = LINE('',#3269,#3270);
#3269 = CARTESIAN_POINT('',(-0.16,-2.38,8.54));
#3270 = VECTOR('',#3271,1.);
#3271 = DIRECTION('',(0.57735026919,-0.57735026919,0.57735026919));
#3272 = ORIENTED_EDGE('',*,*,#2891,.T.);
#3273 = ORIENTED_EDGE('',*,*,#3243,.T.);
#3274 = ORIENTED_EDGE('',*,*,#3275,.F.);
#3275 = EDGE_CURVE('',#3266,#3244,#3276,.T.);
#3276 = LINE('',#3277,#3278);
#3277 = CARTESIAN_POINT('',(-0.32,-2.38,8.54));
#3278 = VECTOR('',#3279,1.);
#3279 = DIRECTION('',(1.,0.,0.));
#3280 = PLANE('',#3281);
#3281 = AXIS2_PLACEMENT_3D('',#3282,#3283,#3284);
#3282 = CARTESIAN_POINT('',(-0.32,-2.3,8.46));
#3283 = DIRECTION('',(1.735167508357E-18,0.707106781187,0.707106781187)
  );
#3284 = DIRECTION('',(-1.,1.226948711654E-18,1.226948711654E-18));
#3285 = ADVANCED_FACE('',(#3286),#3297,.F.);
#3286 = FACE_BOUND('',#3287,.F.);
#3287 = EDGE_LOOP('',(#3288,#3289,#3290,#3291));
#3288 = ORIENTED_EDGE('',*,*,#3210,.F.);
#3289 = ORIENTED_EDGE('',*,*,#2908,.T.);
#3290 = ORIENTED_EDGE('',*,*,#3265,.T.);
#3291 = ORIENTED_EDGE('',*,*,#3292,.F.);
#3292 = EDGE_CURVE('',#3211,#3266,#3293,.T.);
#3293 = LINE('',#3294,#3295);
#3294 = CARTESIAN_POINT('',(-0.16,-2.86,8.54));
#3295 = VECTOR('',#3296,1.);
#3296 = DIRECTION('',(0.,1.,0.));
#3297 = PLANE('',#3298);
#3298 = AXIS2_PLACEMENT_3D('',#3299,#3300,#3301);
#3299 = CARTESIAN_POINT('',(-0.24,-2.86,8.46));
#3300 = DIRECTION('',(0.707106781187,1.735167508357E-18,-0.707106781187)
  );
#3301 = DIRECTION('',(-1.226948711654E-18,1.,1.226948711654E-18));
#3302 = ADVANCED_FACE('',(#3303),#3309,.F.);
#3303 = FACE_BOUND('',#3304,.F.);
#3304 = EDGE_LOOP('',(#3305,#3306,#3307,#3308));
#3305 = ORIENTED_EDGE('',*,*,#3004,.F.);
#3306 = ORIENTED_EDGE('',*,*,#2939,.T.);
#3307 = ORIENTED_EDGE('',*,*,#2963,.T.);
#3308 = ORIENTED_EDGE('',*,*,#2987,.F.);
#3309 = PLANE('',#3310);
#3310 = AXIS2_PLACEMENT_3D('',#3311,#3312,#3313);
#3311 = CARTESIAN_POINT('',(-0.32,-0.32,-3.));
#3312 = DIRECTION('',(0.,0.,1.));
#3313 = DIRECTION('',(1.,0.,-0.));
#3314 = ADVANCED_FACE('',(#3315),#3321,.F.);
#3315 = FACE_BOUND('',#3316,.F.);
#3316 = EDGE_LOOP('',(#3317,#3318,#3319,#3320));
#3317 = ORIENTED_EDGE('',*,*,#3100,.F.);
#3318 = ORIENTED_EDGE('',*,*,#3035,.T.);
#3319 = ORIENTED_EDGE('',*,*,#3059,.T.);
#3320 = ORIENTED_EDGE('',*,*,#3083,.F.);
#3321 = PLANE('',#3322);
#3322 = AXIS2_PLACEMENT_3D('',#3323,#3324,#3325);
#3323 = CARTESIAN_POINT('',(-0.32,-2.86,-3.));
#3324 = DIRECTION('',(0.,0.,1.));
#3325 = DIRECTION('',(1.,0.,-0.));
#3326 = ADVANCED_FACE('',(#3327),#3333,.T.);
#3327 = FACE_BOUND('',#3328,.T.);
#3328 = EDGE_LOOP('',(#3329,#3330,#3331,#3332));
#3329 = ORIENTED_EDGE('',*,*,#3179,.F.);
#3330 = ORIENTED_EDGE('',*,*,#3196,.F.);
#3331 = ORIENTED_EDGE('',*,*,#3131,.T.);
#3332 = ORIENTED_EDGE('',*,*,#3155,.T.);
#3333 = PLANE('',#3334);
#3334 = AXIS2_PLACEMENT_3D('',#3335,#3336,#3337);
#3335 = CARTESIAN_POINT('',(-0.32,-0.32,8.54));
#3336 = DIRECTION('',(0.,0.,1.));
#3337 = DIRECTION('',(1.,0.,-0.));
#3338 = ADVANCED_FACE('',(#3339),#3345,.T.);
#3339 = FACE_BOUND('',#3340,.T.);
#3340 = EDGE_LOOP('',(#3341,#3342,#3343,#3344));
#3341 = ORIENTED_EDGE('',*,*,#3275,.F.);
#3342 = ORIENTED_EDGE('',*,*,#3292,.F.);
#3343 = ORIENTED_EDGE('',*,*,#3227,.T.);
#3344 = ORIENTED_EDGE('',*,*,#3251,.T.);
#3345 = PLANE('',#3346);
#3346 = AXIS2_PLACEMENT_3D('',#3347,#3348,#3349);
#3347 = CARTESIAN_POINT('',(-0.32,-2.86,8.54));
#3348 = DIRECTION('',(0.,0.,1.));
#3349 = DIRECTION('',(1.,0.,-0.));
#3350 = ( GEOMETRIC_REPRESENTATION_CONTEXT(3) 
GLOBAL_UNCERTAINTY_ASSIGNED_CONTEXT((#3354)) 
GLOBAL_UNIT_ASSIGNED_CONTEXT((#3351,#3352,#3353)) REPRESENTATION_CONTEXT
('Context #1','3D Context with UNIT and UNCERTAINTY') );
#3351 = ( LENGTH_UNIT() NAMED_UNIT(*) SI_UNIT(.MILLI.,.METRE.) );
#3352 = ( NAMED_UNIT(*) PLANE_ANGLE_UNIT() SI_UNIT($,.RADIAN.) );
#3353 = ( NAMED_UNIT(*) SI_UNIT($,.STERADIAN.) SOLID_ANGLE_UNIT() );
#3354 = UNCERTAINTY_MEASURE_WITH_UNIT(LENGTH_MEASURE(1.E-07),#3351,
  'distance_accuracy_value','confusion accuracy');
#3355 = CONTEXT_DEPENDENT_SHAPE_REPRESENTATION(#3356,#3358);
#3356 = ( REPRESENTATION_RELATIONSHIP('','',#1917,#1894) 
REPRESENTATION_RELATIONSHIP_WITH_TRANSFORMATION(#3357) 
SHAPE_REPRESENTATION_RELATIONSHIP() );
#3357 = ITEM_DEFINED_TRANSFORMATION('','',#11,#1895);
#3358 = PRODUCT_DEFINITION_SHAPE('Placement','Placement of an item',
  #3359);
#3359 = NEXT_ASSEMBLY_USAGE_OCCURRENCE('11','=>[0:1:1:7]','',#1889,#1912
  ,$);
#3360 = PRODUCT_RELATED_PRODUCT_CATEGORY('part',$,(#1914));
#3361 = CONTEXT_DEPENDENT_SHAPE_REPRESENTATION(#3362,#3364);
#3362 = ( REPRESENTATION_RELATIONSHIP('','',#136,#10) 
REPRESENTATION_RELATIONSHIP_WITH_TRANSFORMATION(#3363) 
SHAPE_REPRESENTATION_RELATIONSHIP() );
#3363 = ITEM_DEFINED_TRANSFORMATION('','',#11,#51);
#3364 = PRODUCT_DEFINITION_SHAPE('Placement','Placement of an item',
  #3365);
#3365 = NEXT_ASSEMBLY_USAGE_OCCURRENCE('13','R31','',#5,#131,$);
#3366 = CONTEXT_DEPENDENT_SHAPE_REPRESENTATION(#3367,#3369);
#3367 = ( REPRESENTATION_RELATIONSHIP('','',#136,#10) 
REPRESENTATION_RELATIONSHIP_WITH_TRANSFORMATION(#3368) 
SHAPE_REPRESENTATION_RELATIONSHIP() );
#3368 = ITEM_DEFINED_TRANSFORMATION('','',#11,#55);
#3369 = PRODUCT_DEFINITION_SHAPE('Placement','Placement of an item',
  #3370);
#3370 = NEXT_ASSEMBLY_USAGE_OCCURRENCE('14','R38','',#5,#131,$);
#3371 = CONTEXT_DEPENDENT_SHAPE_REPRESENTATION(#3372,#3374);
#3372 = ( REPRESENTATION_RELATIONSHIP('','',#136,#10) 
REPRESENTATION_RELATIONSHIP_WITH_TRANSFORMATION(#3373) 
SHAPE_REPRESENTATION_RELATIONSHIP() );
#3373 = ITEM_DEFINED_TRANSFORMATION('','',#11,#59);
#3374 = PRODUCT_DEFINITION_SHAPE('Placement','Placement of an item',
  #3375);
#3375 = NEXT_ASSEMBLY_USAGE_OCCURRENCE('15','R32','',#5,#131,$);
#3376 = CONTEXT_DEPENDENT_SHAPE_REPRESENTATION(#3377,#3379);
#3377 = ( REPRESENTATION_RELATIONSHIP('','',#136,#10) 
REPRESENTATION_RELATIONSHIP_WITH_TRANSFORMATION(#3378) 
SHAPE_REPRESENTATION_RELATIONSHIP() );
#3378 = ITEM_DEFINED_TRANSFORMATION('','',#11,#63);
#3379 = PRODUCT_DEFINITION_SHAPE('Placement','Placement of an item',
  #3380);
#3380 = NEXT_ASSEMBLY_USAGE_OCCURRENCE('16','R27','',#5,#131,$);
#3381 = CONTEXT_DEPENDENT_SHAPE_REPRESENTATION(#3382,#3384);
#3382 = ( REPRESENTATION_RELATIONSHIP('','',#136,#10) 
REPRESENTATION_RELATIONSHIP_WITH_TRANSFORMATION(#3383) 
SHAPE_REPRESENTATION_RELATIONSHIP() );
#3383 = ITEM_DEFINED_TRANSFORMATION('','',#11,#67);
#3384 = PRODUCT_DEFINITION_SHAPE('Placement','Placement of an item',
  #3385);
#3385 = NEXT_ASSEMBLY_USAGE_OCCURRENCE('17','R1','',#5,#131,$);
#3386 = CONTEXT_DEPENDENT_SHAPE_REPRESENTATION(#3387,#3389);
#3387 = ( REPRESENTATION_RELATIONSHIP('','',#968,#10) 
REPRESENTATION_RELATIONSHIP_WITH_TRANSFORMATION(#3388) 
SHAPE_REPRESENTATION_RELATIONSHIP() );
#3388 = ITEM_DEFINED_TRANSFORMATION('','',#11,#71);
#3389 = PRODUCT_DEFINITION_SHAPE('Placement','Placement of an item',
  #3390);
#3390 = NEXT_ASSEMBLY_USAGE_OCCURRENCE('18','C36','',#5,#963,$);
#3391 = CONTEXT_DEPENDENT_SHAPE_REPRESENTATION(#3392,#3394);
#3392 = ( REPRESENTATION_RELATIONSHIP('','',#968,#10) 
REPRESENTATION_RELATIONSHIP_WITH_TRANSFORMATION(#3393) 
SHAPE_REPRESENTATION_RELATIONSHIP() );
#3393 = ITEM_DEFINED_TRANSFORMATION('','',#11,#75);
#3394 = PRODUCT_DEFINITION_SHAPE('Placement','Placement of an item',
  #3395);
#3395 = NEXT_ASSEMBLY_USAGE_OCCURRENCE('19','C1','',#5,#963,$);
#3396 = CONTEXT_DEPENDENT_SHAPE_REPRESENTATION(#3397,#3399);
#3397 = ( REPRESENTATION_RELATIONSHIP('','',#968,#10) 
REPRESENTATION_RELATIONSHIP_WITH_TRANSFORMATION(#3398) 
SHAPE_REPRESENTATION_RELATIONSHIP() );
#3398 = ITEM_DEFINED_TRANSFORMATION('','',#11,#79);
#3399 = PRODUCT_DEFINITION_SHAPE('Placement','Placement of an item',
  #3400);
#3400 = NEXT_ASSEMBLY_USAGE_OCCURRENCE('20','C40','',#5,#963,$);
#3401 = CONTEXT_DEPENDENT_SHAPE_REPRESENTATION(#3402,#3404);
#3402 = ( REPRESENTATION_RELATIONSHIP('','',#136,#10) 
REPRESENTATION_RELATIONSHIP_WITH_TRANSFORMATION(#3403) 
SHAPE_REPRESENTATION_RELATIONSHIP() );
#3403 = ITEM_DEFINED_TRANSFORMATION('','',#11,#83);
#3404 = PRODUCT_DEFINITION_SHAPE('Placement','Placement of an item',
  #3405);
#3405 = NEXT_ASSEMBLY_USAGE_OCCURRENCE('21','R37','',#5,#131,$);
#3406 = CONTEXT_DEPENDENT_SHAPE_REPRESENTATION(#3407,#3409);
#3407 = ( REPRESENTATION_RELATIONSHIP('','',#968,#10) 
REPRESENTATION_RELATIONSHIP_WITH_TRANSFORMATION(#3408) 
SHAPE_REPRESENTATION_RELATIONSHIP() );
#3408 = ITEM_DEFINED_TRANSFORMATION('','',#11,#87);
#3409 = PRODUCT_DEFINITION_SHAPE('Placement','Placement of an item',
  #3410);
#3410 = NEXT_ASSEMBLY_USAGE_OCCURRENCE('22','C39','',#5,#963,$);
#3411 = CONTEXT_DEPENDENT_SHAPE_REPRESENTATION(#3412,#3414);
#3412 = ( REPRESENTATION_RELATIONSHIP('','',#136,#10) 
REPRESENTATION_RELATIONSHIP_WITH_TRANSFORMATION(#3413) 
SHAPE_REPRESENTATION_RELATIONSHIP() );
#3413 = ITEM_DEFINED_TRANSFORMATION('','',#11,#91);
#3414 = PRODUCT_DEFINITION_SHAPE('Placement','Placement of an item',
  #3415);
#3415 = NEXT_ASSEMBLY_USAGE_OCCURRENCE('23','R33','',#5,#131,$);
#3416 = SHAPE_DEFINITION_REPRESENTATION(#3417,#3423);
#3417 = PRODUCT_DEFINITION_SHAPE('','',#3418);
#3418 = PRODUCT_DEFINITION('design','',#3419,#3422);
#3419 = PRODUCT_DEFINITION_FORMATION('','',#3420);
#3420 = PRODUCT('D_SMA','D_SMA','',(#3421));
#3421 = PRODUCT_CONTEXT('',#2,'mechanical');
#3422 = PRODUCT_DEFINITION_CONTEXT('part definition',#2,'design');
#3423 = SHAPE_REPRESENTATION('',(#11,#3424),#3428);
#3424 = AXIS2_PLACEMENT_3D('',#3425,#3426,#3427);
#3425 = CARTESIAN_POINT('',(0.,0.,0.));
#3426 = DIRECTION('',(0.,0.,1.));
#3427 = DIRECTION('',(1.,0.,-0.));
#3428 = ( GEOMETRIC_REPRESENTATION_CONTEXT(3) 
GLOBAL_UNCERTAINTY_ASSIGNED_CONTEXT((#3432)) 
GLOBAL_UNIT_ASSIGNED_CONTEXT((#3429,#3430,#3431)) REPRESENTATION_CONTEXT
('Context #1','3D Context with UNIT and UNCERTAINTY') );
#3429 = ( LENGTH_UNIT() NAMED_UNIT(*) SI_UNIT(.MILLI.,.METRE.) );
#3430 = ( NAMED_UNIT(*) PLANE_ANGLE_UNIT() SI_UNIT($,.RADIAN.) );
#3431 = ( NAMED_UNIT(*) SI_UNIT($,.STERADIAN.) SOLID_ANGLE_UNIT() );
#3432 = UNCERTAINTY_MEASURE_WITH_UNIT(LENGTH_MEASURE(1.E-07),#3429,
  'distance_accuracy_value','confusion accuracy');
#3433 = CONTEXT_DEPENDENT_SHAPE_REPRESENTATION(#3434,#3436);
#3434 = ( REPRESENTATION_RELATIONSHIP('','',#3423,#10) 
REPRESENTATION_RELATIONSHIP_WITH_TRANSFORMATION(#3435) 
SHAPE_REPRESENTATION_RELATIONSHIP() );
#3435 = ITEM_DEFINED_TRANSFORMATION('','',#11,#95);
#3436 = PRODUCT_DEFINITION_SHAPE('Placement','Placement of an item',
  #3437);
#3437 = NEXT_ASSEMBLY_USAGE_OCCURRENCE('25','D2','',#5,#3418,$);
#3438 = PRODUCT_RELATED_PRODUCT_CATEGORY('part',$,(#3420));
#3439 = SHAPE_DEFINITION_REPRESENTATION(#3440,#3446);
#3440 = PRODUCT_DEFINITION_SHAPE('','',#3441);
#3441 = PRODUCT_DEFINITION('design','',#3442,#3445);
#3442 = PRODUCT_DEFINITION_FORMATION('','',#3443);
#3443 = PRODUCT('D_SMA','D_SMA','',(#3444));
#3444 = PRODUCT_CONTEXT('',#2,'mechanical');
#3445 = PRODUCT_DEFINITION_CONTEXT('part definition',#2,'design');
#3446 = ADVANCED_BREP_SHAPE_REPRESENTATION('',(#11,#3447),#4655);
#3447 = MANIFOLD_SOLID_BREP('',#3448);
#3448 = CLOSED_SHELL('',(#3449,#3489,#3572,#3597,#3672,#3689,#3706,#3723
    ,#3740,#3757,#3773,#3820,#3855,#3894,#3923,#3962,#3991,#4045,#4088,
    #4111,#4134,#4157,#4208,#4231,#4248,#4322,#4346,#4413,#4425,#4437,
    #4454,#4483,#4506,#4529,#4546,#4568,#4580,#4597,#4614,#4631,#4643));
#3449 = ADVANCED_FACE('',(#3450),#3484,.T.);
#3450 = FACE_BOUND('',#3451,.T.);
#3451 = EDGE_LOOP('',(#3452,#3462,#3470,#3478));
#3452 = ORIENTED_EDGE('',*,*,#3453,.T.);
#3453 = EDGE_CURVE('',#3454,#3456,#3458,.T.);
#3454 = VERTEX_POINT('',#3455);
#3455 = CARTESIAN_POINT('',(1.14,0.75,0.));
#3456 = VERTEX_POINT('',#3457);
#3457 = CARTESIAN_POINT('',(2.353333333333,0.75,-2.775557561563E-17));
#3458 = LINE('',#3459,#3460);
#3459 = CARTESIAN_POINT('',(2.28,0.75,0.));
#3460 = VECTOR('',#3461,1.);
#3461 = DIRECTION('',(1.,-3.445092848398E-16,0.));
#3462 = ORIENTED_EDGE('',*,*,#3463,.T.);
#3463 = EDGE_CURVE('',#3456,#3464,#3466,.T.);
#3464 = VERTEX_POINT('',#3465);
#3465 = CARTESIAN_POINT('',(2.353333333333,-0.75,-2.775557561563E-17));
#3466 = LINE('',#3467,#3468);
#3467 = CARTESIAN_POINT('',(2.353333333333,0.75,-2.775557561563E-17));
#3468 = VECTOR('',#3469,1.);
#3469 = DIRECTION('',(-3.445092848398E-16,-1.,0.));
#3470 = ORIENTED_EDGE('',*,*,#3471,.T.);
#3471 = EDGE_CURVE('',#3464,#3472,#3474,.T.);
#3472 = VERTEX_POINT('',#3473);
#3473 = CARTESIAN_POINT('',(1.14,-0.75,0.));
#3474 = LINE('',#3475,#3476);
#3475 = CARTESIAN_POINT('',(2.28,-0.75,0.));
#3476 = VECTOR('',#3477,1.);
#3477 = DIRECTION('',(-1.,3.445092848398E-16,0.));
#3478 = ORIENTED_EDGE('',*,*,#3479,.T.);
#3479 = EDGE_CURVE('',#3472,#3454,#3480,.T.);
#3480 = LINE('',#3481,#3482);
#3481 = CARTESIAN_POINT('',(1.14,-0.75,0.));
#3482 = VECTOR('',#3483,1.);
#3483 = DIRECTION('',(3.445092848398E-16,1.,0.));
#3484 = PLANE('',#3485);
#3485 = AXIS2_PLACEMENT_3D('',#3486,#3487,#3488);
#3486 = CARTESIAN_POINT('',(1.746666666667,-5.821951347626E-16,
    -7.671995716851E-18));
#3487 = DIRECTION('',(-1.332277103521E-17,5.237186372803E-33,-1.));
#3488 = DIRECTION('',(1.,-2.22044604925E-16,-1.332277103521E-17));
#3489 = ADVANCED_FACE('',(#3490),#3567,.T.);
#3490 = FACE_BOUND('',#3491,.T.);
#3491 = EDGE_LOOP('',(#3492,#3502,#3509,#3510,#3518,#3526,#3536,#3544,
    #3552,#3560));
#3492 = ORIENTED_EDGE('',*,*,#3493,.F.);
#3493 = EDGE_CURVE('',#3494,#3496,#3498,.T.);
#3494 = VERTEX_POINT('',#3495);
#3495 = CARTESIAN_POINT('',(2.5,0.75,0.146666666667));
#3496 = VERTEX_POINT('',#3497);
#3497 = CARTESIAN_POINT('',(2.5,0.75,0.842343333333));
#3498 = LINE('',#3499,#3500);
#3499 = CARTESIAN_POINT('',(2.5,0.75,0.));
#3500 = VECTOR('',#3501,1.);
#3501 = DIRECTION('',(0.,0.,1.));
#3502 = ORIENTED_EDGE('',*,*,#3503,.T.);
#3503 = EDGE_CURVE('',#3494,#3456,#3504,.T.);
#3504 = CIRCLE('',#3505,0.146666666667);
#3505 = AXIS2_PLACEMENT_3D('',#3506,#3507,#3508);
#3506 = CARTESIAN_POINT('',(2.353333333333,0.75,0.146666666667));
#3507 = DIRECTION('',(3.445092848398E-16,1.,-0.));
#3508 = DIRECTION('',(0.,0.,1.));
#3509 = ORIENTED_EDGE('',*,*,#3453,.F.);
#3510 = ORIENTED_EDGE('',*,*,#3511,.T.);
#3511 = EDGE_CURVE('',#3454,#3512,#3514,.T.);
#3512 = VERTEX_POINT('',#3513);
#3513 = CARTESIAN_POINT('',(1.14,0.75,0.22));
#3514 = LINE('',#3515,#3516);
#3515 = CARTESIAN_POINT('',(1.14,0.75,0.));
#3516 = VECTOR('',#3517,1.);
#3517 = DIRECTION('',(0.,0.,1.));
#3518 = ORIENTED_EDGE('',*,*,#3519,.F.);
#3519 = EDGE_CURVE('',#3520,#3512,#3522,.T.);
#3520 = VERTEX_POINT('',#3521);
#3521 = CARTESIAN_POINT('',(2.225259344883,0.75,0.22));
#3522 = LINE('',#3523,#3524);
#3523 = CARTESIAN_POINT('',(2.108163247245,0.75,0.22));
#3524 = VECTOR('',#3525,1.);
#3525 = DIRECTION('',(-1.,4.514825988711E-16,0.));
#3526 = ORIENTED_EDGE('',*,*,#3527,.T.);
#3527 = EDGE_CURVE('',#3520,#3528,#3530,.T.);
#3528 = VERTEX_POINT('',#3529);
#3529 = CARTESIAN_POINT('',(2.225413939802,0.75,0.2222));
#3530 = B_SPLINE_CURVE_WITH_KNOTS('',4,(#3531,#3532,#3533,#3534,#3535),
  .UNSPECIFIED.,.F.,.F.,(5,5),(0.,1.),.PIECEWISE_BEZIER_KNOTS.);
#3531 = CARTESIAN_POINT('',(2.225259344883,0.75,0.22));
#3532 = CARTESIAN_POINT('',(2.238768685756,0.75,0.412247910026));
#3533 = CARTESIAN_POINT('',(2.25227825666,0.75,0.604499093572));
#3534 = CARTESIAN_POINT('',(2.265788033788,0.75,0.796753211837));
#3535 = CARTESIAN_POINT('',(2.279297998531,0.75,0.98901));
#3536 = ORIENTED_EDGE('',*,*,#3537,.T.);
#3537 = EDGE_CURVE('',#3528,#3538,#3540,.T.);
#3538 = VERTEX_POINT('',#3539);
#3539 = CARTESIAN_POINT('',(2.28,0.75,0.2222));
#3540 = LINE('',#3541,#3542);
#3541 = CARTESIAN_POINT('',(1.14,0.75,0.2222));
#3542 = VECTOR('',#3543,1.);
#3543 = DIRECTION('',(1.,-3.445092848398E-16,0.));
#3544 = ORIENTED_EDGE('',*,*,#3545,.T.);
#3545 = EDGE_CURVE('',#3538,#3546,#3548,.T.);
#3546 = VERTEX_POINT('',#3547);
#3547 = CARTESIAN_POINT('',(2.28,0.75,0.98901));
#3548 = LINE('',#3549,#3550);
#3549 = CARTESIAN_POINT('',(2.28,0.75,0.));
#3550 = VECTOR('',#3551,1.);
#3551 = DIRECTION('',(0.,0.,1.));
#3552 = ORIENTED_EDGE('',*,*,#3553,.T.);
#3553 = EDGE_CURVE('',#3546,#3554,#3556,.T.);
#3554 = VERTEX_POINT('',#3555);
#3555 = CARTESIAN_POINT('',(2.353333333333,0.75,0.98901));
#3556 = LINE('',#3557,#3558);
#3557 = CARTESIAN_POINT('',(2.28,0.75,0.98901));
#3558 = VECTOR('',#3559,1.);
#3559 = DIRECTION('',(1.,-3.445092848398E-16,0.));
#3560 = ORIENTED_EDGE('',*,*,#3561,.F.);
#3561 = EDGE_CURVE('',#3496,#3554,#3562,.T.);
#3562 = CIRCLE('',#3563,0.146666666667);
#3563 = AXIS2_PLACEMENT_3D('',#3564,#3565,#3566);
#3564 = CARTESIAN_POINT('',(2.353333333333,0.75,0.842343333333));
#3565 = DIRECTION('',(-3.445092848398E-16,-1.,0.));
#3566 = DIRECTION('',(0.,0.,1.));
#3567 = PLANE('',#3568);
#3568 = AXIS2_PLACEMENT_3D('',#3569,#3570,#3571);
#3569 = CARTESIAN_POINT('',(1.991067149606,0.75,0.303091083877));
#3570 = DIRECTION('',(4.514825988711E-16,1.,5.822139933717E-17));
#3571 = DIRECTION('',(-1.,4.514825988711E-16,0.));
#3572 = ADVANCED_FACE('',(#3573),#3592,.T.);
#3573 = FACE_BOUND('',#3574,.T.);
#3574 = EDGE_LOOP('',(#3575,#3583,#3590,#3591));
#3575 = ORIENTED_EDGE('',*,*,#3576,.T.);
#3576 = EDGE_CURVE('',#3494,#3577,#3579,.T.);
#3577 = VERTEX_POINT('',#3578);
#3578 = CARTESIAN_POINT('',(2.5,-0.75,0.146666666667));
#3579 = LINE('',#3580,#3581);
#3580 = CARTESIAN_POINT('',(2.5,0.75,0.146666666667));
#3581 = VECTOR('',#3582,1.);
#3582 = DIRECTION('',(-3.445092848398E-16,-1.,0.));
#3583 = ORIENTED_EDGE('',*,*,#3584,.T.);
#3584 = EDGE_CURVE('',#3577,#3464,#3585,.T.);
#3585 = CIRCLE('',#3586,0.146666666667);
#3586 = AXIS2_PLACEMENT_3D('',#3587,#3588,#3589);
#3587 = CARTESIAN_POINT('',(2.353333333333,-0.75,0.146666666667));
#3588 = DIRECTION('',(3.445092848398E-16,1.,-0.));
#3589 = DIRECTION('',(0.,0.,1.));
#3590 = ORIENTED_EDGE('',*,*,#3463,.F.);
#3591 = ORIENTED_EDGE('',*,*,#3503,.F.);
#3592 = CYLINDRICAL_SURFACE('',#3593,0.146666666667);
#3593 = AXIS2_PLACEMENT_3D('',#3594,#3595,#3596);
#3594 = CARTESIAN_POINT('',(2.353333333333,0.75,0.146666666667));
#3595 = DIRECTION('',(-3.445092848398E-16,-1.,0.));
#3596 = DIRECTION('',(1.,-3.445092848398E-16,0.));
#3597 = ADVANCED_FACE('',(#3598),#3667,.T.);
#3598 = FACE_BOUND('',#3599,.T.);
#3599 = EDGE_LOOP('',(#3600,#3601,#3609,#3618,#3626,#3634,#3642,#3652,
    #3660,#3666));
#3600 = ORIENTED_EDGE('',*,*,#3584,.F.);
#3601 = ORIENTED_EDGE('',*,*,#3602,.T.);
#3602 = EDGE_CURVE('',#3577,#3603,#3605,.T.);
#3603 = VERTEX_POINT('',#3604);
#3604 = CARTESIAN_POINT('',(2.5,-0.75,0.842343333333));
#3605 = LINE('',#3606,#3607);
#3606 = CARTESIAN_POINT('',(2.5,-0.75,0.));
#3607 = VECTOR('',#3608,1.);
#3608 = DIRECTION('',(0.,0.,1.));
#3609 = ORIENTED_EDGE('',*,*,#3610,.T.);
#3610 = EDGE_CURVE('',#3603,#3611,#3613,.T.);
#3611 = VERTEX_POINT('',#3612);
#3612 = CARTESIAN_POINT('',(2.353333333333,-0.75,0.98901));
#3613 = CIRCLE('',#3614,0.146666666667);
#3614 = AXIS2_PLACEMENT_3D('',#3615,#3616,#3617);
#3615 = CARTESIAN_POINT('',(2.353333333333,-0.75,0.842343333333));
#3616 = DIRECTION('',(-3.445092848398E-16,-1.,0.));
#3617 = DIRECTION('',(0.,0.,1.));
#3618 = ORIENTED_EDGE('',*,*,#3619,.T.);
#3619 = EDGE_CURVE('',#3611,#3620,#3622,.T.);
#3620 = VERTEX_POINT('',#3621);
#3621 = CARTESIAN_POINT('',(2.28,-0.75,0.98901));
#3622 = LINE('',#3623,#3624);
#3623 = CARTESIAN_POINT('',(2.5,-0.75,0.98901));
#3624 = VECTOR('',#3625,1.);
#3625 = DIRECTION('',(-1.,3.445092848398E-16,0.));
#3626 = ORIENTED_EDGE('',*,*,#3627,.F.);
#3627 = EDGE_CURVE('',#3628,#3620,#3630,.T.);
#3628 = VERTEX_POINT('',#3629);
#3629 = CARTESIAN_POINT('',(2.28,-0.75,0.2222));
#3630 = LINE('',#3631,#3632);
#3631 = CARTESIAN_POINT('',(2.28,-0.75,0.));
#3632 = VECTOR('',#3633,1.);
#3633 = DIRECTION('',(0.,0.,1.));
#3634 = ORIENTED_EDGE('',*,*,#3635,.T.);
#3635 = EDGE_CURVE('',#3628,#3636,#3638,.T.);
#3636 = VERTEX_POINT('',#3637);
#3637 = CARTESIAN_POINT('',(2.225413939802,-0.75,0.2222));
#3638 = LINE('',#3639,#3640);
#3639 = CARTESIAN_POINT('',(2.28,-0.75,0.2222));
#3640 = VECTOR('',#3641,1.);
#3641 = DIRECTION('',(-1.,3.445092848398E-16,0.));
#3642 = ORIENTED_EDGE('',*,*,#3643,.F.);
#3643 = EDGE_CURVE('',#3644,#3636,#3646,.T.);
#3644 = VERTEX_POINT('',#3645);
#3645 = CARTESIAN_POINT('',(2.225259344883,-0.75,0.22));
#3646 = B_SPLINE_CURVE_WITH_KNOTS('',4,(#3647,#3648,#3649,#3650,#3651),
  .UNSPECIFIED.,.F.,.F.,(5,5),(0.,1.),.PIECEWISE_BEZIER_KNOTS.);
#3647 = CARTESIAN_POINT('',(2.225259344883,-0.75,0.22));
#3648 = CARTESIAN_POINT('',(2.238768685756,-0.75,0.412247910026));
#3649 = CARTESIAN_POINT('',(2.25227825666,-0.75,0.604499093572));
#3650 = CARTESIAN_POINT('',(2.265788033788,-0.75,0.796753211837));
#3651 = CARTESIAN_POINT('',(2.279297998531,-0.75,0.98901));
#3652 = ORIENTED_EDGE('',*,*,#3653,.F.);
#3653 = EDGE_CURVE('',#3654,#3644,#3656,.T.);
#3654 = VERTEX_POINT('',#3655);
#3655 = CARTESIAN_POINT('',(1.14,-0.75,0.22));
#3656 = LINE('',#3657,#3658);
#3657 = CARTESIAN_POINT('',(2.108163247245,-0.75,0.22));
#3658 = VECTOR('',#3659,1.);
#3659 = DIRECTION('',(1.,-2.844998265321E-16,-0.));
#3660 = ORIENTED_EDGE('',*,*,#3661,.F.);
#3661 = EDGE_CURVE('',#3472,#3654,#3662,.T.);
#3662 = LINE('',#3663,#3664);
#3663 = CARTESIAN_POINT('',(1.14,-0.75,0.));
#3664 = VECTOR('',#3665,1.);
#3665 = DIRECTION('',(0.,0.,1.));
#3666 = ORIENTED_EDGE('',*,*,#3471,.F.);
#3667 = PLANE('',#3668);
#3668 = AXIS2_PLACEMENT_3D('',#3669,#3670,#3671);
#3669 = CARTESIAN_POINT('',(1.991067149606,-0.75,0.303091083877));
#3670 = DIRECTION('',(-2.844998265321E-16,-1.,-7.396066644327E-17));
#3671 = DIRECTION('',(1.642256696039E-32,7.396066644327E-17,-1.));
#3672 = ADVANCED_FACE('',(#3673),#3684,.T.);
#3673 = FACE_BOUND('',#3674,.T.);
#3674 = EDGE_LOOP('',(#3675,#3676,#3677,#3683));
#3675 = ORIENTED_EDGE('',*,*,#3479,.F.);
#3676 = ORIENTED_EDGE('',*,*,#3661,.T.);
#3677 = ORIENTED_EDGE('',*,*,#3678,.F.);
#3678 = EDGE_CURVE('',#3512,#3654,#3679,.T.);
#3679 = LINE('',#3680,#3681);
#3680 = CARTESIAN_POINT('',(1.14,-1.022629672442,0.22));
#3681 = VECTOR('',#3682,1.);
#3682 = DIRECTION('',(-3.445092848398E-16,-1.,0.));
#3683 = ORIENTED_EDGE('',*,*,#3511,.F.);
#3684 = PLANE('',#3685);
#3685 = AXIS2_PLACEMENT_3D('',#3686,#3687,#3688);
#3686 = CARTESIAN_POINT('',(1.14,-0.75,0.));
#3687 = DIRECTION('',(-1.,3.445092848398E-16,0.));
#3688 = DIRECTION('',(3.445092848398E-16,1.,0.));
#3689 = ADVANCED_FACE('',(#3690),#3701,.T.);
#3690 = FACE_BOUND('',#3691,.T.);
#3691 = EDGE_LOOP('',(#3692,#3693,#3699,#3700));
#3692 = ORIENTED_EDGE('',*,*,#3493,.T.);
#3693 = ORIENTED_EDGE('',*,*,#3694,.T.);
#3694 = EDGE_CURVE('',#3496,#3603,#3695,.T.);
#3695 = LINE('',#3696,#3697);
#3696 = CARTESIAN_POINT('',(2.5,0.75,0.842343333333));
#3697 = VECTOR('',#3698,1.);
#3698 = DIRECTION('',(-3.445092848398E-16,-1.,0.));
#3699 = ORIENTED_EDGE('',*,*,#3602,.F.);
#3700 = ORIENTED_EDGE('',*,*,#3576,.F.);
#3701 = PLANE('',#3702);
#3702 = AXIS2_PLACEMENT_3D('',#3703,#3704,#3705);
#3703 = CARTESIAN_POINT('',(2.5,0.75,0.));
#3704 = DIRECTION('',(1.,-3.445092848398E-16,0.));
#3705 = DIRECTION('',(-3.445092848398E-16,-1.,0.));
#3706 = ADVANCED_FACE('',(#3707),#3718,.T.);
#3707 = FACE_BOUND('',#3708,.T.);
#3708 = EDGE_LOOP('',(#3709,#3710,#3716,#3717));
#3709 = ORIENTED_EDGE('',*,*,#3561,.T.);
#3710 = ORIENTED_EDGE('',*,*,#3711,.T.);
#3711 = EDGE_CURVE('',#3554,#3611,#3712,.T.);
#3712 = LINE('',#3713,#3714);
#3713 = CARTESIAN_POINT('',(2.353333333333,0.75,0.98901));
#3714 = VECTOR('',#3715,1.);
#3715 = DIRECTION('',(-3.445092848398E-16,-1.,0.));
#3716 = ORIENTED_EDGE('',*,*,#3610,.F.);
#3717 = ORIENTED_EDGE('',*,*,#3694,.F.);
#3718 = CYLINDRICAL_SURFACE('',#3719,0.146666666667);
#3719 = AXIS2_PLACEMENT_3D('',#3720,#3721,#3722);
#3720 = CARTESIAN_POINT('',(2.353333333333,0.75,0.842343333333));
#3721 = DIRECTION('',(-3.445092848398E-16,-1.,0.));
#3722 = DIRECTION('',(1.,-3.445092848398E-16,0.));
#3723 = ADVANCED_FACE('',(#3724),#3735,.F.);
#3724 = FACE_BOUND('',#3725,.F.);
#3725 = EDGE_LOOP('',(#3726,#3727,#3728,#3729));
#3726 = ORIENTED_EDGE('',*,*,#3553,.T.);
#3727 = ORIENTED_EDGE('',*,*,#3711,.T.);
#3728 = ORIENTED_EDGE('',*,*,#3619,.T.);
#3729 = ORIENTED_EDGE('',*,*,#3730,.T.);
#3730 = EDGE_CURVE('',#3620,#3546,#3731,.T.);
#3731 = LINE('',#3732,#3733);
#3732 = CARTESIAN_POINT('',(2.28,-0.75,0.98901));
#3733 = VECTOR('',#3734,1.);
#3734 = DIRECTION('',(3.445092848398E-16,1.,0.));
#3735 = PLANE('',#3736);
#3736 = AXIS2_PLACEMENT_3D('',#3737,#3738,#3739);
#3737 = CARTESIAN_POINT('',(2.39,-6.661338147751E-16,0.98901));
#3738 = DIRECTION('',(0.,0.,-1.));
#3739 = DIRECTION('',(3.445092848398E-16,1.,0.));
#3740 = ADVANCED_FACE('',(#3741),#3752,.T.);
#3741 = FACE_BOUND('',#3742,.T.);
#3742 = EDGE_LOOP('',(#3743,#3749,#3750,#3751));
#3743 = ORIENTED_EDGE('',*,*,#3744,.T.);
#3744 = EDGE_CURVE('',#3538,#3628,#3745,.T.);
#3745 = LINE('',#3746,#3747);
#3746 = CARTESIAN_POINT('',(2.28,0.75,0.2222));
#3747 = VECTOR('',#3748,1.);
#3748 = DIRECTION('',(-3.445092848398E-16,-1.,0.));
#3749 = ORIENTED_EDGE('',*,*,#3627,.T.);
#3750 = ORIENTED_EDGE('',*,*,#3730,.T.);
#3751 = ORIENTED_EDGE('',*,*,#3545,.F.);
#3752 = PLANE('',#3753);
#3753 = AXIS2_PLACEMENT_3D('',#3754,#3755,#3756);
#3754 = CARTESIAN_POINT('',(2.28,-0.75,0.));
#3755 = DIRECTION('',(-1.,3.445092848398E-16,0.));
#3756 = DIRECTION('',(3.445092848398E-16,1.,0.));
#3757 = ADVANCED_FACE('',(#3758),#3768,.F.);
#3758 = FACE_BOUND('',#3759,.F.);
#3759 = EDGE_LOOP('',(#3760,#3765,#3766,#3767));
#3760 = ORIENTED_EDGE('',*,*,#3761,.F.);
#3761 = EDGE_CURVE('',#3528,#3636,#3762,.T.);
#3762 = B_SPLINE_CURVE_WITH_KNOTS('',1,(#3763,#3764),.UNSPECIFIED.,.F.,
  .F.,(2,2),(0.,1.),.PIECEWISE_BEZIER_KNOTS.);
#3763 = CARTESIAN_POINT('',(2.225413939802,0.75,0.2222));
#3764 = CARTESIAN_POINT('',(2.225413939802,-0.75,0.2222));
#3765 = ORIENTED_EDGE('',*,*,#3537,.T.);
#3766 = ORIENTED_EDGE('',*,*,#3744,.T.);
#3767 = ORIENTED_EDGE('',*,*,#3635,.T.);
#3768 = PLANE('',#3769);
#3769 = AXIS2_PLACEMENT_3D('',#3770,#3771,#3772);
#3770 = CARTESIAN_POINT('',(1.71,-5.551115123126E-16,0.2222));
#3771 = DIRECTION('',(0.,0.,-1.));
#3772 = DIRECTION('',(3.445092848398E-16,1.,0.));
#3773 = ADVANCED_FACE('',(#3774),#3815,.T.);
#3774 = FACE_BOUND('',#3775,.T.);
#3775 = EDGE_LOOP('',(#3776,#3785,#3791,#3792,#3793,#3794,#3802,#3809));
#3776 = ORIENTED_EDGE('',*,*,#3777,.F.);
#3777 = EDGE_CURVE('',#3778,#3780,#3782,.T.);
#3778 = VERTEX_POINT('',#3779);
#3779 = CARTESIAN_POINT('',(2.225259344883,-1.295259344883,0.22));
#3780 = VERTEX_POINT('',#3781);
#3781 = CARTESIAN_POINT('',(2.28,-1.35,0.999));
#3782 = B_SPLINE_CURVE_WITH_KNOTS('',1,(#3783,#3784),.UNSPECIFIED.,.F.,
  .F.,(2,2),(0.,1.),.PIECEWISE_BEZIER_KNOTS.);
#3783 = CARTESIAN_POINT('',(2.225259344883,-1.295259344883,0.22));
#3784 = CARTESIAN_POINT('',(2.28,-1.35,0.999));
#3785 = ORIENTED_EDGE('',*,*,#3786,.T.);
#3786 = EDGE_CURVE('',#3778,#3644,#3787,.T.);
#3787 = LINE('',#3788,#3789);
#3788 = CARTESIAN_POINT('',(2.225259344883,-1.295259344883,0.22));
#3789 = VECTOR('',#3790,1.);
#3790 = DIRECTION('',(2.22044604925E-16,1.,0.));
#3791 = ORIENTED_EDGE('',*,*,#3643,.T.);
#3792 = ORIENTED_EDGE('',*,*,#3761,.F.);
#3793 = ORIENTED_EDGE('',*,*,#3527,.F.);
#3794 = ORIENTED_EDGE('',*,*,#3795,.T.);
#3795 = EDGE_CURVE('',#3520,#3796,#3798,.T.);
#3796 = VERTEX_POINT('',#3797);
#3797 = CARTESIAN_POINT('',(2.225259344883,1.295259344883,0.22));
#3798 = LINE('',#3799,#3800);
#3799 = CARTESIAN_POINT('',(2.225259344883,-1.295259344883,0.22));
#3800 = VECTOR('',#3801,1.);
#3801 = DIRECTION('',(2.22044604925E-16,1.,0.));
#3802 = ORIENTED_EDGE('',*,*,#3803,.T.);
#3803 = EDGE_CURVE('',#3796,#3804,#3806,.T.);
#3804 = VERTEX_POINT('',#3805);
#3805 = CARTESIAN_POINT('',(2.28,1.35,0.999));
#3806 = B_SPLINE_CURVE_WITH_KNOTS('',1,(#3807,#3808),.UNSPECIFIED.,.F.,
  .F.,(2,2),(0.,1.),.PIECEWISE_BEZIER_KNOTS.);
#3807 = CARTESIAN_POINT('',(2.225259344883,1.295259344883,0.22));
#3808 = CARTESIAN_POINT('',(2.28,1.35,0.999));
#3809 = ORIENTED_EDGE('',*,*,#3810,.F.);
#3810 = EDGE_CURVE('',#3780,#3804,#3811,.T.);
#3811 = LINE('',#3812,#3813);
#3812 = CARTESIAN_POINT('',(2.28,-1.35,0.999));
#3813 = VECTOR('',#3814,1.);
#3814 = DIRECTION('',(2.22044604925E-16,1.,0.));
#3815 = B_SPLINE_SURFACE_WITH_KNOTS('',1,1,(
    (#3816,#3817)
    ,(#3818,#3819
    )),.UNSPECIFIED.,.F.,.F.,.F.,(2,2),(2,2),(0.,2.7),(0.,1.),
  .PIECEWISE_BEZIER_KNOTS.);
#3816 = CARTESIAN_POINT('',(2.225259344883,-1.295259344883,0.22));
#3817 = CARTESIAN_POINT('',(2.28,-1.35,0.999));
#3818 = CARTESIAN_POINT('',(2.225259344883,1.295259344883,0.22));
#3819 = CARTESIAN_POINT('',(2.28,1.35,0.999));
#3820 = ADVANCED_FACE('',(#3821),#3850,.T.);
#3821 = FACE_BOUND('',#3822,.T.);
#3822 = EDGE_LOOP('',(#3823,#3824,#3832,#3840,#3846,#3847,#3848,#3849));
#3823 = ORIENTED_EDGE('',*,*,#3786,.F.);
#3824 = ORIENTED_EDGE('',*,*,#3825,.F.);
#3825 = EDGE_CURVE('',#3826,#3778,#3828,.T.);
#3826 = VERTEX_POINT('',#3827);
#3827 = CARTESIAN_POINT('',(1.1,-1.295259344883,0.22));
#3828 = LINE('',#3829,#3830);
#3829 = CARTESIAN_POINT('',(-2.225259344883,-1.295259344883,0.22));
#3830 = VECTOR('',#3831,1.);
#3831 = DIRECTION('',(1.,-2.22044604925E-16,0.));
#3832 = ORIENTED_EDGE('',*,*,#3833,.T.);
#3833 = EDGE_CURVE('',#3826,#3834,#3836,.T.);
#3834 = VERTEX_POINT('',#3835);
#3835 = CARTESIAN_POINT('',(1.1,1.295259344883,0.22));
#3836 = LINE('',#3837,#3838);
#3837 = CARTESIAN_POINT('',(1.1,-1.295259344883,0.22));
#3838 = VECTOR('',#3839,1.);
#3839 = DIRECTION('',(2.22044604925E-16,1.,0.));
#3840 = ORIENTED_EDGE('',*,*,#3841,.F.);
#3841 = EDGE_CURVE('',#3796,#3834,#3842,.T.);
#3842 = LINE('',#3843,#3844);
#3843 = CARTESIAN_POINT('',(2.225259344883,1.295259344883,0.22));
#3844 = VECTOR('',#3845,1.);
#3845 = DIRECTION('',(-1.,2.22044604925E-16,0.));
#3846 = ORIENTED_EDGE('',*,*,#3795,.F.);
#3847 = ORIENTED_EDGE('',*,*,#3519,.T.);
#3848 = ORIENTED_EDGE('',*,*,#3678,.T.);
#3849 = ORIENTED_EDGE('',*,*,#3653,.T.);
#3850 = PLANE('',#3851);
#3851 = AXIS2_PLACEMENT_3D('',#3852,#3853,#3854);
#3852 = CARTESIAN_POINT('',(2.225259344883,-1.295259344883,0.22));
#3853 = DIRECTION('',(0.,0.,-1.));
#3854 = DIRECTION('',(-0.864253276514,0.503056929218,0.));
#3855 = ADVANCED_FACE('',(#3856),#3889,.T.);
#3856 = FACE_BOUND('',#3857,.T.);
#3857 = EDGE_LOOP('',(#3858,#3868,#3874,#3875,#3876,#3884));
#3858 = ORIENTED_EDGE('',*,*,#3859,.T.);
#3859 = EDGE_CURVE('',#3860,#3862,#3864,.T.);
#3860 = VERTEX_POINT('',#3861);
#3861 = CARTESIAN_POINT('',(-2.225259344883,-1.295259344883,0.22));
#3862 = VERTEX_POINT('',#3863);
#3863 = CARTESIAN_POINT('',(-1.1,-1.295259344883,0.22));
#3864 = LINE('',#3865,#3866);
#3865 = CARTESIAN_POINT('',(-2.225259344883,-1.295259344883,0.22));
#3866 = VECTOR('',#3867,1.);
#3867 = DIRECTION('',(1.,-2.22044604925E-16,0.));
#3868 = ORIENTED_EDGE('',*,*,#3869,.T.);
#3869 = EDGE_CURVE('',#3862,#3826,#3870,.T.);
#3870 = LINE('',#3871,#3872);
#3871 = CARTESIAN_POINT('',(-1.1,-1.295259344883,0.22));
#3872 = VECTOR('',#3873,1.);
#3873 = DIRECTION('',(1.,-2.22044604925E-16,0.));
#3874 = ORIENTED_EDGE('',*,*,#3825,.T.);
#3875 = ORIENTED_EDGE('',*,*,#3777,.T.);
#3876 = ORIENTED_EDGE('',*,*,#3877,.F.);
#3877 = EDGE_CURVE('',#3878,#3780,#3880,.T.);
#3878 = VERTEX_POINT('',#3879);
#3879 = CARTESIAN_POINT('',(-2.28,-1.35,0.999));
#3880 = LINE('',#3881,#3882);
#3881 = CARTESIAN_POINT('',(-2.28,-1.35,0.999));
#3882 = VECTOR('',#3883,1.);
#3883 = DIRECTION('',(1.,-2.22044604925E-16,0.));
#3884 = ORIENTED_EDGE('',*,*,#3885,.F.);
#3885 = EDGE_CURVE('',#3860,#3878,#3886,.T.);
#3886 = B_SPLINE_CURVE_WITH_KNOTS('',1,(#3887,#3888),.UNSPECIFIED.,.F.,
  .F.,(2,2),(0.,1.),.PIECEWISE_BEZIER_KNOTS.);
#3887 = CARTESIAN_POINT('',(-2.225259344883,-1.295259344883,0.22));
#3888 = CARTESIAN_POINT('',(-2.28,-1.35,0.999));
#3889 = B_SPLINE_SURFACE_WITH_KNOTS('',1,1,(
    (#3890,#3891)
    ,(#3892,#3893
    )),.UNSPECIFIED.,.F.,.F.,.F.,(2,2),(2,2),(0.,4.56),(0.,1.),
  .PIECEWISE_BEZIER_KNOTS.);
#3890 = CARTESIAN_POINT('',(-2.225259344883,-1.295259344883,0.22));
#3891 = CARTESIAN_POINT('',(-2.28,-1.35,0.999));
#3892 = CARTESIAN_POINT('',(2.225259344883,-1.295259344883,0.22));
#3893 = CARTESIAN_POINT('',(2.28,-1.35,0.999));
#3894 = ADVANCED_FACE('',(#3895),#3918,.T.);
#3895 = FACE_BOUND('',#3896,.T.);
#3896 = EDGE_LOOP('',(#3897,#3898,#3905,#3913));
#3897 = ORIENTED_EDGE('',*,*,#3810,.T.);
#3898 = ORIENTED_EDGE('',*,*,#3899,.T.);
#3899 = EDGE_CURVE('',#3804,#3900,#3902,.T.);
#3900 = VERTEX_POINT('',#3901);
#3901 = CARTESIAN_POINT('',(2.194199820414,1.264199820414,2.22));
#3902 = B_SPLINE_CURVE_WITH_KNOTS('',1,(#3903,#3904),.UNSPECIFIED.,.F.,
  .F.,(2,2),(0.,1.),.PIECEWISE_BEZIER_KNOTS.);
#3903 = CARTESIAN_POINT('',(2.28,1.35,0.999));
#3904 = CARTESIAN_POINT('',(2.194199820414,1.264199820414,2.22));
#3905 = ORIENTED_EDGE('',*,*,#3906,.F.);
#3906 = EDGE_CURVE('',#3907,#3900,#3909,.T.);
#3907 = VERTEX_POINT('',#3908);
#3908 = CARTESIAN_POINT('',(2.194199820414,-1.264199820414,2.22));
#3909 = LINE('',#3910,#3911);
#3910 = CARTESIAN_POINT('',(2.194199820414,-1.264199820414,2.22));
#3911 = VECTOR('',#3912,1.);
#3912 = DIRECTION('',(2.22044604925E-16,1.,0.));
#3913 = ORIENTED_EDGE('',*,*,#3914,.F.);
#3914 = EDGE_CURVE('',#3780,#3907,#3915,.T.);
#3915 = B_SPLINE_CURVE_WITH_KNOTS('',1,(#3916,#3917),.UNSPECIFIED.,.F.,
  .F.,(2,2),(0.,1.),.PIECEWISE_BEZIER_KNOTS.);
#3916 = CARTESIAN_POINT('',(2.28,-1.35,0.999));
#3917 = CARTESIAN_POINT('',(2.194199820414,-1.264199820414,2.22));
#3918 = B_SPLINE_SURFACE_WITH_KNOTS('',1,1,(
    (#3919,#3920)
    ,(#3921,#3922
    )),.UNSPECIFIED.,.F.,.F.,.F.,(2,2),(2,2),(0.,2.7),(0.,1.),
  .PIECEWISE_BEZIER_KNOTS.);
#3919 = CARTESIAN_POINT('',(2.28,-1.35,0.999));
#3920 = CARTESIAN_POINT('',(2.194199820414,-1.264199820414,2.22));
#3921 = CARTESIAN_POINT('',(2.28,1.35,0.999));
#3922 = CARTESIAN_POINT('',(2.194199820414,1.264199820414,2.22));
#3923 = ADVANCED_FACE('',(#3924),#3957,.T.);
#3924 = FACE_BOUND('',#3925,.T.);
#3925 = EDGE_LOOP('',(#3926,#3927,#3935,#3943,#3950,#3956));
#3926 = ORIENTED_EDGE('',*,*,#3841,.T.);
#3927 = ORIENTED_EDGE('',*,*,#3928,.T.);
#3928 = EDGE_CURVE('',#3834,#3929,#3931,.T.);
#3929 = VERTEX_POINT('',#3930);
#3930 = CARTESIAN_POINT('',(-1.1,1.295259344883,0.22));
#3931 = LINE('',#3932,#3933);
#3932 = CARTESIAN_POINT('',(1.1,1.295259344883,0.22));
#3933 = VECTOR('',#3934,1.);
#3934 = DIRECTION('',(-1.,2.22044604925E-16,0.));
#3935 = ORIENTED_EDGE('',*,*,#3936,.T.);
#3936 = EDGE_CURVE('',#3929,#3937,#3939,.T.);
#3937 = VERTEX_POINT('',#3938);
#3938 = CARTESIAN_POINT('',(-2.225259344883,1.295259344883,0.22));
#3939 = LINE('',#3940,#3941);
#3940 = CARTESIAN_POINT('',(2.225259344883,1.295259344883,0.22));
#3941 = VECTOR('',#3942,1.);
#3942 = DIRECTION('',(-1.,2.22044604925E-16,0.));
#3943 = ORIENTED_EDGE('',*,*,#3944,.T.);
#3944 = EDGE_CURVE('',#3937,#3945,#3947,.T.);
#3945 = VERTEX_POINT('',#3946);
#3946 = CARTESIAN_POINT('',(-2.28,1.35,0.999));
#3947 = B_SPLINE_CURVE_WITH_KNOTS('',1,(#3948,#3949),.UNSPECIFIED.,.F.,
  .F.,(2,2),(0.,1.),.PIECEWISE_BEZIER_KNOTS.);
#3948 = CARTESIAN_POINT('',(-2.225259344883,1.295259344883,0.22));
#3949 = CARTESIAN_POINT('',(-2.28,1.35,0.999));
#3950 = ORIENTED_EDGE('',*,*,#3951,.F.);
#3951 = EDGE_CURVE('',#3804,#3945,#3952,.T.);
#3952 = LINE('',#3953,#3954);
#3953 = CARTESIAN_POINT('',(2.28,1.35,0.999));
#3954 = VECTOR('',#3955,1.);
#3955 = DIRECTION('',(-1.,2.22044604925E-16,0.));
#3956 = ORIENTED_EDGE('',*,*,#3803,.F.);
#3957 = B_SPLINE_SURFACE_WITH_KNOTS('',1,1,(
    (#3958,#3959)
    ,(#3960,#3961
    )),.UNSPECIFIED.,.F.,.F.,.F.,(2,2),(2,2),(0.,4.56),(0.,1.),
  .PIECEWISE_BEZIER_KNOTS.);
#3958 = CARTESIAN_POINT('',(2.225259344883,1.295259344883,0.22));
#3959 = CARTESIAN_POINT('',(2.28,1.35,0.999));
#3960 = CARTESIAN_POINT('',(-2.225259344883,1.295259344883,0.22));
#3961 = CARTESIAN_POINT('',(-2.28,1.35,0.999));
#3962 = ADVANCED_FACE('',(#3963),#3986,.T.);
#3963 = FACE_BOUND('',#3964,.T.);
#3964 = EDGE_LOOP('',(#3965,#3975,#3980,#3981));
#3965 = ORIENTED_EDGE('',*,*,#3966,.T.);
#3966 = EDGE_CURVE('',#3967,#3969,#3971,.T.);
#3967 = VERTEX_POINT('',#3968);
#3968 = CARTESIAN_POINT('',(1.1,-1.279799853066,0.));
#3969 = VERTEX_POINT('',#3970);
#3970 = CARTESIAN_POINT('',(1.1,1.279799853066,0.));
#3971 = LINE('',#3972,#3973);
#3972 = CARTESIAN_POINT('',(1.1,-1.279799853066,0.));
#3973 = VECTOR('',#3974,1.);
#3974 = DIRECTION('',(2.22044604925E-16,1.,0.));
#3975 = ORIENTED_EDGE('',*,*,#3976,.T.);
#3976 = EDGE_CURVE('',#3969,#3834,#3977,.T.);
#3977 = B_SPLINE_CURVE_WITH_KNOTS('',1,(#3978,#3979),.UNSPECIFIED.,.F.,
  .F.,(2,2),(0.,1.),.PIECEWISE_BEZIER_KNOTS.);
#3978 = CARTESIAN_POINT('',(1.1,1.279799853066,0.));
#3979 = CARTESIAN_POINT('',(1.1,1.295259344883,0.22));
#3980 = ORIENTED_EDGE('',*,*,#3833,.F.);
#3981 = ORIENTED_EDGE('',*,*,#3982,.F.);
#3982 = EDGE_CURVE('',#3967,#3826,#3983,.T.);
#3983 = B_SPLINE_CURVE_WITH_KNOTS('',1,(#3984,#3985),.UNSPECIFIED.,.F.,
  .F.,(2,2),(0.,1.),.PIECEWISE_BEZIER_KNOTS.);
#3984 = CARTESIAN_POINT('',(1.1,-1.279799853066,0.));
#3985 = CARTESIAN_POINT('',(1.1,-1.295259344883,0.22));
#3986 = B_SPLINE_SURFACE_WITH_KNOTS('',1,1,(
    (#3987,#3988)
    ,(#3989,#3990
    )),.UNSPECIFIED.,.F.,.F.,.F.,(2,2),(2,2),(0.,2.590518689767),(0.,1.)
  ,.PIECEWISE_BEZIER_KNOTS.);
#3987 = CARTESIAN_POINT('',(1.1,-1.279799853066,0.));
#3988 = CARTESIAN_POINT('',(1.1,-1.295259344883,0.22));
#3989 = CARTESIAN_POINT('',(1.1,1.279799853066,0.));
#3990 = CARTESIAN_POINT('',(1.1,1.295259344883,0.22));
#3991 = ADVANCED_FACE('',(#3992),#4040,.T.);
#3992 = FACE_BOUND('',#3993,.T.);
#3993 = EDGE_LOOP('',(#3994,#3995,#4001,#4002,#4010,#4018,#4026,#4034));
#3994 = ORIENTED_EDGE('',*,*,#3936,.F.);
#3995 = ORIENTED_EDGE('',*,*,#3996,.T.);
#3996 = EDGE_CURVE('',#3929,#3862,#3997,.T.);
#3997 = LINE('',#3998,#3999);
#3998 = CARTESIAN_POINT('',(-1.1,1.295259344883,0.22));
#3999 = VECTOR('',#4000,1.);
#4000 = DIRECTION('',(-2.22044604925E-16,-1.,0.));
#4001 = ORIENTED_EDGE('',*,*,#3859,.F.);
#4002 = ORIENTED_EDGE('',*,*,#4003,.F.);
#4003 = EDGE_CURVE('',#4004,#3860,#4006,.T.);
#4004 = VERTEX_POINT('',#4005);
#4005 = CARTESIAN_POINT('',(-2.225259344883,-0.75,0.22));
#4006 = LINE('',#4007,#4008);
#4007 = CARTESIAN_POINT('',(-2.225259344883,1.295259344883,0.22));
#4008 = VECTOR('',#4009,1.);
#4009 = DIRECTION('',(-2.22044604925E-16,-1.,0.));
#4010 = ORIENTED_EDGE('',*,*,#4011,.T.);
#4011 = EDGE_CURVE('',#4004,#4012,#4014,.T.);
#4012 = VERTEX_POINT('',#4013);
#4013 = CARTESIAN_POINT('',(-1.14,-0.75,0.22));
#4014 = LINE('',#4015,#4016);
#4015 = CARTESIAN_POINT('',(0.117096097639,-0.75,0.22));
#4016 = VECTOR('',#4017,1.);
#4017 = DIRECTION('',(1.,-2.22044604925E-16,0.));
#4018 = ORIENTED_EDGE('',*,*,#4019,.T.);
#4019 = EDGE_CURVE('',#4012,#4020,#4022,.T.);
#4020 = VERTEX_POINT('',#4021);
#4021 = CARTESIAN_POINT('',(-1.14,0.75,0.22));
#4022 = LINE('',#4023,#4024);
#4023 = CARTESIAN_POINT('',(-1.14,-0.272629672442,0.22));
#4024 = VECTOR('',#4025,1.);
#4025 = DIRECTION('',(2.22044604925E-16,1.,0.));
#4026 = ORIENTED_EDGE('',*,*,#4027,.T.);
#4027 = EDGE_CURVE('',#4020,#4028,#4030,.T.);
#4028 = VERTEX_POINT('',#4029);
#4029 = CARTESIAN_POINT('',(-2.225259344883,0.75,0.22));
#4030 = LINE('',#4031,#4032);
#4031 = CARTESIAN_POINT('',(0.117096097639,0.75,0.22));
#4032 = VECTOR('',#4033,1.);
#4033 = DIRECTION('',(-1.,2.22044604925E-16,0.));
#4034 = ORIENTED_EDGE('',*,*,#4035,.F.);
#4035 = EDGE_CURVE('',#3937,#4028,#4036,.T.);
#4036 = LINE('',#4037,#4038);
#4037 = CARTESIAN_POINT('',(-2.225259344883,1.295259344883,0.22));
#4038 = VECTOR('',#4039,1.);
#4039 = DIRECTION('',(-2.22044604925E-16,-1.,0.));
#4040 = PLANE('',#4041);
#4041 = AXIS2_PLACEMENT_3D('',#4042,#4043,#4044);
#4042 = CARTESIAN_POINT('',(2.225259344883,-1.295259344883,0.22));
#4043 = DIRECTION('',(0.,0.,-1.));
#4044 = DIRECTION('',(-0.864253276514,0.503056929218,0.));
#4045 = ADVANCED_FACE('',(#4046),#4083,.T.);
#4046 = FACE_BOUND('',#4047,.T.);
#4047 = EDGE_LOOP('',(#4048,#4049,#4050,#4060,#4067,#4075,#4076,#4077));
#4048 = ORIENTED_EDGE('',*,*,#3944,.F.);
#4049 = ORIENTED_EDGE('',*,*,#4035,.T.);
#4050 = ORIENTED_EDGE('',*,*,#4051,.T.);
#4051 = EDGE_CURVE('',#4028,#4052,#4054,.T.);
#4052 = VERTEX_POINT('',#4053);
#4053 = CARTESIAN_POINT('',(-2.225413939802,0.75,0.2222));
#4054 = B_SPLINE_CURVE_WITH_KNOTS('',4,(#4055,#4056,#4057,#4058,#4059),
  .UNSPECIFIED.,.F.,.F.,(5,5),(0.,1.),.PIECEWISE_BEZIER_KNOTS.);
#4055 = CARTESIAN_POINT('',(-2.225259344883,0.75,0.22));
#4056 = CARTESIAN_POINT('',(-2.238768685756,0.75,0.412247910026));
#4057 = CARTESIAN_POINT('',(-2.25227825666,0.75,0.604499093572));
#4058 = CARTESIAN_POINT('',(-2.265788033788,0.75,0.796753211837));
#4059 = CARTESIAN_POINT('',(-2.279297998531,0.75,0.98901));
#4060 = ORIENTED_EDGE('',*,*,#4061,.F.);
#4061 = EDGE_CURVE('',#4062,#4052,#4064,.T.);
#4062 = VERTEX_POINT('',#4063);
#4063 = CARTESIAN_POINT('',(-2.225413939802,-0.75,0.2222));
#4064 = B_SPLINE_CURVE_WITH_KNOTS('',1,(#4065,#4066),.UNSPECIFIED.,.F.,
  .F.,(2,2),(0.,1.),.PIECEWISE_BEZIER_KNOTS.);
#4065 = CARTESIAN_POINT('',(-2.225413939802,-0.75,0.2222));
#4066 = CARTESIAN_POINT('',(-2.225413939802,0.75,0.2222));
#4067 = ORIENTED_EDGE('',*,*,#4068,.F.);
#4068 = EDGE_CURVE('',#4004,#4062,#4069,.T.);
#4069 = B_SPLINE_CURVE_WITH_KNOTS('',4,(#4070,#4071,#4072,#4073,#4074),
  .UNSPECIFIED.,.F.,.F.,(5,5),(0.,1.),.PIECEWISE_BEZIER_KNOTS.);
#4070 = CARTESIAN_POINT('',(-2.225259344883,-0.75,0.22));
#4071 = CARTESIAN_POINT('',(-2.238768685756,-0.75,0.412247910026));
#4072 = CARTESIAN_POINT('',(-2.25227825666,-0.75,0.604499093572));
#4073 = CARTESIAN_POINT('',(-2.265788033788,-0.75,0.796753211837));
#4074 = CARTESIAN_POINT('',(-2.279297998531,-0.75,0.98901));
#4075 = ORIENTED_EDGE('',*,*,#4003,.T.);
#4076 = ORIENTED_EDGE('',*,*,#3885,.T.);
#4077 = ORIENTED_EDGE('',*,*,#4078,.F.);
#4078 = EDGE_CURVE('',#3945,#3878,#4079,.T.);
#4079 = LINE('',#4080,#4081);
#4080 = CARTESIAN_POINT('',(-2.28,1.35,0.999));
#4081 = VECTOR('',#4082,1.);
#4082 = DIRECTION('',(-2.22044604925E-16,-1.,0.));
#4083 = B_SPLINE_SURFACE_WITH_KNOTS('',1,1,(
    (#4084,#4085)
    ,(#4086,#4087
    )),.UNSPECIFIED.,.F.,.F.,.F.,(2,2),(2,2),(0.,2.7),(0.,1.),
  .PIECEWISE_BEZIER_KNOTS.);
#4084 = CARTESIAN_POINT('',(-2.225259344883,1.295259344883,0.22));
#4085 = CARTESIAN_POINT('',(-2.28,1.35,0.999));
#4086 = CARTESIAN_POINT('',(-2.225259344883,-1.295259344883,0.22));
#4087 = CARTESIAN_POINT('',(-2.28,-1.35,0.999));
#4088 = ADVANCED_FACE('',(#4089),#4106,.T.);
#4089 = FACE_BOUND('',#4090,.T.);
#4090 = EDGE_LOOP('',(#4091,#4099,#4100,#4101));
#4091 = ORIENTED_EDGE('',*,*,#4092,.T.);
#4092 = EDGE_CURVE('',#4093,#3967,#4095,.T.);
#4093 = VERTEX_POINT('',#4094);
#4094 = CARTESIAN_POINT('',(-1.1,-1.279799853066,0.));
#4095 = LINE('',#4096,#4097);
#4096 = CARTESIAN_POINT('',(-1.1,-1.279799853066,0.));
#4097 = VECTOR('',#4098,1.);
#4098 = DIRECTION('',(1.,-2.22044604925E-16,0.));
#4099 = ORIENTED_EDGE('',*,*,#3982,.T.);
#4100 = ORIENTED_EDGE('',*,*,#3869,.F.);
#4101 = ORIENTED_EDGE('',*,*,#4102,.F.);
#4102 = EDGE_CURVE('',#4093,#3862,#4103,.T.);
#4103 = B_SPLINE_CURVE_WITH_KNOTS('',1,(#4104,#4105),.UNSPECIFIED.,.F.,
  .F.,(2,2),(0.,1.),.PIECEWISE_BEZIER_KNOTS.);
#4104 = CARTESIAN_POINT('',(-1.1,-1.279799853066,0.));
#4105 = CARTESIAN_POINT('',(-1.1,-1.295259344883,0.22));
#4106 = PLANE('',#4107);
#4107 = AXIS2_PLACEMENT_3D('',#4108,#4109,#4110);
#4108 = CARTESIAN_POINT('',(-1.1,-1.295259344883,0.22));
#4109 = DIRECTION('',(-2.214984063823E-16,-0.997540140447,
    -7.009756199374E-02));
#4110 = DIRECTION('',(1.,-2.22044604925E-16,-1.177128382009E-30));
#4111 = ADVANCED_FACE('',(#4112),#4129,.T.);
#4112 = FACE_BOUND('',#4113,.T.);
#4113 = EDGE_LOOP('',(#4114,#4115,#4116,#4124));
#4114 = ORIENTED_EDGE('',*,*,#3877,.T.);
#4115 = ORIENTED_EDGE('',*,*,#3914,.T.);
#4116 = ORIENTED_EDGE('',*,*,#4117,.F.);
#4117 = EDGE_CURVE('',#4118,#3907,#4120,.T.);
#4118 = VERTEX_POINT('',#4119);
#4119 = CARTESIAN_POINT('',(-2.194199820414,-1.264199820414,2.22));
#4120 = LINE('',#4121,#4122);
#4121 = CARTESIAN_POINT('',(-2.194199820414,-1.264199820414,2.22));
#4122 = VECTOR('',#4123,1.);
#4123 = DIRECTION('',(1.,-2.22044604925E-16,0.));
#4124 = ORIENTED_EDGE('',*,*,#4125,.F.);
#4125 = EDGE_CURVE('',#3878,#4118,#4126,.T.);
#4126 = B_SPLINE_CURVE_WITH_KNOTS('',1,(#4127,#4128),.UNSPECIFIED.,.F.,
  .F.,(2,2),(0.,1.),.PIECEWISE_BEZIER_KNOTS.);
#4127 = CARTESIAN_POINT('',(-2.28,-1.35,0.999));
#4128 = CARTESIAN_POINT('',(-2.194199820414,-1.264199820414,2.22));
#4129 = B_SPLINE_SURFACE_WITH_KNOTS('',1,1,(
    (#4130,#4131)
    ,(#4132,#4133
    )),.UNSPECIFIED.,.F.,.F.,.F.,(2,2),(2,2),(0.,4.56),(0.,1.),
  .PIECEWISE_BEZIER_KNOTS.);
#4130 = CARTESIAN_POINT('',(-2.28,-1.35,0.999));
#4131 = CARTESIAN_POINT('',(-2.194199820414,-1.264199820414,2.22));
#4132 = CARTESIAN_POINT('',(2.28,-1.35,0.999));
#4133 = CARTESIAN_POINT('',(2.194199820414,-1.264199820414,2.22));
#4134 = ADVANCED_FACE('',(#4135),#4152,.T.);
#4135 = FACE_BOUND('',#4136,.T.);
#4136 = EDGE_LOOP('',(#4137,#4138,#4145,#4151));
#4137 = ORIENTED_EDGE('',*,*,#3951,.T.);
#4138 = ORIENTED_EDGE('',*,*,#4139,.T.);
#4139 = EDGE_CURVE('',#3945,#4140,#4142,.T.);
#4140 = VERTEX_POINT('',#4141);
#4141 = CARTESIAN_POINT('',(-2.194199820414,1.264199820414,2.22));
#4142 = B_SPLINE_CURVE_WITH_KNOTS('',1,(#4143,#4144),.UNSPECIFIED.,.F.,
  .F.,(2,2),(0.,1.),.PIECEWISE_BEZIER_KNOTS.);
#4143 = CARTESIAN_POINT('',(-2.28,1.35,0.999));
#4144 = CARTESIAN_POINT('',(-2.194199820414,1.264199820414,2.22));
#4145 = ORIENTED_EDGE('',*,*,#4146,.F.);
#4146 = EDGE_CURVE('',#3900,#4140,#4147,.T.);
#4147 = LINE('',#4148,#4149);
#4148 = CARTESIAN_POINT('',(2.194199820414,1.264199820414,2.22));
#4149 = VECTOR('',#4150,1.);
#4150 = DIRECTION('',(-1.,2.22044604925E-16,0.));
#4151 = ORIENTED_EDGE('',*,*,#3899,.F.);
#4152 = B_SPLINE_SURFACE_WITH_KNOTS('',1,1,(
    (#4153,#4154)
    ,(#4155,#4156
    )),.UNSPECIFIED.,.F.,.F.,.F.,(2,2),(2,2),(0.,4.56),(0.,1.),
  .PIECEWISE_BEZIER_KNOTS.);
#4153 = CARTESIAN_POINT('',(2.28,1.35,0.999));
#4154 = CARTESIAN_POINT('',(2.194199820414,1.264199820414,2.22));
#4155 = CARTESIAN_POINT('',(-2.28,1.35,0.999));
#4156 = CARTESIAN_POINT('',(-2.194199820414,1.264199820414,2.22));
#4157 = ADVANCED_FACE('',(#4158,#4169),#4203,.F.);
#4158 = FACE_BOUND('',#4159,.F.);
#4159 = EDGE_LOOP('',(#4160,#4161,#4162,#4168));
#4160 = ORIENTED_EDGE('',*,*,#3906,.F.);
#4161 = ORIENTED_EDGE('',*,*,#4117,.F.);
#4162 = ORIENTED_EDGE('',*,*,#4163,.F.);
#4163 = EDGE_CURVE('',#4140,#4118,#4164,.T.);
#4164 = LINE('',#4165,#4166);
#4165 = CARTESIAN_POINT('',(-2.194199820414,1.264199820414,2.22));
#4166 = VECTOR('',#4167,1.);
#4167 = DIRECTION('',(-2.22044604925E-16,-1.,0.));
#4168 = ORIENTED_EDGE('',*,*,#4146,.F.);
#4169 = FACE_BOUND('',#4170,.F.);
#4170 = EDGE_LOOP('',(#4171,#4181,#4189,#4197));
#4171 = ORIENTED_EDGE('',*,*,#4172,.T.);
#4172 = EDGE_CURVE('',#4173,#4175,#4177,.T.);
#4173 = VERTEX_POINT('',#4174);
#4174 = CARTESIAN_POINT('',(-1.508399640828,1.178399640828,2.22));
#4175 = VERTEX_POINT('',#4176);
#4176 = CARTESIAN_POINT('',(-2.108399640828,1.178399640828,2.22));
#4177 = LINE('',#4178,#4179);
#4178 = CARTESIAN_POINT('',(-1.508399640828,1.178399640828,2.22));
#4179 = VECTOR('',#4180,1.);
#4180 = DIRECTION('',(-1.,2.22044604925E-16,0.));
#4181 = ORIENTED_EDGE('',*,*,#4182,.T.);
#4182 = EDGE_CURVE('',#4175,#4183,#4185,.T.);
#4183 = VERTEX_POINT('',#4184);
#4184 = CARTESIAN_POINT('',(-2.108399640828,-1.178399640828,2.22));
#4185 = LINE('',#4186,#4187);
#4186 = CARTESIAN_POINT('',(-2.108399640828,1.178399640828,2.22));
#4187 = VECTOR('',#4188,1.);
#4188 = DIRECTION('',(-2.22044604925E-16,-1.,0.));
#4189 = ORIENTED_EDGE('',*,*,#4190,.T.);
#4190 = EDGE_CURVE('',#4183,#4191,#4193,.T.);
#4191 = VERTEX_POINT('',#4192);
#4192 = CARTESIAN_POINT('',(-1.508399640828,-1.178399640828,2.22));
#4193 = LINE('',#4194,#4195);
#4194 = CARTESIAN_POINT('',(-2.108399640828,-1.178399640828,2.22));
#4195 = VECTOR('',#4196,1.);
#4196 = DIRECTION('',(1.,-2.22044604925E-16,0.));
#4197 = ORIENTED_EDGE('',*,*,#4198,.T.);
#4198 = EDGE_CURVE('',#4191,#4173,#4199,.T.);
#4199 = LINE('',#4200,#4201);
#4200 = CARTESIAN_POINT('',(-1.508399640828,-1.178399640828,2.22));
#4201 = VECTOR('',#4202,1.);
#4202 = DIRECTION('',(2.22044604925E-16,1.,0.));
#4203 = PLANE('',#4204);
#4204 = AXIS2_PLACEMENT_3D('',#4205,#4206,#4207);
#4205 = CARTESIAN_POINT('',(2.194199820414,-1.264199820414,2.22));
#4206 = DIRECTION('',(0.,0.,-1.));
#4207 = DIRECTION('',(-0.866473406918,0.499223231735,0.));
#4208 = ADVANCED_FACE('',(#4209),#4226,.T.);
#4209 = FACE_BOUND('',#4210,.T.);
#4210 = EDGE_LOOP('',(#4211,#4219,#4224,#4225));
#4211 = ORIENTED_EDGE('',*,*,#4212,.T.);
#4212 = EDGE_CURVE('',#3969,#4213,#4215,.T.);
#4213 = VERTEX_POINT('',#4214);
#4214 = CARTESIAN_POINT('',(-1.1,1.279799853066,0.));
#4215 = LINE('',#4216,#4217);
#4216 = CARTESIAN_POINT('',(1.1,1.279799853066,0.));
#4217 = VECTOR('',#4218,1.);
#4218 = DIRECTION('',(-1.,2.22044604925E-16,0.));
#4219 = ORIENTED_EDGE('',*,*,#4220,.T.);
#4220 = EDGE_CURVE('',#4213,#3929,#4221,.T.);
#4221 = B_SPLINE_CURVE_WITH_KNOTS('',1,(#4222,#4223),.UNSPECIFIED.,.F.,
  .F.,(2,2),(0.,1.),.PIECEWISE_BEZIER_KNOTS.);
#4222 = CARTESIAN_POINT('',(-1.1,1.279799853066,0.));
#4223 = CARTESIAN_POINT('',(-1.1,1.295259344883,0.22));
#4224 = ORIENTED_EDGE('',*,*,#3928,.F.);
#4225 = ORIENTED_EDGE('',*,*,#3976,.F.);
#4226 = PLANE('',#4227);
#4227 = AXIS2_PLACEMENT_3D('',#4228,#4229,#4230);
#4228 = CARTESIAN_POINT('',(1.1,1.295259344883,0.22));
#4229 = DIRECTION('',(2.214984063823E-16,0.997540140447,
    -7.009756199374E-02));
#4230 = DIRECTION('',(-1.,2.22044604925E-16,-1.177128382009E-30));
#4231 = ADVANCED_FACE('',(#4232),#4243,.T.);
#4232 = FACE_BOUND('',#4233,.F.);
#4233 = EDGE_LOOP('',(#4234,#4235,#4236,#4242));
#4234 = ORIENTED_EDGE('',*,*,#3966,.T.);
#4235 = ORIENTED_EDGE('',*,*,#4212,.T.);
#4236 = ORIENTED_EDGE('',*,*,#4237,.T.);
#4237 = EDGE_CURVE('',#4213,#4093,#4238,.T.);
#4238 = LINE('',#4239,#4240);
#4239 = CARTESIAN_POINT('',(-1.1,1.279799853066,0.));
#4240 = VECTOR('',#4241,1.);
#4241 = DIRECTION('',(-2.22044604925E-16,-1.,0.));
#4242 = ORIENTED_EDGE('',*,*,#4092,.T.);
#4243 = PLANE('',#4244);
#4244 = AXIS2_PLACEMENT_3D('',#4245,#4246,#4247);
#4245 = CARTESIAN_POINT('',(1.1,-1.279799853066,0.));
#4246 = DIRECTION('',(0.,0.,-1.));
#4247 = DIRECTION('',(-0.651825367196,0.758369099238,0.));
#4248 = ADVANCED_FACE('',(#4249),#4317,.T.);
#4249 = FACE_BOUND('',#4250,.T.);
#4250 = EDGE_LOOP('',(#4251,#4262,#4270,#4279,#4287,#4295,#4301,#4302,
    #4303,#4311));
#4251 = ORIENTED_EDGE('',*,*,#4252,.F.);
#4252 = EDGE_CURVE('',#4253,#4255,#4257,.T.);
#4253 = VERTEX_POINT('',#4254);
#4254 = CARTESIAN_POINT('',(-2.5,0.75,0.146666666667));
#4255 = VERTEX_POINT('',#4256);
#4256 = CARTESIAN_POINT('',(-2.353333333333,0.75,-2.775557561563E-17));
#4257 = CIRCLE('',#4258,0.146666666667);
#4258 = AXIS2_PLACEMENT_3D('',#4259,#4260,#4261);
#4259 = CARTESIAN_POINT('',(-2.353333333333,0.75,0.146666666667));
#4260 = DIRECTION('',(-2.22044604925E-16,-1.,0.));
#4261 = DIRECTION('',(0.,0.,1.));
#4262 = ORIENTED_EDGE('',*,*,#4263,.T.);
#4263 = EDGE_CURVE('',#4253,#4264,#4266,.T.);
#4264 = VERTEX_POINT('',#4265);
#4265 = CARTESIAN_POINT('',(-2.5,0.75,0.842343333333));
#4266 = LINE('',#4267,#4268);
#4267 = CARTESIAN_POINT('',(-2.5,0.75,0.));
#4268 = VECTOR('',#4269,1.);
#4269 = DIRECTION('',(0.,0.,1.));
#4270 = ORIENTED_EDGE('',*,*,#4271,.T.);
#4271 = EDGE_CURVE('',#4264,#4272,#4274,.T.);
#4272 = VERTEX_POINT('',#4273);
#4273 = CARTESIAN_POINT('',(-2.353333333333,0.75,0.98901));
#4274 = CIRCLE('',#4275,0.146666666667);
#4275 = AXIS2_PLACEMENT_3D('',#4276,#4277,#4278);
#4276 = CARTESIAN_POINT('',(-2.353333333333,0.75,0.842343333333));
#4277 = DIRECTION('',(2.22044604925E-16,1.,-0.));
#4278 = DIRECTION('',(0.,0.,1.));
#4279 = ORIENTED_EDGE('',*,*,#4280,.T.);
#4280 = EDGE_CURVE('',#4272,#4281,#4283,.T.);
#4281 = VERTEX_POINT('',#4282);
#4282 = CARTESIAN_POINT('',(-2.28,0.75,0.98901));
#4283 = LINE('',#4284,#4285);
#4284 = CARTESIAN_POINT('',(-2.5,0.75,0.98901));
#4285 = VECTOR('',#4286,1.);
#4286 = DIRECTION('',(1.,-2.22044604925E-16,0.));
#4287 = ORIENTED_EDGE('',*,*,#4288,.F.);
#4288 = EDGE_CURVE('',#4289,#4281,#4291,.T.);
#4289 = VERTEX_POINT('',#4290);
#4290 = CARTESIAN_POINT('',(-2.28,0.75,0.2222));
#4291 = LINE('',#4292,#4293);
#4292 = CARTESIAN_POINT('',(-2.28,0.75,0.));
#4293 = VECTOR('',#4294,1.);
#4294 = DIRECTION('',(0.,0.,1.));
#4295 = ORIENTED_EDGE('',*,*,#4296,.T.);
#4296 = EDGE_CURVE('',#4289,#4052,#4297,.T.);
#4297 = LINE('',#4298,#4299);
#4298 = CARTESIAN_POINT('',(-2.28,0.75,0.2222));
#4299 = VECTOR('',#4300,1.);
#4300 = DIRECTION('',(1.,-2.22044604925E-16,0.));
#4301 = ORIENTED_EDGE('',*,*,#4051,.F.);
#4302 = ORIENTED_EDGE('',*,*,#4027,.F.);
#4303 = ORIENTED_EDGE('',*,*,#4304,.F.);
#4304 = EDGE_CURVE('',#4305,#4020,#4307,.T.);
#4305 = VERTEX_POINT('',#4306);
#4306 = CARTESIAN_POINT('',(-1.14,0.75,0.));
#4307 = LINE('',#4308,#4309);
#4308 = CARTESIAN_POINT('',(-1.14,0.75,0.));
#4309 = VECTOR('',#4310,1.);
#4310 = DIRECTION('',(0.,0.,1.));
#4311 = ORIENTED_EDGE('',*,*,#4312,.F.);
#4312 = EDGE_CURVE('',#4255,#4305,#4313,.T.);
#4313 = LINE('',#4314,#4315);
#4314 = CARTESIAN_POINT('',(-2.28,0.75,0.));
#4315 = VECTOR('',#4316,1.);
#4316 = DIRECTION('',(1.,-2.22044604925E-16,0.));
#4317 = PLANE('',#4318);
#4318 = AXIS2_PLACEMENT_3D('',#4319,#4320,#4321);
#4319 = CARTESIAN_POINT('',(-1.991067149606,0.75,0.303091083877));
#4320 = DIRECTION('',(2.22044604925E-16,1.,-7.960022943413E-32));
#4321 = DIRECTION('',(-1.,2.22044604925E-16,0.));
#4322 = ADVANCED_FACE('',(#4323),#4341,.T.);
#4323 = FACE_BOUND('',#4324,.T.);
#4324 = EDGE_LOOP('',(#4325,#4333,#4334,#4335));
#4325 = ORIENTED_EDGE('',*,*,#4326,.F.);
#4326 = EDGE_CURVE('',#4305,#4327,#4329,.T.);
#4327 = VERTEX_POINT('',#4328);
#4328 = CARTESIAN_POINT('',(-1.14,-0.75,0.));
#4329 = LINE('',#4330,#4331);
#4330 = CARTESIAN_POINT('',(-1.14,0.75,0.));
#4331 = VECTOR('',#4332,1.);
#4332 = DIRECTION('',(-2.22044604925E-16,-1.,0.));
#4333 = ORIENTED_EDGE('',*,*,#4304,.T.);
#4334 = ORIENTED_EDGE('',*,*,#4019,.F.);
#4335 = ORIENTED_EDGE('',*,*,#4336,.F.);
#4336 = EDGE_CURVE('',#4327,#4012,#4337,.T.);
#4337 = LINE('',#4338,#4339);
#4338 = CARTESIAN_POINT('',(-1.14,-0.75,0.));
#4339 = VECTOR('',#4340,1.);
#4340 = DIRECTION('',(0.,0.,1.));
#4341 = PLANE('',#4342);
#4342 = AXIS2_PLACEMENT_3D('',#4343,#4344,#4345);
#4343 = CARTESIAN_POINT('',(-1.14,0.75,0.));
#4344 = DIRECTION('',(1.,-2.22044604925E-16,0.));
#4345 = DIRECTION('',(-2.22044604925E-16,-1.,0.));
#4346 = ADVANCED_FACE('',(#4347),#4408,.T.);
#4347 = FACE_BOUND('',#4348,.T.);
#4348 = EDGE_LOOP('',(#4349,#4359,#4368,#4374,#4375,#4376,#4377,#4385,
    #4393,#4401));
#4349 = ORIENTED_EDGE('',*,*,#4350,.F.);
#4350 = EDGE_CURVE('',#4351,#4353,#4355,.T.);
#4351 = VERTEX_POINT('',#4352);
#4352 = CARTESIAN_POINT('',(-2.5,-0.75,0.146666666667));
#4353 = VERTEX_POINT('',#4354);
#4354 = CARTESIAN_POINT('',(-2.5,-0.75,0.842343333333));
#4355 = LINE('',#4356,#4357);
#4356 = CARTESIAN_POINT('',(-2.5,-0.75,0.));
#4357 = VECTOR('',#4358,1.);
#4358 = DIRECTION('',(0.,0.,1.));
#4359 = ORIENTED_EDGE('',*,*,#4360,.T.);
#4360 = EDGE_CURVE('',#4351,#4361,#4363,.T.);
#4361 = VERTEX_POINT('',#4362);
#4362 = CARTESIAN_POINT('',(-2.353333333333,-0.75,-2.775557561563E-17));
#4363 = CIRCLE('',#4364,0.146666666667);
#4364 = AXIS2_PLACEMENT_3D('',#4365,#4366,#4367);
#4365 = CARTESIAN_POINT('',(-2.353333333333,-0.75,0.146666666667));
#4366 = DIRECTION('',(-2.22044604925E-16,-1.,0.));
#4367 = DIRECTION('',(0.,0.,1.));
#4368 = ORIENTED_EDGE('',*,*,#4369,.F.);
#4369 = EDGE_CURVE('',#4327,#4361,#4370,.T.);
#4370 = LINE('',#4371,#4372);
#4371 = CARTESIAN_POINT('',(-2.28,-0.75,0.));
#4372 = VECTOR('',#4373,1.);
#4373 = DIRECTION('',(-1.,2.22044604925E-16,0.));
#4374 = ORIENTED_EDGE('',*,*,#4336,.T.);
#4375 = ORIENTED_EDGE('',*,*,#4011,.F.);
#4376 = ORIENTED_EDGE('',*,*,#4068,.T.);
#4377 = ORIENTED_EDGE('',*,*,#4378,.T.);
#4378 = EDGE_CURVE('',#4062,#4379,#4381,.T.);
#4379 = VERTEX_POINT('',#4380);
#4380 = CARTESIAN_POINT('',(-2.28,-0.75,0.2222));
#4381 = LINE('',#4382,#4383);
#4382 = CARTESIAN_POINT('',(-1.14,-0.75,0.2222));
#4383 = VECTOR('',#4384,1.);
#4384 = DIRECTION('',(-1.,2.22044604925E-16,0.));
#4385 = ORIENTED_EDGE('',*,*,#4386,.T.);
#4386 = EDGE_CURVE('',#4379,#4387,#4389,.T.);
#4387 = VERTEX_POINT('',#4388);
#4388 = CARTESIAN_POINT('',(-2.28,-0.75,0.98901));
#4389 = LINE('',#4390,#4391);
#4390 = CARTESIAN_POINT('',(-2.28,-0.75,0.));
#4391 = VECTOR('',#4392,1.);
#4392 = DIRECTION('',(0.,0.,1.));
#4393 = ORIENTED_EDGE('',*,*,#4394,.T.);
#4394 = EDGE_CURVE('',#4387,#4395,#4397,.T.);
#4395 = VERTEX_POINT('',#4396);
#4396 = CARTESIAN_POINT('',(-2.353333333333,-0.75,0.98901));
#4397 = LINE('',#4398,#4399);
#4398 = CARTESIAN_POINT('',(-2.28,-0.75,0.98901));
#4399 = VECTOR('',#4400,1.);
#4400 = DIRECTION('',(-1.,2.22044604925E-16,0.));
#4401 = ORIENTED_EDGE('',*,*,#4402,.F.);
#4402 = EDGE_CURVE('',#4353,#4395,#4403,.T.);
#4403 = CIRCLE('',#4404,0.146666666667);
#4404 = AXIS2_PLACEMENT_3D('',#4405,#4406,#4407);
#4405 = CARTESIAN_POINT('',(-2.353333333333,-0.75,0.842343333333));
#4406 = DIRECTION('',(2.22044604925E-16,1.,-0.));
#4407 = DIRECTION('',(0.,0.,1.));
#4408 = PLANE('',#4409);
#4409 = AXIS2_PLACEMENT_3D('',#4410,#4411,#4412);
#4410 = CARTESIAN_POINT('',(-1.991067149606,-0.75,0.303091083877));
#4411 = DIRECTION('',(-2.22044604925E-16,-1.,-0.));
#4412 = DIRECTION('',(0.,0.,-1.));
#4413 = ADVANCED_FACE('',(#4414),#4420,.T.);
#4414 = FACE_BOUND('',#4415,.T.);
#4415 = EDGE_LOOP('',(#4416,#4417,#4418,#4419));
#4416 = ORIENTED_EDGE('',*,*,#4237,.T.);
#4417 = ORIENTED_EDGE('',*,*,#4102,.T.);
#4418 = ORIENTED_EDGE('',*,*,#3996,.F.);
#4419 = ORIENTED_EDGE('',*,*,#4220,.F.);
#4420 = B_SPLINE_SURFACE_WITH_KNOTS('',1,1,(
    (#4421,#4422)
    ,(#4423,#4424
    )),.UNSPECIFIED.,.F.,.F.,.F.,(2,2),(2,2),(0.,2.590518689767),(0.,1.)
  ,.PIECEWISE_BEZIER_KNOTS.);
#4421 = CARTESIAN_POINT('',(-1.1,1.279799853066,0.));
#4422 = CARTESIAN_POINT('',(-1.1,1.295259344883,0.22));
#4423 = CARTESIAN_POINT('',(-1.1,-1.279799853066,0.));
#4424 = CARTESIAN_POINT('',(-1.1,-1.295259344883,0.22));
#4425 = ADVANCED_FACE('',(#4426),#4432,.T.);
#4426 = FACE_BOUND('',#4427,.T.);
#4427 = EDGE_LOOP('',(#4428,#4429,#4430,#4431));
#4428 = ORIENTED_EDGE('',*,*,#4078,.T.);
#4429 = ORIENTED_EDGE('',*,*,#4125,.T.);
#4430 = ORIENTED_EDGE('',*,*,#4163,.F.);
#4431 = ORIENTED_EDGE('',*,*,#4139,.F.);
#4432 = B_SPLINE_SURFACE_WITH_KNOTS('',1,1,(
    (#4433,#4434)
    ,(#4435,#4436
    )),.UNSPECIFIED.,.F.,.F.,.F.,(2,2),(2,2),(0.,2.7),(0.,1.),
  .PIECEWISE_BEZIER_KNOTS.);
#4433 = CARTESIAN_POINT('',(-2.28,1.35,0.999));
#4434 = CARTESIAN_POINT('',(-2.194199820414,1.264199820414,2.22));
#4435 = CARTESIAN_POINT('',(-2.28,-1.35,0.999));
#4436 = CARTESIAN_POINT('',(-2.194199820414,-1.264199820414,2.22));
#4437 = ADVANCED_FACE('',(#4438),#4449,.F.);
#4438 = FACE_BOUND('',#4439,.F.);
#4439 = EDGE_LOOP('',(#4440,#4441,#4442,#4448));
#4440 = ORIENTED_EDGE('',*,*,#4061,.F.);
#4441 = ORIENTED_EDGE('',*,*,#4378,.T.);
#4442 = ORIENTED_EDGE('',*,*,#4443,.T.);
#4443 = EDGE_CURVE('',#4379,#4289,#4444,.T.);
#4444 = LINE('',#4445,#4446);
#4445 = CARTESIAN_POINT('',(-2.28,-0.75,0.2222));
#4446 = VECTOR('',#4447,1.);
#4447 = DIRECTION('',(2.22044604925E-16,1.,0.));
#4448 = ORIENTED_EDGE('',*,*,#4296,.T.);
#4449 = PLANE('',#4450);
#4450 = AXIS2_PLACEMENT_3D('',#4451,#4452,#4453);
#4451 = CARTESIAN_POINT('',(-1.71,4.440892098501E-16,0.2222));
#4452 = DIRECTION('',(0.,-0.,-1.));
#4453 = DIRECTION('',(-2.22044604925E-16,-1.,0.));
#4454 = ADVANCED_FACE('',(#4455),#4478,.F.);
#4455 = FACE_BOUND('',#4456,.F.);
#4456 = EDGE_LOOP('',(#4457,#4467,#4472,#4473));
#4457 = ORIENTED_EDGE('',*,*,#4458,.T.);
#4458 = EDGE_CURVE('',#4459,#4461,#4463,.T.);
#4459 = VERTEX_POINT('',#4460);
#4460 = CARTESIAN_POINT('',(-1.508399640828,1.178399640828,2.2178));
#4461 = VERTEX_POINT('',#4462);
#4462 = CARTESIAN_POINT('',(-2.108399640828,1.178399640828,2.2178));
#4463 = LINE('',#4464,#4465);
#4464 = CARTESIAN_POINT('',(-1.508399640828,1.178399640828,2.2178));
#4465 = VECTOR('',#4466,1.);
#4466 = DIRECTION('',(-1.,2.22044604925E-16,0.));
#4467 = ORIENTED_EDGE('',*,*,#4468,.T.);
#4468 = EDGE_CURVE('',#4461,#4175,#4469,.T.);
#4469 = B_SPLINE_CURVE_WITH_KNOTS('',1,(#4470,#4471),.UNSPECIFIED.,.F.,
  .F.,(2,2),(0.,1.),.PIECEWISE_BEZIER_KNOTS.);
#4470 = CARTESIAN_POINT('',(-2.108399640828,1.178399640828,2.2178));
#4471 = CARTESIAN_POINT('',(-2.108399640828,1.178399640828,2.22));
#4472 = ORIENTED_EDGE('',*,*,#4172,.F.);
#4473 = ORIENTED_EDGE('',*,*,#4474,.F.);
#4474 = EDGE_CURVE('',#4459,#4173,#4475,.T.);
#4475 = B_SPLINE_CURVE_WITH_KNOTS('',1,(#4476,#4477),.UNSPECIFIED.,.F.,
  .F.,(2,2),(0.,1.),.PIECEWISE_BEZIER_KNOTS.);
#4476 = CARTESIAN_POINT('',(-1.508399640828,1.178399640828,2.2178));
#4477 = CARTESIAN_POINT('',(-1.508399640828,1.178399640828,2.22));
#4478 = PLANE('',#4479);
#4479 = AXIS2_PLACEMENT_3D('',#4480,#4481,#4482);
#4480 = CARTESIAN_POINT('',(-1.508399640828,1.178399640828,2.22));
#4481 = DIRECTION('',(2.22044604925E-16,1.,0.));
#4482 = DIRECTION('',(-1.,2.22044604925E-16,0.));
#4483 = ADVANCED_FACE('',(#4484),#4501,.F.);
#4484 = FACE_BOUND('',#4485,.F.);
#4485 = EDGE_LOOP('',(#4486,#4494,#4495,#4496));
#4486 = ORIENTED_EDGE('',*,*,#4487,.T.);
#4487 = EDGE_CURVE('',#4488,#4459,#4490,.T.);
#4488 = VERTEX_POINT('',#4489);
#4489 = CARTESIAN_POINT('',(-1.508399640828,-1.178399640828,2.2178));
#4490 = LINE('',#4491,#4492);
#4491 = CARTESIAN_POINT('',(-1.508399640828,-1.178399640828,2.2178));
#4492 = VECTOR('',#4493,1.);
#4493 = DIRECTION('',(2.22044604925E-16,1.,0.));
#4494 = ORIENTED_EDGE('',*,*,#4474,.T.);
#4495 = ORIENTED_EDGE('',*,*,#4198,.F.);
#4496 = ORIENTED_EDGE('',*,*,#4497,.F.);
#4497 = EDGE_CURVE('',#4488,#4191,#4498,.T.);
#4498 = B_SPLINE_CURVE_WITH_KNOTS('',1,(#4499,#4500),.UNSPECIFIED.,.F.,
  .F.,(2,2),(0.,1.),.PIECEWISE_BEZIER_KNOTS.);
#4499 = CARTESIAN_POINT('',(-1.508399640828,-1.178399640828,2.2178));
#4500 = CARTESIAN_POINT('',(-1.508399640828,-1.178399640828,2.22));
#4501 = PLANE('',#4502);
#4502 = AXIS2_PLACEMENT_3D('',#4503,#4504,#4505);
#4503 = CARTESIAN_POINT('',(-1.508399640828,-1.178399640828,2.22));
#4504 = DIRECTION('',(1.,-2.22044604925E-16,0.));
#4505 = DIRECTION('',(2.22044604925E-16,1.,0.));
#4506 = ADVANCED_FACE('',(#4507),#4524,.F.);
#4507 = FACE_BOUND('',#4508,.F.);
#4508 = EDGE_LOOP('',(#4509,#4517,#4518,#4519));
#4509 = ORIENTED_EDGE('',*,*,#4510,.T.);
#4510 = EDGE_CURVE('',#4511,#4488,#4513,.T.);
#4511 = VERTEX_POINT('',#4512);
#4512 = CARTESIAN_POINT('',(-2.108399640828,-1.178399640828,2.2178));
#4513 = LINE('',#4514,#4515);
#4514 = CARTESIAN_POINT('',(-2.108399640828,-1.178399640828,2.2178));
#4515 = VECTOR('',#4516,1.);
#4516 = DIRECTION('',(1.,-2.22044604925E-16,0.));
#4517 = ORIENTED_EDGE('',*,*,#4497,.T.);
#4518 = ORIENTED_EDGE('',*,*,#4190,.F.);
#4519 = ORIENTED_EDGE('',*,*,#4520,.F.);
#4520 = EDGE_CURVE('',#4511,#4183,#4521,.T.);
#4521 = B_SPLINE_CURVE_WITH_KNOTS('',1,(#4522,#4523),.UNSPECIFIED.,.F.,
  .F.,(2,2),(0.,1.),.PIECEWISE_BEZIER_KNOTS.);
#4522 = CARTESIAN_POINT('',(-2.108399640828,-1.178399640828,2.2178));
#4523 = CARTESIAN_POINT('',(-2.108399640828,-1.178399640828,2.22));
#4524 = PLANE('',#4525);
#4525 = AXIS2_PLACEMENT_3D('',#4526,#4527,#4528);
#4526 = CARTESIAN_POINT('',(-2.108399640828,-1.178399640828,2.22));
#4527 = DIRECTION('',(-2.22044604925E-16,-1.,0.));
#4528 = DIRECTION('',(1.,-2.22044604925E-16,0.));
#4529 = ADVANCED_FACE('',(#4530),#4541,.F.);
#4530 = FACE_BOUND('',#4531,.F.);
#4531 = EDGE_LOOP('',(#4532,#4538,#4539,#4540));
#4532 = ORIENTED_EDGE('',*,*,#4533,.T.);
#4533 = EDGE_CURVE('',#4461,#4511,#4534,.T.);
#4534 = LINE('',#4535,#4536);
#4535 = CARTESIAN_POINT('',(-2.108399640828,1.178399640828,2.2178));
#4536 = VECTOR('',#4537,1.);
#4537 = DIRECTION('',(-2.22044604925E-16,-1.,0.));
#4538 = ORIENTED_EDGE('',*,*,#4520,.T.);
#4539 = ORIENTED_EDGE('',*,*,#4182,.F.);
#4540 = ORIENTED_EDGE('',*,*,#4468,.F.);
#4541 = PLANE('',#4542);
#4542 = AXIS2_PLACEMENT_3D('',#4543,#4544,#4545);
#4543 = CARTESIAN_POINT('',(-2.108399640828,1.178399640828,2.22));
#4544 = DIRECTION('',(-1.,2.22044604925E-16,0.));
#4545 = DIRECTION('',(-2.22044604925E-16,-1.,0.));
#4546 = ADVANCED_FACE('',(#4547),#4563,.T.);
#4547 = FACE_BOUND('',#4548,.T.);
#4548 = EDGE_LOOP('',(#4549,#4555,#4556,#4562));
#4549 = ORIENTED_EDGE('',*,*,#4550,.T.);
#4550 = EDGE_CURVE('',#4351,#4253,#4551,.T.);
#4551 = LINE('',#4552,#4553);
#4552 = CARTESIAN_POINT('',(-2.5,-0.75,0.146666666667));
#4553 = VECTOR('',#4554,1.);
#4554 = DIRECTION('',(2.22044604925E-16,1.,0.));
#4555 = ORIENTED_EDGE('',*,*,#4252,.T.);
#4556 = ORIENTED_EDGE('',*,*,#4557,.F.);
#4557 = EDGE_CURVE('',#4361,#4255,#4558,.T.);
#4558 = LINE('',#4559,#4560);
#4559 = CARTESIAN_POINT('',(-2.353333333333,-0.75,-2.775557561563E-17));
#4560 = VECTOR('',#4561,1.);
#4561 = DIRECTION('',(2.22044604925E-16,1.,0.));
#4562 = ORIENTED_EDGE('',*,*,#4360,.F.);
#4563 = CYLINDRICAL_SURFACE('',#4564,0.146666666667);
#4564 = AXIS2_PLACEMENT_3D('',#4565,#4566,#4567);
#4565 = CARTESIAN_POINT('',(-2.353333333333,-0.75,0.146666666667));
#4566 = DIRECTION('',(2.22044604925E-16,1.,0.));
#4567 = DIRECTION('',(-1.,2.22044604925E-16,0.));
#4568 = ADVANCED_FACE('',(#4569),#4575,.T.);
#4569 = FACE_BOUND('',#4570,.T.);
#4570 = EDGE_LOOP('',(#4571,#4572,#4573,#4574));
#4571 = ORIENTED_EDGE('',*,*,#4369,.T.);
#4572 = ORIENTED_EDGE('',*,*,#4557,.T.);
#4573 = ORIENTED_EDGE('',*,*,#4312,.T.);
#4574 = ORIENTED_EDGE('',*,*,#4326,.T.);
#4575 = PLANE('',#4576);
#4576 = AXIS2_PLACEMENT_3D('',#4577,#4578,#4579);
#4577 = CARTESIAN_POINT('',(-1.746666666667,3.878379099357E-16,
    -7.671995716851E-18));
#4578 = DIRECTION('',(1.332277103521E-17,-2.579688262589E-33,-1.));
#4579 = DIRECTION('',(1.,-2.22044604925E-16,1.332277103521E-17));
#4580 = ADVANCED_FACE('',(#4581),#4592,.T.);
#4581 = FACE_BOUND('',#4582,.T.);
#4582 = EDGE_LOOP('',(#4583,#4584,#4585,#4591));
#4583 = ORIENTED_EDGE('',*,*,#4443,.T.);
#4584 = ORIENTED_EDGE('',*,*,#4288,.T.);
#4585 = ORIENTED_EDGE('',*,*,#4586,.T.);
#4586 = EDGE_CURVE('',#4281,#4387,#4587,.T.);
#4587 = LINE('',#4588,#4589);
#4588 = CARTESIAN_POINT('',(-2.28,0.75,0.98901));
#4589 = VECTOR('',#4590,1.);
#4590 = DIRECTION('',(-2.22044604925E-16,-1.,0.));
#4591 = ORIENTED_EDGE('',*,*,#4386,.F.);
#4592 = PLANE('',#4593);
#4593 = AXIS2_PLACEMENT_3D('',#4594,#4595,#4596);
#4594 = CARTESIAN_POINT('',(-2.28,0.75,0.));
#4595 = DIRECTION('',(1.,-2.22044604925E-16,0.));
#4596 = DIRECTION('',(-2.22044604925E-16,-1.,0.));
#4597 = ADVANCED_FACE('',(#4598),#4609,.F.);
#4598 = FACE_BOUND('',#4599,.F.);
#4599 = EDGE_LOOP('',(#4600,#4601,#4607,#4608));
#4600 = ORIENTED_EDGE('',*,*,#4394,.T.);
#4601 = ORIENTED_EDGE('',*,*,#4602,.T.);
#4602 = EDGE_CURVE('',#4395,#4272,#4603,.T.);
#4603 = LINE('',#4604,#4605);
#4604 = CARTESIAN_POINT('',(-2.353333333333,-0.75,0.98901));
#4605 = VECTOR('',#4606,1.);
#4606 = DIRECTION('',(2.22044604925E-16,1.,0.));
#4607 = ORIENTED_EDGE('',*,*,#4280,.T.);
#4608 = ORIENTED_EDGE('',*,*,#4586,.T.);
#4609 = PLANE('',#4610);
#4610 = AXIS2_PLACEMENT_3D('',#4611,#4612,#4613);
#4611 = CARTESIAN_POINT('',(-2.39,4.440892098501E-16,0.98901));
#4612 = DIRECTION('',(0.,-0.,-1.));
#4613 = DIRECTION('',(-2.22044604925E-16,-1.,0.));
#4614 = ADVANCED_FACE('',(#4615),#4626,.T.);
#4615 = FACE_BOUND('',#4616,.T.);
#4616 = EDGE_LOOP('',(#4617,#4618,#4619,#4620));
#4617 = ORIENTED_EDGE('',*,*,#4402,.T.);
#4618 = ORIENTED_EDGE('',*,*,#4602,.T.);
#4619 = ORIENTED_EDGE('',*,*,#4271,.F.);
#4620 = ORIENTED_EDGE('',*,*,#4621,.F.);
#4621 = EDGE_CURVE('',#4353,#4264,#4622,.T.);
#4622 = LINE('',#4623,#4624);
#4623 = CARTESIAN_POINT('',(-2.5,-0.75,0.842343333333));
#4624 = VECTOR('',#4625,1.);
#4625 = DIRECTION('',(2.22044604925E-16,1.,0.));
#4626 = CYLINDRICAL_SURFACE('',#4627,0.146666666667);
#4627 = AXIS2_PLACEMENT_3D('',#4628,#4629,#4630);
#4628 = CARTESIAN_POINT('',(-2.353333333333,-0.75,0.842343333333));
#4629 = DIRECTION('',(2.22044604925E-16,1.,0.));
#4630 = DIRECTION('',(-1.,2.22044604925E-16,0.));
#4631 = ADVANCED_FACE('',(#4632),#4638,.T.);
#4632 = FACE_BOUND('',#4633,.T.);
#4633 = EDGE_LOOP('',(#4634,#4635,#4636,#4637));
#4634 = ORIENTED_EDGE('',*,*,#4350,.T.);
#4635 = ORIENTED_EDGE('',*,*,#4621,.T.);
#4636 = ORIENTED_EDGE('',*,*,#4263,.F.);
#4637 = ORIENTED_EDGE('',*,*,#4550,.F.);
#4638 = PLANE('',#4639);
#4639 = AXIS2_PLACEMENT_3D('',#4640,#4641,#4642);
#4640 = CARTESIAN_POINT('',(-2.5,-0.75,0.));
#4641 = DIRECTION('',(-1.,2.22044604925E-16,0.));
#4642 = DIRECTION('',(2.22044604925E-16,1.,0.));
#4643 = ADVANCED_FACE('',(#4644),#4650,.F.);
#4644 = FACE_BOUND('',#4645,.T.);
#4645 = EDGE_LOOP('',(#4646,#4647,#4648,#4649));
#4646 = ORIENTED_EDGE('',*,*,#4487,.T.);
#4647 = ORIENTED_EDGE('',*,*,#4458,.T.);
#4648 = ORIENTED_EDGE('',*,*,#4533,.T.);
#4649 = ORIENTED_EDGE('',*,*,#4510,.T.);
#4650 = PLANE('',#4651);
#4651 = AXIS2_PLACEMENT_3D('',#4652,#4653,#4654);
#4652 = CARTESIAN_POINT('',(-1.508399640828,-1.178399640828,2.2178));
#4653 = DIRECTION('',(0.,0.,-1.));
#4654 = DIRECTION('',(-0.246713052972,0.969088576701,0.));
#4655 = ( GEOMETRIC_REPRESENTATION_CONTEXT(3) 
GLOBAL_UNCERTAINTY_ASSIGNED_CONTEXT((#4659)) 
GLOBAL_UNIT_ASSIGNED_CONTEXT((#4656,#4657,#4658)) REPRESENTATION_CONTEXT
('Context #1','3D Context with UNIT and UNCERTAINTY') );
#4656 = ( LENGTH_UNIT() NAMED_UNIT(*) SI_UNIT(.MILLI.,.METRE.) );
#4657 = ( NAMED_UNIT(*) PLANE_ANGLE_UNIT() SI_UNIT($,.RADIAN.) );
#4658 = ( NAMED_UNIT(*) SI_UNIT($,.STERADIAN.) SOLID_ANGLE_UNIT() );
#4659 = UNCERTAINTY_MEASURE_WITH_UNIT(LENGTH_MEASURE(1.E-07),#4656,
  'distance_accuracy_value','confusion accuracy');
#4660 = CONTEXT_DEPENDENT_SHAPE_REPRESENTATION(#4661,#4663);
#4661 = ( REPRESENTATION_RELATIONSHIP('','',#3446,#3423) 
REPRESENTATION_RELATIONSHIP_WITH_TRANSFORMATION(#4662) 
SHAPE_REPRESENTATION_RELATIONSHIP() );
#4662 = ITEM_DEFINED_TRANSFORMATION('','',#11,#3424);
#4663 = PRODUCT_DEFINITION_SHAPE('Placement','Placement of an item',
  #4664);
#4664 = NEXT_ASSEMBLY_USAGE_OCCURRENCE('24','=>[0:1:1:9]','',#3418,#3441
  ,$);
#4665 = PRODUCT_RELATED_PRODUCT_CATEGORY('part',$,(#3443));
#4666 = SHAPE_DEFINITION_REPRESENTATION(#4667,#4673);
#4667 = PRODUCT_DEFINITION_SHAPE('','',#4668);
#4668 = PRODUCT_DEFINITION('design','',#4669,#4672);
#4669 = PRODUCT_DEFINITION_FORMATION('','',#4670);
#4670 = PRODUCT('PinHeader_1x01_P2.54mm_Vertical',
  'PinHeader_1x01_P2.54mm_Vertical','',(#4671));
#4671 = PRODUCT_CONTEXT('',#2,'mechanical');
#4672 = PRODUCT_DEFINITION_CONTEXT('part definition',#2,'design');
#4673 = SHAPE_REPRESENTATION('',(#11,#4674),#4678);
#4674 = AXIS2_PLACEMENT_3D('',#4675,#4676,#4677);
#4675 = CARTESIAN_POINT('',(0.,0.,0.));
#4676 = DIRECTION('',(0.,0.,1.));
#4677 = DIRECTION('',(1.,0.,-0.));
#4678 = ( GEOMETRIC_REPRESENTATION_CONTEXT(3) 
GLOBAL_UNCERTAINTY_ASSIGNED_CONTEXT((#4682)) 
GLOBAL_UNIT_ASSIGNED_CONTEXT((#4679,#4680,#4681)) REPRESENTATION_CONTEXT
('Context #1','3D Context with UNIT and UNCERTAINTY') );
#4679 = ( LENGTH_UNIT() NAMED_UNIT(*) SI_UNIT(.MILLI.,.METRE.) );
#4680 = ( NAMED_UNIT(*) PLANE_ANGLE_UNIT() SI_UNIT($,.RADIAN.) );
#4681 = ( NAMED_UNIT(*) SI_UNIT($,.STERADIAN.) SOLID_ANGLE_UNIT() );
#4682 = UNCERTAINTY_MEASURE_WITH_UNIT(LENGTH_MEASURE(1.E-07),#4679,
  'distance_accuracy_value','confusion accuracy');
#4683 = CONTEXT_DEPENDENT_SHAPE_REPRESENTATION(#4684,#4686);
#4684 = ( REPRESENTATION_RELATIONSHIP('','',#4673,#10) 
REPRESENTATION_RELATIONSHIP_WITH_TRANSFORMATION(#4685) 
SHAPE_REPRESENTATION_RELATIONSHIP() );
#4685 = ITEM_DEFINED_TRANSFORMATION('','',#11,#99);
#4686 = PRODUCT_DEFINITION_SHAPE('Placement','Placement of an item',
  #4687);
#4687 = NEXT_ASSEMBLY_USAGE_OCCURRENCE('27','J2','',#5,#4668,$);
#4688 = PRODUCT_RELATED_PRODUCT_CATEGORY('part',$,(#4670));
#4689 = SHAPE_DEFINITION_REPRESENTATION(#4690,#4696);
#4690 = PRODUCT_DEFINITION_SHAPE('','',#4691);
#4691 = PRODUCT_DEFINITION('design','',#4692,#4695);
#4692 = PRODUCT_DEFINITION_FORMATION('','',#4693);
#4693 = PRODUCT('PinHeader_1x01_P254mm_Vertical',
  'PinHeader_1x01_P254mm_Vertical','',(#4694));
#4694 = PRODUCT_CONTEXT('',#2,'mechanical');
#4695 = PRODUCT_DEFINITION_CONTEXT('part definition',#2,'design');
#4696 = ADVANCED_BREP_SHAPE_REPRESENTATION('',(#11,#4697),#5455);
#4697 = MANIFOLD_SOLID_BREP('',#4698);
#4698 = CLOSED_SHELL('',(#4699,#4739,#4770,#4801,#4884,#4967,#4984,#5001
    ,#5018,#5035,#5047,#5078,#5102,#5126,#5143,#5174,#5198,#5222,#5239,
    #5270,#5294,#5318,#5335,#5366,#5390,#5414,#5431,#5443));
#4699 = ADVANCED_FACE('',(#4700),#4734,.F.);
#4700 = FACE_BOUND('',#4701,.F.);
#4701 = EDGE_LOOP('',(#4702,#4712,#4720,#4728));
#4702 = ORIENTED_EDGE('',*,*,#4703,.T.);
#4703 = EDGE_CURVE('',#4704,#4706,#4708,.T.);
#4704 = VERTEX_POINT('',#4705);
#4705 = CARTESIAN_POINT('',(-1.016,1.27,0.));
#4706 = VERTEX_POINT('',#4707);
#4707 = CARTESIAN_POINT('',(-1.016,1.27,2.54));
#4708 = LINE('',#4709,#4710);
#4709 = CARTESIAN_POINT('',(-1.016,1.27,0.));
#4710 = VECTOR('',#4711,1.);
#4711 = DIRECTION('',(0.,0.,1.));
#4712 = ORIENTED_EDGE('',*,*,#4713,.T.);
#4713 = EDGE_CURVE('',#4706,#4714,#4716,.T.);
#4714 = VERTEX_POINT('',#4715);
#4715 = CARTESIAN_POINT('',(-1.27,1.016,2.54));
#4716 = LINE('',#4717,#4718);
#4717 = CARTESIAN_POINT('',(-1.016,1.27,2.54));
#4718 = VECTOR('',#4719,1.);
#4719 = DIRECTION('',(-0.707106781187,-0.707106781187,0.));
#4720 = ORIENTED_EDGE('',*,*,#4721,.F.);
#4721 = EDGE_CURVE('',#4722,#4714,#4724,.T.);
#4722 = VERTEX_POINT('',#4723);
#4723 = CARTESIAN_POINT('',(-1.27,1.016,0.));
#4724 = LINE('',#4725,#4726);
#4725 = CARTESIAN_POINT('',(-1.27,1.016,0.));
#4726 = VECTOR('',#4727,1.);
#4727 = DIRECTION('',(0.,0.,1.));
#4728 = ORIENTED_EDGE('',*,*,#4729,.F.);
#4729 = EDGE_CURVE('',#4704,#4722,#4730,.T.);
#4730 = LINE('',#4731,#4732);
#4731 = CARTESIAN_POINT('',(-1.016,1.27,0.));
#4732 = VECTOR('',#4733,1.);
#4733 = DIRECTION('',(-0.707106781187,-0.707106781187,0.));
#4734 = PLANE('',#4735);
#4735 = AXIS2_PLACEMENT_3D('',#4736,#4737,#4738);
#4736 = CARTESIAN_POINT('',(-1.016,1.27,0.));
#4737 = DIRECTION('',(0.707106781187,-0.707106781187,0.));
#4738 = DIRECTION('',(-0.707106781187,-0.707106781187,0.));
#4739 = ADVANCED_FACE('',(#4740),#4765,.F.);
#4740 = FACE_BOUND('',#4741,.F.);
#4741 = EDGE_LOOP('',(#4742,#4752,#4758,#4759));
#4742 = ORIENTED_EDGE('',*,*,#4743,.T.);
#4743 = EDGE_CURVE('',#4744,#4746,#4748,.T.);
#4744 = VERTEX_POINT('',#4745);
#4745 = CARTESIAN_POINT('',(1.016,1.27,0.));
#4746 = VERTEX_POINT('',#4747);
#4747 = CARTESIAN_POINT('',(1.016,1.27,2.54));
#4748 = LINE('',#4749,#4750);
#4749 = CARTESIAN_POINT('',(1.016,1.27,0.));
#4750 = VECTOR('',#4751,1.);
#4751 = DIRECTION('',(0.,0.,1.));
#4752 = ORIENTED_EDGE('',*,*,#4753,.T.);
#4753 = EDGE_CURVE('',#4746,#4706,#4754,.T.);
#4754 = LINE('',#4755,#4756);
#4755 = CARTESIAN_POINT('',(1.016,1.27,2.54));
#4756 = VECTOR('',#4757,1.);
#4757 = DIRECTION('',(-1.,0.,0.));
#4758 = ORIENTED_EDGE('',*,*,#4703,.F.);
#4759 = ORIENTED_EDGE('',*,*,#4760,.F.);
#4760 = EDGE_CURVE('',#4744,#4704,#4761,.T.);
#4761 = LINE('',#4762,#4763);
#4762 = CARTESIAN_POINT('',(1.016,1.27,0.));
#4763 = VECTOR('',#4764,1.);
#4764 = DIRECTION('',(-1.,0.,0.));
#4765 = PLANE('',#4766);
#4766 = AXIS2_PLACEMENT_3D('',#4767,#4768,#4769);
#4767 = CARTESIAN_POINT('',(1.016,1.27,0.));
#4768 = DIRECTION('',(0.,-1.,0.));
#4769 = DIRECTION('',(-1.,0.,0.));
#4770 = ADVANCED_FACE('',(#4771),#4796,.F.);
#4771 = FACE_BOUND('',#4772,.F.);
#4772 = EDGE_LOOP('',(#4773,#4774,#4782,#4790));
#4773 = ORIENTED_EDGE('',*,*,#4721,.T.);
#4774 = ORIENTED_EDGE('',*,*,#4775,.T.);
#4775 = EDGE_CURVE('',#4714,#4776,#4778,.T.);
#4776 = VERTEX_POINT('',#4777);
#4777 = CARTESIAN_POINT('',(-1.27,-1.016,2.54));
#4778 = LINE('',#4779,#4780);
#4779 = CARTESIAN_POINT('',(-1.27,1.016,2.54));
#4780 = VECTOR('',#4781,1.);
#4781 = DIRECTION('',(0.,-1.,0.));
#4782 = ORIENTED_EDGE('',*,*,#4783,.F.);
#4783 = EDGE_CURVE('',#4784,#4776,#4786,.T.);
#4784 = VERTEX_POINT('',#4785);
#4785 = CARTESIAN_POINT('',(-1.27,-1.016,0.));
#4786 = LINE('',#4787,#4788);
#4787 = CARTESIAN_POINT('',(-1.27,-1.016,0.));
#4788 = VECTOR('',#4789,1.);
#4789 = DIRECTION('',(0.,0.,1.));
#4790 = ORIENTED_EDGE('',*,*,#4791,.F.);
#4791 = EDGE_CURVE('',#4722,#4784,#4792,.T.);
#4792 = LINE('',#4793,#4794);
#4793 = CARTESIAN_POINT('',(-1.27,1.016,0.));
#4794 = VECTOR('',#4795,1.);
#4795 = DIRECTION('',(0.,-1.,0.));
#4796 = PLANE('',#4797);
#4797 = AXIS2_PLACEMENT_3D('',#4798,#4799,#4800);
#4798 = CARTESIAN_POINT('',(-1.27,1.016,0.));
#4799 = DIRECTION('',(1.,0.,0.));
#4800 = DIRECTION('',(0.,-1.,0.));
#4801 = ADVANCED_FACE('',(#4802,#4845),#4879,.F.);
#4802 = FACE_BOUND('',#4803,.F.);
#4803 = EDGE_LOOP('',(#4804,#4805,#4806,#4814,#4822,#4830,#4838,#4844));
#4804 = ORIENTED_EDGE('',*,*,#4729,.T.);
#4805 = ORIENTED_EDGE('',*,*,#4791,.T.);
#4806 = ORIENTED_EDGE('',*,*,#4807,.T.);
#4807 = EDGE_CURVE('',#4784,#4808,#4810,.T.);
#4808 = VERTEX_POINT('',#4809);
#4809 = CARTESIAN_POINT('',(-1.016,-1.27,0.));
#4810 = LINE('',#4811,#4812);
#4811 = CARTESIAN_POINT('',(-1.27,-1.016,0.));
#4812 = VECTOR('',#4813,1.);
#4813 = DIRECTION('',(0.707106781187,-0.707106781187,0.));
#4814 = ORIENTED_EDGE('',*,*,#4815,.T.);
#4815 = EDGE_CURVE('',#4808,#4816,#4818,.T.);
#4816 = VERTEX_POINT('',#4817);
#4817 = CARTESIAN_POINT('',(1.016,-1.27,0.));
#4818 = LINE('',#4819,#4820);
#4819 = CARTESIAN_POINT('',(-1.016,-1.27,0.));
#4820 = VECTOR('',#4821,1.);
#4821 = DIRECTION('',(1.,0.,0.));
#4822 = ORIENTED_EDGE('',*,*,#4823,.T.);
#4823 = EDGE_CURVE('',#4816,#4824,#4826,.T.);
#4824 = VERTEX_POINT('',#4825);
#4825 = CARTESIAN_POINT('',(1.27,-1.016,0.));
#4826 = LINE('',#4827,#4828);
#4827 = CARTESIAN_POINT('',(1.016,-1.27,0.));
#4828 = VECTOR('',#4829,1.);
#4829 = DIRECTION('',(0.707106781187,0.707106781187,0.));
#4830 = ORIENTED_EDGE('',*,*,#4831,.T.);
#4831 = EDGE_CURVE('',#4824,#4832,#4834,.T.);
#4832 = VERTEX_POINT('',#4833);
#4833 = CARTESIAN_POINT('',(1.27,1.016,0.));
#4834 = LINE('',#4835,#4836);
#4835 = CARTESIAN_POINT('',(1.27,-1.016,0.));
#4836 = VECTOR('',#4837,1.);
#4837 = DIRECTION('',(0.,1.,0.));
#4838 = ORIENTED_EDGE('',*,*,#4839,.T.);
#4839 = EDGE_CURVE('',#4832,#4744,#4840,.T.);
#4840 = LINE('',#4841,#4842);
#4841 = CARTESIAN_POINT('',(1.27,1.016,0.));
#4842 = VECTOR('',#4843,1.);
#4843 = DIRECTION('',(-0.707106781187,0.707106781187,0.));
#4844 = ORIENTED_EDGE('',*,*,#4760,.T.);
#4845 = FACE_BOUND('',#4846,.F.);
#4846 = EDGE_LOOP('',(#4847,#4857,#4865,#4873));
#4847 = ORIENTED_EDGE('',*,*,#4848,.T.);
#4848 = EDGE_CURVE('',#4849,#4851,#4853,.T.);
#4849 = VERTEX_POINT('',#4850);
#4850 = CARTESIAN_POINT('',(0.32,-0.32,0.));
#4851 = VERTEX_POINT('',#4852);
#4852 = CARTESIAN_POINT('',(-0.32,-0.32,0.));
#4853 = LINE('',#4854,#4855);
#4854 = CARTESIAN_POINT('',(-0.16,-0.32,0.));
#4855 = VECTOR('',#4856,1.);
#4856 = DIRECTION('',(-1.,0.,0.));
#4857 = ORIENTED_EDGE('',*,*,#4858,.T.);
#4858 = EDGE_CURVE('',#4851,#4859,#4861,.T.);
#4859 = VERTEX_POINT('',#4860);
#4860 = CARTESIAN_POINT('',(-0.32,0.32,0.));
#4861 = LINE('',#4862,#4863);
#4862 = CARTESIAN_POINT('',(-0.32,-0.16,0.));
#4863 = VECTOR('',#4864,1.);
#4864 = DIRECTION('',(0.,1.,0.));
#4865 = ORIENTED_EDGE('',*,*,#4866,.F.);
#4866 = EDGE_CURVE('',#4867,#4859,#4869,.T.);
#4867 = VERTEX_POINT('',#4868);
#4868 = CARTESIAN_POINT('',(0.32,0.32,0.));
#4869 = LINE('',#4870,#4871);
#4870 = CARTESIAN_POINT('',(-0.16,0.32,0.));
#4871 = VECTOR('',#4872,1.);
#4872 = DIRECTION('',(-1.,0.,0.));
#4873 = ORIENTED_EDGE('',*,*,#4874,.F.);
#4874 = EDGE_CURVE('',#4849,#4867,#4875,.T.);
#4875 = LINE('',#4876,#4877);
#4876 = CARTESIAN_POINT('',(0.32,-0.16,0.));
#4877 = VECTOR('',#4878,1.);
#4878 = DIRECTION('',(0.,1.,0.));
#4879 = PLANE('',#4880);
#4880 = AXIS2_PLACEMENT_3D('',#4881,#4882,#4883);
#4881 = CARTESIAN_POINT('',(2.321466769849E-17,4.642933539699E-17,0.));
#4882 = DIRECTION('',(0.,0.,1.));
#4883 = DIRECTION('',(1.,0.,-0.));
#4884 = ADVANCED_FACE('',(#4885,#4928),#4962,.T.);
#4885 = FACE_BOUND('',#4886,.T.);
#4886 = EDGE_LOOP('',(#4887,#4888,#4889,#4897,#4905,#4913,#4921,#4927));
#4887 = ORIENTED_EDGE('',*,*,#4713,.T.);
#4888 = ORIENTED_EDGE('',*,*,#4775,.T.);
#4889 = ORIENTED_EDGE('',*,*,#4890,.T.);
#4890 = EDGE_CURVE('',#4776,#4891,#4893,.T.);
#4891 = VERTEX_POINT('',#4892);
#4892 = CARTESIAN_POINT('',(-1.016,-1.27,2.54));
#4893 = LINE('',#4894,#4895);
#4894 = CARTESIAN_POINT('',(-1.27,-1.016,2.54));
#4895 = VECTOR('',#4896,1.);
#4896 = DIRECTION('',(0.707106781187,-0.707106781187,0.));
#4897 = ORIENTED_EDGE('',*,*,#4898,.T.);
#4898 = EDGE_CURVE('',#4891,#4899,#4901,.T.);
#4899 = VERTEX_POINT('',#4900);
#4900 = CARTESIAN_POINT('',(1.016,-1.27,2.54));
#4901 = LINE('',#4902,#4903);
#4902 = CARTESIAN_POINT('',(-1.016,-1.27,2.54));
#4903 = VECTOR('',#4904,1.);
#4904 = DIRECTION('',(1.,0.,0.));
#4905 = ORIENTED_EDGE('',*,*,#4906,.T.);
#4906 = EDGE_CURVE('',#4899,#4907,#4909,.T.);
#4907 = VERTEX_POINT('',#4908);
#4908 = CARTESIAN_POINT('',(1.27,-1.016,2.54));
#4909 = LINE('',#4910,#4911);
#4910 = CARTESIAN_POINT('',(1.016,-1.27,2.54));
#4911 = VECTOR('',#4912,1.);
#4912 = DIRECTION('',(0.707106781187,0.707106781187,0.));
#4913 = ORIENTED_EDGE('',*,*,#4914,.T.);
#4914 = EDGE_CURVE('',#4907,#4915,#4917,.T.);
#4915 = VERTEX_POINT('',#4916);
#4916 = CARTESIAN_POINT('',(1.27,1.016,2.54));
#4917 = LINE('',#4918,#4919);
#4918 = CARTESIAN_POINT('',(1.27,-1.016,2.54));
#4919 = VECTOR('',#4920,1.);
#4920 = DIRECTION('',(0.,1.,0.));
#4921 = ORIENTED_EDGE('',*,*,#4922,.T.);
#4922 = EDGE_CURVE('',#4915,#4746,#4923,.T.);
#4923 = LINE('',#4924,#4925);
#4924 = CARTESIAN_POINT('',(1.27,1.016,2.54));
#4925 = VECTOR('',#4926,1.);
#4926 = DIRECTION('',(-0.707106781187,0.707106781187,0.));
#4927 = ORIENTED_EDGE('',*,*,#4753,.T.);
#4928 = FACE_BOUND('',#4929,.T.);
#4929 = EDGE_LOOP('',(#4930,#4940,#4948,#4956));
#4930 = ORIENTED_EDGE('',*,*,#4931,.T.);
#4931 = EDGE_CURVE('',#4932,#4934,#4936,.T.);
#4932 = VERTEX_POINT('',#4933);
#4933 = CARTESIAN_POINT('',(0.32,-0.32,2.54));
#4934 = VERTEX_POINT('',#4935);
#4935 = CARTESIAN_POINT('',(-0.32,-0.32,2.54));
#4936 = LINE('',#4937,#4938);
#4937 = CARTESIAN_POINT('',(-0.16,-0.32,2.54));
#4938 = VECTOR('',#4939,1.);
#4939 = DIRECTION('',(-1.,0.,0.));
#4940 = ORIENTED_EDGE('',*,*,#4941,.T.);
#4941 = EDGE_CURVE('',#4934,#4942,#4944,.T.);
#4942 = VERTEX_POINT('',#4943);
#4943 = CARTESIAN_POINT('',(-0.32,0.32,2.54));
#4944 = LINE('',#4945,#4946);
#4945 = CARTESIAN_POINT('',(-0.32,-0.16,2.54));
#4946 = VECTOR('',#4947,1.);
#4947 = DIRECTION('',(0.,1.,0.));
#4948 = ORIENTED_EDGE('',*,*,#4949,.F.);
#4949 = EDGE_CURVE('',#4950,#4942,#4952,.T.);
#4950 = VERTEX_POINT('',#4951);
#4951 = CARTESIAN_POINT('',(0.32,0.32,2.54));
#4952 = LINE('',#4953,#4954);
#4953 = CARTESIAN_POINT('',(-0.16,0.32,2.54));
#4954 = VECTOR('',#4955,1.);
#4955 = DIRECTION('',(-1.,0.,0.));
#4956 = ORIENTED_EDGE('',*,*,#4957,.F.);
#4957 = EDGE_CURVE('',#4932,#4950,#4958,.T.);
#4958 = LINE('',#4959,#4960);
#4959 = CARTESIAN_POINT('',(0.32,-0.16,2.54));
#4960 = VECTOR('',#4961,1.);
#4961 = DIRECTION('',(0.,1.,0.));
#4962 = PLANE('',#4963);
#4963 = AXIS2_PLACEMENT_3D('',#4964,#4965,#4966);
#4964 = CARTESIAN_POINT('',(2.321466769849E-17,4.642933539699E-17,2.54)
  );
#4965 = DIRECTION('',(0.,0.,1.));
#4966 = DIRECTION('',(1.,0.,-0.));
#4967 = ADVANCED_FACE('',(#4968),#4979,.F.);
#4968 = FACE_BOUND('',#4969,.F.);
#4969 = EDGE_LOOP('',(#4970,#4976,#4977,#4978));
#4970 = ORIENTED_EDGE('',*,*,#4971,.T.);
#4971 = EDGE_CURVE('',#4832,#4915,#4972,.T.);
#4972 = LINE('',#4973,#4974);
#4973 = CARTESIAN_POINT('',(1.27,1.016,0.));
#4974 = VECTOR('',#4975,1.);
#4975 = DIRECTION('',(0.,0.,1.));
#4976 = ORIENTED_EDGE('',*,*,#4922,.T.);
#4977 = ORIENTED_EDGE('',*,*,#4743,.F.);
#4978 = ORIENTED_EDGE('',*,*,#4839,.F.);
#4979 = PLANE('',#4980);
#4980 = AXIS2_PLACEMENT_3D('',#4981,#4982,#4983);
#4981 = CARTESIAN_POINT('',(1.27,1.016,0.));
#4982 = DIRECTION('',(-0.707106781187,-0.707106781187,0.));
#4983 = DIRECTION('',(-0.707106781187,0.707106781187,0.));
#4984 = ADVANCED_FACE('',(#4985),#4996,.F.);
#4985 = FACE_BOUND('',#4986,.F.);
#4986 = EDGE_LOOP('',(#4987,#4988,#4989,#4995));
#4987 = ORIENTED_EDGE('',*,*,#4783,.T.);
#4988 = ORIENTED_EDGE('',*,*,#4890,.T.);
#4989 = ORIENTED_EDGE('',*,*,#4990,.F.);
#4990 = EDGE_CURVE('',#4808,#4891,#4991,.T.);
#4991 = LINE('',#4992,#4993);
#4992 = CARTESIAN_POINT('',(-1.016,-1.27,0.));
#4993 = VECTOR('',#4994,1.);
#4994 = DIRECTION('',(0.,0.,1.));
#4995 = ORIENTED_EDGE('',*,*,#4807,.F.);
#4996 = PLANE('',#4997);
#4997 = AXIS2_PLACEMENT_3D('',#4998,#4999,#5000);
#4998 = CARTESIAN_POINT('',(-1.27,-1.016,0.));
#4999 = DIRECTION('',(0.707106781187,0.707106781187,0.));
#5000 = DIRECTION('',(0.707106781187,-0.707106781187,0.));
#5001 = ADVANCED_FACE('',(#5002),#5013,.F.);
#5002 = FACE_BOUND('',#5003,.F.);
#5003 = EDGE_LOOP('',(#5004,#5010,#5011,#5012));
#5004 = ORIENTED_EDGE('',*,*,#5005,.T.);
#5005 = EDGE_CURVE('',#4824,#4907,#5006,.T.);
#5006 = LINE('',#5007,#5008);
#5007 = CARTESIAN_POINT('',(1.27,-1.016,0.));
#5008 = VECTOR('',#5009,1.);
#5009 = DIRECTION('',(0.,0.,1.));
#5010 = ORIENTED_EDGE('',*,*,#4914,.T.);
#5011 = ORIENTED_EDGE('',*,*,#4971,.F.);
#5012 = ORIENTED_EDGE('',*,*,#4831,.F.);
#5013 = PLANE('',#5014);
#5014 = AXIS2_PLACEMENT_3D('',#5015,#5016,#5017);
#5015 = CARTESIAN_POINT('',(1.27,-1.016,0.));
#5016 = DIRECTION('',(-1.,0.,0.));
#5017 = DIRECTION('',(0.,1.,0.));
#5018 = ADVANCED_FACE('',(#5019),#5030,.F.);
#5019 = FACE_BOUND('',#5020,.F.);
#5020 = EDGE_LOOP('',(#5021,#5022,#5023,#5029));
#5021 = ORIENTED_EDGE('',*,*,#4990,.T.);
#5022 = ORIENTED_EDGE('',*,*,#4898,.T.);
#5023 = ORIENTED_EDGE('',*,*,#5024,.F.);
#5024 = EDGE_CURVE('',#4816,#4899,#5025,.T.);
#5025 = LINE('',#5026,#5027);
#5026 = CARTESIAN_POINT('',(1.016,-1.27,0.));
#5027 = VECTOR('',#5028,1.);
#5028 = DIRECTION('',(0.,0.,1.));
#5029 = ORIENTED_EDGE('',*,*,#4815,.F.);
#5030 = PLANE('',#5031);
#5031 = AXIS2_PLACEMENT_3D('',#5032,#5033,#5034);
#5032 = CARTESIAN_POINT('',(-1.016,-1.27,0.));
#5033 = DIRECTION('',(0.,1.,0.));
#5034 = DIRECTION('',(1.,0.,0.));
#5035 = ADVANCED_FACE('',(#5036),#5042,.F.);
#5036 = FACE_BOUND('',#5037,.F.);
#5037 = EDGE_LOOP('',(#5038,#5039,#5040,#5041));
#5038 = ORIENTED_EDGE('',*,*,#5024,.T.);
#5039 = ORIENTED_EDGE('',*,*,#4906,.T.);
#5040 = ORIENTED_EDGE('',*,*,#5005,.F.);
#5041 = ORIENTED_EDGE('',*,*,#4823,.F.);
#5042 = PLANE('',#5043);
#5043 = AXIS2_PLACEMENT_3D('',#5044,#5045,#5046);
#5044 = CARTESIAN_POINT('',(1.016,-1.27,0.));
#5045 = DIRECTION('',(-0.707106781187,0.707106781187,0.));
#5046 = DIRECTION('',(0.707106781187,0.707106781187,0.));
#5047 = ADVANCED_FACE('',(#5048),#5073,.F.);
#5048 = FACE_BOUND('',#5049,.F.);
#5049 = EDGE_LOOP('',(#5050,#5058,#5066,#5072));
#5050 = ORIENTED_EDGE('',*,*,#5051,.F.);
#5051 = EDGE_CURVE('',#5052,#4849,#5054,.T.);
#5052 = VERTEX_POINT('',#5053);
#5053 = CARTESIAN_POINT('',(0.32,-0.32,-2.84));
#5054 = LINE('',#5055,#5056);
#5055 = CARTESIAN_POINT('',(0.32,-0.32,-3.));
#5056 = VECTOR('',#5057,1.);
#5057 = DIRECTION('',(0.,0.,1.));
#5058 = ORIENTED_EDGE('',*,*,#5059,.F.);
#5059 = EDGE_CURVE('',#5060,#5052,#5062,.T.);
#5060 = VERTEX_POINT('',#5061);
#5061 = CARTESIAN_POINT('',(-0.32,-0.32,-2.84));
#5062 = LINE('',#5063,#5064);
#5063 = CARTESIAN_POINT('',(-0.32,-0.32,-2.84));
#5064 = VECTOR('',#5065,1.);
#5065 = DIRECTION('',(1.,0.,0.));
#5066 = ORIENTED_EDGE('',*,*,#5067,.T.);
#5067 = EDGE_CURVE('',#5060,#4851,#5068,.T.);
#5068 = LINE('',#5069,#5070);
#5069 = CARTESIAN_POINT('',(-0.32,-0.32,-3.));
#5070 = VECTOR('',#5071,1.);
#5071 = DIRECTION('',(0.,0.,1.));
#5072 = ORIENTED_EDGE('',*,*,#4848,.F.);
#5073 = PLANE('',#5074);
#5074 = AXIS2_PLACEMENT_3D('',#5075,#5076,#5077);
#5075 = CARTESIAN_POINT('',(-0.32,-0.32,-3.));
#5076 = DIRECTION('',(0.,1.,0.));
#5077 = DIRECTION('',(0.,-0.,1.));
#5078 = ADVANCED_FACE('',(#5079),#5097,.T.);
#5079 = FACE_BOUND('',#5080,.T.);
#5080 = EDGE_LOOP('',(#5081,#5082,#5090,#5096));
#5081 = ORIENTED_EDGE('',*,*,#5051,.F.);
#5082 = ORIENTED_EDGE('',*,*,#5083,.T.);
#5083 = EDGE_CURVE('',#5052,#5084,#5086,.T.);
#5084 = VERTEX_POINT('',#5085);
#5085 = CARTESIAN_POINT('',(0.32,0.32,-2.84));
#5086 = LINE('',#5087,#5088);
#5087 = CARTESIAN_POINT('',(0.32,-0.32,-2.84));
#5088 = VECTOR('',#5089,1.);
#5089 = DIRECTION('',(0.,1.,0.));
#5090 = ORIENTED_EDGE('',*,*,#5091,.T.);
#5091 = EDGE_CURVE('',#5084,#4867,#5092,.T.);
#5092 = LINE('',#5093,#5094);
#5093 = CARTESIAN_POINT('',(0.32,0.32,-3.));
#5094 = VECTOR('',#5095,1.);
#5095 = DIRECTION('',(0.,0.,1.));
#5096 = ORIENTED_EDGE('',*,*,#4874,.F.);
#5097 = PLANE('',#5098);
#5098 = AXIS2_PLACEMENT_3D('',#5099,#5100,#5101);
#5099 = CARTESIAN_POINT('',(0.32,-0.32,-3.));
#5100 = DIRECTION('',(1.,0.,0.));
#5101 = DIRECTION('',(0.,0.,1.));
#5102 = ADVANCED_FACE('',(#5103),#5121,.T.);
#5103 = FACE_BOUND('',#5104,.T.);
#5104 = EDGE_LOOP('',(#5105,#5106,#5114,#5120));
#5105 = ORIENTED_EDGE('',*,*,#5091,.F.);
#5106 = ORIENTED_EDGE('',*,*,#5107,.F.);
#5107 = EDGE_CURVE('',#5108,#5084,#5110,.T.);
#5108 = VERTEX_POINT('',#5109);
#5109 = CARTESIAN_POINT('',(-0.32,0.32,-2.84));
#5110 = LINE('',#5111,#5112);
#5111 = CARTESIAN_POINT('',(-0.32,0.32,-2.84));
#5112 = VECTOR('',#5113,1.);
#5113 = DIRECTION('',(1.,0.,0.));
#5114 = ORIENTED_EDGE('',*,*,#5115,.T.);
#5115 = EDGE_CURVE('',#5108,#4859,#5116,.T.);
#5116 = LINE('',#5117,#5118);
#5117 = CARTESIAN_POINT('',(-0.32,0.32,-3.));
#5118 = VECTOR('',#5119,1.);
#5119 = DIRECTION('',(0.,0.,1.));
#5120 = ORIENTED_EDGE('',*,*,#4866,.F.);
#5121 = PLANE('',#5122);
#5122 = AXIS2_PLACEMENT_3D('',#5123,#5124,#5125);
#5123 = CARTESIAN_POINT('',(-0.32,0.32,-3.));
#5124 = DIRECTION('',(0.,1.,0.));
#5125 = DIRECTION('',(0.,-0.,1.));
#5126 = ADVANCED_FACE('',(#5127),#5138,.F.);
#5127 = FACE_BOUND('',#5128,.F.);
#5128 = EDGE_LOOP('',(#5129,#5130,#5136,#5137));
#5129 = ORIENTED_EDGE('',*,*,#5067,.F.);
#5130 = ORIENTED_EDGE('',*,*,#5131,.T.);
#5131 = EDGE_CURVE('',#5060,#5108,#5132,.T.);
#5132 = LINE('',#5133,#5134);
#5133 = CARTESIAN_POINT('',(-0.32,-0.32,-2.84));
#5134 = VECTOR('',#5135,1.);
#5135 = DIRECTION('',(0.,1.,0.));
#5136 = ORIENTED_EDGE('',*,*,#5115,.T.);
#5137 = ORIENTED_EDGE('',*,*,#4858,.F.);
#5138 = PLANE('',#5139);
#5139 = AXIS2_PLACEMENT_3D('',#5140,#5141,#5142);
#5140 = CARTESIAN_POINT('',(-0.32,-0.32,-3.));
#5141 = DIRECTION('',(1.,0.,0.));
#5142 = DIRECTION('',(0.,0.,1.));
#5143 = ADVANCED_FACE('',(#5144),#5169,.F.);
#5144 = FACE_BOUND('',#5145,.F.);
#5145 = EDGE_LOOP('',(#5146,#5154,#5155,#5163));
#5146 = ORIENTED_EDGE('',*,*,#5147,.F.);
#5147 = EDGE_CURVE('',#4932,#5148,#5150,.T.);
#5148 = VERTEX_POINT('',#5149);
#5149 = CARTESIAN_POINT('',(0.32,-0.32,8.38));
#5150 = LINE('',#5151,#5152);
#5151 = CARTESIAN_POINT('',(0.32,-0.32,-3.));
#5152 = VECTOR('',#5153,1.);
#5153 = DIRECTION('',(0.,0.,1.));
#5154 = ORIENTED_EDGE('',*,*,#4931,.T.);
#5155 = ORIENTED_EDGE('',*,*,#5156,.T.);
#5156 = EDGE_CURVE('',#4934,#5157,#5159,.T.);
#5157 = VERTEX_POINT('',#5158);
#5158 = CARTESIAN_POINT('',(-0.32,-0.32,8.38));
#5159 = LINE('',#5160,#5161);
#5160 = CARTESIAN_POINT('',(-0.32,-0.32,-3.));
#5161 = VECTOR('',#5162,1.);
#5162 = DIRECTION('',(0.,0.,1.));
#5163 = ORIENTED_EDGE('',*,*,#5164,.T.);
#5164 = EDGE_CURVE('',#5157,#5148,#5165,.T.);
#5165 = LINE('',#5166,#5167);
#5166 = CARTESIAN_POINT('',(-0.32,-0.32,8.38));
#5167 = VECTOR('',#5168,1.);
#5168 = DIRECTION('',(1.,0.,0.));
#5169 = PLANE('',#5170);
#5170 = AXIS2_PLACEMENT_3D('',#5171,#5172,#5173);
#5171 = CARTESIAN_POINT('',(-0.32,-0.32,-3.));
#5172 = DIRECTION('',(0.,1.,0.));
#5173 = DIRECTION('',(0.,-0.,1.));
#5174 = ADVANCED_FACE('',(#5175),#5193,.T.);
#5175 = FACE_BOUND('',#5176,.T.);
#5176 = EDGE_LOOP('',(#5177,#5178,#5179,#5187));
#5177 = ORIENTED_EDGE('',*,*,#5147,.F.);
#5178 = ORIENTED_EDGE('',*,*,#4957,.T.);
#5179 = ORIENTED_EDGE('',*,*,#5180,.T.);
#5180 = EDGE_CURVE('',#4950,#5181,#5183,.T.);
#5181 = VERTEX_POINT('',#5182);
#5182 = CARTESIAN_POINT('',(0.32,0.32,8.38));
#5183 = LINE('',#5184,#5185);
#5184 = CARTESIAN_POINT('',(0.32,0.32,-3.));
#5185 = VECTOR('',#5186,1.);
#5186 = DIRECTION('',(0.,0.,1.));
#5187 = ORIENTED_EDGE('',*,*,#5188,.F.);
#5188 = EDGE_CURVE('',#5148,#5181,#5189,.T.);
#5189 = LINE('',#5190,#5191);
#5190 = CARTESIAN_POINT('',(0.32,-0.32,8.38));
#5191 = VECTOR('',#5192,1.);
#5192 = DIRECTION('',(0.,1.,0.));
#5193 = PLANE('',#5194);
#5194 = AXIS2_PLACEMENT_3D('',#5195,#5196,#5197);
#5195 = CARTESIAN_POINT('',(0.32,-0.32,-3.));
#5196 = DIRECTION('',(1.,0.,0.));
#5197 = DIRECTION('',(0.,0.,1.));
#5198 = ADVANCED_FACE('',(#5199),#5217,.T.);
#5199 = FACE_BOUND('',#5200,.T.);
#5200 = EDGE_LOOP('',(#5201,#5202,#5203,#5211));
#5201 = ORIENTED_EDGE('',*,*,#5180,.F.);
#5202 = ORIENTED_EDGE('',*,*,#4949,.T.);
#5203 = ORIENTED_EDGE('',*,*,#5204,.T.);
#5204 = EDGE_CURVE('',#4942,#5205,#5207,.T.);
#5205 = VERTEX_POINT('',#5206);
#5206 = CARTESIAN_POINT('',(-0.32,0.32,8.38));
#5207 = LINE('',#5208,#5209);
#5208 = CARTESIAN_POINT('',(-0.32,0.32,-3.));
#5209 = VECTOR('',#5210,1.);
#5210 = DIRECTION('',(0.,0.,1.));
#5211 = ORIENTED_EDGE('',*,*,#5212,.T.);
#5212 = EDGE_CURVE('',#5205,#5181,#5213,.T.);
#5213 = LINE('',#5214,#5215);
#5214 = CARTESIAN_POINT('',(-0.32,0.32,8.38));
#5215 = VECTOR('',#5216,1.);
#5216 = DIRECTION('',(1.,0.,0.));
#5217 = PLANE('',#5218);
#5218 = AXIS2_PLACEMENT_3D('',#5219,#5220,#5221);
#5219 = CARTESIAN_POINT('',(-0.32,0.32,-3.));
#5220 = DIRECTION('',(0.,1.,0.));
#5221 = DIRECTION('',(0.,-0.,1.));
#5222 = ADVANCED_FACE('',(#5223),#5234,.F.);
#5223 = FACE_BOUND('',#5224,.F.);
#5224 = EDGE_LOOP('',(#5225,#5226,#5227,#5228));
#5225 = ORIENTED_EDGE('',*,*,#5156,.F.);
#5226 = ORIENTED_EDGE('',*,*,#4941,.T.);
#5227 = ORIENTED_EDGE('',*,*,#5204,.T.);
#5228 = ORIENTED_EDGE('',*,*,#5229,.F.);
#5229 = EDGE_CURVE('',#5157,#5205,#5230,.T.);
#5230 = LINE('',#5231,#5232);
#5231 = CARTESIAN_POINT('',(-0.32,-0.32,8.38));
#5232 = VECTOR('',#5233,1.);
#5233 = DIRECTION('',(0.,1.,0.));
#5234 = PLANE('',#5235);
#5235 = AXIS2_PLACEMENT_3D('',#5236,#5237,#5238);
#5236 = CARTESIAN_POINT('',(-0.32,-0.32,-3.));
#5237 = DIRECTION('',(1.,0.,0.));
#5238 = DIRECTION('',(0.,0.,1.));
#5239 = ADVANCED_FACE('',(#5240),#5265,.T.);
#5240 = FACE_BOUND('',#5241,.F.);
#5241 = EDGE_LOOP('',(#5242,#5250,#5251,#5259));
#5242 = ORIENTED_EDGE('',*,*,#5243,.F.);
#5243 = EDGE_CURVE('',#5060,#5244,#5246,.T.);
#5244 = VERTEX_POINT('',#5245);
#5245 = CARTESIAN_POINT('',(-0.16,-0.16,-3.));
#5246 = LINE('',#5247,#5248);
#5247 = CARTESIAN_POINT('',(-0.266666666667,-0.266666666667,
    -2.893333333333));
#5248 = VECTOR('',#5249,1.);
#5249 = DIRECTION('',(0.57735026919,0.57735026919,-0.57735026919));
#5250 = ORIENTED_EDGE('',*,*,#5059,.T.);
#5251 = ORIENTED_EDGE('',*,*,#5252,.T.);
#5252 = EDGE_CURVE('',#5052,#5253,#5255,.T.);
#5253 = VERTEX_POINT('',#5254);
#5254 = CARTESIAN_POINT('',(0.16,-0.16,-3.));
#5255 = LINE('',#5256,#5257);
#5256 = CARTESIAN_POINT('',(0.16,-0.16,-3.));
#5257 = VECTOR('',#5258,1.);
#5258 = DIRECTION('',(-0.57735026919,0.57735026919,-0.57735026919));
#5259 = ORIENTED_EDGE('',*,*,#5260,.F.);
#5260 = EDGE_CURVE('',#5244,#5253,#5261,.T.);
#5261 = LINE('',#5262,#5263);
#5262 = CARTESIAN_POINT('',(-0.32,-0.16,-3.));
#5263 = VECTOR('',#5264,1.);
#5264 = DIRECTION('',(1.,0.,0.));
#5265 = PLANE('',#5266);
#5266 = AXIS2_PLACEMENT_3D('',#5267,#5268,#5269);
#5267 = CARTESIAN_POINT('',(-0.32,-0.24,-2.92));
#5268 = DIRECTION('',(1.735167508357E-18,-0.707106781187,-0.707106781187
    ));
#5269 = DIRECTION('',(-1.,-1.226948711654E-18,-1.226948711654E-18));
#5270 = ADVANCED_FACE('',(#5271),#5289,.F.);
#5271 = FACE_BOUND('',#5272,.F.);
#5272 = EDGE_LOOP('',(#5273,#5274,#5275,#5283));
#5273 = ORIENTED_EDGE('',*,*,#5252,.F.);
#5274 = ORIENTED_EDGE('',*,*,#5083,.T.);
#5275 = ORIENTED_EDGE('',*,*,#5276,.T.);
#5276 = EDGE_CURVE('',#5084,#5277,#5279,.T.);
#5277 = VERTEX_POINT('',#5278);
#5278 = CARTESIAN_POINT('',(0.16,0.16,-3.));
#5279 = LINE('',#5280,#5281);
#5280 = CARTESIAN_POINT('',(5.333333333333E-02,5.333333333333E-02,
    -3.106666666667));
#5281 = VECTOR('',#5282,1.);
#5282 = DIRECTION('',(-0.57735026919,-0.57735026919,-0.57735026919));
#5283 = ORIENTED_EDGE('',*,*,#5284,.F.);
#5284 = EDGE_CURVE('',#5253,#5277,#5285,.T.);
#5285 = LINE('',#5286,#5287);
#5286 = CARTESIAN_POINT('',(0.16,-0.32,-3.));
#5287 = VECTOR('',#5288,1.);
#5288 = DIRECTION('',(0.,1.,0.));
#5289 = PLANE('',#5290);
#5290 = AXIS2_PLACEMENT_3D('',#5291,#5292,#5293);
#5291 = CARTESIAN_POINT('',(0.24,-0.32,-2.92));
#5292 = DIRECTION('',(-0.707106781187,1.735167508357E-18,0.707106781187)
  );
#5293 = DIRECTION('',(1.226948711654E-18,1.,-1.226948711654E-18));
#5294 = ADVANCED_FACE('',(#5295),#5313,.F.);
#5295 = FACE_BOUND('',#5296,.T.);
#5296 = EDGE_LOOP('',(#5297,#5305,#5306,#5307));
#5297 = ORIENTED_EDGE('',*,*,#5298,.F.);
#5298 = EDGE_CURVE('',#5108,#5299,#5301,.T.);
#5299 = VERTEX_POINT('',#5300);
#5300 = CARTESIAN_POINT('',(-0.16,0.16,-3.));
#5301 = LINE('',#5302,#5303);
#5302 = CARTESIAN_POINT('',(-0.16,0.16,-3.));
#5303 = VECTOR('',#5304,1.);
#5304 = DIRECTION('',(0.57735026919,-0.57735026919,-0.57735026919));
#5305 = ORIENTED_EDGE('',*,*,#5107,.T.);
#5306 = ORIENTED_EDGE('',*,*,#5276,.T.);
#5307 = ORIENTED_EDGE('',*,*,#5308,.F.);
#5308 = EDGE_CURVE('',#5299,#5277,#5309,.T.);
#5309 = LINE('',#5310,#5311);
#5310 = CARTESIAN_POINT('',(-0.32,0.16,-3.));
#5311 = VECTOR('',#5312,1.);
#5312 = DIRECTION('',(1.,0.,0.));
#5313 = PLANE('',#5314);
#5314 = AXIS2_PLACEMENT_3D('',#5315,#5316,#5317);
#5315 = CARTESIAN_POINT('',(-0.32,0.24,-2.92));
#5316 = DIRECTION('',(-1.735167508357E-18,-0.707106781187,0.707106781187
    ));
#5317 = DIRECTION('',(-1.,1.226948711654E-18,-1.226948711654E-18));
#5318 = ADVANCED_FACE('',(#5319),#5330,.T.);
#5319 = FACE_BOUND('',#5320,.T.);
#5320 = EDGE_LOOP('',(#5321,#5322,#5323,#5324));
#5321 = ORIENTED_EDGE('',*,*,#5243,.F.);
#5322 = ORIENTED_EDGE('',*,*,#5131,.T.);
#5323 = ORIENTED_EDGE('',*,*,#5298,.T.);
#5324 = ORIENTED_EDGE('',*,*,#5325,.F.);
#5325 = EDGE_CURVE('',#5244,#5299,#5326,.T.);
#5326 = LINE('',#5327,#5328);
#5327 = CARTESIAN_POINT('',(-0.16,-0.32,-3.));
#5328 = VECTOR('',#5329,1.);
#5329 = DIRECTION('',(0.,1.,0.));
#5330 = PLANE('',#5331);
#5331 = AXIS2_PLACEMENT_3D('',#5332,#5333,#5334);
#5332 = CARTESIAN_POINT('',(-0.24,-0.32,-2.92));
#5333 = DIRECTION('',(-0.707106781187,-1.735167508357E-18,
    -0.707106781187));
#5334 = DIRECTION('',(-1.226948711654E-18,1.,-1.226948711654E-18));
#5335 = ADVANCED_FACE('',(#5336),#5361,.F.);
#5336 = FACE_BOUND('',#5337,.T.);
#5337 = EDGE_LOOP('',(#5338,#5346,#5347,#5355));
#5338 = ORIENTED_EDGE('',*,*,#5339,.F.);
#5339 = EDGE_CURVE('',#5157,#5340,#5342,.T.);
#5340 = VERTEX_POINT('',#5341);
#5341 = CARTESIAN_POINT('',(-0.16,-0.16,8.54));
#5342 = LINE('',#5343,#5344);
#5343 = CARTESIAN_POINT('',(-0.266666666667,-0.266666666667,
    8.433333333333));
#5344 = VECTOR('',#5345,1.);
#5345 = DIRECTION('',(0.57735026919,0.57735026919,0.57735026919));
#5346 = ORIENTED_EDGE('',*,*,#5164,.T.);
#5347 = ORIENTED_EDGE('',*,*,#5348,.T.);
#5348 = EDGE_CURVE('',#5148,#5349,#5351,.T.);
#5349 = VERTEX_POINT('',#5350);
#5350 = CARTESIAN_POINT('',(0.16,-0.16,8.54));
#5351 = LINE('',#5352,#5353);
#5352 = CARTESIAN_POINT('',(0.16,-0.16,8.54));
#5353 = VECTOR('',#5354,1.);
#5354 = DIRECTION('',(-0.57735026919,0.57735026919,0.57735026919));
#5355 = ORIENTED_EDGE('',*,*,#5356,.F.);
#5356 = EDGE_CURVE('',#5340,#5349,#5357,.T.);
#5357 = LINE('',#5358,#5359);
#5358 = CARTESIAN_POINT('',(-0.32,-0.16,8.54));
#5359 = VECTOR('',#5360,1.);
#5360 = DIRECTION('',(1.,0.,0.));
#5361 = PLANE('',#5362);
#5362 = AXIS2_PLACEMENT_3D('',#5363,#5364,#5365);
#5363 = CARTESIAN_POINT('',(-0.32,-0.24,8.46));
#5364 = DIRECTION('',(-1.735167508357E-18,0.707106781187,-0.707106781187
    ));
#5365 = DIRECTION('',(-1.,-1.226948711654E-18,1.226948711654E-18));
#5366 = ADVANCED_FACE('',(#5367),#5385,.T.);
#5367 = FACE_BOUND('',#5368,.T.);
#5368 = EDGE_LOOP('',(#5369,#5370,#5371,#5379));
#5369 = ORIENTED_EDGE('',*,*,#5348,.F.);
#5370 = ORIENTED_EDGE('',*,*,#5188,.T.);
#5371 = ORIENTED_EDGE('',*,*,#5372,.T.);
#5372 = EDGE_CURVE('',#5181,#5373,#5375,.T.);
#5373 = VERTEX_POINT('',#5374);
#5374 = CARTESIAN_POINT('',(0.16,0.16,8.54));
#5375 = LINE('',#5376,#5377);
#5376 = CARTESIAN_POINT('',(5.333333333333E-02,5.333333333333E-02,
    8.646666666667));
#5377 = VECTOR('',#5378,1.);
#5378 = DIRECTION('',(-0.57735026919,-0.57735026919,0.57735026919));
#5379 = ORIENTED_EDGE('',*,*,#5380,.F.);
#5380 = EDGE_CURVE('',#5349,#5373,#5381,.T.);
#5381 = LINE('',#5382,#5383);
#5382 = CARTESIAN_POINT('',(0.16,-0.32,8.54));
#5383 = VECTOR('',#5384,1.);
#5384 = DIRECTION('',(0.,1.,0.));
#5385 = PLANE('',#5386);
#5386 = AXIS2_PLACEMENT_3D('',#5387,#5388,#5389);
#5387 = CARTESIAN_POINT('',(0.24,-0.32,8.46));
#5388 = DIRECTION('',(0.707106781187,-1.735167508357E-18,0.707106781187)
  );
#5389 = DIRECTION('',(1.226948711654E-18,1.,1.226948711654E-18));
#5390 = ADVANCED_FACE('',(#5391),#5409,.T.);
#5391 = FACE_BOUND('',#5392,.F.);
#5392 = EDGE_LOOP('',(#5393,#5401,#5402,#5403));
#5393 = ORIENTED_EDGE('',*,*,#5394,.F.);
#5394 = EDGE_CURVE('',#5205,#5395,#5397,.T.);
#5395 = VERTEX_POINT('',#5396);
#5396 = CARTESIAN_POINT('',(-0.16,0.16,8.54));
#5397 = LINE('',#5398,#5399);
#5398 = CARTESIAN_POINT('',(-0.16,0.16,8.54));
#5399 = VECTOR('',#5400,1.);
#5400 = DIRECTION('',(0.57735026919,-0.57735026919,0.57735026919));
#5401 = ORIENTED_EDGE('',*,*,#5212,.T.);
#5402 = ORIENTED_EDGE('',*,*,#5372,.T.);
#5403 = ORIENTED_EDGE('',*,*,#5404,.F.);
#5404 = EDGE_CURVE('',#5395,#5373,#5405,.T.);
#5405 = LINE('',#5406,#5407);
#5406 = CARTESIAN_POINT('',(-0.32,0.16,8.54));
#5407 = VECTOR('',#5408,1.);
#5408 = DIRECTION('',(1.,0.,0.));
#5409 = PLANE('',#5410);
#5410 = AXIS2_PLACEMENT_3D('',#5411,#5412,#5413);
#5411 = CARTESIAN_POINT('',(-0.32,0.24,8.46));
#5412 = DIRECTION('',(1.735167508357E-18,0.707106781187,0.707106781187)
  );
#5413 = DIRECTION('',(-1.,1.226948711654E-18,1.226948711654E-18));
#5414 = ADVANCED_FACE('',(#5415),#5426,.F.);
#5415 = FACE_BOUND('',#5416,.F.);
#5416 = EDGE_LOOP('',(#5417,#5418,#5419,#5420));
#5417 = ORIENTED_EDGE('',*,*,#5339,.F.);
#5418 = ORIENTED_EDGE('',*,*,#5229,.T.);
#5419 = ORIENTED_EDGE('',*,*,#5394,.T.);
#5420 = ORIENTED_EDGE('',*,*,#5421,.F.);
#5421 = EDGE_CURVE('',#5340,#5395,#5422,.T.);
#5422 = LINE('',#5423,#5424);
#5423 = CARTESIAN_POINT('',(-0.16,-0.32,8.54));
#5424 = VECTOR('',#5425,1.);
#5425 = DIRECTION('',(0.,1.,0.));
#5426 = PLANE('',#5427);
#5427 = AXIS2_PLACEMENT_3D('',#5428,#5429,#5430);
#5428 = CARTESIAN_POINT('',(-0.24,-0.32,8.46));
#5429 = DIRECTION('',(0.707106781187,1.735167508357E-18,-0.707106781187)
  );
#5430 = DIRECTION('',(-1.226948711654E-18,1.,1.226948711654E-18));
#5431 = ADVANCED_FACE('',(#5432),#5438,.F.);
#5432 = FACE_BOUND('',#5433,.F.);
#5433 = EDGE_LOOP('',(#5434,#5435,#5436,#5437));
#5434 = ORIENTED_EDGE('',*,*,#5308,.F.);
#5435 = ORIENTED_EDGE('',*,*,#5325,.F.);
#5436 = ORIENTED_EDGE('',*,*,#5260,.T.);
#5437 = ORIENTED_EDGE('',*,*,#5284,.T.);
#5438 = PLANE('',#5439);
#5439 = AXIS2_PLACEMENT_3D('',#5440,#5441,#5442);
#5440 = CARTESIAN_POINT('',(-0.32,-0.32,-3.));
#5441 = DIRECTION('',(0.,0.,1.));
#5442 = DIRECTION('',(1.,0.,-0.));
#5443 = ADVANCED_FACE('',(#5444),#5450,.T.);
#5444 = FACE_BOUND('',#5445,.T.);
#5445 = EDGE_LOOP('',(#5446,#5447,#5448,#5449));
#5446 = ORIENTED_EDGE('',*,*,#5380,.T.);
#5447 = ORIENTED_EDGE('',*,*,#5404,.F.);
#5448 = ORIENTED_EDGE('',*,*,#5421,.F.);
#5449 = ORIENTED_EDGE('',*,*,#5356,.T.);
#5450 = PLANE('',#5451);
#5451 = AXIS2_PLACEMENT_3D('',#5452,#5453,#5454);
#5452 = CARTESIAN_POINT('',(-0.32,-0.32,8.54));
#5453 = DIRECTION('',(0.,0.,1.));
#5454 = DIRECTION('',(1.,0.,-0.));
#5455 = ( GEOMETRIC_REPRESENTATION_CONTEXT(3) 
GLOBAL_UNCERTAINTY_ASSIGNED_CONTEXT((#5459)) 
GLOBAL_UNIT_ASSIGNED_CONTEXT((#5456,#5457,#5458)) REPRESENTATION_CONTEXT
('Context #1','3D Context with UNIT and UNCERTAINTY') );
#5456 = ( LENGTH_UNIT() NAMED_UNIT(*) SI_UNIT(.MILLI.,.METRE.) );
#5457 = ( NAMED_UNIT(*) PLANE_ANGLE_UNIT() SI_UNIT($,.RADIAN.) );
#5458 = ( NAMED_UNIT(*) SI_UNIT($,.STERADIAN.) SOLID_ANGLE_UNIT() );
#5459 = UNCERTAINTY_MEASURE_WITH_UNIT(LENGTH_MEASURE(1.E-07),#5456,
  'distance_accuracy_value','confusion accuracy');
#5460 = CONTEXT_DEPENDENT_SHAPE_REPRESENTATION(#5461,#5463);
#5461 = ( REPRESENTATION_RELATIONSHIP('','',#4696,#4673) 
REPRESENTATION_RELATIONSHIP_WITH_TRANSFORMATION(#5462) 
SHAPE_REPRESENTATION_RELATIONSHIP() );
#5462 = ITEM_DEFINED_TRANSFORMATION('','',#11,#4674);
#5463 = PRODUCT_DEFINITION_SHAPE('Placement','Placement of an item',
  #5464);
#5464 = NEXT_ASSEMBLY_USAGE_OCCURRENCE('26','=>[0:1:1:11]','',#4668,
  #4691,$);
#5465 = PRODUCT_RELATED_PRODUCT_CATEGORY('part',$,(#4693));
#5466 = SHAPE_DEFINITION_REPRESENTATION(#5467,#5473);
#5467 = PRODUCT_DEFINITION_SHAPE('','',#5468);
#5468 = PRODUCT_DEFINITION('design','',#5469,#5472);
#5469 = PRODUCT_DEFINITION_FORMATION('','',#5470);
#5470 = PRODUCT('PinHeader_1x04_P2.54mm_Vertical',
  'PinHeader_1x04_P2.54mm_Vertical','',(#5471));
#5471 = PRODUCT_CONTEXT('',#2,'mechanical');
#5472 = PRODUCT_DEFINITION_CONTEXT('part definition',#2,'design');
#5473 = SHAPE_REPRESENTATION('',(#11,#5474),#5478);
#5474 = AXIS2_PLACEMENT_3D('',#5475,#5476,#5477);
#5475 = CARTESIAN_POINT('',(0.,0.,0.));
#5476 = DIRECTION('',(0.,0.,1.));
#5477 = DIRECTION('',(1.,0.,-0.));
#5478 = ( GEOMETRIC_REPRESENTATION_CONTEXT(3) 
GLOBAL_UNCERTAINTY_ASSIGNED_CONTEXT((#5482)) 
GLOBAL_UNIT_ASSIGNED_CONTEXT((#5479,#5480,#5481)) REPRESENTATION_CONTEXT
('Context #1','3D Context with UNIT and UNCERTAINTY') );
#5479 = ( LENGTH_UNIT() NAMED_UNIT(*) SI_UNIT(.MILLI.,.METRE.) );
#5480 = ( NAMED_UNIT(*) PLANE_ANGLE_UNIT() SI_UNIT($,.RADIAN.) );
#5481 = ( NAMED_UNIT(*) SI_UNIT($,.STERADIAN.) SOLID_ANGLE_UNIT() );
#5482 = UNCERTAINTY_MEASURE_WITH_UNIT(LENGTH_MEASURE(1.E-07),#5479,
  'distance_accuracy_value','confusion accuracy');
#5483 = CONTEXT_DEPENDENT_SHAPE_REPRESENTATION(#5484,#5486);
#5484 = ( REPRESENTATION_RELATIONSHIP('','',#5473,#10) 
REPRESENTATION_RELATIONSHIP_WITH_TRANSFORMATION(#5485) 
SHAPE_REPRESENTATION_RELATIONSHIP() );
#5485 = ITEM_DEFINED_TRANSFORMATION('','',#11,#103);
#5486 = PRODUCT_DEFINITION_SHAPE('Placement','Placement of an item',
  #5487);
#5487 = NEXT_ASSEMBLY_USAGE_OCCURRENCE('29','J1','',#5,#5468,$);
#5488 = PRODUCT_RELATED_PRODUCT_CATEGORY('part',$,(#5470));
#5489 = SHAPE_DEFINITION_REPRESENTATION(#5490,#5496);
#5490 = PRODUCT_DEFINITION_SHAPE('','',#5491);
#5491 = PRODUCT_DEFINITION('design','',#5492,#5495);
#5492 = PRODUCT_DEFINITION_FORMATION('','',#5493);
#5493 = PRODUCT('PinHeader_1x04_P254mm_Vertical',
  'PinHeader_1x04_P254mm_Vertical','',(#5494));
#5494 = PRODUCT_CONTEXT('',#2,'mechanical');
#5495 = PRODUCT_DEFINITION_CONTEXT('part definition',#2,'design');
#5496 = ADVANCED_BREP_SHAPE_REPRESENTATION('',(#11,#5497),#8277);
#5497 = MANIFOLD_SOLID_BREP('',#5498);
#5498 = CLOSED_SHELL('',(#5499,#5539,#5570,#5601,#5930,#6259,#6276,#6293
    ,#6310,#6327,#6344,#6361,#6378,#6395,#6412,#6429,#6446,#6463,#6480,
    #6497,#6514,#6531,#6548,#6565,#6582,#6599,#6616,#6633,#6645,#6676,
    #6700,#6724,#6741,#6772,#6796,#6820,#6837,#6868,#6892,#6916,#6933,
    #6964,#6988,#7012,#7029,#7060,#7084,#7108,#7125,#7156,#7180,#7204,
    #7221,#7252,#7276,#7300,#7317,#7348,#7372,#7396,#7413,#7444,#7468,
    #7492,#7509,#7540,#7564,#7588,#7605,#7636,#7660,#7684,#7701,#7732,
    #7756,#7780,#7797,#7828,#7852,#7876,#7893,#7924,#7948,#7972,#7989,
    #8020,#8044,#8068,#8085,#8116,#8140,#8164,#8181,#8193,#8205,#8217,
    #8229,#8241,#8253,#8265));
#5499 = ADVANCED_FACE('',(#5500),#5534,.F.);
#5500 = FACE_BOUND('',#5501,.F.);
#5501 = EDGE_LOOP('',(#5502,#5512,#5520,#5528));
#5502 = ORIENTED_EDGE('',*,*,#5503,.T.);
#5503 = EDGE_CURVE('',#5504,#5506,#5508,.T.);
#5504 = VERTEX_POINT('',#5505);
#5505 = CARTESIAN_POINT('',(-1.016,1.27,0.));
#5506 = VERTEX_POINT('',#5507);
#5507 = CARTESIAN_POINT('',(-1.016,1.27,2.54));
#5508 = LINE('',#5509,#5510);
#5509 = CARTESIAN_POINT('',(-1.016,1.27,0.));
#5510 = VECTOR('',#5511,1.);
#5511 = DIRECTION('',(0.,0.,1.));
#5512 = ORIENTED_EDGE('',*,*,#5513,.T.);
#5513 = EDGE_CURVE('',#5506,#5514,#5516,.T.);
#5514 = VERTEX_POINT('',#5515);
#5515 = CARTESIAN_POINT('',(-1.27,1.016,2.54));
#5516 = LINE('',#5517,#5518);
#5517 = CARTESIAN_POINT('',(-1.016,1.27,2.54));
#5518 = VECTOR('',#5519,1.);
#5519 = DIRECTION('',(-0.707106781187,-0.707106781187,0.));
#5520 = ORIENTED_EDGE('',*,*,#5521,.F.);
#5521 = EDGE_CURVE('',#5522,#5514,#5524,.T.);
#5522 = VERTEX_POINT('',#5523);
#5523 = CARTESIAN_POINT('',(-1.27,1.016,0.));
#5524 = LINE('',#5525,#5526);
#5525 = CARTESIAN_POINT('',(-1.27,1.016,0.));
#5526 = VECTOR('',#5527,1.);
#5527 = DIRECTION('',(0.,0.,1.));
#5528 = ORIENTED_EDGE('',*,*,#5529,.F.);
#5529 = EDGE_CURVE('',#5504,#5522,#5530,.T.);
#5530 = LINE('',#5531,#5532);
#5531 = CARTESIAN_POINT('',(-1.016,1.27,0.));
#5532 = VECTOR('',#5533,1.);
#5533 = DIRECTION('',(-0.707106781187,-0.707106781187,0.));
#5534 = PLANE('',#5535);
#5535 = AXIS2_PLACEMENT_3D('',#5536,#5537,#5538);
#5536 = CARTESIAN_POINT('',(-1.016,1.27,0.));
#5537 = DIRECTION('',(0.707106781187,-0.707106781187,0.));
#5538 = DIRECTION('',(-0.707106781187,-0.707106781187,0.));
#5539 = ADVANCED_FACE('',(#5540),#5565,.F.);
#5540 = FACE_BOUND('',#5541,.F.);
#5541 = EDGE_LOOP('',(#5542,#5552,#5558,#5559));
#5542 = ORIENTED_EDGE('',*,*,#5543,.T.);
#5543 = EDGE_CURVE('',#5544,#5546,#5548,.T.);
#5544 = VERTEX_POINT('',#5545);
#5545 = CARTESIAN_POINT('',(1.016,1.27,0.));
#5546 = VERTEX_POINT('',#5547);
#5547 = CARTESIAN_POINT('',(1.016,1.27,2.54));
#5548 = LINE('',#5549,#5550);
#5549 = CARTESIAN_POINT('',(1.016,1.27,0.));
#5550 = VECTOR('',#5551,1.);
#5551 = DIRECTION('',(0.,0.,1.));
#5552 = ORIENTED_EDGE('',*,*,#5553,.T.);
#5553 = EDGE_CURVE('',#5546,#5506,#5554,.T.);
#5554 = LINE('',#5555,#5556);
#5555 = CARTESIAN_POINT('',(1.016,1.27,2.54));
#5556 = VECTOR('',#5557,1.);
#5557 = DIRECTION('',(-1.,0.,0.));
#5558 = ORIENTED_EDGE('',*,*,#5503,.F.);
#5559 = ORIENTED_EDGE('',*,*,#5560,.F.);
#5560 = EDGE_CURVE('',#5544,#5504,#5561,.T.);
#5561 = LINE('',#5562,#5563);
#5562 = CARTESIAN_POINT('',(1.016,1.27,0.));
#5563 = VECTOR('',#5564,1.);
#5564 = DIRECTION('',(-1.,0.,0.));
#5565 = PLANE('',#5566);
#5566 = AXIS2_PLACEMENT_3D('',#5567,#5568,#5569);
#5567 = CARTESIAN_POINT('',(1.016,1.27,0.));
#5568 = DIRECTION('',(0.,-1.,0.));
#5569 = DIRECTION('',(-1.,0.,0.));
#5570 = ADVANCED_FACE('',(#5571),#5596,.F.);
#5571 = FACE_BOUND('',#5572,.F.);
#5572 = EDGE_LOOP('',(#5573,#5574,#5582,#5590));
#5573 = ORIENTED_EDGE('',*,*,#5521,.T.);
#5574 = ORIENTED_EDGE('',*,*,#5575,.T.);
#5575 = EDGE_CURVE('',#5514,#5576,#5578,.T.);
#5576 = VERTEX_POINT('',#5577);
#5577 = CARTESIAN_POINT('',(-1.27,-1.016,2.54));
#5578 = LINE('',#5579,#5580);
#5579 = CARTESIAN_POINT('',(-1.27,1.016,2.54));
#5580 = VECTOR('',#5581,1.);
#5581 = DIRECTION('',(0.,-1.,0.));
#5582 = ORIENTED_EDGE('',*,*,#5583,.F.);
#5583 = EDGE_CURVE('',#5584,#5576,#5586,.T.);
#5584 = VERTEX_POINT('',#5585);
#5585 = CARTESIAN_POINT('',(-1.27,-1.016,0.));
#5586 = LINE('',#5587,#5588);
#5587 = CARTESIAN_POINT('',(-1.27,-1.016,0.));
#5588 = VECTOR('',#5589,1.);
#5589 = DIRECTION('',(0.,0.,1.));
#5590 = ORIENTED_EDGE('',*,*,#5591,.F.);
#5591 = EDGE_CURVE('',#5522,#5584,#5592,.T.);
#5592 = LINE('',#5593,#5594);
#5593 = CARTESIAN_POINT('',(-1.27,1.016,0.));
#5594 = VECTOR('',#5595,1.);
#5595 = DIRECTION('',(0.,-1.,0.));
#5596 = PLANE('',#5597);
#5597 = AXIS2_PLACEMENT_3D('',#5598,#5599,#5600);
#5598 = CARTESIAN_POINT('',(-1.27,1.016,0.));
#5599 = DIRECTION('',(1.,0.,0.));
#5600 = DIRECTION('',(0.,-1.,0.));
#5601 = ADVANCED_FACE('',(#5602,#5789,#5823,#5857,#5891),#5925,.F.);
#5602 = FACE_BOUND('',#5603,.F.);
#5603 = EDGE_LOOP('',(#5604,#5605,#5606,#5614,#5622,#5630,#5638,#5646,
    #5654,#5662,#5670,#5678,#5686,#5694,#5702,#5710,#5718,#5726,#5734,
    #5742,#5750,#5758,#5766,#5774,#5782,#5788));
#5604 = ORIENTED_EDGE('',*,*,#5529,.T.);
#5605 = ORIENTED_EDGE('',*,*,#5591,.T.);
#5606 = ORIENTED_EDGE('',*,*,#5607,.T.);
#5607 = EDGE_CURVE('',#5584,#5608,#5610,.T.);
#5608 = VERTEX_POINT('',#5609);
#5609 = CARTESIAN_POINT('',(-1.016,-1.27,0.));
#5610 = LINE('',#5611,#5612);
#5611 = CARTESIAN_POINT('',(-1.27,-1.016,0.));
#5612 = VECTOR('',#5613,1.);
#5613 = DIRECTION('',(0.707106781187,-0.707106781187,0.));
#5614 = ORIENTED_EDGE('',*,*,#5615,.T.);
#5615 = EDGE_CURVE('',#5608,#5616,#5618,.T.);
#5616 = VERTEX_POINT('',#5617);
#5617 = CARTESIAN_POINT('',(-1.27,-1.524,0.));
#5618 = LINE('',#5619,#5620);
#5619 = CARTESIAN_POINT('',(-1.016,-1.27,0.));
#5620 = VECTOR('',#5621,1.);
#5621 = DIRECTION('',(-0.707106781187,-0.707106781187,0.));
#5622 = ORIENTED_EDGE('',*,*,#5623,.T.);
#5623 = EDGE_CURVE('',#5616,#5624,#5626,.T.);
#5624 = VERTEX_POINT('',#5625);
#5625 = CARTESIAN_POINT('',(-1.27,-3.556,0.));
#5626 = LINE('',#5627,#5628);
#5627 = CARTESIAN_POINT('',(-1.27,-1.524,0.));
#5628 = VECTOR('',#5629,1.);
#5629 = DIRECTION('',(0.,-1.,0.));
#5630 = ORIENTED_EDGE('',*,*,#5631,.T.);
#5631 = EDGE_CURVE('',#5624,#5632,#5634,.T.);
#5632 = VERTEX_POINT('',#5633);
#5633 = CARTESIAN_POINT('',(-1.016,-3.81,0.));
#5634 = LINE('',#5635,#5636);
#5635 = CARTESIAN_POINT('',(-1.27,-3.556,0.));
#5636 = VECTOR('',#5637,1.);
#5637 = DIRECTION('',(0.707106781187,-0.707106781187,0.));
#5638 = ORIENTED_EDGE('',*,*,#5639,.T.);
#5639 = EDGE_CURVE('',#5632,#5640,#5642,.T.);
#5640 = VERTEX_POINT('',#5641);
#5641 = CARTESIAN_POINT('',(-1.27,-4.064,0.));
#5642 = LINE('',#5643,#5644);
#5643 = CARTESIAN_POINT('',(-1.016,-3.81,0.));
#5644 = VECTOR('',#5645,1.);
#5645 = DIRECTION('',(-0.707106781187,-0.707106781187,0.));
#5646 = ORIENTED_EDGE('',*,*,#5647,.T.);
#5647 = EDGE_CURVE('',#5640,#5648,#5650,.T.);
#5648 = VERTEX_POINT('',#5649);
#5649 = CARTESIAN_POINT('',(-1.27,-6.096,0.));
#5650 = LINE('',#5651,#5652);
#5651 = CARTESIAN_POINT('',(-1.27,-4.064,0.));
#5652 = VECTOR('',#5653,1.);
#5653 = DIRECTION('',(0.,-1.,0.));
#5654 = ORIENTED_EDGE('',*,*,#5655,.T.);
#5655 = EDGE_CURVE('',#5648,#5656,#5658,.T.);
#5656 = VERTEX_POINT('',#5657);
#5657 = CARTESIAN_POINT('',(-1.016,-6.35,0.));
#5658 = LINE('',#5659,#5660);
#5659 = CARTESIAN_POINT('',(-1.27,-6.096,0.));
#5660 = VECTOR('',#5661,1.);
#5661 = DIRECTION('',(0.707106781187,-0.707106781187,0.));
#5662 = ORIENTED_EDGE('',*,*,#5663,.T.);
#5663 = EDGE_CURVE('',#5656,#5664,#5666,.T.);
#5664 = VERTEX_POINT('',#5665);
#5665 = CARTESIAN_POINT('',(-1.27,-6.604,0.));
#5666 = LINE('',#5667,#5668);
#5667 = CARTESIAN_POINT('',(-1.016,-6.35,0.));
#5668 = VECTOR('',#5669,1.);
#5669 = DIRECTION('',(-0.707106781187,-0.707106781187,0.));
#5670 = ORIENTED_EDGE('',*,*,#5671,.T.);
#5671 = EDGE_CURVE('',#5664,#5672,#5674,.T.);
#5672 = VERTEX_POINT('',#5673);
#5673 = CARTESIAN_POINT('',(-1.27,-8.636,0.));
#5674 = LINE('',#5675,#5676);
#5675 = CARTESIAN_POINT('',(-1.27,-6.604,0.));
#5676 = VECTOR('',#5677,1.);
#5677 = DIRECTION('',(0.,-1.,0.));
#5678 = ORIENTED_EDGE('',*,*,#5679,.T.);
#5679 = EDGE_CURVE('',#5672,#5680,#5682,.T.);
#5680 = VERTEX_POINT('',#5681);
#5681 = CARTESIAN_POINT('',(-1.016,-8.89,0.));
#5682 = LINE('',#5683,#5684);
#5683 = CARTESIAN_POINT('',(-1.27,-8.636,0.));
#5684 = VECTOR('',#5685,1.);
#5685 = DIRECTION('',(0.707106781187,-0.707106781187,0.));
#5686 = ORIENTED_EDGE('',*,*,#5687,.T.);
#5687 = EDGE_CURVE('',#5680,#5688,#5690,.T.);
#5688 = VERTEX_POINT('',#5689);
#5689 = CARTESIAN_POINT('',(1.016,-8.89,0.));
#5690 = LINE('',#5691,#5692);
#5691 = CARTESIAN_POINT('',(-1.016,-8.89,0.));
#5692 = VECTOR('',#5693,1.);
#5693 = DIRECTION('',(1.,0.,0.));
#5694 = ORIENTED_EDGE('',*,*,#5695,.T.);
#5695 = EDGE_CURVE('',#5688,#5696,#5698,.T.);
#5696 = VERTEX_POINT('',#5697);
#5697 = CARTESIAN_POINT('',(1.27,-8.636,0.));
#5698 = LINE('',#5699,#5700);
#5699 = CARTESIAN_POINT('',(1.016,-8.89,0.));
#5700 = VECTOR('',#5701,1.);
#5701 = DIRECTION('',(0.707106781187,0.707106781187,0.));
#5702 = ORIENTED_EDGE('',*,*,#5703,.T.);
#5703 = EDGE_CURVE('',#5696,#5704,#5706,.T.);
#5704 = VERTEX_POINT('',#5705);
#5705 = CARTESIAN_POINT('',(1.27,-6.604,0.));
#5706 = LINE('',#5707,#5708);
#5707 = CARTESIAN_POINT('',(1.27,-8.636,0.));
#5708 = VECTOR('',#5709,1.);
#5709 = DIRECTION('',(0.,1.,0.));
#5710 = ORIENTED_EDGE('',*,*,#5711,.T.);
#5711 = EDGE_CURVE('',#5704,#5712,#5714,.T.);
#5712 = VERTEX_POINT('',#5713);
#5713 = CARTESIAN_POINT('',(1.016,-6.35,0.));
#5714 = LINE('',#5715,#5716);
#5715 = CARTESIAN_POINT('',(1.27,-6.604,0.));
#5716 = VECTOR('',#5717,1.);
#5717 = DIRECTION('',(-0.707106781187,0.707106781187,0.));
#5718 = ORIENTED_EDGE('',*,*,#5719,.T.);
#5719 = EDGE_CURVE('',#5712,#5720,#5722,.T.);
#5720 = VERTEX_POINT('',#5721);
#5721 = CARTESIAN_POINT('',(1.27,-6.096,0.));
#5722 = LINE('',#5723,#5724);
#5723 = CARTESIAN_POINT('',(1.016,-6.35,0.));
#5724 = VECTOR('',#5725,1.);
#5725 = DIRECTION('',(0.707106781187,0.707106781187,0.));
#5726 = ORIENTED_EDGE('',*,*,#5727,.T.);
#5727 = EDGE_CURVE('',#5720,#5728,#5730,.T.);
#5728 = VERTEX_POINT('',#5729);
#5729 = CARTESIAN_POINT('',(1.27,-4.064,0.));
#5730 = LINE('',#5731,#5732);
#5731 = CARTESIAN_POINT('',(1.27,-6.096,0.));
#5732 = VECTOR('',#5733,1.);
#5733 = DIRECTION('',(0.,1.,0.));
#5734 = ORIENTED_EDGE('',*,*,#5735,.T.);
#5735 = EDGE_CURVE('',#5728,#5736,#5738,.T.);
#5736 = VERTEX_POINT('',#5737);
#5737 = CARTESIAN_POINT('',(1.016,-3.81,0.));
#5738 = LINE('',#5739,#5740);
#5739 = CARTESIAN_POINT('',(1.27,-4.064,0.));
#5740 = VECTOR('',#5741,1.);
#5741 = DIRECTION('',(-0.707106781187,0.707106781187,0.));
#5742 = ORIENTED_EDGE('',*,*,#5743,.T.);
#5743 = EDGE_CURVE('',#5736,#5744,#5746,.T.);
#5744 = VERTEX_POINT('',#5745);
#5745 = CARTESIAN_POINT('',(1.27,-3.556,0.));
#5746 = LINE('',#5747,#5748);
#5747 = CARTESIAN_POINT('',(1.016,-3.81,0.));
#5748 = VECTOR('',#5749,1.);
#5749 = DIRECTION('',(0.707106781187,0.707106781187,0.));
#5750 = ORIENTED_EDGE('',*,*,#5751,.T.);
#5751 = EDGE_CURVE('',#5744,#5752,#5754,.T.);
#5752 = VERTEX_POINT('',#5753);
#5753 = CARTESIAN_POINT('',(1.27,-1.524,0.));
#5754 = LINE('',#5755,#5756);
#5755 = CARTESIAN_POINT('',(1.27,-3.556,0.));
#5756 = VECTOR('',#5757,1.);
#5757 = DIRECTION('',(0.,1.,0.));
#5758 = ORIENTED_EDGE('',*,*,#5759,.T.);
#5759 = EDGE_CURVE('',#5752,#5760,#5762,.T.);
#5760 = VERTEX_POINT('',#5761);
#5761 = CARTESIAN_POINT('',(1.016,-1.27,0.));
#5762 = LINE('',#5763,#5764);
#5763 = CARTESIAN_POINT('',(1.27,-1.524,0.));
#5764 = VECTOR('',#5765,1.);
#5765 = DIRECTION('',(-0.707106781187,0.707106781187,0.));
#5766 = ORIENTED_EDGE('',*,*,#5767,.T.);
#5767 = EDGE_CURVE('',#5760,#5768,#5770,.T.);
#5768 = VERTEX_POINT('',#5769);
#5769 = CARTESIAN_POINT('',(1.27,-1.016,0.));
#5770 = LINE('',#5771,#5772);
#5771 = CARTESIAN_POINT('',(1.016,-1.27,0.));
#5772 = VECTOR('',#5773,1.);
#5773 = DIRECTION('',(0.707106781187,0.707106781187,0.));
#5774 = ORIENTED_EDGE('',*,*,#5775,.T.);
#5775 = EDGE_CURVE('',#5768,#5776,#5778,.T.);
#5776 = VERTEX_POINT('',#5777);
#5777 = CARTESIAN_POINT('',(1.27,1.016,0.));
#5778 = LINE('',#5779,#5780);
#5779 = CARTESIAN_POINT('',(1.27,-1.016,0.));
#5780 = VECTOR('',#5781,1.);
#5781 = DIRECTION('',(0.,1.,0.));
#5782 = ORIENTED_EDGE('',*,*,#5783,.T.);
#5783 = EDGE_CURVE('',#5776,#5544,#5784,.T.);
#5784 = LINE('',#5785,#5786);
#5785 = CARTESIAN_POINT('',(1.27,1.016,0.));
#5786 = VECTOR('',#5787,1.);
#5787 = DIRECTION('',(-0.707106781187,0.707106781187,0.));
#5788 = ORIENTED_EDGE('',*,*,#5560,.T.);
#5789 = FACE_BOUND('',#5790,.F.);
#5790 = EDGE_LOOP('',(#5791,#5801,#5809,#5817));
#5791 = ORIENTED_EDGE('',*,*,#5792,.F.);
#5792 = EDGE_CURVE('',#5793,#5795,#5797,.T.);
#5793 = VERTEX_POINT('',#5794);
#5794 = CARTESIAN_POINT('',(0.32,-4.76,0.));
#5795 = VERTEX_POINT('',#5796);
#5796 = CARTESIAN_POINT('',(-0.32,-4.76,0.));
#5797 = LINE('',#5798,#5799);
#5798 = CARTESIAN_POINT('',(-0.16,-4.76,0.));
#5799 = VECTOR('',#5800,1.);
#5800 = DIRECTION('',(-1.,0.,0.));
#5801 = ORIENTED_EDGE('',*,*,#5802,.F.);
#5802 = EDGE_CURVE('',#5803,#5793,#5805,.T.);
#5803 = VERTEX_POINT('',#5804);
#5804 = CARTESIAN_POINT('',(0.32,-5.4,0.));
#5805 = LINE('',#5806,#5807);
#5806 = CARTESIAN_POINT('',(0.32,-4.605,0.));
#5807 = VECTOR('',#5808,1.);
#5808 = DIRECTION('',(0.,1.,0.));
#5809 = ORIENTED_EDGE('',*,*,#5810,.T.);
#5810 = EDGE_CURVE('',#5803,#5811,#5813,.T.);
#5811 = VERTEX_POINT('',#5812);
#5812 = CARTESIAN_POINT('',(-0.32,-5.4,0.));
#5813 = LINE('',#5814,#5815);
#5814 = CARTESIAN_POINT('',(-0.16,-5.4,0.));
#5815 = VECTOR('',#5816,1.);
#5816 = DIRECTION('',(-1.,0.,0.));
#5817 = ORIENTED_EDGE('',*,*,#5818,.T.);
#5818 = EDGE_CURVE('',#5811,#5795,#5819,.T.);
#5819 = LINE('',#5820,#5821);
#5820 = CARTESIAN_POINT('',(-0.32,-4.605,0.));
#5821 = VECTOR('',#5822,1.);
#5822 = DIRECTION('',(0.,1.,0.));
#5823 = FACE_BOUND('',#5824,.F.);
#5824 = EDGE_LOOP('',(#5825,#5835,#5843,#5851));
#5825 = ORIENTED_EDGE('',*,*,#5826,.F.);
#5826 = EDGE_CURVE('',#5827,#5829,#5831,.T.);
#5827 = VERTEX_POINT('',#5828);
#5828 = CARTESIAN_POINT('',(0.32,-7.94,0.));
#5829 = VERTEX_POINT('',#5830);
#5830 = CARTESIAN_POINT('',(0.32,-7.3,0.));
#5831 = LINE('',#5832,#5833);
#5832 = CARTESIAN_POINT('',(0.32,-5.875,0.));
#5833 = VECTOR('',#5834,1.);
#5834 = DIRECTION('',(0.,1.,0.));
#5835 = ORIENTED_EDGE('',*,*,#5836,.T.);
#5836 = EDGE_CURVE('',#5827,#5837,#5839,.T.);
#5837 = VERTEX_POINT('',#5838);
#5838 = CARTESIAN_POINT('',(-0.32,-7.94,0.));
#5839 = LINE('',#5840,#5841);
#5840 = CARTESIAN_POINT('',(-0.16,-7.94,0.));
#5841 = VECTOR('',#5842,1.);
#5842 = DIRECTION('',(-1.,0.,0.));
#5843 = ORIENTED_EDGE('',*,*,#5844,.T.);
#5844 = EDGE_CURVE('',#5837,#5845,#5847,.T.);
#5845 = VERTEX_POINT('',#5846);
#5846 = CARTESIAN_POINT('',(-0.32,-7.3,0.));
#5847 = LINE('',#5848,#5849);
#5848 = CARTESIAN_POINT('',(-0.32,-5.875,0.));
#5849 = VECTOR('',#5850,1.);
#5850 = DIRECTION('',(0.,1.,0.));
#5851 = ORIENTED_EDGE('',*,*,#5852,.F.);
#5852 = EDGE_CURVE('',#5829,#5845,#5853,.T.);
#5853 = LINE('',#5854,#5855);
#5854 = CARTESIAN_POINT('',(-0.16,-7.3,0.));
#5855 = VECTOR('',#5856,1.);
#5856 = DIRECTION('',(-1.,0.,0.));
#5857 = FACE_BOUND('',#5858,.F.);
#5858 = EDGE_LOOP('',(#5859,#5869,#5877,#5885));
#5859 = ORIENTED_EDGE('',*,*,#5860,.F.);
#5860 = EDGE_CURVE('',#5861,#5863,#5865,.T.);
#5861 = VERTEX_POINT('',#5862);
#5862 = CARTESIAN_POINT('',(0.32,-0.32,0.));
#5863 = VERTEX_POINT('',#5864);
#5864 = CARTESIAN_POINT('',(0.32,0.32,0.));
#5865 = LINE('',#5866,#5867);
#5866 = CARTESIAN_POINT('',(0.32,-2.065,0.));
#5867 = VECTOR('',#5868,1.);
#5868 = DIRECTION('',(0.,1.,0.));
#5869 = ORIENTED_EDGE('',*,*,#5870,.T.);
#5870 = EDGE_CURVE('',#5861,#5871,#5873,.T.);
#5871 = VERTEX_POINT('',#5872);
#5872 = CARTESIAN_POINT('',(-0.32,-0.32,0.));
#5873 = LINE('',#5874,#5875);
#5874 = CARTESIAN_POINT('',(-0.16,-0.32,0.));
#5875 = VECTOR('',#5876,1.);
#5876 = DIRECTION('',(-1.,0.,0.));
#5877 = ORIENTED_EDGE('',*,*,#5878,.T.);
#5878 = EDGE_CURVE('',#5871,#5879,#5881,.T.);
#5879 = VERTEX_POINT('',#5880);
#5880 = CARTESIAN_POINT('',(-0.32,0.32,0.));
#5881 = LINE('',#5882,#5883);
#5882 = CARTESIAN_POINT('',(-0.32,-2.065,0.));
#5883 = VECTOR('',#5884,1.);
#5884 = DIRECTION('',(0.,1.,0.));
#5885 = ORIENTED_EDGE('',*,*,#5886,.F.);
#5886 = EDGE_CURVE('',#5863,#5879,#5887,.T.);
#5887 = LINE('',#5888,#5889);
#5888 = CARTESIAN_POINT('',(-0.16,0.32,0.));
#5889 = VECTOR('',#5890,1.);
#5890 = DIRECTION('',(-1.,0.,0.));
#5891 = FACE_BOUND('',#5892,.F.);
#5892 = EDGE_LOOP('',(#5893,#5903,#5911,#5919));
#5893 = ORIENTED_EDGE('',*,*,#5894,.F.);
#5894 = EDGE_CURVE('',#5895,#5897,#5899,.T.);
#5895 = VERTEX_POINT('',#5896);
#5896 = CARTESIAN_POINT('',(0.32,-2.22,0.));
#5897 = VERTEX_POINT('',#5898);
#5898 = CARTESIAN_POINT('',(-0.32,-2.22,0.));
#5899 = LINE('',#5900,#5901);
#5900 = CARTESIAN_POINT('',(-0.16,-2.22,0.));
#5901 = VECTOR('',#5902,1.);
#5902 = DIRECTION('',(-1.,0.,0.));
#5903 = ORIENTED_EDGE('',*,*,#5904,.F.);
#5904 = EDGE_CURVE('',#5905,#5895,#5907,.T.);
#5905 = VERTEX_POINT('',#5906);
#5906 = CARTESIAN_POINT('',(0.32,-2.86,0.));
#5907 = LINE('',#5908,#5909);
#5908 = CARTESIAN_POINT('',(0.32,-3.335,0.));
#5909 = VECTOR('',#5910,1.);
#5910 = DIRECTION('',(0.,1.,0.));
#5911 = ORIENTED_EDGE('',*,*,#5912,.T.);
#5912 = EDGE_CURVE('',#5905,#5913,#5915,.T.);
#5913 = VERTEX_POINT('',#5914);
#5914 = CARTESIAN_POINT('',(-0.32,-2.86,0.));
#5915 = LINE('',#5916,#5917);
#5916 = CARTESIAN_POINT('',(-0.16,-2.86,0.));
#5917 = VECTOR('',#5918,1.);
#5918 = DIRECTION('',(-1.,0.,0.));
#5919 = ORIENTED_EDGE('',*,*,#5920,.T.);
#5920 = EDGE_CURVE('',#5913,#5897,#5921,.T.);
#5921 = LINE('',#5922,#5923);
#5922 = CARTESIAN_POINT('',(-0.32,-3.335,0.));
#5923 = VECTOR('',#5924,1.);
#5924 = DIRECTION('',(0.,1.,0.));
#5925 = PLANE('',#5926);
#5926 = AXIS2_PLACEMENT_3D('',#5927,#5928,#5929);
#5927 = CARTESIAN_POINT('',(4.259053689278E-17,-3.81,0.));
#5928 = DIRECTION('',(0.,0.,1.));
#5929 = DIRECTION('',(1.,0.,-0.));
#5930 = ADVANCED_FACE('',(#5931,#6118,#6152,#6186,#6220),#6254,.T.);
#5931 = FACE_BOUND('',#5932,.T.);
#5932 = EDGE_LOOP('',(#5933,#5934,#5935,#5943,#5951,#5959,#5967,#5975,
    #5983,#5991,#5999,#6007,#6015,#6023,#6031,#6039,#6047,#6055,#6063,
    #6071,#6079,#6087,#6095,#6103,#6111,#6117));
#5933 = ORIENTED_EDGE('',*,*,#5513,.T.);
#5934 = ORIENTED_EDGE('',*,*,#5575,.T.);
#5935 = ORIENTED_EDGE('',*,*,#5936,.T.);
#5936 = EDGE_CURVE('',#5576,#5937,#5939,.T.);
#5937 = VERTEX_POINT('',#5938);
#5938 = CARTESIAN_POINT('',(-1.016,-1.27,2.54));
#5939 = LINE('',#5940,#5941);
#5940 = CARTESIAN_POINT('',(-1.27,-1.016,2.54));
#5941 = VECTOR('',#5942,1.);
#5942 = DIRECTION('',(0.707106781187,-0.707106781187,0.));
#5943 = ORIENTED_EDGE('',*,*,#5944,.T.);
#5944 = EDGE_CURVE('',#5937,#5945,#5947,.T.);
#5945 = VERTEX_POINT('',#5946);
#5946 = CARTESIAN_POINT('',(-1.27,-1.524,2.54));
#5947 = LINE('',#5948,#5949);
#5948 = CARTESIAN_POINT('',(-1.016,-1.27,2.54));
#5949 = VECTOR('',#5950,1.);
#5950 = DIRECTION('',(-0.707106781187,-0.707106781187,0.));
#5951 = ORIENTED_EDGE('',*,*,#5952,.T.);
#5952 = EDGE_CURVE('',#5945,#5953,#5955,.T.);
#5953 = VERTEX_POINT('',#5954);
#5954 = CARTESIAN_POINT('',(-1.27,-3.556,2.54));
#5955 = LINE('',#5956,#5957);
#5956 = CARTESIAN_POINT('',(-1.27,-1.524,2.54));
#5957 = VECTOR('',#5958,1.);
#5958 = DIRECTION('',(0.,-1.,0.));
#5959 = ORIENTED_EDGE('',*,*,#5960,.T.);
#5960 = EDGE_CURVE('',#5953,#5961,#5963,.T.);
#5961 = VERTEX_POINT('',#5962);
#5962 = CARTESIAN_POINT('',(-1.016,-3.81,2.54));
#5963 = LINE('',#5964,#5965);
#5964 = CARTESIAN_POINT('',(-1.27,-3.556,2.54));
#5965 = VECTOR('',#5966,1.);
#5966 = DIRECTION('',(0.707106781187,-0.707106781187,0.));
#5967 = ORIENTED_EDGE('',*,*,#5968,.T.);
#5968 = EDGE_CURVE('',#5961,#5969,#5971,.T.);
#5969 = VERTEX_POINT('',#5970);
#5970 = CARTESIAN_POINT('',(-1.27,-4.064,2.54));
#5971 = LINE('',#5972,#5973);
#5972 = CARTESIAN_POINT('',(-1.016,-3.81,2.54));
#5973 = VECTOR('',#5974,1.);
#5974 = DIRECTION('',(-0.707106781187,-0.707106781187,0.));
#5975 = ORIENTED_EDGE('',*,*,#5976,.T.);
#5976 = EDGE_CURVE('',#5969,#5977,#5979,.T.);
#5977 = VERTEX_POINT('',#5978);
#5978 = CARTESIAN_POINT('',(-1.27,-6.096,2.54));
#5979 = LINE('',#5980,#5981);
#5980 = CARTESIAN_POINT('',(-1.27,-4.064,2.54));
#5981 = VECTOR('',#5982,1.);
#5982 = DIRECTION('',(0.,-1.,0.));
#5983 = ORIENTED_EDGE('',*,*,#5984,.T.);
#5984 = EDGE_CURVE('',#5977,#5985,#5987,.T.);
#5985 = VERTEX_POINT('',#5986);
#5986 = CARTESIAN_POINT('',(-1.016,-6.35,2.54));
#5987 = LINE('',#5988,#5989);
#5988 = CARTESIAN_POINT('',(-1.27,-6.096,2.54));
#5989 = VECTOR('',#5990,1.);
#5990 = DIRECTION('',(0.707106781187,-0.707106781187,0.));
#5991 = ORIENTED_EDGE('',*,*,#5992,.T.);
#5992 = EDGE_CURVE('',#5985,#5993,#5995,.T.);
#5993 = VERTEX_POINT('',#5994);
#5994 = CARTESIAN_POINT('',(-1.27,-6.604,2.54));
#5995 = LINE('',#5996,#5997);
#5996 = CARTESIAN_POINT('',(-1.016,-6.35,2.54));
#5997 = VECTOR('',#5998,1.);
#5998 = DIRECTION('',(-0.707106781187,-0.707106781187,0.));
#5999 = ORIENTED_EDGE('',*,*,#6000,.T.);
#6000 = EDGE_CURVE('',#5993,#6001,#6003,.T.);
#6001 = VERTEX_POINT('',#6002);
#6002 = CARTESIAN_POINT('',(-1.27,-8.636,2.54));
#6003 = LINE('',#6004,#6005);
#6004 = CARTESIAN_POINT('',(-1.27,-6.604,2.54));
#6005 = VECTOR('',#6006,1.);
#6006 = DIRECTION('',(0.,-1.,0.));
#6007 = ORIENTED_EDGE('',*,*,#6008,.T.);
#6008 = EDGE_CURVE('',#6001,#6009,#6011,.T.);
#6009 = VERTEX_POINT('',#6010);
#6010 = CARTESIAN_POINT('',(-1.016,-8.89,2.54));
#6011 = LINE('',#6012,#6013);
#6012 = CARTESIAN_POINT('',(-1.27,-8.636,2.54));
#6013 = VECTOR('',#6014,1.);
#6014 = DIRECTION('',(0.707106781187,-0.707106781187,0.));
#6015 = ORIENTED_EDGE('',*,*,#6016,.T.);
#6016 = EDGE_CURVE('',#6009,#6017,#6019,.T.);
#6017 = VERTEX_POINT('',#6018);
#6018 = CARTESIAN_POINT('',(1.016,-8.89,2.54));
#6019 = LINE('',#6020,#6021);
#6020 = CARTESIAN_POINT('',(-1.016,-8.89,2.54));
#6021 = VECTOR('',#6022,1.);
#6022 = DIRECTION('',(1.,0.,0.));
#6023 = ORIENTED_EDGE('',*,*,#6024,.T.);
#6024 = EDGE_CURVE('',#6017,#6025,#6027,.T.);
#6025 = VERTEX_POINT('',#6026);
#6026 = CARTESIAN_POINT('',(1.27,-8.636,2.54));
#6027 = LINE('',#6028,#6029);
#6028 = CARTESIAN_POINT('',(1.016,-8.89,2.54));
#6029 = VECTOR('',#6030,1.);
#6030 = DIRECTION('',(0.707106781187,0.707106781187,0.));
#6031 = ORIENTED_EDGE('',*,*,#6032,.T.);
#6032 = EDGE_CURVE('',#6025,#6033,#6035,.T.);
#6033 = VERTEX_POINT('',#6034);
#6034 = CARTESIAN_POINT('',(1.27,-6.604,2.54));
#6035 = LINE('',#6036,#6037);
#6036 = CARTESIAN_POINT('',(1.27,-8.636,2.54));
#6037 = VECTOR('',#6038,1.);
#6038 = DIRECTION('',(0.,1.,0.));
#6039 = ORIENTED_EDGE('',*,*,#6040,.T.);
#6040 = EDGE_CURVE('',#6033,#6041,#6043,.T.);
#6041 = VERTEX_POINT('',#6042);
#6042 = CARTESIAN_POINT('',(1.016,-6.35,2.54));
#6043 = LINE('',#6044,#6045);
#6044 = CARTESIAN_POINT('',(1.27,-6.604,2.54));
#6045 = VECTOR('',#6046,1.);
#6046 = DIRECTION('',(-0.707106781187,0.707106781187,0.));
#6047 = ORIENTED_EDGE('',*,*,#6048,.T.);
#6048 = EDGE_CURVE('',#6041,#6049,#6051,.T.);
#6049 = VERTEX_POINT('',#6050);
#6050 = CARTESIAN_POINT('',(1.27,-6.096,2.54));
#6051 = LINE('',#6052,#6053);
#6052 = CARTESIAN_POINT('',(1.016,-6.35,2.54));
#6053 = VECTOR('',#6054,1.);
#6054 = DIRECTION('',(0.707106781187,0.707106781187,0.));
#6055 = ORIENTED_EDGE('',*,*,#6056,.T.);
#6056 = EDGE_CURVE('',#6049,#6057,#6059,.T.);
#6057 = VERTEX_POINT('',#6058);
#6058 = CARTESIAN_POINT('',(1.27,-4.064,2.54));
#6059 = LINE('',#6060,#6061);
#6060 = CARTESIAN_POINT('',(1.27,-6.096,2.54));
#6061 = VECTOR('',#6062,1.);
#6062 = DIRECTION('',(0.,1.,0.));
#6063 = ORIENTED_EDGE('',*,*,#6064,.T.);
#6064 = EDGE_CURVE('',#6057,#6065,#6067,.T.);
#6065 = VERTEX_POINT('',#6066);
#6066 = CARTESIAN_POINT('',(1.016,-3.81,2.54));
#6067 = LINE('',#6068,#6069);
#6068 = CARTESIAN_POINT('',(1.27,-4.064,2.54));
#6069 = VECTOR('',#6070,1.);
#6070 = DIRECTION('',(-0.707106781187,0.707106781187,0.));
#6071 = ORIENTED_EDGE('',*,*,#6072,.T.);
#6072 = EDGE_CURVE('',#6065,#6073,#6075,.T.);
#6073 = VERTEX_POINT('',#6074);
#6074 = CARTESIAN_POINT('',(1.27,-3.556,2.54));
#6075 = LINE('',#6076,#6077);
#6076 = CARTESIAN_POINT('',(1.016,-3.81,2.54));
#6077 = VECTOR('',#6078,1.);
#6078 = DIRECTION('',(0.707106781187,0.707106781187,0.));
#6079 = ORIENTED_EDGE('',*,*,#6080,.T.);
#6080 = EDGE_CURVE('',#6073,#6081,#6083,.T.);
#6081 = VERTEX_POINT('',#6082);
#6082 = CARTESIAN_POINT('',(1.27,-1.524,2.54));
#6083 = LINE('',#6084,#6085);
#6084 = CARTESIAN_POINT('',(1.27,-3.556,2.54));
#6085 = VECTOR('',#6086,1.);
#6086 = DIRECTION('',(0.,1.,0.));
#6087 = ORIENTED_EDGE('',*,*,#6088,.T.);
#6088 = EDGE_CURVE('',#6081,#6089,#6091,.T.);
#6089 = VERTEX_POINT('',#6090);
#6090 = CARTESIAN_POINT('',(1.016,-1.27,2.54));
#6091 = LINE('',#6092,#6093);
#6092 = CARTESIAN_POINT('',(1.27,-1.524,2.54));
#6093 = VECTOR('',#6094,1.);
#6094 = DIRECTION('',(-0.707106781187,0.707106781187,0.));
#6095 = ORIENTED_EDGE('',*,*,#6096,.T.);
#6096 = EDGE_CURVE('',#6089,#6097,#6099,.T.);
#6097 = VERTEX_POINT('',#6098);
#6098 = CARTESIAN_POINT('',(1.27,-1.016,2.54));
#6099 = LINE('',#6100,#6101);
#6100 = CARTESIAN_POINT('',(1.016,-1.27,2.54));
#6101 = VECTOR('',#6102,1.);
#6102 = DIRECTION('',(0.707106781187,0.707106781187,0.));
#6103 = ORIENTED_EDGE('',*,*,#6104,.T.);
#6104 = EDGE_CURVE('',#6097,#6105,#6107,.T.);
#6105 = VERTEX_POINT('',#6106);
#6106 = CARTESIAN_POINT('',(1.27,1.016,2.54));
#6107 = LINE('',#6108,#6109);
#6108 = CARTESIAN_POINT('',(1.27,-1.016,2.54));
#6109 = VECTOR('',#6110,1.);
#6110 = DIRECTION('',(0.,1.,0.));
#6111 = ORIENTED_EDGE('',*,*,#6112,.T.);
#6112 = EDGE_CURVE('',#6105,#5546,#6113,.T.);
#6113 = LINE('',#6114,#6115);
#6114 = CARTESIAN_POINT('',(1.27,1.016,2.54));
#6115 = VECTOR('',#6116,1.);
#6116 = DIRECTION('',(-0.707106781187,0.707106781187,0.));
#6117 = ORIENTED_EDGE('',*,*,#5553,.T.);
#6118 = FACE_BOUND('',#6119,.T.);
#6119 = EDGE_LOOP('',(#6120,#6130,#6138,#6146));
#6120 = ORIENTED_EDGE('',*,*,#6121,.F.);
#6121 = EDGE_CURVE('',#6122,#6124,#6126,.T.);
#6122 = VERTEX_POINT('',#6123);
#6123 = CARTESIAN_POINT('',(0.32,-4.76,2.54));
#6124 = VERTEX_POINT('',#6125);
#6125 = CARTESIAN_POINT('',(-0.32,-4.76,2.54));
#6126 = LINE('',#6127,#6128);
#6127 = CARTESIAN_POINT('',(-0.16,-4.76,2.54));
#6128 = VECTOR('',#6129,1.);
#6129 = DIRECTION('',(-1.,0.,0.));
#6130 = ORIENTED_EDGE('',*,*,#6131,.F.);
#6131 = EDGE_CURVE('',#6132,#6122,#6134,.T.);
#6132 = VERTEX_POINT('',#6133);
#6133 = CARTESIAN_POINT('',(0.32,-5.4,2.54));
#6134 = LINE('',#6135,#6136);
#6135 = CARTESIAN_POINT('',(0.32,-4.605,2.54));
#6136 = VECTOR('',#6137,1.);
#6137 = DIRECTION('',(0.,1.,0.));
#6138 = ORIENTED_EDGE('',*,*,#6139,.T.);
#6139 = EDGE_CURVE('',#6132,#6140,#6142,.T.);
#6140 = VERTEX_POINT('',#6141);
#6141 = CARTESIAN_POINT('',(-0.32,-5.4,2.54));
#6142 = LINE('',#6143,#6144);
#6143 = CARTESIAN_POINT('',(-0.16,-5.4,2.54));
#6144 = VECTOR('',#6145,1.);
#6145 = DIRECTION('',(-1.,0.,0.));
#6146 = ORIENTED_EDGE('',*,*,#6147,.T.);
#6147 = EDGE_CURVE('',#6140,#6124,#6148,.T.);
#6148 = LINE('',#6149,#6150);
#6149 = CARTESIAN_POINT('',(-0.32,-4.605,2.54));
#6150 = VECTOR('',#6151,1.);
#6151 = DIRECTION('',(0.,1.,0.));
#6152 = FACE_BOUND('',#6153,.T.);
#6153 = EDGE_LOOP('',(#6154,#6164,#6172,#6180));
#6154 = ORIENTED_EDGE('',*,*,#6155,.F.);
#6155 = EDGE_CURVE('',#6156,#6158,#6160,.T.);
#6156 = VERTEX_POINT('',#6157);
#6157 = CARTESIAN_POINT('',(0.32,-7.94,2.54));
#6158 = VERTEX_POINT('',#6159);
#6159 = CARTESIAN_POINT('',(0.32,-7.3,2.54));
#6160 = LINE('',#6161,#6162);
#6161 = CARTESIAN_POINT('',(0.32,-5.875,2.54));
#6162 = VECTOR('',#6163,1.);
#6163 = DIRECTION('',(0.,1.,0.));
#6164 = ORIENTED_EDGE('',*,*,#6165,.T.);
#6165 = EDGE_CURVE('',#6156,#6166,#6168,.T.);
#6166 = VERTEX_POINT('',#6167);
#6167 = CARTESIAN_POINT('',(-0.32,-7.94,2.54));
#6168 = LINE('',#6169,#6170);
#6169 = CARTESIAN_POINT('',(-0.16,-7.94,2.54));
#6170 = VECTOR('',#6171,1.);
#6171 = DIRECTION('',(-1.,0.,0.));
#6172 = ORIENTED_EDGE('',*,*,#6173,.T.);
#6173 = EDGE_CURVE('',#6166,#6174,#6176,.T.);
#6174 = VERTEX_POINT('',#6175);
#6175 = CARTESIAN_POINT('',(-0.32,-7.3,2.54));
#6176 = LINE('',#6177,#6178);
#6177 = CARTESIAN_POINT('',(-0.32,-5.875,2.54));
#6178 = VECTOR('',#6179,1.);
#6179 = DIRECTION('',(0.,1.,0.));
#6180 = ORIENTED_EDGE('',*,*,#6181,.F.);
#6181 = EDGE_CURVE('',#6158,#6174,#6182,.T.);
#6182 = LINE('',#6183,#6184);
#6183 = CARTESIAN_POINT('',(-0.16,-7.3,2.54));
#6184 = VECTOR('',#6185,1.);
#6185 = DIRECTION('',(-1.,0.,0.));
#6186 = FACE_BOUND('',#6187,.T.);
#6187 = EDGE_LOOP('',(#6188,#6198,#6206,#6214));
#6188 = ORIENTED_EDGE('',*,*,#6189,.F.);
#6189 = EDGE_CURVE('',#6190,#6192,#6194,.T.);
#6190 = VERTEX_POINT('',#6191);
#6191 = CARTESIAN_POINT('',(0.32,-0.32,2.54));
#6192 = VERTEX_POINT('',#6193);
#6193 = CARTESIAN_POINT('',(0.32,0.32,2.54));
#6194 = LINE('',#6195,#6196);
#6195 = CARTESIAN_POINT('',(0.32,-2.065,2.54));
#6196 = VECTOR('',#6197,1.);
#6197 = DIRECTION('',(0.,1.,0.));
#6198 = ORIENTED_EDGE('',*,*,#6199,.T.);
#6199 = EDGE_CURVE('',#6190,#6200,#6202,.T.);
#6200 = VERTEX_POINT('',#6201);
#6201 = CARTESIAN_POINT('',(-0.32,-0.32,2.54));
#6202 = LINE('',#6203,#6204);
#6203 = CARTESIAN_POINT('',(-0.16,-0.32,2.54));
#6204 = VECTOR('',#6205,1.);
#6205 = DIRECTION('',(-1.,0.,0.));
#6206 = ORIENTED_EDGE('',*,*,#6207,.T.);
#6207 = EDGE_CURVE('',#6200,#6208,#6210,.T.);
#6208 = VERTEX_POINT('',#6209);
#6209 = CARTESIAN_POINT('',(-0.32,0.32,2.54));
#6210 = LINE('',#6211,#6212);
#6211 = CARTESIAN_POINT('',(-0.32,-2.065,2.54));
#6212 = VECTOR('',#6213,1.);
#6213 = DIRECTION('',(0.,1.,0.));
#6214 = ORIENTED_EDGE('',*,*,#6215,.F.);
#6215 = EDGE_CURVE('',#6192,#6208,#6216,.T.);
#6216 = LINE('',#6217,#6218);
#6217 = CARTESIAN_POINT('',(-0.16,0.32,2.54));
#6218 = VECTOR('',#6219,1.);
#6219 = DIRECTION('',(-1.,0.,0.));
#6220 = FACE_BOUND('',#6221,.T.);
#6221 = EDGE_LOOP('',(#6222,#6232,#6240,#6248));
#6222 = ORIENTED_EDGE('',*,*,#6223,.F.);
#6223 = EDGE_CURVE('',#6224,#6226,#6228,.T.);
#6224 = VERTEX_POINT('',#6225);
#6225 = CARTESIAN_POINT('',(0.32,-2.22,2.54));
#6226 = VERTEX_POINT('',#6227);
#6227 = CARTESIAN_POINT('',(-0.32,-2.22,2.54));
#6228 = LINE('',#6229,#6230);
#6229 = CARTESIAN_POINT('',(-0.16,-2.22,2.54));
#6230 = VECTOR('',#6231,1.);
#6231 = DIRECTION('',(-1.,0.,0.));
#6232 = ORIENTED_EDGE('',*,*,#6233,.F.);
#6233 = EDGE_CURVE('',#6234,#6224,#6236,.T.);
#6234 = VERTEX_POINT('',#6235);
#6235 = CARTESIAN_POINT('',(0.32,-2.86,2.54));
#6236 = LINE('',#6237,#6238);
#6237 = CARTESIAN_POINT('',(0.32,-3.335,2.54));
#6238 = VECTOR('',#6239,1.);
#6239 = DIRECTION('',(0.,1.,0.));
#6240 = ORIENTED_EDGE('',*,*,#6241,.T.);
#6241 = EDGE_CURVE('',#6234,#6242,#6244,.T.);
#6242 = VERTEX_POINT('',#6243);
#6243 = CARTESIAN_POINT('',(-0.32,-2.86,2.54));
#6244 = LINE('',#6245,#6246);
#6245 = CARTESIAN_POINT('',(-0.16,-2.86,2.54));
#6246 = VECTOR('',#6247,1.);
#6247 = DIRECTION('',(-1.,0.,0.));
#6248 = ORIENTED_EDGE('',*,*,#6249,.T.);
#6249 = EDGE_CURVE('',#6242,#6226,#6250,.T.);
#6250 = LINE('',#6251,#6252);
#6251 = CARTESIAN_POINT('',(-0.32,-3.335,2.54));
#6252 = VECTOR('',#6253,1.);
#6253 = DIRECTION('',(0.,1.,0.));
#6254 = PLANE('',#6255);
#6255 = AXIS2_PLACEMENT_3D('',#6256,#6257,#6258);
#6256 = CARTESIAN_POINT('',(4.259053689278E-17,-3.81,2.54));
#6257 = DIRECTION('',(0.,0.,1.));
#6258 = DIRECTION('',(1.,0.,-0.));
#6259 = ADVANCED_FACE('',(#6260),#6271,.F.);
#6260 = FACE_BOUND('',#6261,.F.);
#6261 = EDGE_LOOP('',(#6262,#6268,#6269,#6270));
#6262 = ORIENTED_EDGE('',*,*,#6263,.T.);
#6263 = EDGE_CURVE('',#5776,#6105,#6264,.T.);
#6264 = LINE('',#6265,#6266);
#6265 = CARTESIAN_POINT('',(1.27,1.016,0.));
#6266 = VECTOR('',#6267,1.);
#6267 = DIRECTION('',(0.,0.,1.));
#6268 = ORIENTED_EDGE('',*,*,#6112,.T.);
#6269 = ORIENTED_EDGE('',*,*,#5543,.F.);
#6270 = ORIENTED_EDGE('',*,*,#5783,.F.);
#6271 = PLANE('',#6272);
#6272 = AXIS2_PLACEMENT_3D('',#6273,#6274,#6275);
#6273 = CARTESIAN_POINT('',(1.27,1.016,0.));
#6274 = DIRECTION('',(-0.707106781187,-0.707106781187,0.));
#6275 = DIRECTION('',(-0.707106781187,0.707106781187,0.));
#6276 = ADVANCED_FACE('',(#6277),#6288,.F.);
#6277 = FACE_BOUND('',#6278,.F.);
#6278 = EDGE_LOOP('',(#6279,#6280,#6281,#6287));
#6279 = ORIENTED_EDGE('',*,*,#5583,.T.);
#6280 = ORIENTED_EDGE('',*,*,#5936,.T.);
#6281 = ORIENTED_EDGE('',*,*,#6282,.F.);
#6282 = EDGE_CURVE('',#5608,#5937,#6283,.T.);
#6283 = LINE('',#6284,#6285);
#6284 = CARTESIAN_POINT('',(-1.016,-1.27,0.));
#6285 = VECTOR('',#6286,1.);
#6286 = DIRECTION('',(0.,0.,1.));
#6287 = ORIENTED_EDGE('',*,*,#5607,.F.);
#6288 = PLANE('',#6289);
#6289 = AXIS2_PLACEMENT_3D('',#6290,#6291,#6292);
#6290 = CARTESIAN_POINT('',(-1.27,-1.016,0.));
#6291 = DIRECTION('',(0.707106781187,0.707106781187,0.));
#6292 = DIRECTION('',(0.707106781187,-0.707106781187,0.));
#6293 = ADVANCED_FACE('',(#6294),#6305,.F.);
#6294 = FACE_BOUND('',#6295,.F.);
#6295 = EDGE_LOOP('',(#6296,#6302,#6303,#6304));
#6296 = ORIENTED_EDGE('',*,*,#6297,.T.);
#6297 = EDGE_CURVE('',#5768,#6097,#6298,.T.);
#6298 = LINE('',#6299,#6300);
#6299 = CARTESIAN_POINT('',(1.27,-1.016,0.));
#6300 = VECTOR('',#6301,1.);
#6301 = DIRECTION('',(0.,0.,1.));
#6302 = ORIENTED_EDGE('',*,*,#6104,.T.);
#6303 = ORIENTED_EDGE('',*,*,#6263,.F.);
#6304 = ORIENTED_EDGE('',*,*,#5775,.F.);
#6305 = PLANE('',#6306);
#6306 = AXIS2_PLACEMENT_3D('',#6307,#6308,#6309);
#6307 = CARTESIAN_POINT('',(1.27,-1.016,0.));
#6308 = DIRECTION('',(-1.,0.,0.));
#6309 = DIRECTION('',(0.,1.,0.));
#6310 = ADVANCED_FACE('',(#6311),#6322,.F.);
#6311 = FACE_BOUND('',#6312,.F.);
#6312 = EDGE_LOOP('',(#6313,#6314,#6315,#6321));
#6313 = ORIENTED_EDGE('',*,*,#6282,.T.);
#6314 = ORIENTED_EDGE('',*,*,#5944,.T.);
#6315 = ORIENTED_EDGE('',*,*,#6316,.F.);
#6316 = EDGE_CURVE('',#5616,#5945,#6317,.T.);
#6317 = LINE('',#6318,#6319);
#6318 = CARTESIAN_POINT('',(-1.27,-1.524,0.));
#6319 = VECTOR('',#6320,1.);
#6320 = DIRECTION('',(0.,0.,1.));
#6321 = ORIENTED_EDGE('',*,*,#5615,.F.);
#6322 = PLANE('',#6323);
#6323 = AXIS2_PLACEMENT_3D('',#6324,#6325,#6326);
#6324 = CARTESIAN_POINT('',(-1.016,-1.27,0.));
#6325 = DIRECTION('',(0.707106781187,-0.707106781187,0.));
#6326 = DIRECTION('',(-0.707106781187,-0.707106781187,0.));
#6327 = ADVANCED_FACE('',(#6328),#6339,.F.);
#6328 = FACE_BOUND('',#6329,.F.);
#6329 = EDGE_LOOP('',(#6330,#6336,#6337,#6338));
#6330 = ORIENTED_EDGE('',*,*,#6331,.T.);
#6331 = EDGE_CURVE('',#5760,#6089,#6332,.T.);
#6332 = LINE('',#6333,#6334);
#6333 = CARTESIAN_POINT('',(1.016,-1.27,0.));
#6334 = VECTOR('',#6335,1.);
#6335 = DIRECTION('',(0.,0.,1.));
#6336 = ORIENTED_EDGE('',*,*,#6096,.T.);
#6337 = ORIENTED_EDGE('',*,*,#6297,.F.);
#6338 = ORIENTED_EDGE('',*,*,#5767,.F.);
#6339 = PLANE('',#6340);
#6340 = AXIS2_PLACEMENT_3D('',#6341,#6342,#6343);
#6341 = CARTESIAN_POINT('',(1.016,-1.27,0.));
#6342 = DIRECTION('',(-0.707106781187,0.707106781187,0.));
#6343 = DIRECTION('',(0.707106781187,0.707106781187,0.));
#6344 = ADVANCED_FACE('',(#6345),#6356,.F.);
#6345 = FACE_BOUND('',#6346,.F.);
#6346 = EDGE_LOOP('',(#6347,#6348,#6349,#6355));
#6347 = ORIENTED_EDGE('',*,*,#6316,.T.);
#6348 = ORIENTED_EDGE('',*,*,#5952,.T.);
#6349 = ORIENTED_EDGE('',*,*,#6350,.F.);
#6350 = EDGE_CURVE('',#5624,#5953,#6351,.T.);
#6351 = LINE('',#6352,#6353);
#6352 = CARTESIAN_POINT('',(-1.27,-3.556,0.));
#6353 = VECTOR('',#6354,1.);
#6354 = DIRECTION('',(0.,0.,1.));
#6355 = ORIENTED_EDGE('',*,*,#5623,.F.);
#6356 = PLANE('',#6357);
#6357 = AXIS2_PLACEMENT_3D('',#6358,#6359,#6360);
#6358 = CARTESIAN_POINT('',(-1.27,-1.524,0.));
#6359 = DIRECTION('',(1.,0.,0.));
#6360 = DIRECTION('',(0.,-1.,0.));
#6361 = ADVANCED_FACE('',(#6362),#6373,.F.);
#6362 = FACE_BOUND('',#6363,.F.);
#6363 = EDGE_LOOP('',(#6364,#6370,#6371,#6372));
#6364 = ORIENTED_EDGE('',*,*,#6365,.T.);
#6365 = EDGE_CURVE('',#5752,#6081,#6366,.T.);
#6366 = LINE('',#6367,#6368);
#6367 = CARTESIAN_POINT('',(1.27,-1.524,0.));
#6368 = VECTOR('',#6369,1.);
#6369 = DIRECTION('',(0.,0.,1.));
#6370 = ORIENTED_EDGE('',*,*,#6088,.T.);
#6371 = ORIENTED_EDGE('',*,*,#6331,.F.);
#6372 = ORIENTED_EDGE('',*,*,#5759,.F.);
#6373 = PLANE('',#6374);
#6374 = AXIS2_PLACEMENT_3D('',#6375,#6376,#6377);
#6375 = CARTESIAN_POINT('',(1.27,-1.524,0.));
#6376 = DIRECTION('',(-0.707106781187,-0.707106781187,0.));
#6377 = DIRECTION('',(-0.707106781187,0.707106781187,0.));
#6378 = ADVANCED_FACE('',(#6379),#6390,.F.);
#6379 = FACE_BOUND('',#6380,.F.);
#6380 = EDGE_LOOP('',(#6381,#6382,#6383,#6389));
#6381 = ORIENTED_EDGE('',*,*,#6350,.T.);
#6382 = ORIENTED_EDGE('',*,*,#5960,.T.);
#6383 = ORIENTED_EDGE('',*,*,#6384,.F.);
#6384 = EDGE_CURVE('',#5632,#5961,#6385,.T.);
#6385 = LINE('',#6386,#6387);
#6386 = CARTESIAN_POINT('',(-1.016,-3.81,0.));
#6387 = VECTOR('',#6388,1.);
#6388 = DIRECTION('',(0.,0.,1.));
#6389 = ORIENTED_EDGE('',*,*,#5631,.F.);
#6390 = PLANE('',#6391);
#6391 = AXIS2_PLACEMENT_3D('',#6392,#6393,#6394);
#6392 = CARTESIAN_POINT('',(-1.27,-3.556,0.));
#6393 = DIRECTION('',(0.707106781187,0.707106781187,0.));
#6394 = DIRECTION('',(0.707106781187,-0.707106781187,0.));
#6395 = ADVANCED_FACE('',(#6396),#6407,.F.);
#6396 = FACE_BOUND('',#6397,.F.);
#6397 = EDGE_LOOP('',(#6398,#6404,#6405,#6406));
#6398 = ORIENTED_EDGE('',*,*,#6399,.T.);
#6399 = EDGE_CURVE('',#5744,#6073,#6400,.T.);
#6400 = LINE('',#6401,#6402);
#6401 = CARTESIAN_POINT('',(1.27,-3.556,0.));
#6402 = VECTOR('',#6403,1.);
#6403 = DIRECTION('',(0.,0.,1.));
#6404 = ORIENTED_EDGE('',*,*,#6080,.T.);
#6405 = ORIENTED_EDGE('',*,*,#6365,.F.);
#6406 = ORIENTED_EDGE('',*,*,#5751,.F.);
#6407 = PLANE('',#6408);
#6408 = AXIS2_PLACEMENT_3D('',#6409,#6410,#6411);
#6409 = CARTESIAN_POINT('',(1.27,-3.556,0.));
#6410 = DIRECTION('',(-1.,0.,0.));
#6411 = DIRECTION('',(0.,1.,0.));
#6412 = ADVANCED_FACE('',(#6413),#6424,.F.);
#6413 = FACE_BOUND('',#6414,.F.);
#6414 = EDGE_LOOP('',(#6415,#6416,#6417,#6423));
#6415 = ORIENTED_EDGE('',*,*,#6384,.T.);
#6416 = ORIENTED_EDGE('',*,*,#5968,.T.);
#6417 = ORIENTED_EDGE('',*,*,#6418,.F.);
#6418 = EDGE_CURVE('',#5640,#5969,#6419,.T.);
#6419 = LINE('',#6420,#6421);
#6420 = CARTESIAN_POINT('',(-1.27,-4.064,0.));
#6421 = VECTOR('',#6422,1.);
#6422 = DIRECTION('',(0.,0.,1.));
#6423 = ORIENTED_EDGE('',*,*,#5639,.F.);
#6424 = PLANE('',#6425);
#6425 = AXIS2_PLACEMENT_3D('',#6426,#6427,#6428);
#6426 = CARTESIAN_POINT('',(-1.016,-3.81,0.));
#6427 = DIRECTION('',(0.707106781187,-0.707106781187,0.));
#6428 = DIRECTION('',(-0.707106781187,-0.707106781187,0.));
#6429 = ADVANCED_FACE('',(#6430),#6441,.F.);
#6430 = FACE_BOUND('',#6431,.F.);
#6431 = EDGE_LOOP('',(#6432,#6438,#6439,#6440));
#6432 = ORIENTED_EDGE('',*,*,#6433,.T.);
#6433 = EDGE_CURVE('',#5736,#6065,#6434,.T.);
#6434 = LINE('',#6435,#6436);
#6435 = CARTESIAN_POINT('',(1.016,-3.81,0.));
#6436 = VECTOR('',#6437,1.);
#6437 = DIRECTION('',(0.,0.,1.));
#6438 = ORIENTED_EDGE('',*,*,#6072,.T.);
#6439 = ORIENTED_EDGE('',*,*,#6399,.F.);
#6440 = ORIENTED_EDGE('',*,*,#5743,.F.);
#6441 = PLANE('',#6442);
#6442 = AXIS2_PLACEMENT_3D('',#6443,#6444,#6445);
#6443 = CARTESIAN_POINT('',(1.016,-3.81,0.));
#6444 = DIRECTION('',(-0.707106781187,0.707106781187,0.));
#6445 = DIRECTION('',(0.707106781187,0.707106781187,0.));
#6446 = ADVANCED_FACE('',(#6447),#6458,.F.);
#6447 = FACE_BOUND('',#6448,.F.);
#6448 = EDGE_LOOP('',(#6449,#6450,#6451,#6457));
#6449 = ORIENTED_EDGE('',*,*,#6418,.T.);
#6450 = ORIENTED_EDGE('',*,*,#5976,.T.);
#6451 = ORIENTED_EDGE('',*,*,#6452,.F.);
#6452 = EDGE_CURVE('',#5648,#5977,#6453,.T.);
#6453 = LINE('',#6454,#6455);
#6454 = CARTESIAN_POINT('',(-1.27,-6.096,0.));
#6455 = VECTOR('',#6456,1.);
#6456 = DIRECTION('',(0.,0.,1.));
#6457 = ORIENTED_EDGE('',*,*,#5647,.F.);
#6458 = PLANE('',#6459);
#6459 = AXIS2_PLACEMENT_3D('',#6460,#6461,#6462);
#6460 = CARTESIAN_POINT('',(-1.27,-4.064,0.));
#6461 = DIRECTION('',(1.,0.,0.));
#6462 = DIRECTION('',(0.,-1.,0.));
#6463 = ADVANCED_FACE('',(#6464),#6475,.F.);
#6464 = FACE_BOUND('',#6465,.F.);
#6465 = EDGE_LOOP('',(#6466,#6472,#6473,#6474));
#6466 = ORIENTED_EDGE('',*,*,#6467,.T.);
#6467 = EDGE_CURVE('',#5728,#6057,#6468,.T.);
#6468 = LINE('',#6469,#6470);
#6469 = CARTESIAN_POINT('',(1.27,-4.064,0.));
#6470 = VECTOR('',#6471,1.);
#6471 = DIRECTION('',(0.,0.,1.));
#6472 = ORIENTED_EDGE('',*,*,#6064,.T.);
#6473 = ORIENTED_EDGE('',*,*,#6433,.F.);
#6474 = ORIENTED_EDGE('',*,*,#5735,.F.);
#6475 = PLANE('',#6476);
#6476 = AXIS2_PLACEMENT_3D('',#6477,#6478,#6479);
#6477 = CARTESIAN_POINT('',(1.27,-4.064,0.));
#6478 = DIRECTION('',(-0.707106781187,-0.707106781187,0.));
#6479 = DIRECTION('',(-0.707106781187,0.707106781187,0.));
#6480 = ADVANCED_FACE('',(#6481),#6492,.F.);
#6481 = FACE_BOUND('',#6482,.F.);
#6482 = EDGE_LOOP('',(#6483,#6484,#6485,#6491));
#6483 = ORIENTED_EDGE('',*,*,#6452,.T.);
#6484 = ORIENTED_EDGE('',*,*,#5984,.T.);
#6485 = ORIENTED_EDGE('',*,*,#6486,.F.);
#6486 = EDGE_CURVE('',#5656,#5985,#6487,.T.);
#6487 = LINE('',#6488,#6489);
#6488 = CARTESIAN_POINT('',(-1.016,-6.35,0.));
#6489 = VECTOR('',#6490,1.);
#6490 = DIRECTION('',(0.,0.,1.));
#6491 = ORIENTED_EDGE('',*,*,#5655,.F.);
#6492 = PLANE('',#6493);
#6493 = AXIS2_PLACEMENT_3D('',#6494,#6495,#6496);
#6494 = CARTESIAN_POINT('',(-1.27,-6.096,0.));
#6495 = DIRECTION('',(0.707106781187,0.707106781187,0.));
#6496 = DIRECTION('',(0.707106781187,-0.707106781187,0.));
#6497 = ADVANCED_FACE('',(#6498),#6509,.F.);
#6498 = FACE_BOUND('',#6499,.F.);
#6499 = EDGE_LOOP('',(#6500,#6506,#6507,#6508));
#6500 = ORIENTED_EDGE('',*,*,#6501,.T.);
#6501 = EDGE_CURVE('',#5720,#6049,#6502,.T.);
#6502 = LINE('',#6503,#6504);
#6503 = CARTESIAN_POINT('',(1.27,-6.096,0.));
#6504 = VECTOR('',#6505,1.);
#6505 = DIRECTION('',(0.,0.,1.));
#6506 = ORIENTED_EDGE('',*,*,#6056,.T.);
#6507 = ORIENTED_EDGE('',*,*,#6467,.F.);
#6508 = ORIENTED_EDGE('',*,*,#5727,.F.);
#6509 = PLANE('',#6510);
#6510 = AXIS2_PLACEMENT_3D('',#6511,#6512,#6513);
#6511 = CARTESIAN_POINT('',(1.27,-6.096,0.));
#6512 = DIRECTION('',(-1.,0.,0.));
#6513 = DIRECTION('',(0.,1.,0.));
#6514 = ADVANCED_FACE('',(#6515),#6526,.F.);
#6515 = FACE_BOUND('',#6516,.F.);
#6516 = EDGE_LOOP('',(#6517,#6518,#6519,#6525));
#6517 = ORIENTED_EDGE('',*,*,#6486,.T.);
#6518 = ORIENTED_EDGE('',*,*,#5992,.T.);
#6519 = ORIENTED_EDGE('',*,*,#6520,.F.);
#6520 = EDGE_CURVE('',#5664,#5993,#6521,.T.);
#6521 = LINE('',#6522,#6523);
#6522 = CARTESIAN_POINT('',(-1.27,-6.604,0.));
#6523 = VECTOR('',#6524,1.);
#6524 = DIRECTION('',(0.,0.,1.));
#6525 = ORIENTED_EDGE('',*,*,#5663,.F.);
#6526 = PLANE('',#6527);
#6527 = AXIS2_PLACEMENT_3D('',#6528,#6529,#6530);
#6528 = CARTESIAN_POINT('',(-1.016,-6.35,0.));
#6529 = DIRECTION('',(0.707106781187,-0.707106781187,0.));
#6530 = DIRECTION('',(-0.707106781187,-0.707106781187,0.));
#6531 = ADVANCED_FACE('',(#6532),#6543,.F.);
#6532 = FACE_BOUND('',#6533,.F.);
#6533 = EDGE_LOOP('',(#6534,#6540,#6541,#6542));
#6534 = ORIENTED_EDGE('',*,*,#6535,.T.);
#6535 = EDGE_CURVE('',#5712,#6041,#6536,.T.);
#6536 = LINE('',#6537,#6538);
#6537 = CARTESIAN_POINT('',(1.016,-6.35,0.));
#6538 = VECTOR('',#6539,1.);
#6539 = DIRECTION('',(0.,0.,1.));
#6540 = ORIENTED_EDGE('',*,*,#6048,.T.);
#6541 = ORIENTED_EDGE('',*,*,#6501,.F.);
#6542 = ORIENTED_EDGE('',*,*,#5719,.F.);
#6543 = PLANE('',#6544);
#6544 = AXIS2_PLACEMENT_3D('',#6545,#6546,#6547);
#6545 = CARTESIAN_POINT('',(1.016,-6.35,0.));
#6546 = DIRECTION('',(-0.707106781187,0.707106781187,0.));
#6547 = DIRECTION('',(0.707106781187,0.707106781187,0.));
#6548 = ADVANCED_FACE('',(#6549),#6560,.F.);
#6549 = FACE_BOUND('',#6550,.F.);
#6550 = EDGE_LOOP('',(#6551,#6552,#6553,#6559));
#6551 = ORIENTED_EDGE('',*,*,#6520,.T.);
#6552 = ORIENTED_EDGE('',*,*,#6000,.T.);
#6553 = ORIENTED_EDGE('',*,*,#6554,.F.);
#6554 = EDGE_CURVE('',#5672,#6001,#6555,.T.);
#6555 = LINE('',#6556,#6557);
#6556 = CARTESIAN_POINT('',(-1.27,-8.636,0.));
#6557 = VECTOR('',#6558,1.);
#6558 = DIRECTION('',(0.,0.,1.));
#6559 = ORIENTED_EDGE('',*,*,#5671,.F.);
#6560 = PLANE('',#6561);
#6561 = AXIS2_PLACEMENT_3D('',#6562,#6563,#6564);
#6562 = CARTESIAN_POINT('',(-1.27,-6.604,0.));
#6563 = DIRECTION('',(1.,0.,0.));
#6564 = DIRECTION('',(0.,-1.,0.));
#6565 = ADVANCED_FACE('',(#6566),#6577,.F.);
#6566 = FACE_BOUND('',#6567,.F.);
#6567 = EDGE_LOOP('',(#6568,#6574,#6575,#6576));
#6568 = ORIENTED_EDGE('',*,*,#6569,.T.);
#6569 = EDGE_CURVE('',#5704,#6033,#6570,.T.);
#6570 = LINE('',#6571,#6572);
#6571 = CARTESIAN_POINT('',(1.27,-6.604,0.));
#6572 = VECTOR('',#6573,1.);
#6573 = DIRECTION('',(0.,0.,1.));
#6574 = ORIENTED_EDGE('',*,*,#6040,.T.);
#6575 = ORIENTED_EDGE('',*,*,#6535,.F.);
#6576 = ORIENTED_EDGE('',*,*,#5711,.F.);
#6577 = PLANE('',#6578);
#6578 = AXIS2_PLACEMENT_3D('',#6579,#6580,#6581);
#6579 = CARTESIAN_POINT('',(1.27,-6.604,0.));
#6580 = DIRECTION('',(-0.707106781187,-0.707106781187,0.));
#6581 = DIRECTION('',(-0.707106781187,0.707106781187,0.));
#6582 = ADVANCED_FACE('',(#6583),#6594,.F.);
#6583 = FACE_BOUND('',#6584,.F.);
#6584 = EDGE_LOOP('',(#6585,#6586,#6587,#6593));
#6585 = ORIENTED_EDGE('',*,*,#6554,.T.);
#6586 = ORIENTED_EDGE('',*,*,#6008,.T.);
#6587 = ORIENTED_EDGE('',*,*,#6588,.F.);
#6588 = EDGE_CURVE('',#5680,#6009,#6589,.T.);
#6589 = LINE('',#6590,#6591);
#6590 = CARTESIAN_POINT('',(-1.016,-8.89,0.));
#6591 = VECTOR('',#6592,1.);
#6592 = DIRECTION('',(0.,0.,1.));
#6593 = ORIENTED_EDGE('',*,*,#5679,.F.);
#6594 = PLANE('',#6595);
#6595 = AXIS2_PLACEMENT_3D('',#6596,#6597,#6598);
#6596 = CARTESIAN_POINT('',(-1.27,-8.636,0.));
#6597 = DIRECTION('',(0.707106781187,0.707106781187,0.));
#6598 = DIRECTION('',(0.707106781187,-0.707106781187,0.));
#6599 = ADVANCED_FACE('',(#6600),#6611,.F.);
#6600 = FACE_BOUND('',#6601,.F.);
#6601 = EDGE_LOOP('',(#6602,#6608,#6609,#6610));
#6602 = ORIENTED_EDGE('',*,*,#6603,.T.);
#6603 = EDGE_CURVE('',#5696,#6025,#6604,.T.);
#6604 = LINE('',#6605,#6606);
#6605 = CARTESIAN_POINT('',(1.27,-8.636,0.));
#6606 = VECTOR('',#6607,1.);
#6607 = DIRECTION('',(0.,0.,1.));
#6608 = ORIENTED_EDGE('',*,*,#6032,.T.);
#6609 = ORIENTED_EDGE('',*,*,#6569,.F.);
#6610 = ORIENTED_EDGE('',*,*,#5703,.F.);
#6611 = PLANE('',#6612);
#6612 = AXIS2_PLACEMENT_3D('',#6613,#6614,#6615);
#6613 = CARTESIAN_POINT('',(1.27,-8.636,0.));
#6614 = DIRECTION('',(-1.,0.,0.));
#6615 = DIRECTION('',(0.,1.,0.));
#6616 = ADVANCED_FACE('',(#6617),#6628,.F.);
#6617 = FACE_BOUND('',#6618,.F.);
#6618 = EDGE_LOOP('',(#6619,#6620,#6621,#6627));
#6619 = ORIENTED_EDGE('',*,*,#6588,.T.);
#6620 = ORIENTED_EDGE('',*,*,#6016,.T.);
#6621 = ORIENTED_EDGE('',*,*,#6622,.F.);
#6622 = EDGE_CURVE('',#5688,#6017,#6623,.T.);
#6623 = LINE('',#6624,#6625);
#6624 = CARTESIAN_POINT('',(1.016,-8.89,0.));
#6625 = VECTOR('',#6626,1.);
#6626 = DIRECTION('',(0.,0.,1.));
#6627 = ORIENTED_EDGE('',*,*,#5687,.F.);
#6628 = PLANE('',#6629);
#6629 = AXIS2_PLACEMENT_3D('',#6630,#6631,#6632);
#6630 = CARTESIAN_POINT('',(-1.016,-8.89,0.));
#6631 = DIRECTION('',(0.,1.,0.));
#6632 = DIRECTION('',(1.,0.,0.));
#6633 = ADVANCED_FACE('',(#6634),#6640,.F.);
#6634 = FACE_BOUND('',#6635,.F.);
#6635 = EDGE_LOOP('',(#6636,#6637,#6638,#6639));
#6636 = ORIENTED_EDGE('',*,*,#6622,.T.);
#6637 = ORIENTED_EDGE('',*,*,#6024,.T.);
#6638 = ORIENTED_EDGE('',*,*,#6603,.F.);
#6639 = ORIENTED_EDGE('',*,*,#5695,.F.);
#6640 = PLANE('',#6641);
#6641 = AXIS2_PLACEMENT_3D('',#6642,#6643,#6644);
#6642 = CARTESIAN_POINT('',(1.016,-8.89,0.));
#6643 = DIRECTION('',(-0.707106781187,0.707106781187,0.));
#6644 = DIRECTION('',(0.707106781187,0.707106781187,0.));
#6645 = ADVANCED_FACE('',(#6646),#6671,.T.);
#6646 = FACE_BOUND('',#6647,.T.);
#6647 = EDGE_LOOP('',(#6648,#6656,#6664,#6670));
#6648 = ORIENTED_EDGE('',*,*,#6649,.F.);
#6649 = EDGE_CURVE('',#6650,#5793,#6652,.T.);
#6650 = VERTEX_POINT('',#6651);
#6651 = CARTESIAN_POINT('',(0.32,-4.76,-2.84));
#6652 = LINE('',#6653,#6654);
#6653 = CARTESIAN_POINT('',(0.32,-4.76,-3.));
#6654 = VECTOR('',#6655,1.);
#6655 = DIRECTION('',(0.,0.,1.));
#6656 = ORIENTED_EDGE('',*,*,#6657,.F.);
#6657 = EDGE_CURVE('',#6658,#6650,#6660,.T.);
#6658 = VERTEX_POINT('',#6659);
#6659 = CARTESIAN_POINT('',(-0.32,-4.76,-2.84));
#6660 = LINE('',#6661,#6662);
#6661 = CARTESIAN_POINT('',(-0.32,-4.76,-2.84));
#6662 = VECTOR('',#6663,1.);
#6663 = DIRECTION('',(1.,0.,0.));
#6664 = ORIENTED_EDGE('',*,*,#6665,.T.);
#6665 = EDGE_CURVE('',#6658,#5795,#6666,.T.);
#6666 = LINE('',#6667,#6668);
#6667 = CARTESIAN_POINT('',(-0.32,-4.76,-3.));
#6668 = VECTOR('',#6669,1.);
#6669 = DIRECTION('',(0.,0.,1.));
#6670 = ORIENTED_EDGE('',*,*,#5792,.F.);
#6671 = PLANE('',#6672);
#6672 = AXIS2_PLACEMENT_3D('',#6673,#6674,#6675);
#6673 = CARTESIAN_POINT('',(-0.32,-4.76,-3.));
#6674 = DIRECTION('',(0.,1.,0.));
#6675 = DIRECTION('',(0.,-0.,1.));
#6676 = ADVANCED_FACE('',(#6677),#6695,.F.);
#6677 = FACE_BOUND('',#6678,.F.);
#6678 = EDGE_LOOP('',(#6679,#6687,#6693,#6694));
#6679 = ORIENTED_EDGE('',*,*,#6680,.F.);
#6680 = EDGE_CURVE('',#6681,#5811,#6683,.T.);
#6681 = VERTEX_POINT('',#6682);
#6682 = CARTESIAN_POINT('',(-0.32,-5.4,-2.84));
#6683 = LINE('',#6684,#6685);
#6684 = CARTESIAN_POINT('',(-0.32,-5.4,-3.));
#6685 = VECTOR('',#6686,1.);
#6686 = DIRECTION('',(0.,0.,1.));
#6687 = ORIENTED_EDGE('',*,*,#6688,.T.);
#6688 = EDGE_CURVE('',#6681,#6658,#6689,.T.);
#6689 = LINE('',#6690,#6691);
#6690 = CARTESIAN_POINT('',(-0.32,-5.4,-2.84));
#6691 = VECTOR('',#6692,1.);
#6692 = DIRECTION('',(0.,1.,0.));
#6693 = ORIENTED_EDGE('',*,*,#6665,.T.);
#6694 = ORIENTED_EDGE('',*,*,#5818,.F.);
#6695 = PLANE('',#6696);
#6696 = AXIS2_PLACEMENT_3D('',#6697,#6698,#6699);
#6697 = CARTESIAN_POINT('',(-0.32,-5.4,-3.));
#6698 = DIRECTION('',(1.,0.,0.));
#6699 = DIRECTION('',(0.,0.,1.));
#6700 = ADVANCED_FACE('',(#6701),#6719,.F.);
#6701 = FACE_BOUND('',#6702,.F.);
#6702 = EDGE_LOOP('',(#6703,#6711,#6717,#6718));
#6703 = ORIENTED_EDGE('',*,*,#6704,.F.);
#6704 = EDGE_CURVE('',#6705,#5803,#6707,.T.);
#6705 = VERTEX_POINT('',#6706);
#6706 = CARTESIAN_POINT('',(0.32,-5.4,-2.84));
#6707 = LINE('',#6708,#6709);
#6708 = CARTESIAN_POINT('',(0.32,-5.4,-3.));
#6709 = VECTOR('',#6710,1.);
#6710 = DIRECTION('',(0.,0.,1.));
#6711 = ORIENTED_EDGE('',*,*,#6712,.F.);
#6712 = EDGE_CURVE('',#6681,#6705,#6713,.T.);
#6713 = LINE('',#6714,#6715);
#6714 = CARTESIAN_POINT('',(-0.32,-5.4,-2.84));
#6715 = VECTOR('',#6716,1.);
#6716 = DIRECTION('',(1.,0.,0.));
#6717 = ORIENTED_EDGE('',*,*,#6680,.T.);
#6718 = ORIENTED_EDGE('',*,*,#5810,.F.);
#6719 = PLANE('',#6720);
#6720 = AXIS2_PLACEMENT_3D('',#6721,#6722,#6723);
#6721 = CARTESIAN_POINT('',(-0.32,-5.4,-3.));
#6722 = DIRECTION('',(0.,1.,0.));
#6723 = DIRECTION('',(0.,-0.,1.));
#6724 = ADVANCED_FACE('',(#6725),#6736,.T.);
#6725 = FACE_BOUND('',#6726,.T.);
#6726 = EDGE_LOOP('',(#6727,#6728,#6734,#6735));
#6727 = ORIENTED_EDGE('',*,*,#6704,.F.);
#6728 = ORIENTED_EDGE('',*,*,#6729,.T.);
#6729 = EDGE_CURVE('',#6705,#6650,#6730,.T.);
#6730 = LINE('',#6731,#6732);
#6731 = CARTESIAN_POINT('',(0.32,-5.4,-2.84));
#6732 = VECTOR('',#6733,1.);
#6733 = DIRECTION('',(0.,1.,0.));
#6734 = ORIENTED_EDGE('',*,*,#6649,.T.);
#6735 = ORIENTED_EDGE('',*,*,#5802,.F.);
#6736 = PLANE('',#6737);
#6737 = AXIS2_PLACEMENT_3D('',#6738,#6739,#6740);
#6738 = CARTESIAN_POINT('',(0.32,-5.4,-3.));
#6739 = DIRECTION('',(1.,0.,0.));
#6740 = DIRECTION('',(0.,0.,1.));
#6741 = ADVANCED_FACE('',(#6742),#6767,.T.);
#6742 = FACE_BOUND('',#6743,.T.);
#6743 = EDGE_LOOP('',(#6744,#6752,#6760,#6766));
#6744 = ORIENTED_EDGE('',*,*,#6745,.F.);
#6745 = EDGE_CURVE('',#6746,#5827,#6748,.T.);
#6746 = VERTEX_POINT('',#6747);
#6747 = CARTESIAN_POINT('',(0.32,-7.94,-2.84));
#6748 = LINE('',#6749,#6750);
#6749 = CARTESIAN_POINT('',(0.32,-7.94,-3.));
#6750 = VECTOR('',#6751,1.);
#6751 = DIRECTION('',(0.,0.,1.));
#6752 = ORIENTED_EDGE('',*,*,#6753,.T.);
#6753 = EDGE_CURVE('',#6746,#6754,#6756,.T.);
#6754 = VERTEX_POINT('',#6755);
#6755 = CARTESIAN_POINT('',(0.32,-7.3,-2.84));
#6756 = LINE('',#6757,#6758);
#6757 = CARTESIAN_POINT('',(0.32,-7.94,-2.84));
#6758 = VECTOR('',#6759,1.);
#6759 = DIRECTION('',(0.,1.,0.));
#6760 = ORIENTED_EDGE('',*,*,#6761,.T.);
#6761 = EDGE_CURVE('',#6754,#5829,#6762,.T.);
#6762 = LINE('',#6763,#6764);
#6763 = CARTESIAN_POINT('',(0.32,-7.3,-3.));
#6764 = VECTOR('',#6765,1.);
#6765 = DIRECTION('',(0.,0.,1.));
#6766 = ORIENTED_EDGE('',*,*,#5826,.F.);
#6767 = PLANE('',#6768);
#6768 = AXIS2_PLACEMENT_3D('',#6769,#6770,#6771);
#6769 = CARTESIAN_POINT('',(0.32,-7.94,-3.));
#6770 = DIRECTION('',(1.,0.,0.));
#6771 = DIRECTION('',(0.,0.,1.));
#6772 = ADVANCED_FACE('',(#6773),#6791,.T.);
#6773 = FACE_BOUND('',#6774,.T.);
#6774 = EDGE_LOOP('',(#6775,#6776,#6784,#6790));
#6775 = ORIENTED_EDGE('',*,*,#6761,.F.);
#6776 = ORIENTED_EDGE('',*,*,#6777,.F.);
#6777 = EDGE_CURVE('',#6778,#6754,#6780,.T.);
#6778 = VERTEX_POINT('',#6779);
#6779 = CARTESIAN_POINT('',(-0.32,-7.3,-2.84));
#6780 = LINE('',#6781,#6782);
#6781 = CARTESIAN_POINT('',(-0.32,-7.3,-2.84));
#6782 = VECTOR('',#6783,1.);
#6783 = DIRECTION('',(1.,0.,0.));
#6784 = ORIENTED_EDGE('',*,*,#6785,.T.);
#6785 = EDGE_CURVE('',#6778,#5845,#6786,.T.);
#6786 = LINE('',#6787,#6788);
#6787 = CARTESIAN_POINT('',(-0.32,-7.3,-3.));
#6788 = VECTOR('',#6789,1.);
#6789 = DIRECTION('',(0.,0.,1.));
#6790 = ORIENTED_EDGE('',*,*,#5852,.F.);
#6791 = PLANE('',#6792);
#6792 = AXIS2_PLACEMENT_3D('',#6793,#6794,#6795);
#6793 = CARTESIAN_POINT('',(-0.32,-7.3,-3.));
#6794 = DIRECTION('',(0.,1.,0.));
#6795 = DIRECTION('',(0.,-0.,1.));
#6796 = ADVANCED_FACE('',(#6797),#6815,.F.);
#6797 = FACE_BOUND('',#6798,.F.);
#6798 = EDGE_LOOP('',(#6799,#6807,#6813,#6814));
#6799 = ORIENTED_EDGE('',*,*,#6800,.F.);
#6800 = EDGE_CURVE('',#6801,#5837,#6803,.T.);
#6801 = VERTEX_POINT('',#6802);
#6802 = CARTESIAN_POINT('',(-0.32,-7.94,-2.84));
#6803 = LINE('',#6804,#6805);
#6804 = CARTESIAN_POINT('',(-0.32,-7.94,-3.));
#6805 = VECTOR('',#6806,1.);
#6806 = DIRECTION('',(0.,0.,1.));
#6807 = ORIENTED_EDGE('',*,*,#6808,.T.);
#6808 = EDGE_CURVE('',#6801,#6778,#6809,.T.);
#6809 = LINE('',#6810,#6811);
#6810 = CARTESIAN_POINT('',(-0.32,-7.94,-2.84));
#6811 = VECTOR('',#6812,1.);
#6812 = DIRECTION('',(0.,1.,0.));
#6813 = ORIENTED_EDGE('',*,*,#6785,.T.);
#6814 = ORIENTED_EDGE('',*,*,#5844,.F.);
#6815 = PLANE('',#6816);
#6816 = AXIS2_PLACEMENT_3D('',#6817,#6818,#6819);
#6817 = CARTESIAN_POINT('',(-0.32,-7.94,-3.));
#6818 = DIRECTION('',(1.,0.,0.));
#6819 = DIRECTION('',(0.,0.,1.));
#6820 = ADVANCED_FACE('',(#6821),#6832,.F.);
#6821 = FACE_BOUND('',#6822,.F.);
#6822 = EDGE_LOOP('',(#6823,#6824,#6830,#6831));
#6823 = ORIENTED_EDGE('',*,*,#6745,.F.);
#6824 = ORIENTED_EDGE('',*,*,#6825,.F.);
#6825 = EDGE_CURVE('',#6801,#6746,#6826,.T.);
#6826 = LINE('',#6827,#6828);
#6827 = CARTESIAN_POINT('',(-0.32,-7.94,-2.84));
#6828 = VECTOR('',#6829,1.);
#6829 = DIRECTION('',(1.,0.,0.));
#6830 = ORIENTED_EDGE('',*,*,#6800,.T.);
#6831 = ORIENTED_EDGE('',*,*,#5836,.F.);
#6832 = PLANE('',#6833);
#6833 = AXIS2_PLACEMENT_3D('',#6834,#6835,#6836);
#6834 = CARTESIAN_POINT('',(-0.32,-7.94,-3.));
#6835 = DIRECTION('',(0.,1.,0.));
#6836 = DIRECTION('',(0.,-0.,1.));
#6837 = ADVANCED_FACE('',(#6838),#6863,.T.);
#6838 = FACE_BOUND('',#6839,.T.);
#6839 = EDGE_LOOP('',(#6840,#6848,#6856,#6862));
#6840 = ORIENTED_EDGE('',*,*,#6841,.F.);
#6841 = EDGE_CURVE('',#6842,#5861,#6844,.T.);
#6842 = VERTEX_POINT('',#6843);
#6843 = CARTESIAN_POINT('',(0.32,-0.32,-2.84));
#6844 = LINE('',#6845,#6846);
#6845 = CARTESIAN_POINT('',(0.32,-0.32,-3.));
#6846 = VECTOR('',#6847,1.);
#6847 = DIRECTION('',(0.,0.,1.));
#6848 = ORIENTED_EDGE('',*,*,#6849,.T.);
#6849 = EDGE_CURVE('',#6842,#6850,#6852,.T.);
#6850 = VERTEX_POINT('',#6851);
#6851 = CARTESIAN_POINT('',(0.32,0.32,-2.84));
#6852 = LINE('',#6853,#6854);
#6853 = CARTESIAN_POINT('',(0.32,-0.32,-2.84));
#6854 = VECTOR('',#6855,1.);
#6855 = DIRECTION('',(0.,1.,0.));
#6856 = ORIENTED_EDGE('',*,*,#6857,.T.);
#6857 = EDGE_CURVE('',#6850,#5863,#6858,.T.);
#6858 = LINE('',#6859,#6860);
#6859 = CARTESIAN_POINT('',(0.32,0.32,-3.));
#6860 = VECTOR('',#6861,1.);
#6861 = DIRECTION('',(0.,0.,1.));
#6862 = ORIENTED_EDGE('',*,*,#5860,.F.);
#6863 = PLANE('',#6864);
#6864 = AXIS2_PLACEMENT_3D('',#6865,#6866,#6867);
#6865 = CARTESIAN_POINT('',(0.32,-0.32,-3.));
#6866 = DIRECTION('',(1.,0.,0.));
#6867 = DIRECTION('',(0.,0.,1.));
#6868 = ADVANCED_FACE('',(#6869),#6887,.T.);
#6869 = FACE_BOUND('',#6870,.T.);
#6870 = EDGE_LOOP('',(#6871,#6872,#6880,#6886));
#6871 = ORIENTED_EDGE('',*,*,#6857,.F.);
#6872 = ORIENTED_EDGE('',*,*,#6873,.F.);
#6873 = EDGE_CURVE('',#6874,#6850,#6876,.T.);
#6874 = VERTEX_POINT('',#6875);
#6875 = CARTESIAN_POINT('',(-0.32,0.32,-2.84));
#6876 = LINE('',#6877,#6878);
#6877 = CARTESIAN_POINT('',(-0.32,0.32,-2.84));
#6878 = VECTOR('',#6879,1.);
#6879 = DIRECTION('',(1.,0.,0.));
#6880 = ORIENTED_EDGE('',*,*,#6881,.T.);
#6881 = EDGE_CURVE('',#6874,#5879,#6882,.T.);
#6882 = LINE('',#6883,#6884);
#6883 = CARTESIAN_POINT('',(-0.32,0.32,-3.));
#6884 = VECTOR('',#6885,1.);
#6885 = DIRECTION('',(0.,0.,1.));
#6886 = ORIENTED_EDGE('',*,*,#5886,.F.);
#6887 = PLANE('',#6888);
#6888 = AXIS2_PLACEMENT_3D('',#6889,#6890,#6891);
#6889 = CARTESIAN_POINT('',(-0.32,0.32,-3.));
#6890 = DIRECTION('',(0.,1.,0.));
#6891 = DIRECTION('',(0.,-0.,1.));
#6892 = ADVANCED_FACE('',(#6893),#6911,.F.);
#6893 = FACE_BOUND('',#6894,.F.);
#6894 = EDGE_LOOP('',(#6895,#6903,#6909,#6910));
#6895 = ORIENTED_EDGE('',*,*,#6896,.F.);
#6896 = EDGE_CURVE('',#6897,#5871,#6899,.T.);
#6897 = VERTEX_POINT('',#6898);
#6898 = CARTESIAN_POINT('',(-0.32,-0.32,-2.84));
#6899 = LINE('',#6900,#6901);
#6900 = CARTESIAN_POINT('',(-0.32,-0.32,-3.));
#6901 = VECTOR('',#6902,1.);
#6902 = DIRECTION('',(0.,0.,1.));
#6903 = ORIENTED_EDGE('',*,*,#6904,.T.);
#6904 = EDGE_CURVE('',#6897,#6874,#6905,.T.);
#6905 = LINE('',#6906,#6907);
#6906 = CARTESIAN_POINT('',(-0.32,-0.32,-2.84));
#6907 = VECTOR('',#6908,1.);
#6908 = DIRECTION('',(0.,1.,0.));
#6909 = ORIENTED_EDGE('',*,*,#6881,.T.);
#6910 = ORIENTED_EDGE('',*,*,#5878,.F.);
#6911 = PLANE('',#6912);
#6912 = AXIS2_PLACEMENT_3D('',#6913,#6914,#6915);
#6913 = CARTESIAN_POINT('',(-0.32,-0.32,-3.));
#6914 = DIRECTION('',(1.,0.,0.));
#6915 = DIRECTION('',(0.,0.,1.));
#6916 = ADVANCED_FACE('',(#6917),#6928,.F.);
#6917 = FACE_BOUND('',#6918,.F.);
#6918 = EDGE_LOOP('',(#6919,#6920,#6926,#6927));
#6919 = ORIENTED_EDGE('',*,*,#6841,.F.);
#6920 = ORIENTED_EDGE('',*,*,#6921,.F.);
#6921 = EDGE_CURVE('',#6897,#6842,#6922,.T.);
#6922 = LINE('',#6923,#6924);
#6923 = CARTESIAN_POINT('',(-0.32,-0.32,-2.84));
#6924 = VECTOR('',#6925,1.);
#6925 = DIRECTION('',(1.,0.,0.));
#6926 = ORIENTED_EDGE('',*,*,#6896,.T.);
#6927 = ORIENTED_EDGE('',*,*,#5870,.F.);
#6928 = PLANE('',#6929);
#6929 = AXIS2_PLACEMENT_3D('',#6930,#6931,#6932);
#6930 = CARTESIAN_POINT('',(-0.32,-0.32,-3.));
#6931 = DIRECTION('',(0.,1.,0.));
#6932 = DIRECTION('',(0.,-0.,1.));
#6933 = ADVANCED_FACE('',(#6934),#6959,.T.);
#6934 = FACE_BOUND('',#6935,.T.);
#6935 = EDGE_LOOP('',(#6936,#6944,#6952,#6958));
#6936 = ORIENTED_EDGE('',*,*,#6937,.F.);
#6937 = EDGE_CURVE('',#6938,#5895,#6940,.T.);
#6938 = VERTEX_POINT('',#6939);
#6939 = CARTESIAN_POINT('',(0.32,-2.22,-2.84));
#6940 = LINE('',#6941,#6942);
#6941 = CARTESIAN_POINT('',(0.32,-2.22,-3.));
#6942 = VECTOR('',#6943,1.);
#6943 = DIRECTION('',(0.,0.,1.));
#6944 = ORIENTED_EDGE('',*,*,#6945,.F.);
#6945 = EDGE_CURVE('',#6946,#6938,#6948,.T.);
#6946 = VERTEX_POINT('',#6947);
#6947 = CARTESIAN_POINT('',(-0.32,-2.22,-2.84));
#6948 = LINE('',#6949,#6950);
#6949 = CARTESIAN_POINT('',(-0.32,-2.22,-2.84));
#6950 = VECTOR('',#6951,1.);
#6951 = DIRECTION('',(1.,0.,0.));
#6952 = ORIENTED_EDGE('',*,*,#6953,.T.);
#6953 = EDGE_CURVE('',#6946,#5897,#6954,.T.);
#6954 = LINE('',#6955,#6956);
#6955 = CARTESIAN_POINT('',(-0.32,-2.22,-3.));
#6956 = VECTOR('',#6957,1.);
#6957 = DIRECTION('',(0.,0.,1.));
#6958 = ORIENTED_EDGE('',*,*,#5894,.F.);
#6959 = PLANE('',#6960);
#6960 = AXIS2_PLACEMENT_3D('',#6961,#6962,#6963);
#6961 = CARTESIAN_POINT('',(-0.32,-2.22,-3.));
#6962 = DIRECTION('',(0.,1.,0.));
#6963 = DIRECTION('',(0.,-0.,1.));
#6964 = ADVANCED_FACE('',(#6965),#6983,.F.);
#6965 = FACE_BOUND('',#6966,.F.);
#6966 = EDGE_LOOP('',(#6967,#6975,#6981,#6982));
#6967 = ORIENTED_EDGE('',*,*,#6968,.F.);
#6968 = EDGE_CURVE('',#6969,#5913,#6971,.T.);
#6969 = VERTEX_POINT('',#6970);
#6970 = CARTESIAN_POINT('',(-0.32,-2.86,-2.84));
#6971 = LINE('',#6972,#6973);
#6972 = CARTESIAN_POINT('',(-0.32,-2.86,-3.));
#6973 = VECTOR('',#6974,1.);
#6974 = DIRECTION('',(0.,0.,1.));
#6975 = ORIENTED_EDGE('',*,*,#6976,.T.);
#6976 = EDGE_CURVE('',#6969,#6946,#6977,.T.);
#6977 = LINE('',#6978,#6979);
#6978 = CARTESIAN_POINT('',(-0.32,-2.86,-2.84));
#6979 = VECTOR('',#6980,1.);
#6980 = DIRECTION('',(0.,1.,0.));
#6981 = ORIENTED_EDGE('',*,*,#6953,.T.);
#6982 = ORIENTED_EDGE('',*,*,#5920,.F.);
#6983 = PLANE('',#6984);
#6984 = AXIS2_PLACEMENT_3D('',#6985,#6986,#6987);
#6985 = CARTESIAN_POINT('',(-0.32,-2.86,-3.));
#6986 = DIRECTION('',(1.,0.,0.));
#6987 = DIRECTION('',(0.,0.,1.));
#6988 = ADVANCED_FACE('',(#6989),#7007,.F.);
#6989 = FACE_BOUND('',#6990,.F.);
#6990 = EDGE_LOOP('',(#6991,#6999,#7005,#7006));
#6991 = ORIENTED_EDGE('',*,*,#6992,.F.);
#6992 = EDGE_CURVE('',#6993,#5905,#6995,.T.);
#6993 = VERTEX_POINT('',#6994);
#6994 = CARTESIAN_POINT('',(0.32,-2.86,-2.84));
#6995 = LINE('',#6996,#6997);
#6996 = CARTESIAN_POINT('',(0.32,-2.86,-3.));
#6997 = VECTOR('',#6998,1.);
#6998 = DIRECTION('',(0.,0.,1.));
#6999 = ORIENTED_EDGE('',*,*,#7000,.F.);
#7000 = EDGE_CURVE('',#6969,#6993,#7001,.T.);
#7001 = LINE('',#7002,#7003);
#7002 = CARTESIAN_POINT('',(-0.32,-2.86,-2.84));
#7003 = VECTOR('',#7004,1.);
#7004 = DIRECTION('',(1.,0.,0.));
#7005 = ORIENTED_EDGE('',*,*,#6968,.T.);
#7006 = ORIENTED_EDGE('',*,*,#5912,.F.);
#7007 = PLANE('',#7008);
#7008 = AXIS2_PLACEMENT_3D('',#7009,#7010,#7011);
#7009 = CARTESIAN_POINT('',(-0.32,-2.86,-3.));
#7010 = DIRECTION('',(0.,1.,0.));
#7011 = DIRECTION('',(0.,-0.,1.));
#7012 = ADVANCED_FACE('',(#7013),#7024,.T.);
#7013 = FACE_BOUND('',#7014,.T.);
#7014 = EDGE_LOOP('',(#7015,#7016,#7022,#7023));
#7015 = ORIENTED_EDGE('',*,*,#6992,.F.);
#7016 = ORIENTED_EDGE('',*,*,#7017,.T.);
#7017 = EDGE_CURVE('',#6993,#6938,#7018,.T.);
#7018 = LINE('',#7019,#7020);
#7019 = CARTESIAN_POINT('',(0.32,-2.86,-2.84));
#7020 = VECTOR('',#7021,1.);
#7021 = DIRECTION('',(0.,1.,0.));
#7022 = ORIENTED_EDGE('',*,*,#6937,.T.);
#7023 = ORIENTED_EDGE('',*,*,#5904,.F.);
#7024 = PLANE('',#7025);
#7025 = AXIS2_PLACEMENT_3D('',#7026,#7027,#7028);
#7026 = CARTESIAN_POINT('',(0.32,-2.86,-3.));
#7027 = DIRECTION('',(1.,0.,0.));
#7028 = DIRECTION('',(0.,0.,1.));
#7029 = ADVANCED_FACE('',(#7030),#7055,.T.);
#7030 = FACE_BOUND('',#7031,.T.);
#7031 = EDGE_LOOP('',(#7032,#7040,#7041,#7049));
#7032 = ORIENTED_EDGE('',*,*,#7033,.F.);
#7033 = EDGE_CURVE('',#6122,#7034,#7036,.T.);
#7034 = VERTEX_POINT('',#7035);
#7035 = CARTESIAN_POINT('',(0.32,-4.76,8.38));
#7036 = LINE('',#7037,#7038);
#7037 = CARTESIAN_POINT('',(0.32,-4.76,-3.));
#7038 = VECTOR('',#7039,1.);
#7039 = DIRECTION('',(0.,0.,1.));
#7040 = ORIENTED_EDGE('',*,*,#6121,.T.);
#7041 = ORIENTED_EDGE('',*,*,#7042,.T.);
#7042 = EDGE_CURVE('',#6124,#7043,#7045,.T.);
#7043 = VERTEX_POINT('',#7044);
#7044 = CARTESIAN_POINT('',(-0.32,-4.76,8.38));
#7045 = LINE('',#7046,#7047);
#7046 = CARTESIAN_POINT('',(-0.32,-4.76,-3.));
#7047 = VECTOR('',#7048,1.);
#7048 = DIRECTION('',(0.,0.,1.));
#7049 = ORIENTED_EDGE('',*,*,#7050,.T.);
#7050 = EDGE_CURVE('',#7043,#7034,#7051,.T.);
#7051 = LINE('',#7052,#7053);
#7052 = CARTESIAN_POINT('',(-0.32,-4.76,8.38));
#7053 = VECTOR('',#7054,1.);
#7054 = DIRECTION('',(1.,0.,0.));
#7055 = PLANE('',#7056);
#7056 = AXIS2_PLACEMENT_3D('',#7057,#7058,#7059);
#7057 = CARTESIAN_POINT('',(-0.32,-4.76,-3.));
#7058 = DIRECTION('',(0.,1.,0.));
#7059 = DIRECTION('',(0.,-0.,1.));
#7060 = ADVANCED_FACE('',(#7061),#7079,.F.);
#7061 = FACE_BOUND('',#7062,.F.);
#7062 = EDGE_LOOP('',(#7063,#7071,#7072,#7073));
#7063 = ORIENTED_EDGE('',*,*,#7064,.F.);
#7064 = EDGE_CURVE('',#6140,#7065,#7067,.T.);
#7065 = VERTEX_POINT('',#7066);
#7066 = CARTESIAN_POINT('',(-0.32,-5.4,8.38));
#7067 = LINE('',#7068,#7069);
#7068 = CARTESIAN_POINT('',(-0.32,-5.4,-3.));
#7069 = VECTOR('',#7070,1.);
#7070 = DIRECTION('',(0.,0.,1.));
#7071 = ORIENTED_EDGE('',*,*,#6147,.T.);
#7072 = ORIENTED_EDGE('',*,*,#7042,.T.);
#7073 = ORIENTED_EDGE('',*,*,#7074,.F.);
#7074 = EDGE_CURVE('',#7065,#7043,#7075,.T.);
#7075 = LINE('',#7076,#7077);
#7076 = CARTESIAN_POINT('',(-0.32,-5.4,8.38));
#7077 = VECTOR('',#7078,1.);
#7078 = DIRECTION('',(0.,1.,0.));
#7079 = PLANE('',#7080);
#7080 = AXIS2_PLACEMENT_3D('',#7081,#7082,#7083);
#7081 = CARTESIAN_POINT('',(-0.32,-5.4,-3.));
#7082 = DIRECTION('',(1.,0.,0.));
#7083 = DIRECTION('',(0.,0.,1.));
#7084 = ADVANCED_FACE('',(#7085),#7103,.F.);
#7085 = FACE_BOUND('',#7086,.F.);
#7086 = EDGE_LOOP('',(#7087,#7095,#7096,#7097));
#7087 = ORIENTED_EDGE('',*,*,#7088,.F.);
#7088 = EDGE_CURVE('',#6132,#7089,#7091,.T.);
#7089 = VERTEX_POINT('',#7090);
#7090 = CARTESIAN_POINT('',(0.32,-5.4,8.38));
#7091 = LINE('',#7092,#7093);
#7092 = CARTESIAN_POINT('',(0.32,-5.4,-3.));
#7093 = VECTOR('',#7094,1.);
#7094 = DIRECTION('',(0.,0.,1.));
#7095 = ORIENTED_EDGE('',*,*,#6139,.T.);
#7096 = ORIENTED_EDGE('',*,*,#7064,.T.);
#7097 = ORIENTED_EDGE('',*,*,#7098,.T.);
#7098 = EDGE_CURVE('',#7065,#7089,#7099,.T.);
#7099 = LINE('',#7100,#7101);
#7100 = CARTESIAN_POINT('',(-0.32,-5.4,8.38));
#7101 = VECTOR('',#7102,1.);
#7102 = DIRECTION('',(1.,0.,0.));
#7103 = PLANE('',#7104);
#7104 = AXIS2_PLACEMENT_3D('',#7105,#7106,#7107);
#7105 = CARTESIAN_POINT('',(-0.32,-5.4,-3.));
#7106 = DIRECTION('',(0.,1.,0.));
#7107 = DIRECTION('',(0.,-0.,1.));
#7108 = ADVANCED_FACE('',(#7109),#7120,.T.);
#7109 = FACE_BOUND('',#7110,.T.);
#7110 = EDGE_LOOP('',(#7111,#7112,#7113,#7114));
#7111 = ORIENTED_EDGE('',*,*,#7088,.F.);
#7112 = ORIENTED_EDGE('',*,*,#6131,.T.);
#7113 = ORIENTED_EDGE('',*,*,#7033,.T.);
#7114 = ORIENTED_EDGE('',*,*,#7115,.F.);
#7115 = EDGE_CURVE('',#7089,#7034,#7116,.T.);
#7116 = LINE('',#7117,#7118);
#7117 = CARTESIAN_POINT('',(0.32,-5.4,8.38));
#7118 = VECTOR('',#7119,1.);
#7119 = DIRECTION('',(0.,1.,0.));
#7120 = PLANE('',#7121);
#7121 = AXIS2_PLACEMENT_3D('',#7122,#7123,#7124);
#7122 = CARTESIAN_POINT('',(0.32,-5.4,-3.));
#7123 = DIRECTION('',(1.,0.,0.));
#7124 = DIRECTION('',(0.,0.,1.));
#7125 = ADVANCED_FACE('',(#7126),#7151,.T.);
#7126 = FACE_BOUND('',#7127,.T.);
#7127 = EDGE_LOOP('',(#7128,#7136,#7137,#7145));
#7128 = ORIENTED_EDGE('',*,*,#7129,.F.);
#7129 = EDGE_CURVE('',#6156,#7130,#7132,.T.);
#7130 = VERTEX_POINT('',#7131);
#7131 = CARTESIAN_POINT('',(0.32,-7.94,8.38));
#7132 = LINE('',#7133,#7134);
#7133 = CARTESIAN_POINT('',(0.32,-7.94,-3.));
#7134 = VECTOR('',#7135,1.);
#7135 = DIRECTION('',(0.,0.,1.));
#7136 = ORIENTED_EDGE('',*,*,#6155,.T.);
#7137 = ORIENTED_EDGE('',*,*,#7138,.T.);
#7138 = EDGE_CURVE('',#6158,#7139,#7141,.T.);
#7139 = VERTEX_POINT('',#7140);
#7140 = CARTESIAN_POINT('',(0.32,-7.3,8.38));
#7141 = LINE('',#7142,#7143);
#7142 = CARTESIAN_POINT('',(0.32,-7.3,-3.));
#7143 = VECTOR('',#7144,1.);
#7144 = DIRECTION('',(0.,0.,1.));
#7145 = ORIENTED_EDGE('',*,*,#7146,.F.);
#7146 = EDGE_CURVE('',#7130,#7139,#7147,.T.);
#7147 = LINE('',#7148,#7149);
#7148 = CARTESIAN_POINT('',(0.32,-7.94,8.38));
#7149 = VECTOR('',#7150,1.);
#7150 = DIRECTION('',(0.,1.,0.));
#7151 = PLANE('',#7152);
#7152 = AXIS2_PLACEMENT_3D('',#7153,#7154,#7155);
#7153 = CARTESIAN_POINT('',(0.32,-7.94,-3.));
#7154 = DIRECTION('',(1.,0.,0.));
#7155 = DIRECTION('',(0.,0.,1.));
#7156 = ADVANCED_FACE('',(#7157),#7175,.T.);
#7157 = FACE_BOUND('',#7158,.T.);
#7158 = EDGE_LOOP('',(#7159,#7160,#7161,#7169));
#7159 = ORIENTED_EDGE('',*,*,#7138,.F.);
#7160 = ORIENTED_EDGE('',*,*,#6181,.T.);
#7161 = ORIENTED_EDGE('',*,*,#7162,.T.);
#7162 = EDGE_CURVE('',#6174,#7163,#7165,.T.);
#7163 = VERTEX_POINT('',#7164);
#7164 = CARTESIAN_POINT('',(-0.32,-7.3,8.38));
#7165 = LINE('',#7166,#7167);
#7166 = CARTESIAN_POINT('',(-0.32,-7.3,-3.));
#7167 = VECTOR('',#7168,1.);
#7168 = DIRECTION('',(0.,0.,1.));
#7169 = ORIENTED_EDGE('',*,*,#7170,.T.);
#7170 = EDGE_CURVE('',#7163,#7139,#7171,.T.);
#7171 = LINE('',#7172,#7173);
#7172 = CARTESIAN_POINT('',(-0.32,-7.3,8.38));
#7173 = VECTOR('',#7174,1.);
#7174 = DIRECTION('',(1.,0.,0.));
#7175 = PLANE('',#7176);
#7176 = AXIS2_PLACEMENT_3D('',#7177,#7178,#7179);
#7177 = CARTESIAN_POINT('',(-0.32,-7.3,-3.));
#7178 = DIRECTION('',(0.,1.,0.));
#7179 = DIRECTION('',(0.,-0.,1.));
#7180 = ADVANCED_FACE('',(#7181),#7199,.F.);
#7181 = FACE_BOUND('',#7182,.F.);
#7182 = EDGE_LOOP('',(#7183,#7191,#7192,#7193));
#7183 = ORIENTED_EDGE('',*,*,#7184,.F.);
#7184 = EDGE_CURVE('',#6166,#7185,#7187,.T.);
#7185 = VERTEX_POINT('',#7186);
#7186 = CARTESIAN_POINT('',(-0.32,-7.94,8.38));
#7187 = LINE('',#7188,#7189);
#7188 = CARTESIAN_POINT('',(-0.32,-7.94,-3.));
#7189 = VECTOR('',#7190,1.);
#7190 = DIRECTION('',(0.,0.,1.));
#7191 = ORIENTED_EDGE('',*,*,#6173,.T.);
#7192 = ORIENTED_EDGE('',*,*,#7162,.T.);
#7193 = ORIENTED_EDGE('',*,*,#7194,.F.);
#7194 = EDGE_CURVE('',#7185,#7163,#7195,.T.);
#7195 = LINE('',#7196,#7197);
#7196 = CARTESIAN_POINT('',(-0.32,-7.94,8.38));
#7197 = VECTOR('',#7198,1.);
#7198 = DIRECTION('',(0.,1.,0.));
#7199 = PLANE('',#7200);
#7200 = AXIS2_PLACEMENT_3D('',#7201,#7202,#7203);
#7201 = CARTESIAN_POINT('',(-0.32,-7.94,-3.));
#7202 = DIRECTION('',(1.,0.,0.));
#7203 = DIRECTION('',(0.,0.,1.));
#7204 = ADVANCED_FACE('',(#7205),#7216,.F.);
#7205 = FACE_BOUND('',#7206,.F.);
#7206 = EDGE_LOOP('',(#7207,#7208,#7209,#7210));
#7207 = ORIENTED_EDGE('',*,*,#7129,.F.);
#7208 = ORIENTED_EDGE('',*,*,#6165,.T.);
#7209 = ORIENTED_EDGE('',*,*,#7184,.T.);
#7210 = ORIENTED_EDGE('',*,*,#7211,.T.);
#7211 = EDGE_CURVE('',#7185,#7130,#7212,.T.);
#7212 = LINE('',#7213,#7214);
#7213 = CARTESIAN_POINT('',(-0.32,-7.94,8.38));
#7214 = VECTOR('',#7215,1.);
#7215 = DIRECTION('',(1.,0.,0.));
#7216 = PLANE('',#7217);
#7217 = AXIS2_PLACEMENT_3D('',#7218,#7219,#7220);
#7218 = CARTESIAN_POINT('',(-0.32,-7.94,-3.));
#7219 = DIRECTION('',(0.,1.,0.));
#7220 = DIRECTION('',(0.,-0.,1.));
#7221 = ADVANCED_FACE('',(#7222),#7247,.T.);
#7222 = FACE_BOUND('',#7223,.T.);
#7223 = EDGE_LOOP('',(#7224,#7232,#7233,#7241));
#7224 = ORIENTED_EDGE('',*,*,#7225,.F.);
#7225 = EDGE_CURVE('',#6190,#7226,#7228,.T.);
#7226 = VERTEX_POINT('',#7227);
#7227 = CARTESIAN_POINT('',(0.32,-0.32,8.38));
#7228 = LINE('',#7229,#7230);
#7229 = CARTESIAN_POINT('',(0.32,-0.32,-3.));
#7230 = VECTOR('',#7231,1.);
#7231 = DIRECTION('',(0.,0.,1.));
#7232 = ORIENTED_EDGE('',*,*,#6189,.T.);
#7233 = ORIENTED_EDGE('',*,*,#7234,.T.);
#7234 = EDGE_CURVE('',#6192,#7235,#7237,.T.);
#7235 = VERTEX_POINT('',#7236);
#7236 = CARTESIAN_POINT('',(0.32,0.32,8.38));
#7237 = LINE('',#7238,#7239);
#7238 = CARTESIAN_POINT('',(0.32,0.32,-3.));
#7239 = VECTOR('',#7240,1.);
#7240 = DIRECTION('',(0.,0.,1.));
#7241 = ORIENTED_EDGE('',*,*,#7242,.F.);
#7242 = EDGE_CURVE('',#7226,#7235,#7243,.T.);
#7243 = LINE('',#7244,#7245);
#7244 = CARTESIAN_POINT('',(0.32,-0.32,8.38));
#7245 = VECTOR('',#7246,1.);
#7246 = DIRECTION('',(0.,1.,0.));
#7247 = PLANE('',#7248);
#7248 = AXIS2_PLACEMENT_3D('',#7249,#7250,#7251);
#7249 = CARTESIAN_POINT('',(0.32,-0.32,-3.));
#7250 = DIRECTION('',(1.,0.,0.));
#7251 = DIRECTION('',(0.,0.,1.));
#7252 = ADVANCED_FACE('',(#7253),#7271,.T.);
#7253 = FACE_BOUND('',#7254,.T.);
#7254 = EDGE_LOOP('',(#7255,#7256,#7257,#7265));
#7255 = ORIENTED_EDGE('',*,*,#7234,.F.);
#7256 = ORIENTED_EDGE('',*,*,#6215,.T.);
#7257 = ORIENTED_EDGE('',*,*,#7258,.T.);
#7258 = EDGE_CURVE('',#6208,#7259,#7261,.T.);
#7259 = VERTEX_POINT('',#7260);
#7260 = CARTESIAN_POINT('',(-0.32,0.32,8.38));
#7261 = LINE('',#7262,#7263);
#7262 = CARTESIAN_POINT('',(-0.32,0.32,-3.));
#7263 = VECTOR('',#7264,1.);
#7264 = DIRECTION('',(0.,0.,1.));
#7265 = ORIENTED_EDGE('',*,*,#7266,.T.);
#7266 = EDGE_CURVE('',#7259,#7235,#7267,.T.);
#7267 = LINE('',#7268,#7269);
#7268 = CARTESIAN_POINT('',(-0.32,0.32,8.38));
#7269 = VECTOR('',#7270,1.);
#7270 = DIRECTION('',(1.,0.,0.));
#7271 = PLANE('',#7272);
#7272 = AXIS2_PLACEMENT_3D('',#7273,#7274,#7275);
#7273 = CARTESIAN_POINT('',(-0.32,0.32,-3.));
#7274 = DIRECTION('',(0.,1.,0.));
#7275 = DIRECTION('',(0.,-0.,1.));
#7276 = ADVANCED_FACE('',(#7277),#7295,.F.);
#7277 = FACE_BOUND('',#7278,.F.);
#7278 = EDGE_LOOP('',(#7279,#7287,#7288,#7289));
#7279 = ORIENTED_EDGE('',*,*,#7280,.F.);
#7280 = EDGE_CURVE('',#6200,#7281,#7283,.T.);
#7281 = VERTEX_POINT('',#7282);
#7282 = CARTESIAN_POINT('',(-0.32,-0.32,8.38));
#7283 = LINE('',#7284,#7285);
#7284 = CARTESIAN_POINT('',(-0.32,-0.32,-3.));
#7285 = VECTOR('',#7286,1.);
#7286 = DIRECTION('',(0.,0.,1.));
#7287 = ORIENTED_EDGE('',*,*,#6207,.T.);
#7288 = ORIENTED_EDGE('',*,*,#7258,.T.);
#7289 = ORIENTED_EDGE('',*,*,#7290,.F.);
#7290 = EDGE_CURVE('',#7281,#7259,#7291,.T.);
#7291 = LINE('',#7292,#7293);
#7292 = CARTESIAN_POINT('',(-0.32,-0.32,8.38));
#7293 = VECTOR('',#7294,1.);
#7294 = DIRECTION('',(0.,1.,0.));
#7295 = PLANE('',#7296);
#7296 = AXIS2_PLACEMENT_3D('',#7297,#7298,#7299);
#7297 = CARTESIAN_POINT('',(-0.32,-0.32,-3.));
#7298 = DIRECTION('',(1.,0.,0.));
#7299 = DIRECTION('',(0.,0.,1.));
#7300 = ADVANCED_FACE('',(#7301),#7312,.F.);
#7301 = FACE_BOUND('',#7302,.F.);
#7302 = EDGE_LOOP('',(#7303,#7304,#7305,#7306));
#7303 = ORIENTED_EDGE('',*,*,#7225,.F.);
#7304 = ORIENTED_EDGE('',*,*,#6199,.T.);
#7305 = ORIENTED_EDGE('',*,*,#7280,.T.);
#7306 = ORIENTED_EDGE('',*,*,#7307,.T.);
#7307 = EDGE_CURVE('',#7281,#7226,#7308,.T.);
#7308 = LINE('',#7309,#7310);
#7309 = CARTESIAN_POINT('',(-0.32,-0.32,8.38));
#7310 = VECTOR('',#7311,1.);
#7311 = DIRECTION('',(1.,0.,0.));
#7312 = PLANE('',#7313);
#7313 = AXIS2_PLACEMENT_3D('',#7314,#7315,#7316);
#7314 = CARTESIAN_POINT('',(-0.32,-0.32,-3.));
#7315 = DIRECTION('',(0.,1.,0.));
#7316 = DIRECTION('',(0.,-0.,1.));
#7317 = ADVANCED_FACE('',(#7318),#7343,.T.);
#7318 = FACE_BOUND('',#7319,.T.);
#7319 = EDGE_LOOP('',(#7320,#7328,#7329,#7337));
#7320 = ORIENTED_EDGE('',*,*,#7321,.F.);
#7321 = EDGE_CURVE('',#6224,#7322,#7324,.T.);
#7322 = VERTEX_POINT('',#7323);
#7323 = CARTESIAN_POINT('',(0.32,-2.22,8.38));
#7324 = LINE('',#7325,#7326);
#7325 = CARTESIAN_POINT('',(0.32,-2.22,-3.));
#7326 = VECTOR('',#7327,1.);
#7327 = DIRECTION('',(0.,0.,1.));
#7328 = ORIENTED_EDGE('',*,*,#6223,.T.);
#7329 = ORIENTED_EDGE('',*,*,#7330,.T.);
#7330 = EDGE_CURVE('',#6226,#7331,#7333,.T.);
#7331 = VERTEX_POINT('',#7332);
#7332 = CARTESIAN_POINT('',(-0.32,-2.22,8.38));
#7333 = LINE('',#7334,#7335);
#7334 = CARTESIAN_POINT('',(-0.32,-2.22,-3.));
#7335 = VECTOR('',#7336,1.);
#7336 = DIRECTION('',(0.,0.,1.));
#7337 = ORIENTED_EDGE('',*,*,#7338,.T.);
#7338 = EDGE_CURVE('',#7331,#7322,#7339,.T.);
#7339 = LINE('',#7340,#7341);
#7340 = CARTESIAN_POINT('',(-0.32,-2.22,8.38));
#7341 = VECTOR('',#7342,1.);
#7342 = DIRECTION('',(1.,0.,0.));
#7343 = PLANE('',#7344);
#7344 = AXIS2_PLACEMENT_3D('',#7345,#7346,#7347);
#7345 = CARTESIAN_POINT('',(-0.32,-2.22,-3.));
#7346 = DIRECTION('',(0.,1.,0.));
#7347 = DIRECTION('',(0.,-0.,1.));
#7348 = ADVANCED_FACE('',(#7349),#7367,.F.);
#7349 = FACE_BOUND('',#7350,.F.);
#7350 = EDGE_LOOP('',(#7351,#7359,#7360,#7361));
#7351 = ORIENTED_EDGE('',*,*,#7352,.F.);
#7352 = EDGE_CURVE('',#6242,#7353,#7355,.T.);
#7353 = VERTEX_POINT('',#7354);
#7354 = CARTESIAN_POINT('',(-0.32,-2.86,8.38));
#7355 = LINE('',#7356,#7357);
#7356 = CARTESIAN_POINT('',(-0.32,-2.86,-3.));
#7357 = VECTOR('',#7358,1.);
#7358 = DIRECTION('',(0.,0.,1.));
#7359 = ORIENTED_EDGE('',*,*,#6249,.T.);
#7360 = ORIENTED_EDGE('',*,*,#7330,.T.);
#7361 = ORIENTED_EDGE('',*,*,#7362,.F.);
#7362 = EDGE_CURVE('',#7353,#7331,#7363,.T.);
#7363 = LINE('',#7364,#7365);
#7364 = CARTESIAN_POINT('',(-0.32,-2.86,8.38));
#7365 = VECTOR('',#7366,1.);
#7366 = DIRECTION('',(0.,1.,0.));
#7367 = PLANE('',#7368);
#7368 = AXIS2_PLACEMENT_3D('',#7369,#7370,#7371);
#7369 = CARTESIAN_POINT('',(-0.32,-2.86,-3.));
#7370 = DIRECTION('',(1.,0.,0.));
#7371 = DIRECTION('',(0.,0.,1.));
#7372 = ADVANCED_FACE('',(#7373),#7391,.F.);
#7373 = FACE_BOUND('',#7374,.F.);
#7374 = EDGE_LOOP('',(#7375,#7383,#7384,#7385));
#7375 = ORIENTED_EDGE('',*,*,#7376,.F.);
#7376 = EDGE_CURVE('',#6234,#7377,#7379,.T.);
#7377 = VERTEX_POINT('',#7378);
#7378 = CARTESIAN_POINT('',(0.32,-2.86,8.38));
#7379 = LINE('',#7380,#7381);
#7380 = CARTESIAN_POINT('',(0.32,-2.86,-3.));
#7381 = VECTOR('',#7382,1.);
#7382 = DIRECTION('',(0.,0.,1.));
#7383 = ORIENTED_EDGE('',*,*,#6241,.T.);
#7384 = ORIENTED_EDGE('',*,*,#7352,.T.);
#7385 = ORIENTED_EDGE('',*,*,#7386,.T.);
#7386 = EDGE_CURVE('',#7353,#7377,#7387,.T.);
#7387 = LINE('',#7388,#7389);
#7388 = CARTESIAN_POINT('',(-0.32,-2.86,8.38));
#7389 = VECTOR('',#7390,1.);
#7390 = DIRECTION('',(1.,0.,0.));
#7391 = PLANE('',#7392);
#7392 = AXIS2_PLACEMENT_3D('',#7393,#7394,#7395);
#7393 = CARTESIAN_POINT('',(-0.32,-2.86,-3.));
#7394 = DIRECTION('',(0.,1.,0.));
#7395 = DIRECTION('',(0.,-0.,1.));
#7396 = ADVANCED_FACE('',(#7397),#7408,.T.);
#7397 = FACE_BOUND('',#7398,.T.);
#7398 = EDGE_LOOP('',(#7399,#7400,#7401,#7402));
#7399 = ORIENTED_EDGE('',*,*,#7376,.F.);
#7400 = ORIENTED_EDGE('',*,*,#6233,.T.);
#7401 = ORIENTED_EDGE('',*,*,#7321,.T.);
#7402 = ORIENTED_EDGE('',*,*,#7403,.F.);
#7403 = EDGE_CURVE('',#7377,#7322,#7404,.T.);
#7404 = LINE('',#7405,#7406);
#7405 = CARTESIAN_POINT('',(0.32,-2.86,8.38));
#7406 = VECTOR('',#7407,1.);
#7407 = DIRECTION('',(0.,1.,0.));
#7408 = PLANE('',#7409);
#7409 = AXIS2_PLACEMENT_3D('',#7410,#7411,#7412);
#7410 = CARTESIAN_POINT('',(0.32,-2.86,-3.));
#7411 = DIRECTION('',(1.,0.,0.));
#7412 = DIRECTION('',(0.,0.,1.));
#7413 = ADVANCED_FACE('',(#7414),#7439,.F.);
#7414 = FACE_BOUND('',#7415,.T.);
#7415 = EDGE_LOOP('',(#7416,#7424,#7425,#7433));
#7416 = ORIENTED_EDGE('',*,*,#7417,.F.);
#7417 = EDGE_CURVE('',#6658,#7418,#7420,.T.);
#7418 = VERTEX_POINT('',#7419);
#7419 = CARTESIAN_POINT('',(-0.16,-4.92,-3.));
#7420 = LINE('',#7421,#7422);
#7421 = CARTESIAN_POINT('',(-0.16,-4.92,-3.));
#7422 = VECTOR('',#7423,1.);
#7423 = DIRECTION('',(0.57735026919,-0.57735026919,-0.57735026919));
#7424 = ORIENTED_EDGE('',*,*,#6657,.T.);
#7425 = ORIENTED_EDGE('',*,*,#7426,.T.);
#7426 = EDGE_CURVE('',#6650,#7427,#7429,.T.);
#7427 = VERTEX_POINT('',#7428);
#7428 = CARTESIAN_POINT('',(0.16,-4.92,-3.));
#7429 = LINE('',#7430,#7431);
#7430 = CARTESIAN_POINT('',(5.333333333333E-02,-5.026666666667,
    -3.106666666667));
#7431 = VECTOR('',#7432,1.);
#7432 = DIRECTION('',(-0.57735026919,-0.57735026919,-0.57735026919));
#7433 = ORIENTED_EDGE('',*,*,#7434,.F.);
#7434 = EDGE_CURVE('',#7418,#7427,#7435,.T.);
#7435 = LINE('',#7436,#7437);
#7436 = CARTESIAN_POINT('',(-0.32,-4.92,-3.));
#7437 = VECTOR('',#7438,1.);
#7438 = DIRECTION('',(1.,0.,0.));
#7439 = PLANE('',#7440);
#7440 = AXIS2_PLACEMENT_3D('',#7441,#7442,#7443);
#7441 = CARTESIAN_POINT('',(-0.32,-4.84,-2.92));
#7442 = DIRECTION('',(-1.735167508357E-18,-0.707106781187,0.707106781187
    ));
#7443 = DIRECTION('',(-1.,1.226948711654E-18,-1.226948711654E-18));
#7444 = ADVANCED_FACE('',(#7445),#7463,.T.);
#7445 = FACE_BOUND('',#7446,.T.);
#7446 = EDGE_LOOP('',(#7447,#7455,#7456,#7457));
#7447 = ORIENTED_EDGE('',*,*,#7448,.F.);
#7448 = EDGE_CURVE('',#6681,#7449,#7451,.T.);
#7449 = VERTEX_POINT('',#7450);
#7450 = CARTESIAN_POINT('',(-0.16,-5.24,-3.));
#7451 = LINE('',#7452,#7453);
#7452 = CARTESIAN_POINT('',(-0.266666666667,-5.346666666667,
    -2.893333333333));
#7453 = VECTOR('',#7454,1.);
#7454 = DIRECTION('',(0.57735026919,0.57735026919,-0.57735026919));
#7455 = ORIENTED_EDGE('',*,*,#6688,.T.);
#7456 = ORIENTED_EDGE('',*,*,#7417,.T.);
#7457 = ORIENTED_EDGE('',*,*,#7458,.F.);
#7458 = EDGE_CURVE('',#7449,#7418,#7459,.T.);
#7459 = LINE('',#7460,#7461);
#7460 = CARTESIAN_POINT('',(-0.16,-5.4,-3.));
#7461 = VECTOR('',#7462,1.);
#7462 = DIRECTION('',(0.,1.,0.));
#7463 = PLANE('',#7464);
#7464 = AXIS2_PLACEMENT_3D('',#7465,#7466,#7467);
#7465 = CARTESIAN_POINT('',(-0.24,-5.4,-2.92));
#7466 = DIRECTION('',(-0.707106781187,-1.735167508357E-18,
    -0.707106781187));
#7467 = DIRECTION('',(-1.226948711654E-18,1.,-1.226948711654E-18));
#7468 = ADVANCED_FACE('',(#7469),#7487,.T.);
#7469 = FACE_BOUND('',#7470,.F.);
#7470 = EDGE_LOOP('',(#7471,#7472,#7473,#7481));
#7471 = ORIENTED_EDGE('',*,*,#7448,.F.);
#7472 = ORIENTED_EDGE('',*,*,#6712,.T.);
#7473 = ORIENTED_EDGE('',*,*,#7474,.T.);
#7474 = EDGE_CURVE('',#6705,#7475,#7477,.T.);
#7475 = VERTEX_POINT('',#7476);
#7476 = CARTESIAN_POINT('',(0.16,-5.24,-3.));
#7477 = LINE('',#7478,#7479);
#7478 = CARTESIAN_POINT('',(0.16,-5.24,-3.));
#7479 = VECTOR('',#7480,1.);
#7480 = DIRECTION('',(-0.57735026919,0.57735026919,-0.57735026919));
#7481 = ORIENTED_EDGE('',*,*,#7482,.F.);
#7482 = EDGE_CURVE('',#7449,#7475,#7483,.T.);
#7483 = LINE('',#7484,#7485);
#7484 = CARTESIAN_POINT('',(-0.32,-5.24,-3.));
#7485 = VECTOR('',#7486,1.);
#7486 = DIRECTION('',(1.,0.,0.));
#7487 = PLANE('',#7488);
#7488 = AXIS2_PLACEMENT_3D('',#7489,#7490,#7491);
#7489 = CARTESIAN_POINT('',(-0.32,-5.32,-2.92));
#7490 = DIRECTION('',(1.735167508357E-18,-0.707106781187,-0.707106781187
    ));
#7491 = DIRECTION('',(-1.,-1.226948711654E-18,-1.226948711654E-18));
#7492 = ADVANCED_FACE('',(#7493),#7504,.F.);
#7493 = FACE_BOUND('',#7494,.F.);
#7494 = EDGE_LOOP('',(#7495,#7496,#7497,#7498));
#7495 = ORIENTED_EDGE('',*,*,#7474,.F.);
#7496 = ORIENTED_EDGE('',*,*,#6729,.T.);
#7497 = ORIENTED_EDGE('',*,*,#7426,.T.);
#7498 = ORIENTED_EDGE('',*,*,#7499,.F.);
#7499 = EDGE_CURVE('',#7475,#7427,#7500,.T.);
#7500 = LINE('',#7501,#7502);
#7501 = CARTESIAN_POINT('',(0.16,-5.4,-3.));
#7502 = VECTOR('',#7503,1.);
#7503 = DIRECTION('',(0.,1.,0.));
#7504 = PLANE('',#7505);
#7505 = AXIS2_PLACEMENT_3D('',#7506,#7507,#7508);
#7506 = CARTESIAN_POINT('',(0.24,-5.4,-2.92));
#7507 = DIRECTION('',(-0.707106781187,1.735167508357E-18,0.707106781187)
  );
#7508 = DIRECTION('',(1.226948711654E-18,1.,-1.226948711654E-18));
#7509 = ADVANCED_FACE('',(#7510),#7535,.F.);
#7510 = FACE_BOUND('',#7511,.F.);
#7511 = EDGE_LOOP('',(#7512,#7520,#7521,#7529));
#7512 = ORIENTED_EDGE('',*,*,#7513,.F.);
#7513 = EDGE_CURVE('',#6746,#7514,#7516,.T.);
#7514 = VERTEX_POINT('',#7515);
#7515 = CARTESIAN_POINT('',(0.16,-7.78,-3.));
#7516 = LINE('',#7517,#7518);
#7517 = CARTESIAN_POINT('',(0.16,-7.78,-3.));
#7518 = VECTOR('',#7519,1.);
#7519 = DIRECTION('',(-0.57735026919,0.57735026919,-0.57735026919));
#7520 = ORIENTED_EDGE('',*,*,#6753,.T.);
#7521 = ORIENTED_EDGE('',*,*,#7522,.T.);
#7522 = EDGE_CURVE('',#6754,#7523,#7525,.T.);
#7523 = VERTEX_POINT('',#7524);
#7524 = CARTESIAN_POINT('',(0.16,-7.46,-3.));
#7525 = LINE('',#7526,#7527);
#7526 = CARTESIAN_POINT('',(5.333333333333E-02,-7.566666666667,
    -3.106666666667));
#7527 = VECTOR('',#7528,1.);
#7528 = DIRECTION('',(-0.57735026919,-0.57735026919,-0.57735026919));
#7529 = ORIENTED_EDGE('',*,*,#7530,.F.);
#7530 = EDGE_CURVE('',#7514,#7523,#7531,.T.);
#7531 = LINE('',#7532,#7533);
#7532 = CARTESIAN_POINT('',(0.16,-7.94,-3.));
#7533 = VECTOR('',#7534,1.);
#7534 = DIRECTION('',(0.,1.,0.));
#7535 = PLANE('',#7536);
#7536 = AXIS2_PLACEMENT_3D('',#7537,#7538,#7539);
#7537 = CARTESIAN_POINT('',(0.24,-7.94,-2.92));
#7538 = DIRECTION('',(-0.707106781187,1.735167508357E-18,0.707106781187)
  );
#7539 = DIRECTION('',(1.226948711654E-18,1.,-1.226948711654E-18));
#7540 = ADVANCED_FACE('',(#7541),#7559,.F.);
#7541 = FACE_BOUND('',#7542,.T.);
#7542 = EDGE_LOOP('',(#7543,#7551,#7552,#7553));
#7543 = ORIENTED_EDGE('',*,*,#7544,.F.);
#7544 = EDGE_CURVE('',#6778,#7545,#7547,.T.);
#7545 = VERTEX_POINT('',#7546);
#7546 = CARTESIAN_POINT('',(-0.16,-7.46,-3.));
#7547 = LINE('',#7548,#7549);
#7548 = CARTESIAN_POINT('',(-0.16,-7.46,-3.));
#7549 = VECTOR('',#7550,1.);
#7550 = DIRECTION('',(0.57735026919,-0.57735026919,-0.57735026919));
#7551 = ORIENTED_EDGE('',*,*,#6777,.T.);
#7552 = ORIENTED_EDGE('',*,*,#7522,.T.);
#7553 = ORIENTED_EDGE('',*,*,#7554,.F.);
#7554 = EDGE_CURVE('',#7545,#7523,#7555,.T.);
#7555 = LINE('',#7556,#7557);
#7556 = CARTESIAN_POINT('',(-0.32,-7.46,-3.));
#7557 = VECTOR('',#7558,1.);
#7558 = DIRECTION('',(1.,0.,0.));
#7559 = PLANE('',#7560);
#7560 = AXIS2_PLACEMENT_3D('',#7561,#7562,#7563);
#7561 = CARTESIAN_POINT('',(-0.32,-7.38,-2.92));
#7562 = DIRECTION('',(-1.735167508357E-18,-0.707106781187,0.707106781187
    ));
#7563 = DIRECTION('',(-1.,1.226948711654E-18,-1.226948711654E-18));
#7564 = ADVANCED_FACE('',(#7565),#7583,.T.);
#7565 = FACE_BOUND('',#7566,.T.);
#7566 = EDGE_LOOP('',(#7567,#7575,#7576,#7577));
#7567 = ORIENTED_EDGE('',*,*,#7568,.F.);
#7568 = EDGE_CURVE('',#6801,#7569,#7571,.T.);
#7569 = VERTEX_POINT('',#7570);
#7570 = CARTESIAN_POINT('',(-0.16,-7.78,-3.));
#7571 = LINE('',#7572,#7573);
#7572 = CARTESIAN_POINT('',(-0.266666666667,-7.886666666667,
    -2.893333333333));
#7573 = VECTOR('',#7574,1.);
#7574 = DIRECTION('',(0.57735026919,0.57735026919,-0.57735026919));
#7575 = ORIENTED_EDGE('',*,*,#6808,.T.);
#7576 = ORIENTED_EDGE('',*,*,#7544,.T.);
#7577 = ORIENTED_EDGE('',*,*,#7578,.F.);
#7578 = EDGE_CURVE('',#7569,#7545,#7579,.T.);
#7579 = LINE('',#7580,#7581);
#7580 = CARTESIAN_POINT('',(-0.16,-7.94,-3.));
#7581 = VECTOR('',#7582,1.);
#7582 = DIRECTION('',(0.,1.,0.));
#7583 = PLANE('',#7584);
#7584 = AXIS2_PLACEMENT_3D('',#7585,#7586,#7587);
#7585 = CARTESIAN_POINT('',(-0.24,-7.94,-2.92));
#7586 = DIRECTION('',(-0.707106781187,-1.735167508357E-18,
    -0.707106781187));
#7587 = DIRECTION('',(-1.226948711654E-18,1.,-1.226948711654E-18));
#7588 = ADVANCED_FACE('',(#7589),#7600,.T.);
#7589 = FACE_BOUND('',#7590,.F.);
#7590 = EDGE_LOOP('',(#7591,#7592,#7593,#7594));
#7591 = ORIENTED_EDGE('',*,*,#7568,.F.);
#7592 = ORIENTED_EDGE('',*,*,#6825,.T.);
#7593 = ORIENTED_EDGE('',*,*,#7513,.T.);
#7594 = ORIENTED_EDGE('',*,*,#7595,.F.);
#7595 = EDGE_CURVE('',#7569,#7514,#7596,.T.);
#7596 = LINE('',#7597,#7598);
#7597 = CARTESIAN_POINT('',(-0.32,-7.78,-3.));
#7598 = VECTOR('',#7599,1.);
#7599 = DIRECTION('',(1.,0.,0.));
#7600 = PLANE('',#7601);
#7601 = AXIS2_PLACEMENT_3D('',#7602,#7603,#7604);
#7602 = CARTESIAN_POINT('',(-0.32,-7.86,-2.92));
#7603 = DIRECTION('',(1.735167508357E-18,-0.707106781187,-0.707106781187
    ));
#7604 = DIRECTION('',(-1.,-1.226948711654E-18,-1.226948711654E-18));
#7605 = ADVANCED_FACE('',(#7606),#7631,.F.);
#7606 = FACE_BOUND('',#7607,.F.);
#7607 = EDGE_LOOP('',(#7608,#7616,#7617,#7625));
#7608 = ORIENTED_EDGE('',*,*,#7609,.F.);
#7609 = EDGE_CURVE('',#6842,#7610,#7612,.T.);
#7610 = VERTEX_POINT('',#7611);
#7611 = CARTESIAN_POINT('',(0.16,-0.16,-3.));
#7612 = LINE('',#7613,#7614);
#7613 = CARTESIAN_POINT('',(0.16,-0.16,-3.));
#7614 = VECTOR('',#7615,1.);
#7615 = DIRECTION('',(-0.57735026919,0.57735026919,-0.57735026919));
#7616 = ORIENTED_EDGE('',*,*,#6849,.T.);
#7617 = ORIENTED_EDGE('',*,*,#7618,.T.);
#7618 = EDGE_CURVE('',#6850,#7619,#7621,.T.);
#7619 = VERTEX_POINT('',#7620);
#7620 = CARTESIAN_POINT('',(0.16,0.16,-3.));
#7621 = LINE('',#7622,#7623);
#7622 = CARTESIAN_POINT('',(5.333333333333E-02,5.333333333333E-02,
    -3.106666666667));
#7623 = VECTOR('',#7624,1.);
#7624 = DIRECTION('',(-0.57735026919,-0.57735026919,-0.57735026919));
#7625 = ORIENTED_EDGE('',*,*,#7626,.F.);
#7626 = EDGE_CURVE('',#7610,#7619,#7627,.T.);
#7627 = LINE('',#7628,#7629);
#7628 = CARTESIAN_POINT('',(0.16,-0.32,-3.));
#7629 = VECTOR('',#7630,1.);
#7630 = DIRECTION('',(0.,1.,0.));
#7631 = PLANE('',#7632);
#7632 = AXIS2_PLACEMENT_3D('',#7633,#7634,#7635);
#7633 = CARTESIAN_POINT('',(0.24,-0.32,-2.92));
#7634 = DIRECTION('',(-0.707106781187,1.735167508357E-18,0.707106781187)
  );
#7635 = DIRECTION('',(1.226948711654E-18,1.,-1.226948711654E-18));
#7636 = ADVANCED_FACE('',(#7637),#7655,.F.);
#7637 = FACE_BOUND('',#7638,.T.);
#7638 = EDGE_LOOP('',(#7639,#7647,#7648,#7649));
#7639 = ORIENTED_EDGE('',*,*,#7640,.F.);
#7640 = EDGE_CURVE('',#6874,#7641,#7643,.T.);
#7641 = VERTEX_POINT('',#7642);
#7642 = CARTESIAN_POINT('',(-0.16,0.16,-3.));
#7643 = LINE('',#7644,#7645);
#7644 = CARTESIAN_POINT('',(-0.16,0.16,-3.));
#7645 = VECTOR('',#7646,1.);
#7646 = DIRECTION('',(0.57735026919,-0.57735026919,-0.57735026919));
#7647 = ORIENTED_EDGE('',*,*,#6873,.T.);
#7648 = ORIENTED_EDGE('',*,*,#7618,.T.);
#7649 = ORIENTED_EDGE('',*,*,#7650,.F.);
#7650 = EDGE_CURVE('',#7641,#7619,#7651,.T.);
#7651 = LINE('',#7652,#7653);
#7652 = CARTESIAN_POINT('',(-0.32,0.16,-3.));
#7653 = VECTOR('',#7654,1.);
#7654 = DIRECTION('',(1.,0.,0.));
#7655 = PLANE('',#7656);
#7656 = AXIS2_PLACEMENT_3D('',#7657,#7658,#7659);
#7657 = CARTESIAN_POINT('',(-0.32,0.24,-2.92));
#7658 = DIRECTION('',(-1.735167508357E-18,-0.707106781187,0.707106781187
    ));
#7659 = DIRECTION('',(-1.,1.226948711654E-18,-1.226948711654E-18));
#7660 = ADVANCED_FACE('',(#7661),#7679,.T.);
#7661 = FACE_BOUND('',#7662,.T.);
#7662 = EDGE_LOOP('',(#7663,#7671,#7672,#7673));
#7663 = ORIENTED_EDGE('',*,*,#7664,.F.);
#7664 = EDGE_CURVE('',#6897,#7665,#7667,.T.);
#7665 = VERTEX_POINT('',#7666);
#7666 = CARTESIAN_POINT('',(-0.16,-0.16,-3.));
#7667 = LINE('',#7668,#7669);
#7668 = CARTESIAN_POINT('',(-0.266666666667,-0.266666666667,
    -2.893333333333));
#7669 = VECTOR('',#7670,1.);
#7670 = DIRECTION('',(0.57735026919,0.57735026919,-0.57735026919));
#7671 = ORIENTED_EDGE('',*,*,#6904,.T.);
#7672 = ORIENTED_EDGE('',*,*,#7640,.T.);
#7673 = ORIENTED_EDGE('',*,*,#7674,.F.);
#7674 = EDGE_CURVE('',#7665,#7641,#7675,.T.);
#7675 = LINE('',#7676,#7677);
#7676 = CARTESIAN_POINT('',(-0.16,-0.32,-3.));
#7677 = VECTOR('',#7678,1.);
#7678 = DIRECTION('',(0.,1.,0.));
#7679 = PLANE('',#7680);
#7680 = AXIS2_PLACEMENT_3D('',#7681,#7682,#7683);
#7681 = CARTESIAN_POINT('',(-0.24,-0.32,-2.92));
#7682 = DIRECTION('',(-0.707106781187,-1.735167508357E-18,
    -0.707106781187));
#7683 = DIRECTION('',(-1.226948711654E-18,1.,-1.226948711654E-18));
#7684 = ADVANCED_FACE('',(#7685),#7696,.T.);
#7685 = FACE_BOUND('',#7686,.F.);
#7686 = EDGE_LOOP('',(#7687,#7688,#7689,#7690));
#7687 = ORIENTED_EDGE('',*,*,#7664,.F.);
#7688 = ORIENTED_EDGE('',*,*,#6921,.T.);
#7689 = ORIENTED_EDGE('',*,*,#7609,.T.);
#7690 = ORIENTED_EDGE('',*,*,#7691,.F.);
#7691 = EDGE_CURVE('',#7665,#7610,#7692,.T.);
#7692 = LINE('',#7693,#7694);
#7693 = CARTESIAN_POINT('',(-0.32,-0.16,-3.));
#7694 = VECTOR('',#7695,1.);
#7695 = DIRECTION('',(1.,0.,0.));
#7696 = PLANE('',#7697);
#7697 = AXIS2_PLACEMENT_3D('',#7698,#7699,#7700);
#7698 = CARTESIAN_POINT('',(-0.32,-0.24,-2.92));
#7699 = DIRECTION('',(1.735167508357E-18,-0.707106781187,-0.707106781187
    ));
#7700 = DIRECTION('',(-1.,-1.226948711654E-18,-1.226948711654E-18));
#7701 = ADVANCED_FACE('',(#7702),#7727,.F.);
#7702 = FACE_BOUND('',#7703,.T.);
#7703 = EDGE_LOOP('',(#7704,#7712,#7713,#7721));
#7704 = ORIENTED_EDGE('',*,*,#7705,.F.);
#7705 = EDGE_CURVE('',#6946,#7706,#7708,.T.);
#7706 = VERTEX_POINT('',#7707);
#7707 = CARTESIAN_POINT('',(-0.16,-2.38,-3.));
#7708 = LINE('',#7709,#7710);
#7709 = CARTESIAN_POINT('',(-0.16,-2.38,-3.));
#7710 = VECTOR('',#7711,1.);
#7711 = DIRECTION('',(0.57735026919,-0.57735026919,-0.57735026919));
#7712 = ORIENTED_EDGE('',*,*,#6945,.T.);
#7713 = ORIENTED_EDGE('',*,*,#7714,.T.);
#7714 = EDGE_CURVE('',#6938,#7715,#7717,.T.);
#7715 = VERTEX_POINT('',#7716);
#7716 = CARTESIAN_POINT('',(0.16,-2.38,-3.));
#7717 = LINE('',#7718,#7719);
#7718 = CARTESIAN_POINT('',(5.333333333333E-02,-2.486666666667,
    -3.106666666667));
#7719 = VECTOR('',#7720,1.);
#7720 = DIRECTION('',(-0.57735026919,-0.57735026919,-0.57735026919));
#7721 = ORIENTED_EDGE('',*,*,#7722,.F.);
#7722 = EDGE_CURVE('',#7706,#7715,#7723,.T.);
#7723 = LINE('',#7724,#7725);
#7724 = CARTESIAN_POINT('',(-0.32,-2.38,-3.));
#7725 = VECTOR('',#7726,1.);
#7726 = DIRECTION('',(1.,0.,0.));
#7727 = PLANE('',#7728);
#7728 = AXIS2_PLACEMENT_3D('',#7729,#7730,#7731);
#7729 = CARTESIAN_POINT('',(-0.32,-2.3,-2.92));
#7730 = DIRECTION('',(-1.735167508357E-18,-0.707106781187,0.707106781187
    ));
#7731 = DIRECTION('',(-1.,1.226948711654E-18,-1.226948711654E-18));
#7732 = ADVANCED_FACE('',(#7733),#7751,.T.);
#7733 = FACE_BOUND('',#7734,.T.);
#7734 = EDGE_LOOP('',(#7735,#7743,#7744,#7745));
#7735 = ORIENTED_EDGE('',*,*,#7736,.F.);
#7736 = EDGE_CURVE('',#6969,#7737,#7739,.T.);
#7737 = VERTEX_POINT('',#7738);
#7738 = CARTESIAN_POINT('',(-0.16,-2.7,-3.));
#7739 = LINE('',#7740,#7741);
#7740 = CARTESIAN_POINT('',(-0.266666666667,-2.806666666667,
    -2.893333333333));
#7741 = VECTOR('',#7742,1.);
#7742 = DIRECTION('',(0.57735026919,0.57735026919,-0.57735026919));
#7743 = ORIENTED_EDGE('',*,*,#6976,.T.);
#7744 = ORIENTED_EDGE('',*,*,#7705,.T.);
#7745 = ORIENTED_EDGE('',*,*,#7746,.F.);
#7746 = EDGE_CURVE('',#7737,#7706,#7747,.T.);
#7747 = LINE('',#7748,#7749);
#7748 = CARTESIAN_POINT('',(-0.16,-2.86,-3.));
#7749 = VECTOR('',#7750,1.);
#7750 = DIRECTION('',(0.,1.,0.));
#7751 = PLANE('',#7752);
#7752 = AXIS2_PLACEMENT_3D('',#7753,#7754,#7755);
#7753 = CARTESIAN_POINT('',(-0.24,-2.86,-2.92));
#7754 = DIRECTION('',(-0.707106781187,-1.735167508357E-18,
    -0.707106781187));
#7755 = DIRECTION('',(-1.226948711654E-18,1.,-1.226948711654E-18));
#7756 = ADVANCED_FACE('',(#7757),#7775,.T.);
#7757 = FACE_BOUND('',#7758,.F.);
#7758 = EDGE_LOOP('',(#7759,#7760,#7761,#7769));
#7759 = ORIENTED_EDGE('',*,*,#7736,.F.);
#7760 = ORIENTED_EDGE('',*,*,#7000,.T.);
#7761 = ORIENTED_EDGE('',*,*,#7762,.T.);
#7762 = EDGE_CURVE('',#6993,#7763,#7765,.T.);
#7763 = VERTEX_POINT('',#7764);
#7764 = CARTESIAN_POINT('',(0.16,-2.7,-3.));
#7765 = LINE('',#7766,#7767);
#7766 = CARTESIAN_POINT('',(0.16,-2.7,-3.));
#7767 = VECTOR('',#7768,1.);
#7768 = DIRECTION('',(-0.57735026919,0.57735026919,-0.57735026919));
#7769 = ORIENTED_EDGE('',*,*,#7770,.F.);
#7770 = EDGE_CURVE('',#7737,#7763,#7771,.T.);
#7771 = LINE('',#7772,#7773);
#7772 = CARTESIAN_POINT('',(-0.32,-2.7,-3.));
#7773 = VECTOR('',#7774,1.);
#7774 = DIRECTION('',(1.,0.,0.));
#7775 = PLANE('',#7776);
#7776 = AXIS2_PLACEMENT_3D('',#7777,#7778,#7779);
#7777 = CARTESIAN_POINT('',(-0.32,-2.78,-2.92));
#7778 = DIRECTION('',(1.735167508357E-18,-0.707106781187,-0.707106781187
    ));
#7779 = DIRECTION('',(-1.,-1.226948711654E-18,-1.226948711654E-18));
#7780 = ADVANCED_FACE('',(#7781),#7792,.F.);
#7781 = FACE_BOUND('',#7782,.F.);
#7782 = EDGE_LOOP('',(#7783,#7784,#7785,#7786));
#7783 = ORIENTED_EDGE('',*,*,#7762,.F.);
#7784 = ORIENTED_EDGE('',*,*,#7017,.T.);
#7785 = ORIENTED_EDGE('',*,*,#7714,.T.);
#7786 = ORIENTED_EDGE('',*,*,#7787,.F.);
#7787 = EDGE_CURVE('',#7763,#7715,#7788,.T.);
#7788 = LINE('',#7789,#7790);
#7789 = CARTESIAN_POINT('',(0.16,-2.86,-3.));
#7790 = VECTOR('',#7791,1.);
#7791 = DIRECTION('',(0.,1.,0.));
#7792 = PLANE('',#7793);
#7793 = AXIS2_PLACEMENT_3D('',#7794,#7795,#7796);
#7794 = CARTESIAN_POINT('',(0.24,-2.86,-2.92));
#7795 = DIRECTION('',(-0.707106781187,1.735167508357E-18,0.707106781187)
  );
#7796 = DIRECTION('',(1.226948711654E-18,1.,-1.226948711654E-18));
#7797 = ADVANCED_FACE('',(#7798),#7823,.T.);
#7798 = FACE_BOUND('',#7799,.F.);
#7799 = EDGE_LOOP('',(#7800,#7808,#7809,#7817));
#7800 = ORIENTED_EDGE('',*,*,#7801,.F.);
#7801 = EDGE_CURVE('',#7043,#7802,#7804,.T.);
#7802 = VERTEX_POINT('',#7803);
#7803 = CARTESIAN_POINT('',(-0.16,-4.92,8.54));
#7804 = LINE('',#7805,#7806);
#7805 = CARTESIAN_POINT('',(-0.16,-4.92,8.54));
#7806 = VECTOR('',#7807,1.);
#7807 = DIRECTION('',(0.57735026919,-0.57735026919,0.57735026919));
#7808 = ORIENTED_EDGE('',*,*,#7050,.T.);
#7809 = ORIENTED_EDGE('',*,*,#7810,.T.);
#7810 = EDGE_CURVE('',#7034,#7811,#7813,.T.);
#7811 = VERTEX_POINT('',#7812);
#7812 = CARTESIAN_POINT('',(0.16,-4.92,8.54));
#7813 = LINE('',#7814,#7815);
#7814 = CARTESIAN_POINT('',(5.333333333333E-02,-5.026666666667,
    8.646666666667));
#7815 = VECTOR('',#7816,1.);
#7816 = DIRECTION('',(-0.57735026919,-0.57735026919,0.57735026919));
#7817 = ORIENTED_EDGE('',*,*,#7818,.F.);
#7818 = EDGE_CURVE('',#7802,#7811,#7819,.T.);
#7819 = LINE('',#7820,#7821);
#7820 = CARTESIAN_POINT('',(-0.32,-4.92,8.54));
#7821 = VECTOR('',#7822,1.);
#7822 = DIRECTION('',(1.,0.,0.));
#7823 = PLANE('',#7824);
#7824 = AXIS2_PLACEMENT_3D('',#7825,#7826,#7827);
#7825 = CARTESIAN_POINT('',(-0.32,-4.84,8.46));
#7826 = DIRECTION('',(1.735167508357E-18,0.707106781187,0.707106781187)
  );
#7827 = DIRECTION('',(-1.,1.226948711654E-18,1.226948711654E-18));
#7828 = ADVANCED_FACE('',(#7829),#7847,.F.);
#7829 = FACE_BOUND('',#7830,.F.);
#7830 = EDGE_LOOP('',(#7831,#7839,#7840,#7841));
#7831 = ORIENTED_EDGE('',*,*,#7832,.F.);
#7832 = EDGE_CURVE('',#7065,#7833,#7835,.T.);
#7833 = VERTEX_POINT('',#7834);
#7834 = CARTESIAN_POINT('',(-0.16,-5.24,8.54));
#7835 = LINE('',#7836,#7837);
#7836 = CARTESIAN_POINT('',(-0.266666666667,-5.346666666667,
    8.433333333333));
#7837 = VECTOR('',#7838,1.);
#7838 = DIRECTION('',(0.57735026919,0.57735026919,0.57735026919));
#7839 = ORIENTED_EDGE('',*,*,#7074,.T.);
#7840 = ORIENTED_EDGE('',*,*,#7801,.T.);
#7841 = ORIENTED_EDGE('',*,*,#7842,.F.);
#7842 = EDGE_CURVE('',#7833,#7802,#7843,.T.);
#7843 = LINE('',#7844,#7845);
#7844 = CARTESIAN_POINT('',(-0.16,-5.4,8.54));
#7845 = VECTOR('',#7846,1.);
#7846 = DIRECTION('',(0.,1.,0.));
#7847 = PLANE('',#7848);
#7848 = AXIS2_PLACEMENT_3D('',#7849,#7850,#7851);
#7849 = CARTESIAN_POINT('',(-0.24,-5.4,8.46));
#7850 = DIRECTION('',(0.707106781187,1.735167508357E-18,-0.707106781187)
  );
#7851 = DIRECTION('',(-1.226948711654E-18,1.,1.226948711654E-18));
#7852 = ADVANCED_FACE('',(#7853),#7871,.F.);
#7853 = FACE_BOUND('',#7854,.T.);
#7854 = EDGE_LOOP('',(#7855,#7856,#7857,#7865));
#7855 = ORIENTED_EDGE('',*,*,#7832,.F.);
#7856 = ORIENTED_EDGE('',*,*,#7098,.T.);
#7857 = ORIENTED_EDGE('',*,*,#7858,.T.);
#7858 = EDGE_CURVE('',#7089,#7859,#7861,.T.);
#7859 = VERTEX_POINT('',#7860);
#7860 = CARTESIAN_POINT('',(0.16,-5.24,8.54));
#7861 = LINE('',#7862,#7863);
#7862 = CARTESIAN_POINT('',(0.16,-5.24,8.54));
#7863 = VECTOR('',#7864,1.);
#7864 = DIRECTION('',(-0.57735026919,0.57735026919,0.57735026919));
#7865 = ORIENTED_EDGE('',*,*,#7866,.F.);
#7866 = EDGE_CURVE('',#7833,#7859,#7867,.T.);
#7867 = LINE('',#7868,#7869);
#7868 = CARTESIAN_POINT('',(-0.32,-5.24,8.54));
#7869 = VECTOR('',#7870,1.);
#7870 = DIRECTION('',(1.,0.,0.));
#7871 = PLANE('',#7872);
#7872 = AXIS2_PLACEMENT_3D('',#7873,#7874,#7875);
#7873 = CARTESIAN_POINT('',(-0.32,-5.32,8.46));
#7874 = DIRECTION('',(-1.735167508357E-18,0.707106781187,-0.707106781187
    ));
#7875 = DIRECTION('',(-1.,-1.226948711654E-18,1.226948711654E-18));
#7876 = ADVANCED_FACE('',(#7877),#7888,.T.);
#7877 = FACE_BOUND('',#7878,.T.);
#7878 = EDGE_LOOP('',(#7879,#7880,#7881,#7882));
#7879 = ORIENTED_EDGE('',*,*,#7858,.F.);
#7880 = ORIENTED_EDGE('',*,*,#7115,.T.);
#7881 = ORIENTED_EDGE('',*,*,#7810,.T.);
#7882 = ORIENTED_EDGE('',*,*,#7883,.F.);
#7883 = EDGE_CURVE('',#7859,#7811,#7884,.T.);
#7884 = LINE('',#7885,#7886);
#7885 = CARTESIAN_POINT('',(0.16,-5.4,8.54));
#7886 = VECTOR('',#7887,1.);
#7887 = DIRECTION('',(0.,1.,0.));
#7888 = PLANE('',#7889);
#7889 = AXIS2_PLACEMENT_3D('',#7890,#7891,#7892);
#7890 = CARTESIAN_POINT('',(0.24,-5.4,8.46));
#7891 = DIRECTION('',(0.707106781187,-1.735167508357E-18,0.707106781187)
  );
#7892 = DIRECTION('',(1.226948711654E-18,1.,1.226948711654E-18));
#7893 = ADVANCED_FACE('',(#7894),#7919,.T.);
#7894 = FACE_BOUND('',#7895,.T.);
#7895 = EDGE_LOOP('',(#7896,#7904,#7905,#7913));
#7896 = ORIENTED_EDGE('',*,*,#7897,.F.);
#7897 = EDGE_CURVE('',#7130,#7898,#7900,.T.);
#7898 = VERTEX_POINT('',#7899);
#7899 = CARTESIAN_POINT('',(0.16,-7.78,8.54));
#7900 = LINE('',#7901,#7902);
#7901 = CARTESIAN_POINT('',(0.16,-7.78,8.54));
#7902 = VECTOR('',#7903,1.);
#7903 = DIRECTION('',(-0.57735026919,0.57735026919,0.57735026919));
#7904 = ORIENTED_EDGE('',*,*,#7146,.T.);
#7905 = ORIENTED_EDGE('',*,*,#7906,.T.);
#7906 = EDGE_CURVE('',#7139,#7907,#7909,.T.);
#7907 = VERTEX_POINT('',#7908);
#7908 = CARTESIAN_POINT('',(0.16,-7.46,8.54));
#7909 = LINE('',#7910,#7911);
#7910 = CARTESIAN_POINT('',(5.333333333333E-02,-7.566666666667,
    8.646666666667));
#7911 = VECTOR('',#7912,1.);
#7912 = DIRECTION('',(-0.57735026919,-0.57735026919,0.57735026919));
#7913 = ORIENTED_EDGE('',*,*,#7914,.F.);
#7914 = EDGE_CURVE('',#7898,#7907,#7915,.T.);
#7915 = LINE('',#7916,#7917);
#7916 = CARTESIAN_POINT('',(0.16,-7.94,8.54));
#7917 = VECTOR('',#7918,1.);
#7918 = DIRECTION('',(0.,1.,0.));
#7919 = PLANE('',#7920);
#7920 = AXIS2_PLACEMENT_3D('',#7921,#7922,#7923);
#7921 = CARTESIAN_POINT('',(0.24,-7.94,8.46));
#7922 = DIRECTION('',(0.707106781187,-1.735167508357E-18,0.707106781187)
  );
#7923 = DIRECTION('',(1.226948711654E-18,1.,1.226948711654E-18));
#7924 = ADVANCED_FACE('',(#7925),#7943,.T.);
#7925 = FACE_BOUND('',#7926,.F.);
#7926 = EDGE_LOOP('',(#7927,#7935,#7936,#7937));
#7927 = ORIENTED_EDGE('',*,*,#7928,.F.);
#7928 = EDGE_CURVE('',#7163,#7929,#7931,.T.);
#7929 = VERTEX_POINT('',#7930);
#7930 = CARTESIAN_POINT('',(-0.16,-7.46,8.54));
#7931 = LINE('',#7932,#7933);
#7932 = CARTESIAN_POINT('',(-0.16,-7.46,8.54));
#7933 = VECTOR('',#7934,1.);
#7934 = DIRECTION('',(0.57735026919,-0.57735026919,0.57735026919));
#7935 = ORIENTED_EDGE('',*,*,#7170,.T.);
#7936 = ORIENTED_EDGE('',*,*,#7906,.T.);
#7937 = ORIENTED_EDGE('',*,*,#7938,.F.);
#7938 = EDGE_CURVE('',#7929,#7907,#7939,.T.);
#7939 = LINE('',#7940,#7941);
#7940 = CARTESIAN_POINT('',(-0.32,-7.46,8.54));
#7941 = VECTOR('',#7942,1.);
#7942 = DIRECTION('',(1.,0.,0.));
#7943 = PLANE('',#7944);
#7944 = AXIS2_PLACEMENT_3D('',#7945,#7946,#7947);
#7945 = CARTESIAN_POINT('',(-0.32,-7.38,8.46));
#7946 = DIRECTION('',(1.735167508357E-18,0.707106781187,0.707106781187)
  );
#7947 = DIRECTION('',(-1.,1.226948711654E-18,1.226948711654E-18));
#7948 = ADVANCED_FACE('',(#7949),#7967,.F.);
#7949 = FACE_BOUND('',#7950,.F.);
#7950 = EDGE_LOOP('',(#7951,#7959,#7960,#7961));
#7951 = ORIENTED_EDGE('',*,*,#7952,.F.);
#7952 = EDGE_CURVE('',#7185,#7953,#7955,.T.);
#7953 = VERTEX_POINT('',#7954);
#7954 = CARTESIAN_POINT('',(-0.16,-7.78,8.54));
#7955 = LINE('',#7956,#7957);
#7956 = CARTESIAN_POINT('',(-0.266666666667,-7.886666666667,
    8.433333333333));
#7957 = VECTOR('',#7958,1.);
#7958 = DIRECTION('',(0.57735026919,0.57735026919,0.57735026919));
#7959 = ORIENTED_EDGE('',*,*,#7194,.T.);
#7960 = ORIENTED_EDGE('',*,*,#7928,.T.);
#7961 = ORIENTED_EDGE('',*,*,#7962,.F.);
#7962 = EDGE_CURVE('',#7953,#7929,#7963,.T.);
#7963 = LINE('',#7964,#7965);
#7964 = CARTESIAN_POINT('',(-0.16,-7.94,8.54));
#7965 = VECTOR('',#7966,1.);
#7966 = DIRECTION('',(0.,1.,0.));
#7967 = PLANE('',#7968);
#7968 = AXIS2_PLACEMENT_3D('',#7969,#7970,#7971);
#7969 = CARTESIAN_POINT('',(-0.24,-7.94,8.46));
#7970 = DIRECTION('',(0.707106781187,1.735167508357E-18,-0.707106781187)
  );
#7971 = DIRECTION('',(-1.226948711654E-18,1.,1.226948711654E-18));
#7972 = ADVANCED_FACE('',(#7973),#7984,.F.);
#7973 = FACE_BOUND('',#7974,.T.);
#7974 = EDGE_LOOP('',(#7975,#7976,#7977,#7978));
#7975 = ORIENTED_EDGE('',*,*,#7952,.F.);
#7976 = ORIENTED_EDGE('',*,*,#7211,.T.);
#7977 = ORIENTED_EDGE('',*,*,#7897,.T.);
#7978 = ORIENTED_EDGE('',*,*,#7979,.F.);
#7979 = EDGE_CURVE('',#7953,#7898,#7980,.T.);
#7980 = LINE('',#7981,#7982);
#7981 = CARTESIAN_POINT('',(-0.32,-7.78,8.54));
#7982 = VECTOR('',#7983,1.);
#7983 = DIRECTION('',(1.,0.,0.));
#7984 = PLANE('',#7985);
#7985 = AXIS2_PLACEMENT_3D('',#7986,#7987,#7988);
#7986 = CARTESIAN_POINT('',(-0.32,-7.86,8.46));
#7987 = DIRECTION('',(-1.735167508357E-18,0.707106781187,-0.707106781187
    ));
#7988 = DIRECTION('',(-1.,-1.226948711654E-18,1.226948711654E-18));
#7989 = ADVANCED_FACE('',(#7990),#8015,.T.);
#7990 = FACE_BOUND('',#7991,.T.);
#7991 = EDGE_LOOP('',(#7992,#8000,#8001,#8009));
#7992 = ORIENTED_EDGE('',*,*,#7993,.F.);
#7993 = EDGE_CURVE('',#7226,#7994,#7996,.T.);
#7994 = VERTEX_POINT('',#7995);
#7995 = CARTESIAN_POINT('',(0.16,-0.16,8.54));
#7996 = LINE('',#7997,#7998);
#7997 = CARTESIAN_POINT('',(0.16,-0.16,8.54));
#7998 = VECTOR('',#7999,1.);
#7999 = DIRECTION('',(-0.57735026919,0.57735026919,0.57735026919));
#8000 = ORIENTED_EDGE('',*,*,#7242,.T.);
#8001 = ORIENTED_EDGE('',*,*,#8002,.T.);
#8002 = EDGE_CURVE('',#7235,#8003,#8005,.T.);
#8003 = VERTEX_POINT('',#8004);
#8004 = CARTESIAN_POINT('',(0.16,0.16,8.54));
#8005 = LINE('',#8006,#8007);
#8006 = CARTESIAN_POINT('',(5.333333333333E-02,5.333333333333E-02,
    8.646666666667));
#8007 = VECTOR('',#8008,1.);
#8008 = DIRECTION('',(-0.57735026919,-0.57735026919,0.57735026919));
#8009 = ORIENTED_EDGE('',*,*,#8010,.F.);
#8010 = EDGE_CURVE('',#7994,#8003,#8011,.T.);
#8011 = LINE('',#8012,#8013);
#8012 = CARTESIAN_POINT('',(0.16,-0.32,8.54));
#8013 = VECTOR('',#8014,1.);
#8014 = DIRECTION('',(0.,1.,0.));
#8015 = PLANE('',#8016);
#8016 = AXIS2_PLACEMENT_3D('',#8017,#8018,#8019);
#8017 = CARTESIAN_POINT('',(0.24,-0.32,8.46));
#8018 = DIRECTION('',(0.707106781187,-1.735167508357E-18,0.707106781187)
  );
#8019 = DIRECTION('',(1.226948711654E-18,1.,1.226948711654E-18));
#8020 = ADVANCED_FACE('',(#8021),#8039,.T.);
#8021 = FACE_BOUND('',#8022,.F.);
#8022 = EDGE_LOOP('',(#8023,#8031,#8032,#8033));
#8023 = ORIENTED_EDGE('',*,*,#8024,.F.);
#8024 = EDGE_CURVE('',#7259,#8025,#8027,.T.);
#8025 = VERTEX_POINT('',#8026);
#8026 = CARTESIAN_POINT('',(-0.16,0.16,8.54));
#8027 = LINE('',#8028,#8029);
#8028 = CARTESIAN_POINT('',(-0.16,0.16,8.54));
#8029 = VECTOR('',#8030,1.);
#8030 = DIRECTION('',(0.57735026919,-0.57735026919,0.57735026919));
#8031 = ORIENTED_EDGE('',*,*,#7266,.T.);
#8032 = ORIENTED_EDGE('',*,*,#8002,.T.);
#8033 = ORIENTED_EDGE('',*,*,#8034,.F.);
#8034 = EDGE_CURVE('',#8025,#8003,#8035,.T.);
#8035 = LINE('',#8036,#8037);
#8036 = CARTESIAN_POINT('',(-0.32,0.16,8.54));
#8037 = VECTOR('',#8038,1.);
#8038 = DIRECTION('',(1.,0.,0.));
#8039 = PLANE('',#8040);
#8040 = AXIS2_PLACEMENT_3D('',#8041,#8042,#8043);
#8041 = CARTESIAN_POINT('',(-0.32,0.24,8.46));
#8042 = DIRECTION('',(1.735167508357E-18,0.707106781187,0.707106781187)
  );
#8043 = DIRECTION('',(-1.,1.226948711654E-18,1.226948711654E-18));
#8044 = ADVANCED_FACE('',(#8045),#8063,.F.);
#8045 = FACE_BOUND('',#8046,.F.);
#8046 = EDGE_LOOP('',(#8047,#8055,#8056,#8057));
#8047 = ORIENTED_EDGE('',*,*,#8048,.F.);
#8048 = EDGE_CURVE('',#7281,#8049,#8051,.T.);
#8049 = VERTEX_POINT('',#8050);
#8050 = CARTESIAN_POINT('',(-0.16,-0.16,8.54));
#8051 = LINE('',#8052,#8053);
#8052 = CARTESIAN_POINT('',(-0.266666666667,-0.266666666667,
    8.433333333333));
#8053 = VECTOR('',#8054,1.);
#8054 = DIRECTION('',(0.57735026919,0.57735026919,0.57735026919));
#8055 = ORIENTED_EDGE('',*,*,#7290,.T.);
#8056 = ORIENTED_EDGE('',*,*,#8024,.T.);
#8057 = ORIENTED_EDGE('',*,*,#8058,.F.);
#8058 = EDGE_CURVE('',#8049,#8025,#8059,.T.);
#8059 = LINE('',#8060,#8061);
#8060 = CARTESIAN_POINT('',(-0.16,-0.32,8.54));
#8061 = VECTOR('',#8062,1.);
#8062 = DIRECTION('',(0.,1.,0.));
#8063 = PLANE('',#8064);
#8064 = AXIS2_PLACEMENT_3D('',#8065,#8066,#8067);
#8065 = CARTESIAN_POINT('',(-0.24,-0.32,8.46));
#8066 = DIRECTION('',(0.707106781187,1.735167508357E-18,-0.707106781187)
  );
#8067 = DIRECTION('',(-1.226948711654E-18,1.,1.226948711654E-18));
#8068 = ADVANCED_FACE('',(#8069),#8080,.F.);
#8069 = FACE_BOUND('',#8070,.T.);
#8070 = EDGE_LOOP('',(#8071,#8072,#8073,#8074));
#8071 = ORIENTED_EDGE('',*,*,#8048,.F.);
#8072 = ORIENTED_EDGE('',*,*,#7307,.T.);
#8073 = ORIENTED_EDGE('',*,*,#7993,.T.);
#8074 = ORIENTED_EDGE('',*,*,#8075,.F.);
#8075 = EDGE_CURVE('',#8049,#7994,#8076,.T.);
#8076 = LINE('',#8077,#8078);
#8077 = CARTESIAN_POINT('',(-0.32,-0.16,8.54));
#8078 = VECTOR('',#8079,1.);
#8079 = DIRECTION('',(1.,0.,0.));
#8080 = PLANE('',#8081);
#8081 = AXIS2_PLACEMENT_3D('',#8082,#8083,#8084);
#8082 = CARTESIAN_POINT('',(-0.32,-0.24,8.46));
#8083 = DIRECTION('',(-1.735167508357E-18,0.707106781187,-0.707106781187
    ));
#8084 = DIRECTION('',(-1.,-1.226948711654E-18,1.226948711654E-18));
#8085 = ADVANCED_FACE('',(#8086),#8111,.T.);
#8086 = FACE_BOUND('',#8087,.F.);
#8087 = EDGE_LOOP('',(#8088,#8096,#8097,#8105));
#8088 = ORIENTED_EDGE('',*,*,#8089,.F.);
#8089 = EDGE_CURVE('',#7331,#8090,#8092,.T.);
#8090 = VERTEX_POINT('',#8091);
#8091 = CARTESIAN_POINT('',(-0.16,-2.38,8.54));
#8092 = LINE('',#8093,#8094);
#8093 = CARTESIAN_POINT('',(-0.16,-2.38,8.54));
#8094 = VECTOR('',#8095,1.);
#8095 = DIRECTION('',(0.57735026919,-0.57735026919,0.57735026919));
#8096 = ORIENTED_EDGE('',*,*,#7338,.T.);
#8097 = ORIENTED_EDGE('',*,*,#8098,.T.);
#8098 = EDGE_CURVE('',#7322,#8099,#8101,.T.);
#8099 = VERTEX_POINT('',#8100);
#8100 = CARTESIAN_POINT('',(0.16,-2.38,8.54));
#8101 = LINE('',#8102,#8103);
#8102 = CARTESIAN_POINT('',(5.333333333333E-02,-2.486666666667,
    8.646666666667));
#8103 = VECTOR('',#8104,1.);
#8104 = DIRECTION('',(-0.57735026919,-0.57735026919,0.57735026919));
#8105 = ORIENTED_EDGE('',*,*,#8106,.F.);
#8106 = EDGE_CURVE('',#8090,#8099,#8107,.T.);
#8107 = LINE('',#8108,#8109);
#8108 = CARTESIAN_POINT('',(-0.32,-2.38,8.54));
#8109 = VECTOR('',#8110,1.);
#8110 = DIRECTION('',(1.,0.,0.));
#8111 = PLANE('',#8112);
#8112 = AXIS2_PLACEMENT_3D('',#8113,#8114,#8115);
#8113 = CARTESIAN_POINT('',(-0.32,-2.3,8.46));
#8114 = DIRECTION('',(1.735167508357E-18,0.707106781187,0.707106781187)
  );
#8115 = DIRECTION('',(-1.,1.226948711654E-18,1.226948711654E-18));
#8116 = ADVANCED_FACE('',(#8117),#8135,.F.);
#8117 = FACE_BOUND('',#8118,.F.);
#8118 = EDGE_LOOP('',(#8119,#8127,#8128,#8129));
#8119 = ORIENTED_EDGE('',*,*,#8120,.F.);
#8120 = EDGE_CURVE('',#7353,#8121,#8123,.T.);
#8121 = VERTEX_POINT('',#8122);
#8122 = CARTESIAN_POINT('',(-0.16,-2.7,8.54));
#8123 = LINE('',#8124,#8125);
#8124 = CARTESIAN_POINT('',(-0.266666666667,-2.806666666667,
    8.433333333333));
#8125 = VECTOR('',#8126,1.);
#8126 = DIRECTION('',(0.57735026919,0.57735026919,0.57735026919));
#8127 = ORIENTED_EDGE('',*,*,#7362,.T.);
#8128 = ORIENTED_EDGE('',*,*,#8089,.T.);
#8129 = ORIENTED_EDGE('',*,*,#8130,.F.);
#8130 = EDGE_CURVE('',#8121,#8090,#8131,.T.);
#8131 = LINE('',#8132,#8133);
#8132 = CARTESIAN_POINT('',(-0.16,-2.86,8.54));
#8133 = VECTOR('',#8134,1.);
#8134 = DIRECTION('',(0.,1.,0.));
#8135 = PLANE('',#8136);
#8136 = AXIS2_PLACEMENT_3D('',#8137,#8138,#8139);
#8137 = CARTESIAN_POINT('',(-0.24,-2.86,8.46));
#8138 = DIRECTION('',(0.707106781187,1.735167508357E-18,-0.707106781187)
  );
#8139 = DIRECTION('',(-1.226948711654E-18,1.,1.226948711654E-18));
#8140 = ADVANCED_FACE('',(#8141),#8159,.F.);
#8141 = FACE_BOUND('',#8142,.T.);
#8142 = EDGE_LOOP('',(#8143,#8144,#8145,#8153));
#8143 = ORIENTED_EDGE('',*,*,#8120,.F.);
#8144 = ORIENTED_EDGE('',*,*,#7386,.T.);
#8145 = ORIENTED_EDGE('',*,*,#8146,.T.);
#8146 = EDGE_CURVE('',#7377,#8147,#8149,.T.);
#8147 = VERTEX_POINT('',#8148);
#8148 = CARTESIAN_POINT('',(0.16,-2.7,8.54));
#8149 = LINE('',#8150,#8151);
#8150 = CARTESIAN_POINT('',(0.16,-2.7,8.54));
#8151 = VECTOR('',#8152,1.);
#8152 = DIRECTION('',(-0.57735026919,0.57735026919,0.57735026919));
#8153 = ORIENTED_EDGE('',*,*,#8154,.F.);
#8154 = EDGE_CURVE('',#8121,#8147,#8155,.T.);
#8155 = LINE('',#8156,#8157);
#8156 = CARTESIAN_POINT('',(-0.32,-2.7,8.54));
#8157 = VECTOR('',#8158,1.);
#8158 = DIRECTION('',(1.,0.,0.));
#8159 = PLANE('',#8160);
#8160 = AXIS2_PLACEMENT_3D('',#8161,#8162,#8163);
#8161 = CARTESIAN_POINT('',(-0.32,-2.78,8.46));
#8162 = DIRECTION('',(-1.735167508357E-18,0.707106781187,-0.707106781187
    ));
#8163 = DIRECTION('',(-1.,-1.226948711654E-18,1.226948711654E-18));
#8164 = ADVANCED_FACE('',(#8165),#8176,.T.);
#8165 = FACE_BOUND('',#8166,.T.);
#8166 = EDGE_LOOP('',(#8167,#8168,#8169,#8170));
#8167 = ORIENTED_EDGE('',*,*,#8146,.F.);
#8168 = ORIENTED_EDGE('',*,*,#7403,.T.);
#8169 = ORIENTED_EDGE('',*,*,#8098,.T.);
#8170 = ORIENTED_EDGE('',*,*,#8171,.F.);
#8171 = EDGE_CURVE('',#8147,#8099,#8172,.T.);
#8172 = LINE('',#8173,#8174);
#8173 = CARTESIAN_POINT('',(0.16,-2.86,8.54));
#8174 = VECTOR('',#8175,1.);
#8175 = DIRECTION('',(0.,1.,0.));
#8176 = PLANE('',#8177);
#8177 = AXIS2_PLACEMENT_3D('',#8178,#8179,#8180);
#8178 = CARTESIAN_POINT('',(0.24,-2.86,8.46));
#8179 = DIRECTION('',(0.707106781187,-1.735167508357E-18,0.707106781187)
  );
#8180 = DIRECTION('',(1.226948711654E-18,1.,1.226948711654E-18));
#8181 = ADVANCED_FACE('',(#8182),#8188,.F.);
#8182 = FACE_BOUND('',#8183,.F.);
#8183 = EDGE_LOOP('',(#8184,#8185,#8186,#8187));
#8184 = ORIENTED_EDGE('',*,*,#7499,.T.);
#8185 = ORIENTED_EDGE('',*,*,#7434,.F.);
#8186 = ORIENTED_EDGE('',*,*,#7458,.F.);
#8187 = ORIENTED_EDGE('',*,*,#7482,.T.);
#8188 = PLANE('',#8189);
#8189 = AXIS2_PLACEMENT_3D('',#8190,#8191,#8192);
#8190 = CARTESIAN_POINT('',(-0.32,-5.4,-3.));
#8191 = DIRECTION('',(0.,0.,1.));
#8192 = DIRECTION('',(1.,0.,-0.));
#8193 = ADVANCED_FACE('',(#8194),#8200,.F.);
#8194 = FACE_BOUND('',#8195,.F.);
#8195 = EDGE_LOOP('',(#8196,#8197,#8198,#8199));
#8196 = ORIENTED_EDGE('',*,*,#7530,.T.);
#8197 = ORIENTED_EDGE('',*,*,#7554,.F.);
#8198 = ORIENTED_EDGE('',*,*,#7578,.F.);
#8199 = ORIENTED_EDGE('',*,*,#7595,.T.);
#8200 = PLANE('',#8201);
#8201 = AXIS2_PLACEMENT_3D('',#8202,#8203,#8204);
#8202 = CARTESIAN_POINT('',(-0.32,-7.94,-3.));
#8203 = DIRECTION('',(0.,0.,1.));
#8204 = DIRECTION('',(1.,0.,-0.));
#8205 = ADVANCED_FACE('',(#8206),#8212,.F.);
#8206 = FACE_BOUND('',#8207,.F.);
#8207 = EDGE_LOOP('',(#8208,#8209,#8210,#8211));
#8208 = ORIENTED_EDGE('',*,*,#7626,.T.);
#8209 = ORIENTED_EDGE('',*,*,#7650,.F.);
#8210 = ORIENTED_EDGE('',*,*,#7674,.F.);
#8211 = ORIENTED_EDGE('',*,*,#7691,.T.);
#8212 = PLANE('',#8213);
#8213 = AXIS2_PLACEMENT_3D('',#8214,#8215,#8216);
#8214 = CARTESIAN_POINT('',(-0.32,-0.32,-3.));
#8215 = DIRECTION('',(0.,0.,1.));
#8216 = DIRECTION('',(1.,0.,-0.));
#8217 = ADVANCED_FACE('',(#8218),#8224,.F.);
#8218 = FACE_BOUND('',#8219,.F.);
#8219 = EDGE_LOOP('',(#8220,#8221,#8222,#8223));
#8220 = ORIENTED_EDGE('',*,*,#7787,.T.);
#8221 = ORIENTED_EDGE('',*,*,#7722,.F.);
#8222 = ORIENTED_EDGE('',*,*,#7746,.F.);
#8223 = ORIENTED_EDGE('',*,*,#7770,.T.);
#8224 = PLANE('',#8225);
#8225 = AXIS2_PLACEMENT_3D('',#8226,#8227,#8228);
#8226 = CARTESIAN_POINT('',(-0.32,-2.86,-3.));
#8227 = DIRECTION('',(0.,0.,1.));
#8228 = DIRECTION('',(1.,0.,-0.));
#8229 = ADVANCED_FACE('',(#8230),#8236,.T.);
#8230 = FACE_BOUND('',#8231,.T.);
#8231 = EDGE_LOOP('',(#8232,#8233,#8234,#8235));
#8232 = ORIENTED_EDGE('',*,*,#7883,.T.);
#8233 = ORIENTED_EDGE('',*,*,#7818,.F.);
#8234 = ORIENTED_EDGE('',*,*,#7842,.F.);
#8235 = ORIENTED_EDGE('',*,*,#7866,.T.);
#8236 = PLANE('',#8237);
#8237 = AXIS2_PLACEMENT_3D('',#8238,#8239,#8240);
#8238 = CARTESIAN_POINT('',(-0.32,-5.4,8.54));
#8239 = DIRECTION('',(0.,0.,1.));
#8240 = DIRECTION('',(1.,0.,-0.));
#8241 = ADVANCED_FACE('',(#8242),#8248,.T.);
#8242 = FACE_BOUND('',#8243,.T.);
#8243 = EDGE_LOOP('',(#8244,#8245,#8246,#8247));
#8244 = ORIENTED_EDGE('',*,*,#7914,.T.);
#8245 = ORIENTED_EDGE('',*,*,#7938,.F.);
#8246 = ORIENTED_EDGE('',*,*,#7962,.F.);
#8247 = ORIENTED_EDGE('',*,*,#7979,.T.);
#8248 = PLANE('',#8249);
#8249 = AXIS2_PLACEMENT_3D('',#8250,#8251,#8252);
#8250 = CARTESIAN_POINT('',(-0.32,-7.94,8.54));
#8251 = DIRECTION('',(0.,0.,1.));
#8252 = DIRECTION('',(1.,0.,-0.));
#8253 = ADVANCED_FACE('',(#8254),#8260,.T.);
#8254 = FACE_BOUND('',#8255,.T.);
#8255 = EDGE_LOOP('',(#8256,#8257,#8258,#8259));
#8256 = ORIENTED_EDGE('',*,*,#8010,.T.);
#8257 = ORIENTED_EDGE('',*,*,#8034,.F.);
#8258 = ORIENTED_EDGE('',*,*,#8058,.F.);
#8259 = ORIENTED_EDGE('',*,*,#8075,.T.);
#8260 = PLANE('',#8261);
#8261 = AXIS2_PLACEMENT_3D('',#8262,#8263,#8264);
#8262 = CARTESIAN_POINT('',(-0.32,-0.32,8.54));
#8263 = DIRECTION('',(0.,0.,1.));
#8264 = DIRECTION('',(1.,0.,-0.));
#8265 = ADVANCED_FACE('',(#8266),#8272,.T.);
#8266 = FACE_BOUND('',#8267,.T.);
#8267 = EDGE_LOOP('',(#8268,#8269,#8270,#8271));
#8268 = ORIENTED_EDGE('',*,*,#8171,.T.);
#8269 = ORIENTED_EDGE('',*,*,#8106,.F.);
#8270 = ORIENTED_EDGE('',*,*,#8130,.F.);
#8271 = ORIENTED_EDGE('',*,*,#8154,.T.);
#8272 = PLANE('',#8273);
#8273 = AXIS2_PLACEMENT_3D('',#8274,#8275,#8276);
#8274 = CARTESIAN_POINT('',(-0.32,-2.86,8.54));
#8275 = DIRECTION('',(0.,0.,1.));
#8276 = DIRECTION('',(1.,0.,-0.));
#8277 = ( GEOMETRIC_REPRESENTATION_CONTEXT(3) 
GLOBAL_UNCERTAINTY_ASSIGNED_CONTEXT((#8281)) 
GLOBAL_UNIT_ASSIGNED_CONTEXT((#8278,#8279,#8280)) REPRESENTATION_CONTEXT
('Context #1','3D Context with UNIT and UNCERTAINTY') );
#8278 = ( LENGTH_UNIT() NAMED_UNIT(*) SI_UNIT(.MILLI.,.METRE.) );
#8279 = ( NAMED_UNIT(*) PLANE_ANGLE_UNIT() SI_UNIT($,.RADIAN.) );
#8280 = ( NAMED_UNIT(*) SI_UNIT($,.STERADIAN.) SOLID_ANGLE_UNIT() );
#8281 = UNCERTAINTY_MEASURE_WITH_UNIT(LENGTH_MEASURE(1.E-07),#8278,
  'distance_accuracy_value','confusion accuracy');
#8282 = CONTEXT_DEPENDENT_SHAPE_REPRESENTATION(#8283,#8285);
#8283 = ( REPRESENTATION_RELATIONSHIP('','',#5496,#5473) 
REPRESENTATION_RELATIONSHIP_WITH_TRANSFORMATION(#8284) 
SHAPE_REPRESENTATION_RELATIONSHIP() );
#8284 = ITEM_DEFINED_TRANSFORMATION('','',#11,#5474);
#8285 = PRODUCT_DEFINITION_SHAPE('Placement','Placement of an item',
  #8286);
#8286 = NEXT_ASSEMBLY_USAGE_OCCURRENCE('28','=>[0:1:1:13]','',#5468,
  #5491,$);
#8287 = PRODUCT_RELATED_PRODUCT_CATEGORY('part',$,(#5493));
#8288 = CONTEXT_DEPENDENT_SHAPE_REPRESENTATION(#8289,#8291);
#8289 = ( REPRESENTATION_RELATIONSHIP('','',#136,#10) 
REPRESENTATION_RELATIONSHIP_WITH_TRANSFORMATION(#8290) 
SHAPE_REPRESENTATION_RELATIONSHIP() );
#8290 = ITEM_DEFINED_TRANSFORMATION('','',#11,#107);
#8291 = PRODUCT_DEFINITION_SHAPE('Placement','Placement of an item',
  #8292);
#8292 = NEXT_ASSEMBLY_USAGE_OCCURRENCE('30','R30','',#5,#131,$);
#8293 = CONTEXT_DEPENDENT_SHAPE_REPRESENTATION(#8294,#8296);
#8294 = ( REPRESENTATION_RELATIONSHIP('','',#136,#10) 
REPRESENTATION_RELATIONSHIP_WITH_TRANSFORMATION(#8295) 
SHAPE_REPRESENTATION_RELATIONSHIP() );
#8295 = ITEM_DEFINED_TRANSFORMATION('','',#11,#111);
#8296 = PRODUCT_DEFINITION_SHAPE('Placement','Placement of an item',
  #8297);
#8297 = NEXT_ASSEMBLY_USAGE_OCCURRENCE('31','R2','',#5,#131,$);
#8298 = CONTEXT_DEPENDENT_SHAPE_REPRESENTATION(#8299,#8301);
#8299 = ( REPRESENTATION_RELATIONSHIP('','',#3423,#10) 
REPRESENTATION_RELATIONSHIP_WITH_TRANSFORMATION(#8300) 
SHAPE_REPRESENTATION_RELATIONSHIP() );
#8300 = ITEM_DEFINED_TRANSFORMATION('','',#11,#115);
#8301 = PRODUCT_DEFINITION_SHAPE('Placement','Placement of an item',
  #8302);
#8302 = NEXT_ASSEMBLY_USAGE_OCCURRENCE('32','D1','',#5,#3418,$);
#8303 = SHAPE_DEFINITION_REPRESENTATION(#8304,#8310);
#8304 = PRODUCT_DEFINITION_SHAPE('','',#8305);
#8305 = PRODUCT_DEFINITION('design','',#8306,#8309);
#8306 = PRODUCT_DEFINITION_FORMATION('','',#8307);
#8307 = PRODUCT('Detector-Proto-Board_PCB','Detector-Proto-Board_PCB',''
  ,(#8308));
#8308 = PRODUCT_CONTEXT('',#2,'mechanical');
#8309 = PRODUCT_DEFINITION_CONTEXT('part definition',#2,'design');
#8310 = ADVANCED_BREP_SHAPE_REPRESENTATION('',(#11,#8311),#10629);
#8311 = MANIFOLD_SOLID_BREP('',#8312);
#8312 = CLOSED_SHELL('',(#8313,#8355,#8386,#8417,#9041,#9665,#9682,#9699
    ,#9716,#9733,#9745,#9762,#9779,#9796,#9813,#9830,#9847,#9864,#9881,
    #9898,#9915,#9932,#9949,#9966,#9983,#10000,#10017,#10034,#10051,
    #10068,#10085,#10102,#10119,#10136,#10153,#10170,#10187,#10204,
    #10221,#10238,#10255,#10272,#10289,#10306,#10323,#10340,#10357,
    #10374,#10391,#10408,#10425,#10442,#10459,#10476,#10493,#10510,
    #10527,#10544,#10561,#10578,#10595,#10612));
#8313 = ADVANCED_FACE('',(#8314),#8350,.T.);
#8314 = FACE_BOUND('',#8315,.T.);
#8315 = EDGE_LOOP('',(#8316,#8326,#8335,#8343));
#8316 = ORIENTED_EDGE('',*,*,#8317,.T.);
#8317 = EDGE_CURVE('',#8318,#8320,#8322,.T.);
#8318 = VERTEX_POINT('',#8319);
#8319 = CARTESIAN_POINT('',(124.694633,-61.781786,0.));
#8320 = VERTEX_POINT('',#8321);
#8321 = CARTESIAN_POINT('',(124.694633,-61.781786,1.51));
#8322 = LINE('',#8323,#8324);
#8323 = CARTESIAN_POINT('',(124.694633,-61.781786,0.));
#8324 = VECTOR('',#8325,1.);
#8325 = DIRECTION('',(0.,0.,1.));
#8326 = ORIENTED_EDGE('',*,*,#8327,.T.);
#8327 = EDGE_CURVE('',#8320,#8328,#8330,.T.);
#8328 = VERTEX_POINT('',#8329);
#8329 = CARTESIAN_POINT('',(132.273214,-69.360358,1.51));
#8330 = CIRCLE('',#8331,7.578586178943);
#8331 = AXIS2_PLACEMENT_3D('',#8332,#8333,#8334);
#8332 = CARTESIAN_POINT('',(124.69462782107,-69.36037217894,1.51));
#8333 = DIRECTION('',(0.,0.,-1.));
#8334 = DIRECTION('',(6.833635125243E-07,1.,0.));
#8335 = ORIENTED_EDGE('',*,*,#8336,.F.);
#8336 = EDGE_CURVE('',#8337,#8328,#8339,.T.);
#8337 = VERTEX_POINT('',#8338);
#8338 = CARTESIAN_POINT('',(132.273214,-69.360358,0.));
#8339 = LINE('',#8340,#8341);
#8340 = CARTESIAN_POINT('',(132.273214,-69.360358,0.));
#8341 = VECTOR('',#8342,1.);
#8342 = DIRECTION('',(0.,0.,1.));
#8343 = ORIENTED_EDGE('',*,*,#8344,.F.);
#8344 = EDGE_CURVE('',#8318,#8337,#8345,.T.);
#8345 = CIRCLE('',#8346,7.578586178943);
#8346 = AXIS2_PLACEMENT_3D('',#8347,#8348,#8349);
#8347 = CARTESIAN_POINT('',(124.69462782107,-69.36037217894,0.));
#8348 = DIRECTION('',(0.,0.,-1.));
#8349 = DIRECTION('',(6.833635125243E-07,1.,0.));
#8350 = CYLINDRICAL_SURFACE('',#8351,7.578586178943);
#8351 = AXIS2_PLACEMENT_3D('',#8352,#8353,#8354);
#8352 = CARTESIAN_POINT('',(124.69462782107,-69.36037217894,0.));
#8353 = DIRECTION('',(0.,0.,-1.));
#8354 = DIRECTION('',(6.833635125243E-07,1.,0.));
#8355 = ADVANCED_FACE('',(#8356),#8381,.T.);
#8356 = FACE_BOUND('',#8357,.T.);
#8357 = EDGE_LOOP('',(#8358,#8368,#8374,#8375));
#8358 = ORIENTED_EDGE('',*,*,#8359,.T.);
#8359 = EDGE_CURVE('',#8360,#8362,#8364,.T.);
#8360 = VERTEX_POINT('',#8361);
#8361 = CARTESIAN_POINT('',(99.685367,-61.781786,0.));
#8362 = VERTEX_POINT('',#8363);
#8363 = CARTESIAN_POINT('',(99.685367,-61.781786,1.51));
#8364 = LINE('',#8365,#8366);
#8365 = CARTESIAN_POINT('',(99.685367,-61.781786,0.));
#8366 = VECTOR('',#8367,1.);
#8367 = DIRECTION('',(0.,0.,1.));
#8368 = ORIENTED_EDGE('',*,*,#8369,.T.);
#8369 = EDGE_CURVE('',#8362,#8320,#8370,.T.);
#8370 = LINE('',#8371,#8372);
#8371 = CARTESIAN_POINT('',(99.685367,-61.781786,1.51));
#8372 = VECTOR('',#8373,1.);
#8373 = DIRECTION('',(1.,0.,0.));
#8374 = ORIENTED_EDGE('',*,*,#8317,.F.);
#8375 = ORIENTED_EDGE('',*,*,#8376,.F.);
#8376 = EDGE_CURVE('',#8360,#8318,#8377,.T.);
#8377 = LINE('',#8378,#8379);
#8378 = CARTESIAN_POINT('',(99.685367,-61.781786,0.));
#8379 = VECTOR('',#8380,1.);
#8380 = DIRECTION('',(1.,0.,0.));
#8381 = PLANE('',#8382);
#8382 = AXIS2_PLACEMENT_3D('',#8383,#8384,#8385);
#8383 = CARTESIAN_POINT('',(99.685367,-61.781786,0.));
#8384 = DIRECTION('',(0.,1.,0.));
#8385 = DIRECTION('',(1.,0.,0.));
#8386 = ADVANCED_FACE('',(#8387),#8412,.T.);
#8387 = FACE_BOUND('',#8388,.T.);
#8388 = EDGE_LOOP('',(#8389,#8390,#8398,#8406));
#8389 = ORIENTED_EDGE('',*,*,#8336,.T.);
#8390 = ORIENTED_EDGE('',*,*,#8391,.T.);
#8391 = EDGE_CURVE('',#8328,#8392,#8394,.T.);
#8392 = VERTEX_POINT('',#8393);
#8393 = CARTESIAN_POINT('',(132.273214,-94.609642,1.51));
#8394 = LINE('',#8395,#8396);
#8395 = CARTESIAN_POINT('',(132.273214,-69.360358,1.51));
#8396 = VECTOR('',#8397,1.);
#8397 = DIRECTION('',(0.,-1.,0.));
#8398 = ORIENTED_EDGE('',*,*,#8399,.F.);
#8399 = EDGE_CURVE('',#8400,#8392,#8402,.T.);
#8400 = VERTEX_POINT('',#8401);
#8401 = CARTESIAN_POINT('',(132.273214,-94.609642,0.));
#8402 = LINE('',#8403,#8404);
#8403 = CARTESIAN_POINT('',(132.273214,-94.609642,0.));
#8404 = VECTOR('',#8405,1.);
#8405 = DIRECTION('',(0.,0.,1.));
#8406 = ORIENTED_EDGE('',*,*,#8407,.F.);
#8407 = EDGE_CURVE('',#8337,#8400,#8408,.T.);
#8408 = LINE('',#8409,#8410);
#8409 = CARTESIAN_POINT('',(132.273214,-69.360358,0.));
#8410 = VECTOR('',#8411,1.);
#8411 = DIRECTION('',(0.,-1.,0.));
#8412 = PLANE('',#8413);
#8413 = AXIS2_PLACEMENT_3D('',#8414,#8415,#8416);
#8414 = CARTESIAN_POINT('',(132.273214,-69.360358,0.));
#8415 = DIRECTION('',(1.,0.,-0.));
#8416 = DIRECTION('',(0.,-1.,0.));
#8417 = ADVANCED_FACE('',(#8418,#8464,#8475,#8486,#8497,#8508,#8519,
    #8530,#8541,#8552,#8563,#8574,#8585,#8596,#8607,#8618,#8629,#8640,
    #8651,#8662,#8673,#8684,#8695,#8706,#8717,#8728,#8739,#8750,#8761,
    #8772,#8783,#8794,#8805,#8816,#8827,#8838,#8849,#8860,#8871,#8882,
    #8893,#8904,#8915,#8926,#8937,#8948,#8959,#8970,#8981,#8992,#9003,
    #9014,#9025),#9036,.F.);
#8418 = FACE_BOUND('',#8419,.F.);
#8419 = EDGE_LOOP('',(#8420,#8421,#8422,#8431,#8439,#8448,#8456,#8463));
#8420 = ORIENTED_EDGE('',*,*,#8344,.F.);
#8421 = ORIENTED_EDGE('',*,*,#8376,.F.);
#8422 = ORIENTED_EDGE('',*,*,#8423,.F.);
#8423 = EDGE_CURVE('',#8424,#8360,#8426,.T.);
#8424 = VERTEX_POINT('',#8425);
#8425 = CARTESIAN_POINT('',(92.106786,-69.360358,0.));
#8426 = CIRCLE('',#8427,7.578565693666);
#8427 = AXIS2_PLACEMENT_3D('',#8428,#8429,#8430);
#8428 = CARTESIAN_POINT('',(99.685351693664,-69.36035169365,0.));
#8429 = DIRECTION('',(0.,0.,-1.));
#8430 = DIRECTION('',(-1.,-8.321296334452E-07,-0.));
#8431 = ORIENTED_EDGE('',*,*,#8432,.F.);
#8432 = EDGE_CURVE('',#8433,#8424,#8435,.T.);
#8433 = VERTEX_POINT('',#8434);
#8434 = CARTESIAN_POINT('',(92.106786,-94.609642,0.));
#8435 = LINE('',#8436,#8437);
#8436 = CARTESIAN_POINT('',(92.106786,-94.609642,0.));
#8437 = VECTOR('',#8438,1.);
#8438 = DIRECTION('',(0.,1.,0.));
#8439 = ORIENTED_EDGE('',*,*,#8440,.F.);
#8440 = EDGE_CURVE('',#8441,#8433,#8443,.T.);
#8441 = VERTEX_POINT('',#8442);
#8442 = CARTESIAN_POINT('',(99.685367,-102.188214,0.));
#8443 = CIRCLE('',#8444,7.578586178943);
#8444 = AXIS2_PLACEMENT_3D('',#8445,#8446,#8447);
#8445 = CARTESIAN_POINT('',(99.685372178929,-94.60962782105,0.));
#8446 = DIRECTION('',(0.,0.,-1.));
#8447 = DIRECTION('',(-6.833635162745E-07,-1.,-0.));
#8448 = ORIENTED_EDGE('',*,*,#8449,.F.);
#8449 = EDGE_CURVE('',#8450,#8441,#8452,.T.);
#8450 = VERTEX_POINT('',#8451);
#8451 = CARTESIAN_POINT('',(124.694633,-102.188214,0.));
#8452 = LINE('',#8453,#8454);
#8453 = CARTESIAN_POINT('',(124.694633,-102.188214,0.));
#8454 = VECTOR('',#8455,1.);
#8455 = DIRECTION('',(-1.,0.,0.));
#8456 = ORIENTED_EDGE('',*,*,#8457,.F.);
#8457 = EDGE_CURVE('',#8400,#8450,#8458,.T.);
#8458 = CIRCLE('',#8459,7.578565693666);
#8459 = AXIS2_PLACEMENT_3D('',#8460,#8461,#8462);
#8460 = CARTESIAN_POINT('',(124.69464830633,-94.60964830634,0.));
#8461 = DIRECTION('',(0.,0.,-1.));
#8462 = DIRECTION('',(1.,8.3212963157E-07,0.));
#8463 = ORIENTED_EDGE('',*,*,#8407,.F.);
#8464 = FACE_BOUND('',#8465,.F.);
#8465 = EDGE_LOOP('',(#8466));
#8466 = ORIENTED_EDGE('',*,*,#8467,.T.);
#8467 = EDGE_CURVE('',#8468,#8468,#8470,.T.);
#8468 = VERTEX_POINT('',#8469);
#8469 = CARTESIAN_POINT('',(98.,-98.6,0.));
#8470 = CIRCLE('',#8471,1.6);
#8471 = AXIS2_PLACEMENT_3D('',#8472,#8473,#8474);
#8472 = CARTESIAN_POINT('',(98.,-97.,0.));
#8473 = DIRECTION('',(-0.,0.,-1.));
#8474 = DIRECTION('',(-0.,-1.,0.));
#8475 = FACE_BOUND('',#8476,.F.);
#8476 = EDGE_LOOP('',(#8477));
#8477 = ORIENTED_EDGE('',*,*,#8478,.T.);
#8478 = EDGE_CURVE('',#8479,#8479,#8481,.T.);
#8479 = VERTEX_POINT('',#8480);
#8480 = CARTESIAN_POINT('',(99.568,-93.114,0.));
#8481 = CIRCLE('',#8482,0.15);
#8482 = AXIS2_PLACEMENT_3D('',#8483,#8484,#8485);
#8483 = CARTESIAN_POINT('',(99.568,-92.964,0.));
#8484 = DIRECTION('',(-0.,0.,-1.));
#8485 = DIRECTION('',(-9.473903143469E-14,-1.,0.));
#8486 = FACE_BOUND('',#8487,.F.);
#8487 = EDGE_LOOP('',(#8488));
#8488 = ORIENTED_EDGE('',*,*,#8489,.T.);
#8489 = EDGE_CURVE('',#8490,#8490,#8492,.T.);
#8490 = VERTEX_POINT('',#8491);
#8491 = CARTESIAN_POINT('',(95.504,-91.59,0.));
#8492 = CIRCLE('',#8493,0.15);
#8493 = AXIS2_PLACEMENT_3D('',#8494,#8495,#8496);
#8494 = CARTESIAN_POINT('',(95.504,-91.44,0.));
#8495 = DIRECTION('',(-0.,0.,-1.));
#8496 = DIRECTION('',(9.473903143468E-14,-1.,-0.));
#8497 = FACE_BOUND('',#8498,.F.);
#8498 = EDGE_LOOP('',(#8499));
#8499 = ORIENTED_EDGE('',*,*,#8500,.T.);
#8500 = EDGE_CURVE('',#8501,#8501,#8503,.T.);
#8501 = VERTEX_POINT('',#8502);
#8502 = CARTESIAN_POINT('',(98.044,-92.098,0.));
#8503 = CIRCLE('',#8504,0.15);
#8504 = AXIS2_PLACEMENT_3D('',#8505,#8506,#8507);
#8505 = CARTESIAN_POINT('',(98.044,-91.948,0.));
#8506 = DIRECTION('',(-0.,0.,-1.));
#8507 = DIRECTION('',(-9.473903143469E-14,-1.,0.));
#8508 = FACE_BOUND('',#8509,.F.);
#8509 = EDGE_LOOP('',(#8510));
#8510 = ORIENTED_EDGE('',*,*,#8511,.T.);
#8511 = EDGE_CURVE('',#8512,#8512,#8514,.T.);
#8512 = VERTEX_POINT('',#8513);
#8513 = CARTESIAN_POINT('',(104.14,-95.146,0.));
#8514 = CIRCLE('',#8515,0.15);
#8515 = AXIS2_PLACEMENT_3D('',#8516,#8517,#8518);
#8516 = CARTESIAN_POINT('',(104.14,-94.996,0.));
#8517 = DIRECTION('',(-0.,0.,-1.));
#8518 = DIRECTION('',(-0.,-1.,0.));
#8519 = FACE_BOUND('',#8520,.F.);
#8520 = EDGE_LOOP('',(#8521));
#8521 = ORIENTED_EDGE('',*,*,#8522,.T.);
#8522 = EDGE_CURVE('',#8523,#8523,#8525,.T.);
#8523 = VERTEX_POINT('',#8524);
#8524 = CARTESIAN_POINT('',(110.,-99.236,0.));
#8525 = CIRCLE('',#8526,0.15);
#8526 = AXIS2_PLACEMENT_3D('',#8527,#8528,#8529);
#8527 = CARTESIAN_POINT('',(110.,-99.086,0.));
#8528 = DIRECTION('',(-0.,0.,-1.));
#8529 = DIRECTION('',(-0.,-1.,0.));
#8530 = FACE_BOUND('',#8531,.F.);
#8531 = EDGE_LOOP('',(#8532));
#8532 = ORIENTED_EDGE('',*,*,#8533,.T.);
#8533 = EDGE_CURVE('',#8534,#8534,#8536,.T.);
#8534 = VERTEX_POINT('',#8535);
#8535 = CARTESIAN_POINT('',(112.776,-97.686,0.));
#8536 = CIRCLE('',#8537,0.15);
#8537 = AXIS2_PLACEMENT_3D('',#8538,#8539,#8540);
#8538 = CARTESIAN_POINT('',(112.776,-97.536,0.));
#8539 = DIRECTION('',(-0.,0.,-1.));
#8540 = DIRECTION('',(-9.473903143469E-14,-1.,0.));
#8541 = FACE_BOUND('',#8542,.F.);
#8542 = EDGE_LOOP('',(#8543));
#8543 = ORIENTED_EDGE('',*,*,#8544,.T.);
#8544 = EDGE_CURVE('',#8545,#8545,#8547,.T.);
#8545 = VERTEX_POINT('',#8546);
#8546 = CARTESIAN_POINT('',(104.14,-89.05,0.));
#8547 = CIRCLE('',#8548,0.15);
#8548 = AXIS2_PLACEMENT_3D('',#8549,#8550,#8551);
#8549 = CARTESIAN_POINT('',(104.14,-88.9,0.));
#8550 = DIRECTION('',(-0.,0.,-1.));
#8551 = DIRECTION('',(-0.,-1.,0.));
#8552 = FACE_BOUND('',#8553,.F.);
#8553 = EDGE_LOOP('',(#8554));
#8554 = ORIENTED_EDGE('',*,*,#8555,.T.);
#8555 = EDGE_CURVE('',#8556,#8556,#8558,.T.);
#8556 = VERTEX_POINT('',#8557);
#8557 = CARTESIAN_POINT('',(103.124,-87.78,0.));
#8558 = CIRCLE('',#8559,0.15);
#8559 = AXIS2_PLACEMENT_3D('',#8560,#8561,#8562);
#8560 = CARTESIAN_POINT('',(103.124,-87.63,0.));
#8561 = DIRECTION('',(-0.,0.,-1.));
#8562 = DIRECTION('',(-0.,-1.,0.));
#8563 = FACE_BOUND('',#8564,.F.);
#8564 = EDGE_LOOP('',(#8565));
#8565 = ORIENTED_EDGE('',*,*,#8566,.T.);
#8566 = EDGE_CURVE('',#8567,#8567,#8569,.T.);
#8567 = VERTEX_POINT('',#8568);
#8568 = CARTESIAN_POINT('',(95.504,-85.746,0.));
#8569 = CIRCLE('',#8570,0.15);
#8570 = AXIS2_PLACEMENT_3D('',#8571,#8572,#8573);
#8571 = CARTESIAN_POINT('',(95.504,-85.596,0.));
#8572 = DIRECTION('',(-0.,0.,-1.));
#8573 = DIRECTION('',(9.473903143467E-14,-1.,-0.));
#8574 = FACE_BOUND('',#8575,.F.);
#8575 = EDGE_LOOP('',(#8576));
#8576 = ORIENTED_EDGE('',*,*,#8577,.T.);
#8577 = EDGE_CURVE('',#8578,#8578,#8580,.T.);
#8578 = VERTEX_POINT('',#8579);
#8579 = CARTESIAN_POINT('',(99.568,-84.605,0.));
#8580 = CIRCLE('',#8581,0.15);
#8581 = AXIS2_PLACEMENT_3D('',#8582,#8583,#8584);
#8582 = CARTESIAN_POINT('',(99.568,-84.455,0.));
#8583 = DIRECTION('',(-0.,0.,-1.));
#8584 = DIRECTION('',(-9.473903143469E-14,-1.,0.));
#8585 = FACE_BOUND('',#8586,.F.);
#8586 = EDGE_LOOP('',(#8587));
#8587 = ORIENTED_EDGE('',*,*,#8588,.T.);
#8588 = EDGE_CURVE('',#8589,#8589,#8591,.T.);
#8589 = VERTEX_POINT('',#8590);
#8590 = CARTESIAN_POINT('',(103.124,-83.97,0.));
#8591 = CIRCLE('',#8592,0.15);
#8592 = AXIS2_PLACEMENT_3D('',#8593,#8594,#8595);
#8593 = CARTESIAN_POINT('',(103.124,-83.82,0.));
#8594 = DIRECTION('',(-0.,0.,-1.));
#8595 = DIRECTION('',(-0.,-1.,0.));
#8596 = FACE_BOUND('',#8597,.F.);
#8597 = EDGE_LOOP('',(#8598));
#8598 = ORIENTED_EDGE('',*,*,#8599,.T.);
#8599 = EDGE_CURVE('',#8600,#8600,#8602,.T.);
#8600 = VERTEX_POINT('',#8601);
#8601 = CARTESIAN_POINT('',(105.918,-89.304,0.));
#8602 = CIRCLE('',#8603,0.15);
#8603 = AXIS2_PLACEMENT_3D('',#8604,#8605,#8606);
#8604 = CARTESIAN_POINT('',(105.918,-89.154,0.));
#8605 = DIRECTION('',(-0.,0.,-1.));
#8606 = DIRECTION('',(-0.,-1.,0.));
#8607 = FACE_BOUND('',#8608,.F.);
#8608 = EDGE_LOOP('',(#8609));
#8609 = ORIENTED_EDGE('',*,*,#8610,.T.);
#8610 = EDGE_CURVE('',#8611,#8611,#8613,.T.);
#8611 = VERTEX_POINT('',#8612);
#8612 = CARTESIAN_POINT('',(111.3536,-89.812,0.));
#8613 = CIRCLE('',#8614,0.15);
#8614 = AXIS2_PLACEMENT_3D('',#8615,#8616,#8617);
#8615 = CARTESIAN_POINT('',(111.3536,-89.662,0.));
#8616 = DIRECTION('',(-0.,0.,-1.));
#8617 = DIRECTION('',(-0.,-1.,0.));
#8618 = FACE_BOUND('',#8619,.F.);
#8619 = EDGE_LOOP('',(#8620));
#8620 = ORIENTED_EDGE('',*,*,#8621,.T.);
#8621 = EDGE_CURVE('',#8622,#8622,#8624,.T.);
#8622 = VERTEX_POINT('',#8623);
#8623 = CARTESIAN_POINT('',(108.712,-87.018,0.));
#8624 = CIRCLE('',#8625,0.15);
#8625 = AXIS2_PLACEMENT_3D('',#8626,#8627,#8628);
#8626 = CARTESIAN_POINT('',(108.712,-86.868,0.));
#8627 = DIRECTION('',(-0.,0.,-1.));
#8628 = DIRECTION('',(9.473903143468E-14,-1.,-0.));
#8629 = FACE_BOUND('',#8630,.F.);
#8630 = EDGE_LOOP('',(#8631));
#8631 = ORIENTED_EDGE('',*,*,#8632,.T.);
#8632 = EDGE_CURVE('',#8633,#8633,#8635,.T.);
#8633 = VERTEX_POINT('',#8634);
#8634 = CARTESIAN_POINT('',(109.712,-83.785,0.));
#8635 = CIRCLE('',#8636,0.15);
#8636 = AXIS2_PLACEMENT_3D('',#8637,#8638,#8639);
#8637 = CARTESIAN_POINT('',(109.712,-83.635,0.));
#8638 = DIRECTION('',(-0.,0.,-1.));
#8639 = DIRECTION('',(9.473903143468E-14,-1.,-0.));
#8640 = FACE_BOUND('',#8641,.F.);
#8641 = EDGE_LOOP('',(#8642));
#8642 = ORIENTED_EDGE('',*,*,#8643,.T.);
#8643 = EDGE_CURVE('',#8644,#8644,#8646,.T.);
#8644 = VERTEX_POINT('',#8645);
#8645 = CARTESIAN_POINT('',(118.11,-93.622,0.));
#8646 = CIRCLE('',#8647,0.15);
#8647 = AXIS2_PLACEMENT_3D('',#8648,#8649,#8650);
#8648 = CARTESIAN_POINT('',(118.11,-93.472,0.));
#8649 = DIRECTION('',(-0.,0.,-1.));
#8650 = DIRECTION('',(-0.,-1.,0.));
#8651 = FACE_BOUND('',#8652,.F.);
#8652 = EDGE_LOOP('',(#8653));
#8653 = ORIENTED_EDGE('',*,*,#8654,.T.);
#8654 = EDGE_CURVE('',#8655,#8655,#8657,.T.);
#8655 = VERTEX_POINT('',#8656);
#8656 = CARTESIAN_POINT('',(120.904,-91.336,0.));
#8657 = CIRCLE('',#8658,0.15);
#8658 = AXIS2_PLACEMENT_3D('',#8659,#8660,#8661);
#8659 = CARTESIAN_POINT('',(120.904,-91.186,0.));
#8660 = DIRECTION('',(-0.,0.,-1.));
#8661 = DIRECTION('',(-0.,-1.,0.));
#8662 = FACE_BOUND('',#8663,.F.);
#8663 = EDGE_LOOP('',(#8664));
#8664 = ORIENTED_EDGE('',*,*,#8665,.T.);
#8665 = EDGE_CURVE('',#8666,#8666,#8668,.T.);
#8666 = VERTEX_POINT('',#8667);
#8667 = CARTESIAN_POINT('',(127.,-98.6,0.));
#8668 = CIRCLE('',#8669,1.6);
#8669 = AXIS2_PLACEMENT_3D('',#8670,#8671,#8672);
#8670 = CARTESIAN_POINT('',(127.,-97.,0.));
#8671 = DIRECTION('',(-0.,0.,-1.));
#8672 = DIRECTION('',(-0.,-1.,0.));
#8673 = FACE_BOUND('',#8674,.F.);
#8674 = EDGE_LOOP('',(#8675));
#8675 = ORIENTED_EDGE('',*,*,#8676,.T.);
#8676 = EDGE_CURVE('',#8677,#8677,#8679,.T.);
#8677 = VERTEX_POINT('',#8678);
#8678 = CARTESIAN_POINT('',(123.,-95.15,0.));
#8679 = CIRCLE('',#8680,0.15);
#8680 = AXIS2_PLACEMENT_3D('',#8681,#8682,#8683);
#8681 = CARTESIAN_POINT('',(123.,-95.,0.));
#8682 = DIRECTION('',(-0.,0.,-1.));
#8683 = DIRECTION('',(-0.,-1.,0.));
#8684 = FACE_BOUND('',#8685,.F.);
#8685 = EDGE_LOOP('',(#8686));
#8686 = ORIENTED_EDGE('',*,*,#8687,.T.);
#8687 = EDGE_CURVE('',#8688,#8688,#8690,.T.);
#8688 = VERTEX_POINT('',#8689);
#8689 = CARTESIAN_POINT('',(117.094,-87.272,0.));
#8690 = CIRCLE('',#8691,0.15);
#8691 = AXIS2_PLACEMENT_3D('',#8692,#8693,#8694);
#8692 = CARTESIAN_POINT('',(117.094,-87.122,0.));
#8693 = DIRECTION('',(-0.,0.,-1.));
#8694 = DIRECTION('',(-0.,-1.,0.));
#8695 = FACE_BOUND('',#8696,.F.);
#8696 = EDGE_LOOP('',(#8697));
#8697 = ORIENTED_EDGE('',*,*,#8698,.T.);
#8698 = EDGE_CURVE('',#8699,#8699,#8701,.T.);
#8699 = VERTEX_POINT('',#8700);
#8700 = CARTESIAN_POINT('',(115.316,-84.986,0.));
#8701 = CIRCLE('',#8702,0.15);
#8702 = AXIS2_PLACEMENT_3D('',#8703,#8704,#8705);
#8703 = CARTESIAN_POINT('',(115.316,-84.836,0.));
#8704 = DIRECTION('',(-0.,0.,-1.));
#8705 = DIRECTION('',(-0.,-1.,0.));
#8706 = FACE_BOUND('',#8707,.F.);
#8707 = EDGE_LOOP('',(#8708));
#8708 = ORIENTED_EDGE('',*,*,#8709,.T.);
#8709 = EDGE_CURVE('',#8710,#8710,#8712,.T.);
#8710 = VERTEX_POINT('',#8711);
#8711 = CARTESIAN_POINT('',(125.5268,-90.8788,0.));
#8712 = CIRCLE('',#8713,0.15);
#8713 = AXIS2_PLACEMENT_3D('',#8714,#8715,#8716);
#8714 = CARTESIAN_POINT('',(125.5268,-90.7288,0.));
#8715 = DIRECTION('',(-0.,0.,-1.));
#8716 = DIRECTION('',(-9.473903143469E-14,-1.,0.));
#8717 = FACE_BOUND('',#8718,.F.);
#8718 = EDGE_LOOP('',(#8719));
#8719 = ORIENTED_EDGE('',*,*,#8720,.T.);
#8720 = EDGE_CURVE('',#8721,#8721,#8723,.T.);
#8721 = VERTEX_POINT('',#8722);
#8722 = CARTESIAN_POINT('',(123.698,-87.272,0.));
#8723 = CIRCLE('',#8724,0.15);
#8724 = AXIS2_PLACEMENT_3D('',#8725,#8726,#8727);
#8725 = CARTESIAN_POINT('',(123.698,-87.122,0.));
#8726 = DIRECTION('',(-0.,0.,-1.));
#8727 = DIRECTION('',(-9.473903143469E-14,-1.,0.));
#8728 = FACE_BOUND('',#8729,.F.);
#8729 = EDGE_LOOP('',(#8730));
#8730 = ORIENTED_EDGE('',*,*,#8731,.T.);
#8731 = EDGE_CURVE('',#8732,#8732,#8734,.T.);
#8732 = VERTEX_POINT('',#8733);
#8733 = CARTESIAN_POINT('',(127.508,-88.892,0.));
#8734 = CIRCLE('',#8735,0.5);
#8735 = AXIS2_PLACEMENT_3D('',#8736,#8737,#8738);
#8736 = CARTESIAN_POINT('',(127.508,-88.392,0.));
#8737 = DIRECTION('',(-0.,0.,-1.));
#8738 = DIRECTION('',(-2.84217094304E-14,-1.,0.));
#8739 = FACE_BOUND('',#8740,.F.);
#8740 = EDGE_LOOP('',(#8741));
#8741 = ORIENTED_EDGE('',*,*,#8742,.T.);
#8742 = EDGE_CURVE('',#8743,#8743,#8745,.T.);
#8743 = VERTEX_POINT('',#8744);
#8744 = CARTESIAN_POINT('',(96.012,-77.208,0.));
#8745 = CIRCLE('',#8746,0.5);
#8746 = AXIS2_PLACEMENT_3D('',#8747,#8748,#8749);
#8747 = CARTESIAN_POINT('',(96.012,-76.708,0.));
#8748 = DIRECTION('',(-0.,0.,-1.));
#8749 = DIRECTION('',(-0.,-1.,0.));
#8750 = FACE_BOUND('',#8751,.F.);
#8751 = EDGE_LOOP('',(#8752));
#8752 = ORIENTED_EDGE('',*,*,#8753,.T.);
#8753 = EDGE_CURVE('',#8754,#8754,#8756,.T.);
#8754 = VERTEX_POINT('',#8755);
#8755 = CARTESIAN_POINT('',(96.012,-74.668,0.));
#8756 = CIRCLE('',#8757,0.5);
#8757 = AXIS2_PLACEMENT_3D('',#8758,#8759,#8760);
#8758 = CARTESIAN_POINT('',(96.012,-74.168,0.));
#8759 = DIRECTION('',(-0.,0.,-1.));
#8760 = DIRECTION('',(-0.,-1.,0.));
#8761 = FACE_BOUND('',#8762,.F.);
#8762 = EDGE_LOOP('',(#8763));
#8763 = ORIENTED_EDGE('',*,*,#8764,.T.);
#8764 = EDGE_CURVE('',#8765,#8765,#8767,.T.);
#8765 = VERTEX_POINT('',#8766);
#8766 = CARTESIAN_POINT('',(100.076,-76.096,0.));
#8767 = CIRCLE('',#8768,0.15);
#8768 = AXIS2_PLACEMENT_3D('',#8769,#8770,#8771);
#8769 = CARTESIAN_POINT('',(100.076,-75.946,0.));
#8770 = DIRECTION('',(-0.,0.,-1.));
#8771 = DIRECTION('',(-0.,-1.,0.));
#8772 = FACE_BOUND('',#8773,.F.);
#8773 = EDGE_LOOP('',(#8774));
#8774 = ORIENTED_EDGE('',*,*,#8775,.T.);
#8775 = EDGE_CURVE('',#8776,#8776,#8778,.T.);
#8776 = VERTEX_POINT('',#8777);
#8777 = CARTESIAN_POINT('',(104.14,-76.042,0.));
#8778 = CIRCLE('',#8779,0.35);
#8779 = AXIS2_PLACEMENT_3D('',#8780,#8781,#8782);
#8780 = CARTESIAN_POINT('',(104.14,-75.692,0.));
#8781 = DIRECTION('',(-0.,0.,-1.));
#8782 = DIRECTION('',(-0.,-1.,0.));
#8783 = FACE_BOUND('',#8784,.F.);
#8784 = EDGE_LOOP('',(#8785));
#8785 = ORIENTED_EDGE('',*,*,#8786,.T.);
#8786 = EDGE_CURVE('',#8787,#8787,#8789,.T.);
#8787 = VERTEX_POINT('',#8788);
#8788 = CARTESIAN_POINT('',(104.288,-81.245,0.));
#8789 = CIRCLE('',#8790,0.15);
#8790 = AXIS2_PLACEMENT_3D('',#8791,#8792,#8793);
#8791 = CARTESIAN_POINT('',(104.288,-81.095,0.));
#8792 = DIRECTION('',(-0.,0.,-1.));
#8793 = DIRECTION('',(-9.473903143469E-14,-1.,0.));
#8794 = FACE_BOUND('',#8795,.F.);
#8795 = EDGE_LOOP('',(#8796));
#8796 = ORIENTED_EDGE('',*,*,#8797,.T.);
#8797 = EDGE_CURVE('',#8798,#8798,#8800,.T.);
#8798 = VERTEX_POINT('',#8799);
#8799 = CARTESIAN_POINT('',(112.012,-78.89,0.));
#8800 = CIRCLE('',#8801,0.15);
#8801 = AXIS2_PLACEMENT_3D('',#8802,#8803,#8804);
#8802 = CARTESIAN_POINT('',(112.012,-78.74,0.));
#8803 = DIRECTION('',(-0.,0.,-1.));
#8804 = DIRECTION('',(-0.,-1.,0.));
#8805 = FACE_BOUND('',#8806,.F.);
#8806 = EDGE_LOOP('',(#8807));
#8807 = ORIENTED_EDGE('',*,*,#8808,.T.);
#8808 = EDGE_CURVE('',#8809,#8809,#8811,.T.);
#8809 = VERTEX_POINT('',#8810);
#8810 = CARTESIAN_POINT('',(109.22,-76.042,0.));
#8811 = CIRCLE('',#8812,0.35);
#8812 = AXIS2_PLACEMENT_3D('',#8813,#8814,#8815);
#8813 = CARTESIAN_POINT('',(109.22,-75.692,0.));
#8814 = DIRECTION('',(-0.,0.,-1.));
#8815 = DIRECTION('',(-0.,-1.,0.));
#8816 = FACE_BOUND('',#8817,.F.);
#8817 = EDGE_LOOP('',(#8818));
#8818 = ORIENTED_EDGE('',*,*,#8819,.T.);
#8819 = EDGE_CURVE('',#8820,#8820,#8822,.T.);
#8820 = VERTEX_POINT('',#8821);
#8821 = CARTESIAN_POINT('',(101.092,-70.508,0.));
#8822 = CIRCLE('',#8823,0.15);
#8823 = AXIS2_PLACEMENT_3D('',#8824,#8825,#8826);
#8824 = CARTESIAN_POINT('',(101.092,-70.358,0.));
#8825 = DIRECTION('',(-0.,0.,-1.));
#8826 = DIRECTION('',(-0.,-1.,0.));
#8827 = FACE_BOUND('',#8828,.F.);
#8828 = EDGE_LOOP('',(#8829));
#8829 = ORIENTED_EDGE('',*,*,#8830,.T.);
#8830 = EDGE_CURVE('',#8831,#8831,#8833,.T.);
#8831 = VERTEX_POINT('',#8832);
#8832 = CARTESIAN_POINT('',(104.14,-70.454,0.));
#8833 = CIRCLE('',#8834,0.35);
#8834 = AXIS2_PLACEMENT_3D('',#8835,#8836,#8837);
#8835 = CARTESIAN_POINT('',(104.14,-70.104,0.));
#8836 = DIRECTION('',(-0.,0.,-1.));
#8837 = DIRECTION('',(-0.,-1.,0.));
#8838 = FACE_BOUND('',#8839,.F.);
#8839 = EDGE_LOOP('',(#8840));
#8840 = ORIENTED_EDGE('',*,*,#8841,.T.);
#8841 = EDGE_CURVE('',#8842,#8842,#8844,.T.);
#8842 = VERTEX_POINT('',#8843);
#8843 = CARTESIAN_POINT('',(98.,-68.6,0.));
#8844 = CIRCLE('',#8845,1.6);
#8845 = AXIS2_PLACEMENT_3D('',#8846,#8847,#8848);
#8846 = CARTESIAN_POINT('',(98.,-67.,0.));
#8847 = DIRECTION('',(-0.,0.,-1.));
#8848 = DIRECTION('',(-0.,-1.,0.));
#8849 = FACE_BOUND('',#8850,.F.);
#8850 = EDGE_LOOP('',(#8851));
#8851 = ORIENTED_EDGE('',*,*,#8852,.T.);
#8852 = EDGE_CURVE('',#8853,#8853,#8855,.T.);
#8853 = VERTEX_POINT('',#8854);
#8854 = CARTESIAN_POINT('',(113.03,-73.302,0.));
#8855 = CIRCLE('',#8856,0.15);
#8856 = AXIS2_PLACEMENT_3D('',#8857,#8858,#8859);
#8857 = CARTESIAN_POINT('',(113.03,-73.152,0.));
#8858 = DIRECTION('',(-0.,0.,-1.));
#8859 = DIRECTION('',(-0.,-1.,0.));
#8860 = FACE_BOUND('',#8861,.F.);
#8861 = EDGE_LOOP('',(#8862));
#8862 = ORIENTED_EDGE('',*,*,#8863,.T.);
#8863 = EDGE_CURVE('',#8864,#8864,#8866,.T.);
#8864 = VERTEX_POINT('',#8865);
#8865 = CARTESIAN_POINT('',(109.22,-70.454,0.));
#8866 = CIRCLE('',#8867,0.35);
#8867 = AXIS2_PLACEMENT_3D('',#8868,#8869,#8870);
#8868 = CARTESIAN_POINT('',(109.22,-70.104,0.));
#8869 = DIRECTION('',(-0.,0.,-1.));
#8870 = DIRECTION('',(-0.,-1.,0.));
#8871 = FACE_BOUND('',#8872,.F.);
#8872 = EDGE_LOOP('',(#8873));
#8873 = ORIENTED_EDGE('',*,*,#8874,.T.);
#8874 = EDGE_CURVE('',#8875,#8875,#8877,.T.);
#8875 = VERTEX_POINT('',#8876);
#8876 = CARTESIAN_POINT('',(106.172,-66.19,0.));
#8877 = CIRCLE('',#8878,0.15);
#8878 = AXIS2_PLACEMENT_3D('',#8879,#8880,#8881);
#8879 = CARTESIAN_POINT('',(106.172,-66.04,0.));
#8880 = DIRECTION('',(-0.,0.,-1.));
#8881 = DIRECTION('',(-0.,-1.,0.));
#8882 = FACE_BOUND('',#8883,.F.);
#8883 = EDGE_LOOP('',(#8884));
#8884 = ORIENTED_EDGE('',*,*,#8885,.T.);
#8885 = EDGE_CURVE('',#8886,#8886,#8888,.T.);
#8886 = VERTEX_POINT('',#8887);
#8887 = CARTESIAN_POINT('',(115.316,-81.43,0.));
#8888 = CIRCLE('',#8889,0.15);
#8889 = AXIS2_PLACEMENT_3D('',#8890,#8891,#8892);
#8890 = CARTESIAN_POINT('',(115.316,-81.28,0.));
#8891 = DIRECTION('',(-0.,0.,-1.));
#8892 = DIRECTION('',(-0.,-1.,0.));
#8893 = FACE_BOUND('',#8894,.F.);
#8894 = EDGE_LOOP('',(#8895));
#8895 = ORIENTED_EDGE('',*,*,#8896,.T.);
#8896 = EDGE_CURVE('',#8897,#8897,#8899,.T.);
#8897 = VERTEX_POINT('',#8898);
#8898 = CARTESIAN_POINT('',(114.808,-78.89,0.));
#8899 = CIRCLE('',#8900,0.15);
#8900 = AXIS2_PLACEMENT_3D('',#8901,#8902,#8903);
#8901 = CARTESIAN_POINT('',(114.808,-78.74,0.));
#8902 = DIRECTION('',(-0.,0.,-1.));
#8903 = DIRECTION('',(9.473903143467E-14,-1.,-0.));
#8904 = FACE_BOUND('',#8905,.F.);
#8905 = EDGE_LOOP('',(#8906));
#8906 = ORIENTED_EDGE('',*,*,#8907,.T.);
#8907 = EDGE_CURVE('',#8908,#8908,#8910,.T.);
#8908 = VERTEX_POINT('',#8909);
#8909 = CARTESIAN_POINT('',(120.9,-82.446,0.));
#8910 = CIRCLE('',#8911,0.15);
#8911 = AXIS2_PLACEMENT_3D('',#8912,#8913,#8914);
#8912 = CARTESIAN_POINT('',(120.9,-82.296,0.));
#8913 = DIRECTION('',(-0.,0.,-1.));
#8914 = DIRECTION('',(-0.,-1.,0.));
#8915 = FACE_BOUND('',#8916,.F.);
#8916 = EDGE_LOOP('',(#8917));
#8917 = ORIENTED_EDGE('',*,*,#8918,.T.);
#8918 = EDGE_CURVE('',#8919,#8919,#8921,.T.);
#8919 = VERTEX_POINT('',#8920);
#8920 = CARTESIAN_POINT('',(118.872,-78.382,0.));
#8921 = CIRCLE('',#8922,0.15);
#8922 = AXIS2_PLACEMENT_3D('',#8923,#8924,#8925);
#8923 = CARTESIAN_POINT('',(118.872,-78.232,0.));
#8924 = DIRECTION('',(-0.,0.,-1.));
#8925 = DIRECTION('',(-0.,-1.,0.));
#8926 = FACE_BOUND('',#8927,.F.);
#8927 = EDGE_LOOP('',(#8928));
#8928 = ORIENTED_EDGE('',*,*,#8929,.T.);
#8929 = EDGE_CURVE('',#8930,#8930,#8932,.T.);
#8930 = VERTEX_POINT('',#8931);
#8931 = CARTESIAN_POINT('',(116.84,-77.874,0.));
#8932 = CIRCLE('',#8933,0.15);
#8933 = AXIS2_PLACEMENT_3D('',#8934,#8935,#8936);
#8934 = CARTESIAN_POINT('',(116.84,-77.724,0.));
#8935 = DIRECTION('',(-0.,0.,-1.));
#8936 = DIRECTION('',(-0.,-1.,0.));
#8937 = FACE_BOUND('',#8938,.F.);
#8938 = EDGE_LOOP('',(#8939));
#8939 = ORIENTED_EDGE('',*,*,#8940,.T.);
#8940 = EDGE_CURVE('',#8941,#8941,#8943,.T.);
#8941 = VERTEX_POINT('',#8942);
#8942 = CARTESIAN_POINT('',(124.46,-79.398,0.));
#8943 = CIRCLE('',#8944,0.15);
#8944 = AXIS2_PLACEMENT_3D('',#8945,#8946,#8947);
#8945 = CARTESIAN_POINT('',(124.46,-79.248,0.));
#8946 = DIRECTION('',(-0.,0.,-1.));
#8947 = DIRECTION('',(-9.473903143469E-14,-1.,0.));
#8948 = FACE_BOUND('',#8949,.F.);
#8949 = EDGE_LOOP('',(#8950));
#8950 = ORIENTED_EDGE('',*,*,#8951,.T.);
#8951 = EDGE_CURVE('',#8952,#8952,#8954,.T.);
#8952 = VERTEX_POINT('',#8953);
#8953 = CARTESIAN_POINT('',(127.508,-81.78,0.));
#8954 = CIRCLE('',#8955,0.5);
#8955 = AXIS2_PLACEMENT_3D('',#8956,#8957,#8958);
#8956 = CARTESIAN_POINT('',(127.508,-81.28,0.));
#8957 = DIRECTION('',(-0.,0.,-1.));
#8958 = DIRECTION('',(-2.84217094304E-14,-1.,0.));
#8959 = FACE_BOUND('',#8960,.F.);
#8960 = EDGE_LOOP('',(#8961));
#8961 = ORIENTED_EDGE('',*,*,#8962,.T.);
#8962 = EDGE_CURVE('',#8963,#8963,#8965,.T.);
#8963 = VERTEX_POINT('',#8964);
#8964 = CARTESIAN_POINT('',(127.508,-79.24,0.));
#8965 = CIRCLE('',#8966,0.5);
#8966 = AXIS2_PLACEMENT_3D('',#8967,#8968,#8969);
#8967 = CARTESIAN_POINT('',(127.508,-78.74,0.));
#8968 = DIRECTION('',(-0.,0.,-1.));
#8969 = DIRECTION('',(-2.84217094304E-14,-1.,0.));
#8970 = FACE_BOUND('',#8971,.F.);
#8971 = EDGE_LOOP('',(#8972));
#8972 = ORIENTED_EDGE('',*,*,#8973,.T.);
#8973 = EDGE_CURVE('',#8974,#8974,#8976,.T.);
#8974 = VERTEX_POINT('',#8975);
#8975 = CARTESIAN_POINT('',(127.508,-76.7,0.));
#8976 = CIRCLE('',#8977,0.5);
#8977 = AXIS2_PLACEMENT_3D('',#8978,#8979,#8980);
#8978 = CARTESIAN_POINT('',(127.508,-76.2,0.));
#8979 = DIRECTION('',(-0.,0.,-1.));
#8980 = DIRECTION('',(-2.84217094304E-14,-1.,0.));
#8981 = FACE_BOUND('',#8982,.F.);
#8982 = EDGE_LOOP('',(#8983));
#8983 = ORIENTED_EDGE('',*,*,#8984,.T.);
#8984 = EDGE_CURVE('',#8985,#8985,#8987,.T.);
#8985 = VERTEX_POINT('',#8986);
#8986 = CARTESIAN_POINT('',(130.81,-74.572,0.));
#8987 = CIRCLE('',#8988,0.15);
#8988 = AXIS2_PLACEMENT_3D('',#8989,#8990,#8991);
#8989 = CARTESIAN_POINT('',(130.81,-74.422,0.));
#8990 = DIRECTION('',(-0.,0.,-1.));
#8991 = DIRECTION('',(-0.,-1.,0.));
#8992 = FACE_BOUND('',#8993,.F.);
#8993 = EDGE_LOOP('',(#8994));
#8994 = ORIENTED_EDGE('',*,*,#8995,.T.);
#8995 = EDGE_CURVE('',#8996,#8996,#8998,.T.);
#8996 = VERTEX_POINT('',#8997);
#8997 = CARTESIAN_POINT('',(124.206,-73.048,0.));
#8998 = CIRCLE('',#8999,0.15);
#8999 = AXIS2_PLACEMENT_3D('',#9000,#9001,#9002);
#9000 = CARTESIAN_POINT('',(124.206,-72.898,0.));
#9001 = DIRECTION('',(-0.,0.,-1.));
#9002 = DIRECTION('',(9.473903143468E-14,-1.,-0.));
#9003 = FACE_BOUND('',#9004,.F.);
#9004 = EDGE_LOOP('',(#9005));
#9005 = ORIENTED_EDGE('',*,*,#9006,.T.);
#9006 = EDGE_CURVE('',#9007,#9007,#9009,.T.);
#9007 = VERTEX_POINT('',#9008);
#9008 = CARTESIAN_POINT('',(127.508,-74.16,0.));
#9009 = CIRCLE('',#9010,0.5);
#9010 = AXIS2_PLACEMENT_3D('',#9011,#9012,#9013);
#9011 = CARTESIAN_POINT('',(127.508,-73.66,0.));
#9012 = DIRECTION('',(-0.,0.,-1.));
#9013 = DIRECTION('',(-2.84217094304E-14,-1.,0.));
#9014 = FACE_BOUND('',#9015,.F.);
#9015 = EDGE_LOOP('',(#9016));
#9016 = ORIENTED_EDGE('',*,*,#9017,.T.);
#9017 = EDGE_CURVE('',#9018,#9018,#9020,.T.);
#9018 = VERTEX_POINT('',#9019);
#9019 = CARTESIAN_POINT('',(122.174,-66.444,0.));
#9020 = CIRCLE('',#9021,0.15);
#9021 = AXIS2_PLACEMENT_3D('',#9022,#9023,#9024);
#9022 = CARTESIAN_POINT('',(122.174,-66.294,0.));
#9023 = DIRECTION('',(-0.,0.,-1.));
#9024 = DIRECTION('',(-0.,-1.,0.));
#9025 = FACE_BOUND('',#9026,.F.);
#9026 = EDGE_LOOP('',(#9027));
#9027 = ORIENTED_EDGE('',*,*,#9028,.T.);
#9028 = EDGE_CURVE('',#9029,#9029,#9031,.T.);
#9029 = VERTEX_POINT('',#9030);
#9030 = CARTESIAN_POINT('',(127.,-68.6,0.));
#9031 = CIRCLE('',#9032,1.6);
#9032 = AXIS2_PLACEMENT_3D('',#9033,#9034,#9035);
#9033 = CARTESIAN_POINT('',(127.,-67.,0.));
#9034 = DIRECTION('',(-0.,0.,-1.));
#9035 = DIRECTION('',(-0.,-1.,0.));
#9036 = PLANE('',#9037);
#9037 = AXIS2_PLACEMENT_3D('',#9038,#9039,#9040);
#9038 = CARTESIAN_POINT('',(0.,0.,0.));
#9039 = DIRECTION('',(0.,0.,1.));
#9040 = DIRECTION('',(1.,0.,-0.));
#9041 = ADVANCED_FACE('',(#9042,#9088,#9099,#9110,#9121,#9132,#9143,
    #9154,#9165,#9176,#9187,#9198,#9209,#9220,#9231,#9242,#9253,#9264,
    #9275,#9286,#9297,#9308,#9319,#9330,#9341,#9352,#9363,#9374,#9385,
    #9396,#9407,#9418,#9429,#9440,#9451,#9462,#9473,#9484,#9495,#9506,
    #9517,#9528,#9539,#9550,#9561,#9572,#9583,#9594,#9605,#9616,#9627,
    #9638,#9649),#9660,.T.);
#9042 = FACE_BOUND('',#9043,.T.);
#9043 = EDGE_LOOP('',(#9044,#9045,#9046,#9055,#9063,#9072,#9080,#9087));
#9044 = ORIENTED_EDGE('',*,*,#8327,.F.);
#9045 = ORIENTED_EDGE('',*,*,#8369,.F.);
#9046 = ORIENTED_EDGE('',*,*,#9047,.F.);
#9047 = EDGE_CURVE('',#9048,#8362,#9050,.T.);
#9048 = VERTEX_POINT('',#9049);
#9049 = CARTESIAN_POINT('',(92.106786,-69.360358,1.51));
#9050 = CIRCLE('',#9051,7.578565693666);
#9051 = AXIS2_PLACEMENT_3D('',#9052,#9053,#9054);
#9052 = CARTESIAN_POINT('',(99.685351693664,-69.36035169365,1.51));
#9053 = DIRECTION('',(0.,0.,-1.));
#9054 = DIRECTION('',(-1.,-8.321296334452E-07,-0.));
#9055 = ORIENTED_EDGE('',*,*,#9056,.F.);
#9056 = EDGE_CURVE('',#9057,#9048,#9059,.T.);
#9057 = VERTEX_POINT('',#9058);
#9058 = CARTESIAN_POINT('',(92.106786,-94.609642,1.51));
#9059 = LINE('',#9060,#9061);
#9060 = CARTESIAN_POINT('',(92.106786,-94.609642,1.51));
#9061 = VECTOR('',#9062,1.);
#9062 = DIRECTION('',(0.,1.,0.));
#9063 = ORIENTED_EDGE('',*,*,#9064,.F.);
#9064 = EDGE_CURVE('',#9065,#9057,#9067,.T.);
#9065 = VERTEX_POINT('',#9066);
#9066 = CARTESIAN_POINT('',(99.685367,-102.188214,1.51));
#9067 = CIRCLE('',#9068,7.578586178943);
#9068 = AXIS2_PLACEMENT_3D('',#9069,#9070,#9071);
#9069 = CARTESIAN_POINT('',(99.685372178929,-94.60962782105,1.51));
#9070 = DIRECTION('',(0.,0.,-1.));
#9071 = DIRECTION('',(-6.833635162745E-07,-1.,-0.));
#9072 = ORIENTED_EDGE('',*,*,#9073,.F.);
#9073 = EDGE_CURVE('',#9074,#9065,#9076,.T.);
#9074 = VERTEX_POINT('',#9075);
#9075 = CARTESIAN_POINT('',(124.694633,-102.188214,1.51));
#9076 = LINE('',#9077,#9078);
#9077 = CARTESIAN_POINT('',(124.694633,-102.188214,1.51));
#9078 = VECTOR('',#9079,1.);
#9079 = DIRECTION('',(-1.,0.,0.));
#9080 = ORIENTED_EDGE('',*,*,#9081,.F.);
#9081 = EDGE_CURVE('',#8392,#9074,#9082,.T.);
#9082 = CIRCLE('',#9083,7.578565693666);
#9083 = AXIS2_PLACEMENT_3D('',#9084,#9085,#9086);
#9084 = CARTESIAN_POINT('',(124.69464830633,-94.60964830634,1.51));
#9085 = DIRECTION('',(0.,0.,-1.));
#9086 = DIRECTION('',(1.,8.3212963157E-07,0.));
#9087 = ORIENTED_EDGE('',*,*,#8391,.F.);
#9088 = FACE_BOUND('',#9089,.T.);
#9089 = EDGE_LOOP('',(#9090));
#9090 = ORIENTED_EDGE('',*,*,#9091,.T.);
#9091 = EDGE_CURVE('',#9092,#9092,#9094,.T.);
#9092 = VERTEX_POINT('',#9093);
#9093 = CARTESIAN_POINT('',(98.,-98.6,1.51));
#9094 = CIRCLE('',#9095,1.6);
#9095 = AXIS2_PLACEMENT_3D('',#9096,#9097,#9098);
#9096 = CARTESIAN_POINT('',(98.,-97.,1.51));
#9097 = DIRECTION('',(-0.,0.,-1.));
#9098 = DIRECTION('',(-0.,-1.,0.));
#9099 = FACE_BOUND('',#9100,.T.);
#9100 = EDGE_LOOP('',(#9101));
#9101 = ORIENTED_EDGE('',*,*,#9102,.T.);
#9102 = EDGE_CURVE('',#9103,#9103,#9105,.T.);
#9103 = VERTEX_POINT('',#9104);
#9104 = CARTESIAN_POINT('',(99.568,-93.114,1.51));
#9105 = CIRCLE('',#9106,0.15);
#9106 = AXIS2_PLACEMENT_3D('',#9107,#9108,#9109);
#9107 = CARTESIAN_POINT('',(99.568,-92.964,1.51));
#9108 = DIRECTION('',(-0.,0.,-1.));
#9109 = DIRECTION('',(-9.473903143469E-14,-1.,0.));
#9110 = FACE_BOUND('',#9111,.T.);
#9111 = EDGE_LOOP('',(#9112));
#9112 = ORIENTED_EDGE('',*,*,#9113,.T.);
#9113 = EDGE_CURVE('',#9114,#9114,#9116,.T.);
#9114 = VERTEX_POINT('',#9115);
#9115 = CARTESIAN_POINT('',(95.504,-91.59,1.51));
#9116 = CIRCLE('',#9117,0.15);
#9117 = AXIS2_PLACEMENT_3D('',#9118,#9119,#9120);
#9118 = CARTESIAN_POINT('',(95.504,-91.44,1.51));
#9119 = DIRECTION('',(-0.,0.,-1.));
#9120 = DIRECTION('',(9.473903143468E-14,-1.,-0.));
#9121 = FACE_BOUND('',#9122,.T.);
#9122 = EDGE_LOOP('',(#9123));
#9123 = ORIENTED_EDGE('',*,*,#9124,.T.);
#9124 = EDGE_CURVE('',#9125,#9125,#9127,.T.);
#9125 = VERTEX_POINT('',#9126);
#9126 = CARTESIAN_POINT('',(98.044,-92.098,1.51));
#9127 = CIRCLE('',#9128,0.15);
#9128 = AXIS2_PLACEMENT_3D('',#9129,#9130,#9131);
#9129 = CARTESIAN_POINT('',(98.044,-91.948,1.51));
#9130 = DIRECTION('',(-0.,0.,-1.));
#9131 = DIRECTION('',(-9.473903143469E-14,-1.,0.));
#9132 = FACE_BOUND('',#9133,.T.);
#9133 = EDGE_LOOP('',(#9134));
#9134 = ORIENTED_EDGE('',*,*,#9135,.T.);
#9135 = EDGE_CURVE('',#9136,#9136,#9138,.T.);
#9136 = VERTEX_POINT('',#9137);
#9137 = CARTESIAN_POINT('',(104.14,-95.146,1.51));
#9138 = CIRCLE('',#9139,0.15);
#9139 = AXIS2_PLACEMENT_3D('',#9140,#9141,#9142);
#9140 = CARTESIAN_POINT('',(104.14,-94.996,1.51));
#9141 = DIRECTION('',(-0.,0.,-1.));
#9142 = DIRECTION('',(-0.,-1.,0.));
#9143 = FACE_BOUND('',#9144,.T.);
#9144 = EDGE_LOOP('',(#9145));
#9145 = ORIENTED_EDGE('',*,*,#9146,.T.);
#9146 = EDGE_CURVE('',#9147,#9147,#9149,.T.);
#9147 = VERTEX_POINT('',#9148);
#9148 = CARTESIAN_POINT('',(110.,-99.236,1.51));
#9149 = CIRCLE('',#9150,0.15);
#9150 = AXIS2_PLACEMENT_3D('',#9151,#9152,#9153);
#9151 = CARTESIAN_POINT('',(110.,-99.086,1.51));
#9152 = DIRECTION('',(-0.,0.,-1.));
#9153 = DIRECTION('',(-0.,-1.,0.));
#9154 = FACE_BOUND('',#9155,.T.);
#9155 = EDGE_LOOP('',(#9156));
#9156 = ORIENTED_EDGE('',*,*,#9157,.T.);
#9157 = EDGE_CURVE('',#9158,#9158,#9160,.T.);
#9158 = VERTEX_POINT('',#9159);
#9159 = CARTESIAN_POINT('',(112.776,-97.686,1.51));
#9160 = CIRCLE('',#9161,0.15);
#9161 = AXIS2_PLACEMENT_3D('',#9162,#9163,#9164);
#9162 = CARTESIAN_POINT('',(112.776,-97.536,1.51));
#9163 = DIRECTION('',(-0.,0.,-1.));
#9164 = DIRECTION('',(-9.473903143469E-14,-1.,0.));
#9165 = FACE_BOUND('',#9166,.T.);
#9166 = EDGE_LOOP('',(#9167));
#9167 = ORIENTED_EDGE('',*,*,#9168,.T.);
#9168 = EDGE_CURVE('',#9169,#9169,#9171,.T.);
#9169 = VERTEX_POINT('',#9170);
#9170 = CARTESIAN_POINT('',(104.14,-89.05,1.51));
#9171 = CIRCLE('',#9172,0.15);
#9172 = AXIS2_PLACEMENT_3D('',#9173,#9174,#9175);
#9173 = CARTESIAN_POINT('',(104.14,-88.9,1.51));
#9174 = DIRECTION('',(-0.,0.,-1.));
#9175 = DIRECTION('',(-0.,-1.,0.));
#9176 = FACE_BOUND('',#9177,.T.);
#9177 = EDGE_LOOP('',(#9178));
#9178 = ORIENTED_EDGE('',*,*,#9179,.T.);
#9179 = EDGE_CURVE('',#9180,#9180,#9182,.T.);
#9180 = VERTEX_POINT('',#9181);
#9181 = CARTESIAN_POINT('',(103.124,-87.78,1.51));
#9182 = CIRCLE('',#9183,0.15);
#9183 = AXIS2_PLACEMENT_3D('',#9184,#9185,#9186);
#9184 = CARTESIAN_POINT('',(103.124,-87.63,1.51));
#9185 = DIRECTION('',(-0.,0.,-1.));
#9186 = DIRECTION('',(-0.,-1.,0.));
#9187 = FACE_BOUND('',#9188,.T.);
#9188 = EDGE_LOOP('',(#9189));
#9189 = ORIENTED_EDGE('',*,*,#9190,.T.);
#9190 = EDGE_CURVE('',#9191,#9191,#9193,.T.);
#9191 = VERTEX_POINT('',#9192);
#9192 = CARTESIAN_POINT('',(95.504,-85.746,1.51));
#9193 = CIRCLE('',#9194,0.15);
#9194 = AXIS2_PLACEMENT_3D('',#9195,#9196,#9197);
#9195 = CARTESIAN_POINT('',(95.504,-85.596,1.51));
#9196 = DIRECTION('',(-0.,0.,-1.));
#9197 = DIRECTION('',(9.473903143467E-14,-1.,-0.));
#9198 = FACE_BOUND('',#9199,.T.);
#9199 = EDGE_LOOP('',(#9200));
#9200 = ORIENTED_EDGE('',*,*,#9201,.T.);
#9201 = EDGE_CURVE('',#9202,#9202,#9204,.T.);
#9202 = VERTEX_POINT('',#9203);
#9203 = CARTESIAN_POINT('',(99.568,-84.605,1.51));
#9204 = CIRCLE('',#9205,0.15);
#9205 = AXIS2_PLACEMENT_3D('',#9206,#9207,#9208);
#9206 = CARTESIAN_POINT('',(99.568,-84.455,1.51));
#9207 = DIRECTION('',(-0.,0.,-1.));
#9208 = DIRECTION('',(-9.473903143469E-14,-1.,0.));
#9209 = FACE_BOUND('',#9210,.T.);
#9210 = EDGE_LOOP('',(#9211));
#9211 = ORIENTED_EDGE('',*,*,#9212,.T.);
#9212 = EDGE_CURVE('',#9213,#9213,#9215,.T.);
#9213 = VERTEX_POINT('',#9214);
#9214 = CARTESIAN_POINT('',(103.124,-83.97,1.51));
#9215 = CIRCLE('',#9216,0.15);
#9216 = AXIS2_PLACEMENT_3D('',#9217,#9218,#9219);
#9217 = CARTESIAN_POINT('',(103.124,-83.82,1.51));
#9218 = DIRECTION('',(-0.,0.,-1.));
#9219 = DIRECTION('',(-0.,-1.,0.));
#9220 = FACE_BOUND('',#9221,.T.);
#9221 = EDGE_LOOP('',(#9222));
#9222 = ORIENTED_EDGE('',*,*,#9223,.T.);
#9223 = EDGE_CURVE('',#9224,#9224,#9226,.T.);
#9224 = VERTEX_POINT('',#9225);
#9225 = CARTESIAN_POINT('',(105.918,-89.304,1.51));
#9226 = CIRCLE('',#9227,0.15);
#9227 = AXIS2_PLACEMENT_3D('',#9228,#9229,#9230);
#9228 = CARTESIAN_POINT('',(105.918,-89.154,1.51));
#9229 = DIRECTION('',(-0.,0.,-1.));
#9230 = DIRECTION('',(-0.,-1.,0.));
#9231 = FACE_BOUND('',#9232,.T.);
#9232 = EDGE_LOOP('',(#9233));
#9233 = ORIENTED_EDGE('',*,*,#9234,.T.);
#9234 = EDGE_CURVE('',#9235,#9235,#9237,.T.);
#9235 = VERTEX_POINT('',#9236);
#9236 = CARTESIAN_POINT('',(111.3536,-89.812,1.51));
#9237 = CIRCLE('',#9238,0.15);
#9238 = AXIS2_PLACEMENT_3D('',#9239,#9240,#9241);
#9239 = CARTESIAN_POINT('',(111.3536,-89.662,1.51));
#9240 = DIRECTION('',(-0.,0.,-1.));
#9241 = DIRECTION('',(-0.,-1.,0.));
#9242 = FACE_BOUND('',#9243,.T.);
#9243 = EDGE_LOOP('',(#9244));
#9244 = ORIENTED_EDGE('',*,*,#9245,.T.);
#9245 = EDGE_CURVE('',#9246,#9246,#9248,.T.);
#9246 = VERTEX_POINT('',#9247);
#9247 = CARTESIAN_POINT('',(108.712,-87.018,1.51));
#9248 = CIRCLE('',#9249,0.15);
#9249 = AXIS2_PLACEMENT_3D('',#9250,#9251,#9252);
#9250 = CARTESIAN_POINT('',(108.712,-86.868,1.51));
#9251 = DIRECTION('',(-0.,0.,-1.));
#9252 = DIRECTION('',(9.473903143468E-14,-1.,-0.));
#9253 = FACE_BOUND('',#9254,.T.);
#9254 = EDGE_LOOP('',(#9255));
#9255 = ORIENTED_EDGE('',*,*,#9256,.T.);
#9256 = EDGE_CURVE('',#9257,#9257,#9259,.T.);
#9257 = VERTEX_POINT('',#9258);
#9258 = CARTESIAN_POINT('',(109.712,-83.785,1.51));
#9259 = CIRCLE('',#9260,0.15);
#9260 = AXIS2_PLACEMENT_3D('',#9261,#9262,#9263);
#9261 = CARTESIAN_POINT('',(109.712,-83.635,1.51));
#9262 = DIRECTION('',(-0.,0.,-1.));
#9263 = DIRECTION('',(9.473903143468E-14,-1.,-0.));
#9264 = FACE_BOUND('',#9265,.T.);
#9265 = EDGE_LOOP('',(#9266));
#9266 = ORIENTED_EDGE('',*,*,#9267,.T.);
#9267 = EDGE_CURVE('',#9268,#9268,#9270,.T.);
#9268 = VERTEX_POINT('',#9269);
#9269 = CARTESIAN_POINT('',(118.11,-93.622,1.51));
#9270 = CIRCLE('',#9271,0.15);
#9271 = AXIS2_PLACEMENT_3D('',#9272,#9273,#9274);
#9272 = CARTESIAN_POINT('',(118.11,-93.472,1.51));
#9273 = DIRECTION('',(-0.,0.,-1.));
#9274 = DIRECTION('',(-0.,-1.,0.));
#9275 = FACE_BOUND('',#9276,.T.);
#9276 = EDGE_LOOP('',(#9277));
#9277 = ORIENTED_EDGE('',*,*,#9278,.T.);
#9278 = EDGE_CURVE('',#9279,#9279,#9281,.T.);
#9279 = VERTEX_POINT('',#9280);
#9280 = CARTESIAN_POINT('',(120.904,-91.336,1.51));
#9281 = CIRCLE('',#9282,0.15);
#9282 = AXIS2_PLACEMENT_3D('',#9283,#9284,#9285);
#9283 = CARTESIAN_POINT('',(120.904,-91.186,1.51));
#9284 = DIRECTION('',(-0.,0.,-1.));
#9285 = DIRECTION('',(-0.,-1.,0.));
#9286 = FACE_BOUND('',#9287,.T.);
#9287 = EDGE_LOOP('',(#9288));
#9288 = ORIENTED_EDGE('',*,*,#9289,.T.);
#9289 = EDGE_CURVE('',#9290,#9290,#9292,.T.);
#9290 = VERTEX_POINT('',#9291);
#9291 = CARTESIAN_POINT('',(127.,-98.6,1.51));
#9292 = CIRCLE('',#9293,1.6);
#9293 = AXIS2_PLACEMENT_3D('',#9294,#9295,#9296);
#9294 = CARTESIAN_POINT('',(127.,-97.,1.51));
#9295 = DIRECTION('',(-0.,0.,-1.));
#9296 = DIRECTION('',(-0.,-1.,0.));
#9297 = FACE_BOUND('',#9298,.T.);
#9298 = EDGE_LOOP('',(#9299));
#9299 = ORIENTED_EDGE('',*,*,#9300,.T.);
#9300 = EDGE_CURVE('',#9301,#9301,#9303,.T.);
#9301 = VERTEX_POINT('',#9302);
#9302 = CARTESIAN_POINT('',(123.,-95.15,1.51));
#9303 = CIRCLE('',#9304,0.15);
#9304 = AXIS2_PLACEMENT_3D('',#9305,#9306,#9307);
#9305 = CARTESIAN_POINT('',(123.,-95.,1.51));
#9306 = DIRECTION('',(-0.,0.,-1.));
#9307 = DIRECTION('',(-0.,-1.,0.));
#9308 = FACE_BOUND('',#9309,.T.);
#9309 = EDGE_LOOP('',(#9310));
#9310 = ORIENTED_EDGE('',*,*,#9311,.T.);
#9311 = EDGE_CURVE('',#9312,#9312,#9314,.T.);
#9312 = VERTEX_POINT('',#9313);
#9313 = CARTESIAN_POINT('',(117.094,-87.272,1.51));
#9314 = CIRCLE('',#9315,0.15);
#9315 = AXIS2_PLACEMENT_3D('',#9316,#9317,#9318);
#9316 = CARTESIAN_POINT('',(117.094,-87.122,1.51));
#9317 = DIRECTION('',(-0.,0.,-1.));
#9318 = DIRECTION('',(-0.,-1.,0.));
#9319 = FACE_BOUND('',#9320,.T.);
#9320 = EDGE_LOOP('',(#9321));
#9321 = ORIENTED_EDGE('',*,*,#9322,.T.);
#9322 = EDGE_CURVE('',#9323,#9323,#9325,.T.);
#9323 = VERTEX_POINT('',#9324);
#9324 = CARTESIAN_POINT('',(115.316,-84.986,1.51));
#9325 = CIRCLE('',#9326,0.15);
#9326 = AXIS2_PLACEMENT_3D('',#9327,#9328,#9329);
#9327 = CARTESIAN_POINT('',(115.316,-84.836,1.51));
#9328 = DIRECTION('',(-0.,0.,-1.));
#9329 = DIRECTION('',(-0.,-1.,0.));
#9330 = FACE_BOUND('',#9331,.T.);
#9331 = EDGE_LOOP('',(#9332));
#9332 = ORIENTED_EDGE('',*,*,#9333,.T.);
#9333 = EDGE_CURVE('',#9334,#9334,#9336,.T.);
#9334 = VERTEX_POINT('',#9335);
#9335 = CARTESIAN_POINT('',(125.5268,-90.8788,1.51));
#9336 = CIRCLE('',#9337,0.15);
#9337 = AXIS2_PLACEMENT_3D('',#9338,#9339,#9340);
#9338 = CARTESIAN_POINT('',(125.5268,-90.7288,1.51));
#9339 = DIRECTION('',(-0.,0.,-1.));
#9340 = DIRECTION('',(-9.473903143469E-14,-1.,0.));
#9341 = FACE_BOUND('',#9342,.T.);
#9342 = EDGE_LOOP('',(#9343));
#9343 = ORIENTED_EDGE('',*,*,#9344,.T.);
#9344 = EDGE_CURVE('',#9345,#9345,#9347,.T.);
#9345 = VERTEX_POINT('',#9346);
#9346 = CARTESIAN_POINT('',(123.698,-87.272,1.51));
#9347 = CIRCLE('',#9348,0.15);
#9348 = AXIS2_PLACEMENT_3D('',#9349,#9350,#9351);
#9349 = CARTESIAN_POINT('',(123.698,-87.122,1.51));
#9350 = DIRECTION('',(-0.,0.,-1.));
#9351 = DIRECTION('',(-9.473903143469E-14,-1.,0.));
#9352 = FACE_BOUND('',#9353,.T.);
#9353 = EDGE_LOOP('',(#9354));
#9354 = ORIENTED_EDGE('',*,*,#9355,.T.);
#9355 = EDGE_CURVE('',#9356,#9356,#9358,.T.);
#9356 = VERTEX_POINT('',#9357);
#9357 = CARTESIAN_POINT('',(127.508,-88.892,1.51));
#9358 = CIRCLE('',#9359,0.5);
#9359 = AXIS2_PLACEMENT_3D('',#9360,#9361,#9362);
#9360 = CARTESIAN_POINT('',(127.508,-88.392,1.51));
#9361 = DIRECTION('',(-0.,0.,-1.));
#9362 = DIRECTION('',(-2.84217094304E-14,-1.,0.));
#9363 = FACE_BOUND('',#9364,.T.);
#9364 = EDGE_LOOP('',(#9365));
#9365 = ORIENTED_EDGE('',*,*,#9366,.T.);
#9366 = EDGE_CURVE('',#9367,#9367,#9369,.T.);
#9367 = VERTEX_POINT('',#9368);
#9368 = CARTESIAN_POINT('',(96.012,-77.208,1.51));
#9369 = CIRCLE('',#9370,0.5);
#9370 = AXIS2_PLACEMENT_3D('',#9371,#9372,#9373);
#9371 = CARTESIAN_POINT('',(96.012,-76.708,1.51));
#9372 = DIRECTION('',(-0.,0.,-1.));
#9373 = DIRECTION('',(-0.,-1.,0.));
#9374 = FACE_BOUND('',#9375,.T.);
#9375 = EDGE_LOOP('',(#9376));
#9376 = ORIENTED_EDGE('',*,*,#9377,.T.);
#9377 = EDGE_CURVE('',#9378,#9378,#9380,.T.);
#9378 = VERTEX_POINT('',#9379);
#9379 = CARTESIAN_POINT('',(96.012,-74.668,1.51));
#9380 = CIRCLE('',#9381,0.5);
#9381 = AXIS2_PLACEMENT_3D('',#9382,#9383,#9384);
#9382 = CARTESIAN_POINT('',(96.012,-74.168,1.51));
#9383 = DIRECTION('',(-0.,0.,-1.));
#9384 = DIRECTION('',(-0.,-1.,0.));
#9385 = FACE_BOUND('',#9386,.T.);
#9386 = EDGE_LOOP('',(#9387));
#9387 = ORIENTED_EDGE('',*,*,#9388,.T.);
#9388 = EDGE_CURVE('',#9389,#9389,#9391,.T.);
#9389 = VERTEX_POINT('',#9390);
#9390 = CARTESIAN_POINT('',(100.076,-76.096,1.51));
#9391 = CIRCLE('',#9392,0.15);
#9392 = AXIS2_PLACEMENT_3D('',#9393,#9394,#9395);
#9393 = CARTESIAN_POINT('',(100.076,-75.946,1.51));
#9394 = DIRECTION('',(-0.,0.,-1.));
#9395 = DIRECTION('',(-0.,-1.,0.));
#9396 = FACE_BOUND('',#9397,.T.);
#9397 = EDGE_LOOP('',(#9398));
#9398 = ORIENTED_EDGE('',*,*,#9399,.T.);
#9399 = EDGE_CURVE('',#9400,#9400,#9402,.T.);
#9400 = VERTEX_POINT('',#9401);
#9401 = CARTESIAN_POINT('',(104.14,-76.042,1.51));
#9402 = CIRCLE('',#9403,0.35);
#9403 = AXIS2_PLACEMENT_3D('',#9404,#9405,#9406);
#9404 = CARTESIAN_POINT('',(104.14,-75.692,1.51));
#9405 = DIRECTION('',(-0.,0.,-1.));
#9406 = DIRECTION('',(-0.,-1.,0.));
#9407 = FACE_BOUND('',#9408,.T.);
#9408 = EDGE_LOOP('',(#9409));
#9409 = ORIENTED_EDGE('',*,*,#9410,.T.);
#9410 = EDGE_CURVE('',#9411,#9411,#9413,.T.);
#9411 = VERTEX_POINT('',#9412);
#9412 = CARTESIAN_POINT('',(104.288,-81.245,1.51));
#9413 = CIRCLE('',#9414,0.15);
#9414 = AXIS2_PLACEMENT_3D('',#9415,#9416,#9417);
#9415 = CARTESIAN_POINT('',(104.288,-81.095,1.51));
#9416 = DIRECTION('',(-0.,0.,-1.));
#9417 = DIRECTION('',(-9.473903143469E-14,-1.,0.));
#9418 = FACE_BOUND('',#9419,.T.);
#9419 = EDGE_LOOP('',(#9420));
#9420 = ORIENTED_EDGE('',*,*,#9421,.T.);
#9421 = EDGE_CURVE('',#9422,#9422,#9424,.T.);
#9422 = VERTEX_POINT('',#9423);
#9423 = CARTESIAN_POINT('',(112.012,-78.89,1.51));
#9424 = CIRCLE('',#9425,0.15);
#9425 = AXIS2_PLACEMENT_3D('',#9426,#9427,#9428);
#9426 = CARTESIAN_POINT('',(112.012,-78.74,1.51));
#9427 = DIRECTION('',(-0.,0.,-1.));
#9428 = DIRECTION('',(-0.,-1.,0.));
#9429 = FACE_BOUND('',#9430,.T.);
#9430 = EDGE_LOOP('',(#9431));
#9431 = ORIENTED_EDGE('',*,*,#9432,.T.);
#9432 = EDGE_CURVE('',#9433,#9433,#9435,.T.);
#9433 = VERTEX_POINT('',#9434);
#9434 = CARTESIAN_POINT('',(109.22,-76.042,1.51));
#9435 = CIRCLE('',#9436,0.35);
#9436 = AXIS2_PLACEMENT_3D('',#9437,#9438,#9439);
#9437 = CARTESIAN_POINT('',(109.22,-75.692,1.51));
#9438 = DIRECTION('',(-0.,0.,-1.));
#9439 = DIRECTION('',(-0.,-1.,0.));
#9440 = FACE_BOUND('',#9441,.T.);
#9441 = EDGE_LOOP('',(#9442));
#9442 = ORIENTED_EDGE('',*,*,#9443,.T.);
#9443 = EDGE_CURVE('',#9444,#9444,#9446,.T.);
#9444 = VERTEX_POINT('',#9445);
#9445 = CARTESIAN_POINT('',(101.092,-70.508,1.51));
#9446 = CIRCLE('',#9447,0.15);
#9447 = AXIS2_PLACEMENT_3D('',#9448,#9449,#9450);
#9448 = CARTESIAN_POINT('',(101.092,-70.358,1.51));
#9449 = DIRECTION('',(-0.,0.,-1.));
#9450 = DIRECTION('',(-0.,-1.,0.));
#9451 = FACE_BOUND('',#9452,.T.);
#9452 = EDGE_LOOP('',(#9453));
#9453 = ORIENTED_EDGE('',*,*,#9454,.T.);
#9454 = EDGE_CURVE('',#9455,#9455,#9457,.T.);
#9455 = VERTEX_POINT('',#9456);
#9456 = CARTESIAN_POINT('',(104.14,-70.454,1.51));
#9457 = CIRCLE('',#9458,0.35);
#9458 = AXIS2_PLACEMENT_3D('',#9459,#9460,#9461);
#9459 = CARTESIAN_POINT('',(104.14,-70.104,1.51));
#9460 = DIRECTION('',(-0.,0.,-1.));
#9461 = DIRECTION('',(-0.,-1.,0.));
#9462 = FACE_BOUND('',#9463,.T.);
#9463 = EDGE_LOOP('',(#9464));
#9464 = ORIENTED_EDGE('',*,*,#9465,.T.);
#9465 = EDGE_CURVE('',#9466,#9466,#9468,.T.);
#9466 = VERTEX_POINT('',#9467);
#9467 = CARTESIAN_POINT('',(98.,-68.6,1.51));
#9468 = CIRCLE('',#9469,1.6);
#9469 = AXIS2_PLACEMENT_3D('',#9470,#9471,#9472);
#9470 = CARTESIAN_POINT('',(98.,-67.,1.51));
#9471 = DIRECTION('',(-0.,0.,-1.));
#9472 = DIRECTION('',(-0.,-1.,0.));
#9473 = FACE_BOUND('',#9474,.T.);
#9474 = EDGE_LOOP('',(#9475));
#9475 = ORIENTED_EDGE('',*,*,#9476,.T.);
#9476 = EDGE_CURVE('',#9477,#9477,#9479,.T.);
#9477 = VERTEX_POINT('',#9478);
#9478 = CARTESIAN_POINT('',(113.03,-73.302,1.51));
#9479 = CIRCLE('',#9480,0.15);
#9480 = AXIS2_PLACEMENT_3D('',#9481,#9482,#9483);
#9481 = CARTESIAN_POINT('',(113.03,-73.152,1.51));
#9482 = DIRECTION('',(-0.,0.,-1.));
#9483 = DIRECTION('',(-0.,-1.,0.));
#9484 = FACE_BOUND('',#9485,.T.);
#9485 = EDGE_LOOP('',(#9486));
#9486 = ORIENTED_EDGE('',*,*,#9487,.T.);
#9487 = EDGE_CURVE('',#9488,#9488,#9490,.T.);
#9488 = VERTEX_POINT('',#9489);
#9489 = CARTESIAN_POINT('',(109.22,-70.454,1.51));
#9490 = CIRCLE('',#9491,0.35);
#9491 = AXIS2_PLACEMENT_3D('',#9492,#9493,#9494);
#9492 = CARTESIAN_POINT('',(109.22,-70.104,1.51));
#9493 = DIRECTION('',(-0.,0.,-1.));
#9494 = DIRECTION('',(-0.,-1.,0.));
#9495 = FACE_BOUND('',#9496,.T.);
#9496 = EDGE_LOOP('',(#9497));
#9497 = ORIENTED_EDGE('',*,*,#9498,.T.);
#9498 = EDGE_CURVE('',#9499,#9499,#9501,.T.);
#9499 = VERTEX_POINT('',#9500);
#9500 = CARTESIAN_POINT('',(106.172,-66.19,1.51));
#9501 = CIRCLE('',#9502,0.15);
#9502 = AXIS2_PLACEMENT_3D('',#9503,#9504,#9505);
#9503 = CARTESIAN_POINT('',(106.172,-66.04,1.51));
#9504 = DIRECTION('',(-0.,0.,-1.));
#9505 = DIRECTION('',(-0.,-1.,0.));
#9506 = FACE_BOUND('',#9507,.T.);
#9507 = EDGE_LOOP('',(#9508));
#9508 = ORIENTED_EDGE('',*,*,#9509,.T.);
#9509 = EDGE_CURVE('',#9510,#9510,#9512,.T.);
#9510 = VERTEX_POINT('',#9511);
#9511 = CARTESIAN_POINT('',(115.316,-81.43,1.51));
#9512 = CIRCLE('',#9513,0.15);
#9513 = AXIS2_PLACEMENT_3D('',#9514,#9515,#9516);
#9514 = CARTESIAN_POINT('',(115.316,-81.28,1.51));
#9515 = DIRECTION('',(-0.,0.,-1.));
#9516 = DIRECTION('',(-0.,-1.,0.));
#9517 = FACE_BOUND('',#9518,.T.);
#9518 = EDGE_LOOP('',(#9519));
#9519 = ORIENTED_EDGE('',*,*,#9520,.T.);
#9520 = EDGE_CURVE('',#9521,#9521,#9523,.T.);
#9521 = VERTEX_POINT('',#9522);
#9522 = CARTESIAN_POINT('',(114.808,-78.89,1.51));
#9523 = CIRCLE('',#9524,0.15);
#9524 = AXIS2_PLACEMENT_3D('',#9525,#9526,#9527);
#9525 = CARTESIAN_POINT('',(114.808,-78.74,1.51));
#9526 = DIRECTION('',(-0.,0.,-1.));
#9527 = DIRECTION('',(9.473903143467E-14,-1.,-0.));
#9528 = FACE_BOUND('',#9529,.T.);
#9529 = EDGE_LOOP('',(#9530));
#9530 = ORIENTED_EDGE('',*,*,#9531,.T.);
#9531 = EDGE_CURVE('',#9532,#9532,#9534,.T.);
#9532 = VERTEX_POINT('',#9533);
#9533 = CARTESIAN_POINT('',(120.9,-82.446,1.51));
#9534 = CIRCLE('',#9535,0.15);
#9535 = AXIS2_PLACEMENT_3D('',#9536,#9537,#9538);
#9536 = CARTESIAN_POINT('',(120.9,-82.296,1.51));
#9537 = DIRECTION('',(-0.,0.,-1.));
#9538 = DIRECTION('',(-0.,-1.,0.));
#9539 = FACE_BOUND('',#9540,.T.);
#9540 = EDGE_LOOP('',(#9541));
#9541 = ORIENTED_EDGE('',*,*,#9542,.T.);
#9542 = EDGE_CURVE('',#9543,#9543,#9545,.T.);
#9543 = VERTEX_POINT('',#9544);
#9544 = CARTESIAN_POINT('',(118.872,-78.382,1.51));
#9545 = CIRCLE('',#9546,0.15);
#9546 = AXIS2_PLACEMENT_3D('',#9547,#9548,#9549);
#9547 = CARTESIAN_POINT('',(118.872,-78.232,1.51));
#9548 = DIRECTION('',(-0.,0.,-1.));
#9549 = DIRECTION('',(-0.,-1.,0.));
#9550 = FACE_BOUND('',#9551,.T.);
#9551 = EDGE_LOOP('',(#9552));
#9552 = ORIENTED_EDGE('',*,*,#9553,.T.);
#9553 = EDGE_CURVE('',#9554,#9554,#9556,.T.);
#9554 = VERTEX_POINT('',#9555);
#9555 = CARTESIAN_POINT('',(116.84,-77.874,1.51));
#9556 = CIRCLE('',#9557,0.15);
#9557 = AXIS2_PLACEMENT_3D('',#9558,#9559,#9560);
#9558 = CARTESIAN_POINT('',(116.84,-77.724,1.51));
#9559 = DIRECTION('',(-0.,0.,-1.));
#9560 = DIRECTION('',(-0.,-1.,0.));
#9561 = FACE_BOUND('',#9562,.T.);
#9562 = EDGE_LOOP('',(#9563));
#9563 = ORIENTED_EDGE('',*,*,#9564,.T.);
#9564 = EDGE_CURVE('',#9565,#9565,#9567,.T.);
#9565 = VERTEX_POINT('',#9566);
#9566 = CARTESIAN_POINT('',(124.46,-79.398,1.51));
#9567 = CIRCLE('',#9568,0.15);
#9568 = AXIS2_PLACEMENT_3D('',#9569,#9570,#9571);
#9569 = CARTESIAN_POINT('',(124.46,-79.248,1.51));
#9570 = DIRECTION('',(-0.,0.,-1.));
#9571 = DIRECTION('',(-9.473903143469E-14,-1.,0.));
#9572 = FACE_BOUND('',#9573,.T.);
#9573 = EDGE_LOOP('',(#9574));
#9574 = ORIENTED_EDGE('',*,*,#9575,.T.);
#9575 = EDGE_CURVE('',#9576,#9576,#9578,.T.);
#9576 = VERTEX_POINT('',#9577);
#9577 = CARTESIAN_POINT('',(127.508,-81.78,1.51));
#9578 = CIRCLE('',#9579,0.5);
#9579 = AXIS2_PLACEMENT_3D('',#9580,#9581,#9582);
#9580 = CARTESIAN_POINT('',(127.508,-81.28,1.51));
#9581 = DIRECTION('',(-0.,0.,-1.));
#9582 = DIRECTION('',(-2.84217094304E-14,-1.,0.));
#9583 = FACE_BOUND('',#9584,.T.);
#9584 = EDGE_LOOP('',(#9585));
#9585 = ORIENTED_EDGE('',*,*,#9586,.T.);
#9586 = EDGE_CURVE('',#9587,#9587,#9589,.T.);
#9587 = VERTEX_POINT('',#9588);
#9588 = CARTESIAN_POINT('',(127.508,-79.24,1.51));
#9589 = CIRCLE('',#9590,0.5);
#9590 = AXIS2_PLACEMENT_3D('',#9591,#9592,#9593);
#9591 = CARTESIAN_POINT('',(127.508,-78.74,1.51));
#9592 = DIRECTION('',(-0.,0.,-1.));
#9593 = DIRECTION('',(-2.84217094304E-14,-1.,0.));
#9594 = FACE_BOUND('',#9595,.T.);
#9595 = EDGE_LOOP('',(#9596));
#9596 = ORIENTED_EDGE('',*,*,#9597,.T.);
#9597 = EDGE_CURVE('',#9598,#9598,#9600,.T.);
#9598 = VERTEX_POINT('',#9599);
#9599 = CARTESIAN_POINT('',(127.508,-76.7,1.51));
#9600 = CIRCLE('',#9601,0.5);
#9601 = AXIS2_PLACEMENT_3D('',#9602,#9603,#9604);
#9602 = CARTESIAN_POINT('',(127.508,-76.2,1.51));
#9603 = DIRECTION('',(-0.,0.,-1.));
#9604 = DIRECTION('',(-2.84217094304E-14,-1.,0.));
#9605 = FACE_BOUND('',#9606,.T.);
#9606 = EDGE_LOOP('',(#9607));
#9607 = ORIENTED_EDGE('',*,*,#9608,.T.);
#9608 = EDGE_CURVE('',#9609,#9609,#9611,.T.);
#9609 = VERTEX_POINT('',#9610);
#9610 = CARTESIAN_POINT('',(130.81,-74.572,1.51));
#9611 = CIRCLE('',#9612,0.15);
#9612 = AXIS2_PLACEMENT_3D('',#9613,#9614,#9615);
#9613 = CARTESIAN_POINT('',(130.81,-74.422,1.51));
#9614 = DIRECTION('',(-0.,0.,-1.));
#9615 = DIRECTION('',(-0.,-1.,0.));
#9616 = FACE_BOUND('',#9617,.T.);
#9617 = EDGE_LOOP('',(#9618));
#9618 = ORIENTED_EDGE('',*,*,#9619,.T.);
#9619 = EDGE_CURVE('',#9620,#9620,#9622,.T.);
#9620 = VERTEX_POINT('',#9621);
#9621 = CARTESIAN_POINT('',(124.206,-73.048,1.51));
#9622 = CIRCLE('',#9623,0.15);
#9623 = AXIS2_PLACEMENT_3D('',#9624,#9625,#9626);
#9624 = CARTESIAN_POINT('',(124.206,-72.898,1.51));
#9625 = DIRECTION('',(-0.,0.,-1.));
#9626 = DIRECTION('',(9.473903143468E-14,-1.,-0.));
#9627 = FACE_BOUND('',#9628,.T.);
#9628 = EDGE_LOOP('',(#9629));
#9629 = ORIENTED_EDGE('',*,*,#9630,.T.);
#9630 = EDGE_CURVE('',#9631,#9631,#9633,.T.);
#9631 = VERTEX_POINT('',#9632);
#9632 = CARTESIAN_POINT('',(127.508,-74.16,1.51));
#9633 = CIRCLE('',#9634,0.5);
#9634 = AXIS2_PLACEMENT_3D('',#9635,#9636,#9637);
#9635 = CARTESIAN_POINT('',(127.508,-73.66,1.51));
#9636 = DIRECTION('',(-0.,0.,-1.));
#9637 = DIRECTION('',(-2.84217094304E-14,-1.,0.));
#9638 = FACE_BOUND('',#9639,.T.);
#9639 = EDGE_LOOP('',(#9640));
#9640 = ORIENTED_EDGE('',*,*,#9641,.T.);
#9641 = EDGE_CURVE('',#9642,#9642,#9644,.T.);
#9642 = VERTEX_POINT('',#9643);
#9643 = CARTESIAN_POINT('',(122.174,-66.444,1.51));
#9644 = CIRCLE('',#9645,0.15);
#9645 = AXIS2_PLACEMENT_3D('',#9646,#9647,#9648);
#9646 = CARTESIAN_POINT('',(122.174,-66.294,1.51));
#9647 = DIRECTION('',(-0.,0.,-1.));
#9648 = DIRECTION('',(-0.,-1.,0.));
#9649 = FACE_BOUND('',#9650,.T.);
#9650 = EDGE_LOOP('',(#9651));
#9651 = ORIENTED_EDGE('',*,*,#9652,.T.);
#9652 = EDGE_CURVE('',#9653,#9653,#9655,.T.);
#9653 = VERTEX_POINT('',#9654);
#9654 = CARTESIAN_POINT('',(127.,-68.6,1.51));
#9655 = CIRCLE('',#9656,1.6);
#9656 = AXIS2_PLACEMENT_3D('',#9657,#9658,#9659);
#9657 = CARTESIAN_POINT('',(127.,-67.,1.51));
#9658 = DIRECTION('',(-0.,0.,-1.));
#9659 = DIRECTION('',(-0.,-1.,0.));
#9660 = PLANE('',#9661);
#9661 = AXIS2_PLACEMENT_3D('',#9662,#9663,#9664);
#9662 = CARTESIAN_POINT('',(0.,0.,1.51));
#9663 = DIRECTION('',(0.,0.,1.));
#9664 = DIRECTION('',(1.,0.,-0.));
#9665 = ADVANCED_FACE('',(#9666),#9677,.T.);
#9666 = FACE_BOUND('',#9667,.T.);
#9667 = EDGE_LOOP('',(#9668,#9674,#9675,#9676));
#9668 = ORIENTED_EDGE('',*,*,#9669,.T.);
#9669 = EDGE_CURVE('',#8424,#9048,#9670,.T.);
#9670 = LINE('',#9671,#9672);
#9671 = CARTESIAN_POINT('',(92.106786,-69.360358,0.));
#9672 = VECTOR('',#9673,1.);
#9673 = DIRECTION('',(0.,0.,1.));
#9674 = ORIENTED_EDGE('',*,*,#9047,.T.);
#9675 = ORIENTED_EDGE('',*,*,#8359,.F.);
#9676 = ORIENTED_EDGE('',*,*,#8423,.F.);
#9677 = CYLINDRICAL_SURFACE('',#9678,7.578565693666);
#9678 = AXIS2_PLACEMENT_3D('',#9679,#9680,#9681);
#9679 = CARTESIAN_POINT('',(99.685351693664,-69.36035169365,0.));
#9680 = DIRECTION('',(0.,0.,-1.));
#9681 = DIRECTION('',(-1.,-8.321296334452E-07,-0.));
#9682 = ADVANCED_FACE('',(#9683),#9694,.T.);
#9683 = FACE_BOUND('',#9684,.T.);
#9684 = EDGE_LOOP('',(#9685,#9686,#9687,#9693));
#9685 = ORIENTED_EDGE('',*,*,#8399,.T.);
#9686 = ORIENTED_EDGE('',*,*,#9081,.T.);
#9687 = ORIENTED_EDGE('',*,*,#9688,.F.);
#9688 = EDGE_CURVE('',#8450,#9074,#9689,.T.);
#9689 = LINE('',#9690,#9691);
#9690 = CARTESIAN_POINT('',(124.694633,-102.188214,0.));
#9691 = VECTOR('',#9692,1.);
#9692 = DIRECTION('',(0.,0.,1.));
#9693 = ORIENTED_EDGE('',*,*,#8457,.F.);
#9694 = CYLINDRICAL_SURFACE('',#9695,7.578565693666);
#9695 = AXIS2_PLACEMENT_3D('',#9696,#9697,#9698);
#9696 = CARTESIAN_POINT('',(124.69464830633,-94.60964830634,0.));
#9697 = DIRECTION('',(0.,0.,-1.));
#9698 = DIRECTION('',(1.,8.3212963157E-07,0.));
#9699 = ADVANCED_FACE('',(#9700),#9711,.T.);
#9700 = FACE_BOUND('',#9701,.T.);
#9701 = EDGE_LOOP('',(#9702,#9708,#9709,#9710));
#9702 = ORIENTED_EDGE('',*,*,#9703,.T.);
#9703 = EDGE_CURVE('',#8433,#9057,#9704,.T.);
#9704 = LINE('',#9705,#9706);
#9705 = CARTESIAN_POINT('',(92.106786,-94.609642,0.));
#9706 = VECTOR('',#9707,1.);
#9707 = DIRECTION('',(0.,0.,1.));
#9708 = ORIENTED_EDGE('',*,*,#9056,.T.);
#9709 = ORIENTED_EDGE('',*,*,#9669,.F.);
#9710 = ORIENTED_EDGE('',*,*,#8432,.F.);
#9711 = PLANE('',#9712);
#9712 = AXIS2_PLACEMENT_3D('',#9713,#9714,#9715);
#9713 = CARTESIAN_POINT('',(92.106786,-94.609642,0.));
#9714 = DIRECTION('',(-1.,0.,0.));
#9715 = DIRECTION('',(0.,1.,0.));
#9716 = ADVANCED_FACE('',(#9717),#9728,.T.);
#9717 = FACE_BOUND('',#9718,.T.);
#9718 = EDGE_LOOP('',(#9719,#9720,#9721,#9727));
#9719 = ORIENTED_EDGE('',*,*,#9688,.T.);
#9720 = ORIENTED_EDGE('',*,*,#9073,.T.);
#9721 = ORIENTED_EDGE('',*,*,#9722,.F.);
#9722 = EDGE_CURVE('',#8441,#9065,#9723,.T.);
#9723 = LINE('',#9724,#9725);
#9724 = CARTESIAN_POINT('',(99.685367,-102.188214,0.));
#9725 = VECTOR('',#9726,1.);
#9726 = DIRECTION('',(0.,0.,1.));
#9727 = ORIENTED_EDGE('',*,*,#8449,.F.);
#9728 = PLANE('',#9729);
#9729 = AXIS2_PLACEMENT_3D('',#9730,#9731,#9732);
#9730 = CARTESIAN_POINT('',(124.694633,-102.188214,0.));
#9731 = DIRECTION('',(0.,-1.,0.));
#9732 = DIRECTION('',(-1.,0.,0.));
#9733 = ADVANCED_FACE('',(#9734),#9740,.T.);
#9734 = FACE_BOUND('',#9735,.T.);
#9735 = EDGE_LOOP('',(#9736,#9737,#9738,#9739));
#9736 = ORIENTED_EDGE('',*,*,#9722,.T.);
#9737 = ORIENTED_EDGE('',*,*,#9064,.T.);
#9738 = ORIENTED_EDGE('',*,*,#9703,.F.);
#9739 = ORIENTED_EDGE('',*,*,#8440,.F.);
#9740 = CYLINDRICAL_SURFACE('',#9741,7.578586178943);
#9741 = AXIS2_PLACEMENT_3D('',#9742,#9743,#9744);
#9742 = CARTESIAN_POINT('',(99.685372178929,-94.60962782105,0.));
#9743 = DIRECTION('',(0.,0.,-1.));
#9744 = DIRECTION('',(-6.833635162745E-07,-1.,-0.));
#9745 = ADVANCED_FACE('',(#9746),#9757,.F.);
#9746 = FACE_BOUND('',#9747,.T.);
#9747 = EDGE_LOOP('',(#9748,#9749,#9755,#9756));
#9748 = ORIENTED_EDGE('',*,*,#8467,.T.);
#9749 = ORIENTED_EDGE('',*,*,#9750,.T.);
#9750 = EDGE_CURVE('',#8468,#9092,#9751,.T.);
#9751 = LINE('',#9752,#9753);
#9752 = CARTESIAN_POINT('',(98.,-98.6,-4.6E-02));
#9753 = VECTOR('',#9754,1.);
#9754 = DIRECTION('',(0.,0.,1.));
#9755 = ORIENTED_EDGE('',*,*,#9091,.F.);
#9756 = ORIENTED_EDGE('',*,*,#9750,.F.);
#9757 = CYLINDRICAL_SURFACE('',#9758,1.6);
#9758 = AXIS2_PLACEMENT_3D('',#9759,#9760,#9761);
#9759 = CARTESIAN_POINT('',(98.,-97.,-4.6E-02));
#9760 = DIRECTION('',(-0.,-0.,-1.));
#9761 = DIRECTION('',(-0.,-1.,0.));
#9762 = ADVANCED_FACE('',(#9763),#9774,.F.);
#9763 = FACE_BOUND('',#9764,.T.);
#9764 = EDGE_LOOP('',(#9765,#9766,#9772,#9773));
#9765 = ORIENTED_EDGE('',*,*,#8478,.T.);
#9766 = ORIENTED_EDGE('',*,*,#9767,.T.);
#9767 = EDGE_CURVE('',#8479,#9103,#9768,.T.);
#9768 = LINE('',#9769,#9770);
#9769 = CARTESIAN_POINT('',(99.568,-93.114,-3.6E-02));
#9770 = VECTOR('',#9771,1.);
#9771 = DIRECTION('',(0.,0.,1.));
#9772 = ORIENTED_EDGE('',*,*,#9102,.F.);
#9773 = ORIENTED_EDGE('',*,*,#9767,.F.);
#9774 = CYLINDRICAL_SURFACE('',#9775,0.15);
#9775 = AXIS2_PLACEMENT_3D('',#9776,#9777,#9778);
#9776 = CARTESIAN_POINT('',(99.568,-92.964,-3.6E-02));
#9777 = DIRECTION('',(-0.,-0.,-1.));
#9778 = DIRECTION('',(-9.473903143469E-14,-1.,0.));
#9779 = ADVANCED_FACE('',(#9780),#9791,.F.);
#9780 = FACE_BOUND('',#9781,.T.);
#9781 = EDGE_LOOP('',(#9782,#9783,#9789,#9790));
#9782 = ORIENTED_EDGE('',*,*,#8489,.T.);
#9783 = ORIENTED_EDGE('',*,*,#9784,.T.);
#9784 = EDGE_CURVE('',#8490,#9114,#9785,.T.);
#9785 = LINE('',#9786,#9787);
#9786 = CARTESIAN_POINT('',(95.504,-91.59,-3.6E-02));
#9787 = VECTOR('',#9788,1.);
#9788 = DIRECTION('',(0.,0.,1.));
#9789 = ORIENTED_EDGE('',*,*,#9113,.F.);
#9790 = ORIENTED_EDGE('',*,*,#9784,.F.);
#9791 = CYLINDRICAL_SURFACE('',#9792,0.15);
#9792 = AXIS2_PLACEMENT_3D('',#9793,#9794,#9795);
#9793 = CARTESIAN_POINT('',(95.504,-91.44,-3.6E-02));
#9794 = DIRECTION('',(-0.,0.,-1.));
#9795 = DIRECTION('',(9.473903143468E-14,-1.,-0.));
#9796 = ADVANCED_FACE('',(#9797),#9808,.F.);
#9797 = FACE_BOUND('',#9798,.T.);
#9798 = EDGE_LOOP('',(#9799,#9800,#9806,#9807));
#9799 = ORIENTED_EDGE('',*,*,#8500,.T.);
#9800 = ORIENTED_EDGE('',*,*,#9801,.T.);
#9801 = EDGE_CURVE('',#8501,#9125,#9802,.T.);
#9802 = LINE('',#9803,#9804);
#9803 = CARTESIAN_POINT('',(98.044,-92.098,-3.6E-02));
#9804 = VECTOR('',#9805,1.);
#9805 = DIRECTION('',(0.,0.,1.));
#9806 = ORIENTED_EDGE('',*,*,#9124,.F.);
#9807 = ORIENTED_EDGE('',*,*,#9801,.F.);
#9808 = CYLINDRICAL_SURFACE('',#9809,0.15);
#9809 = AXIS2_PLACEMENT_3D('',#9810,#9811,#9812);
#9810 = CARTESIAN_POINT('',(98.044,-91.948,-3.6E-02));
#9811 = DIRECTION('',(-0.,-0.,-1.));
#9812 = DIRECTION('',(-9.473903143469E-14,-1.,0.));
#9813 = ADVANCED_FACE('',(#9814),#9825,.F.);
#9814 = FACE_BOUND('',#9815,.T.);
#9815 = EDGE_LOOP('',(#9816,#9817,#9823,#9824));
#9816 = ORIENTED_EDGE('',*,*,#8511,.T.);
#9817 = ORIENTED_EDGE('',*,*,#9818,.T.);
#9818 = EDGE_CURVE('',#8512,#9136,#9819,.T.);
#9819 = LINE('',#9820,#9821);
#9820 = CARTESIAN_POINT('',(104.14,-95.146,-3.6E-02));
#9821 = VECTOR('',#9822,1.);
#9822 = DIRECTION('',(0.,0.,1.));
#9823 = ORIENTED_EDGE('',*,*,#9135,.F.);
#9824 = ORIENTED_EDGE('',*,*,#9818,.F.);
#9825 = CYLINDRICAL_SURFACE('',#9826,0.15);
#9826 = AXIS2_PLACEMENT_3D('',#9827,#9828,#9829);
#9827 = CARTESIAN_POINT('',(104.14,-94.996,-3.6E-02));
#9828 = DIRECTION('',(-0.,-0.,-1.));
#9829 = DIRECTION('',(-0.,-1.,0.));
#9830 = ADVANCED_FACE('',(#9831),#9842,.F.);
#9831 = FACE_BOUND('',#9832,.T.);
#9832 = EDGE_LOOP('',(#9833,#9834,#9840,#9841));
#9833 = ORIENTED_EDGE('',*,*,#8522,.T.);
#9834 = ORIENTED_EDGE('',*,*,#9835,.T.);
#9835 = EDGE_CURVE('',#8523,#9147,#9836,.T.);
#9836 = LINE('',#9837,#9838);
#9837 = CARTESIAN_POINT('',(110.,-99.236,-3.6E-02));
#9838 = VECTOR('',#9839,1.);
#9839 = DIRECTION('',(0.,0.,1.));
#9840 = ORIENTED_EDGE('',*,*,#9146,.F.);
#9841 = ORIENTED_EDGE('',*,*,#9835,.F.);
#9842 = CYLINDRICAL_SURFACE('',#9843,0.15);
#9843 = AXIS2_PLACEMENT_3D('',#9844,#9845,#9846);
#9844 = CARTESIAN_POINT('',(110.,-99.086,-3.6E-02));
#9845 = DIRECTION('',(-0.,-0.,-1.));
#9846 = DIRECTION('',(-0.,-1.,0.));
#9847 = ADVANCED_FACE('',(#9848),#9859,.F.);
#9848 = FACE_BOUND('',#9849,.T.);
#9849 = EDGE_LOOP('',(#9850,#9851,#9857,#9858));
#9850 = ORIENTED_EDGE('',*,*,#8533,.T.);
#9851 = ORIENTED_EDGE('',*,*,#9852,.T.);
#9852 = EDGE_CURVE('',#8534,#9158,#9853,.T.);
#9853 = LINE('',#9854,#9855);
#9854 = CARTESIAN_POINT('',(112.776,-97.686,-3.6E-02));
#9855 = VECTOR('',#9856,1.);
#9856 = DIRECTION('',(0.,0.,1.));
#9857 = ORIENTED_EDGE('',*,*,#9157,.F.);
#9858 = ORIENTED_EDGE('',*,*,#9852,.F.);
#9859 = CYLINDRICAL_SURFACE('',#9860,0.15);
#9860 = AXIS2_PLACEMENT_3D('',#9861,#9862,#9863);
#9861 = CARTESIAN_POINT('',(112.776,-97.536,-3.6E-02));
#9862 = DIRECTION('',(-0.,-0.,-1.));
#9863 = DIRECTION('',(-9.473903143469E-14,-1.,0.));
#9864 = ADVANCED_FACE('',(#9865),#9876,.F.);
#9865 = FACE_BOUND('',#9866,.T.);
#9866 = EDGE_LOOP('',(#9867,#9868,#9874,#9875));
#9867 = ORIENTED_EDGE('',*,*,#8544,.T.);
#9868 = ORIENTED_EDGE('',*,*,#9869,.T.);
#9869 = EDGE_CURVE('',#8545,#9169,#9870,.T.);
#9870 = LINE('',#9871,#9872);
#9871 = CARTESIAN_POINT('',(104.14,-89.05,-3.6E-02));
#9872 = VECTOR('',#9873,1.);
#9873 = DIRECTION('',(0.,0.,1.));
#9874 = ORIENTED_EDGE('',*,*,#9168,.F.);
#9875 = ORIENTED_EDGE('',*,*,#9869,.F.);
#9876 = CYLINDRICAL_SURFACE('',#9877,0.15);
#9877 = AXIS2_PLACEMENT_3D('',#9878,#9879,#9880);
#9878 = CARTESIAN_POINT('',(104.14,-88.9,-3.6E-02));
#9879 = DIRECTION('',(-0.,-0.,-1.));
#9880 = DIRECTION('',(-0.,-1.,0.));
#9881 = ADVANCED_FACE('',(#9882),#9893,.F.);
#9882 = FACE_BOUND('',#9883,.T.);
#9883 = EDGE_LOOP('',(#9884,#9885,#9891,#9892));
#9884 = ORIENTED_EDGE('',*,*,#8555,.T.);
#9885 = ORIENTED_EDGE('',*,*,#9886,.T.);
#9886 = EDGE_CURVE('',#8556,#9180,#9887,.T.);
#9887 = LINE('',#9888,#9889);
#9888 = CARTESIAN_POINT('',(103.124,-87.78,-3.6E-02));
#9889 = VECTOR('',#9890,1.);
#9890 = DIRECTION('',(0.,0.,1.));
#9891 = ORIENTED_EDGE('',*,*,#9179,.F.);
#9892 = ORIENTED_EDGE('',*,*,#9886,.F.);
#9893 = CYLINDRICAL_SURFACE('',#9894,0.15);
#9894 = AXIS2_PLACEMENT_3D('',#9895,#9896,#9897);
#9895 = CARTESIAN_POINT('',(103.124,-87.63,-3.6E-02));
#9896 = DIRECTION('',(-0.,-0.,-1.));
#9897 = DIRECTION('',(-0.,-1.,0.));
#9898 = ADVANCED_FACE('',(#9899),#9910,.F.);
#9899 = FACE_BOUND('',#9900,.T.);
#9900 = EDGE_LOOP('',(#9901,#9902,#9908,#9909));
#9901 = ORIENTED_EDGE('',*,*,#8566,.T.);
#9902 = ORIENTED_EDGE('',*,*,#9903,.T.);
#9903 = EDGE_CURVE('',#8567,#9191,#9904,.T.);
#9904 = LINE('',#9905,#9906);
#9905 = CARTESIAN_POINT('',(95.504,-85.746,-3.6E-02));
#9906 = VECTOR('',#9907,1.);
#9907 = DIRECTION('',(0.,0.,1.));
#9908 = ORIENTED_EDGE('',*,*,#9190,.F.);
#9909 = ORIENTED_EDGE('',*,*,#9903,.F.);
#9910 = CYLINDRICAL_SURFACE('',#9911,0.15);
#9911 = AXIS2_PLACEMENT_3D('',#9912,#9913,#9914);
#9912 = CARTESIAN_POINT('',(95.504,-85.596,-3.6E-02));
#9913 = DIRECTION('',(-0.,0.,-1.));
#9914 = DIRECTION('',(9.473903143467E-14,-1.,-0.));
#9915 = ADVANCED_FACE('',(#9916),#9927,.F.);
#9916 = FACE_BOUND('',#9917,.T.);
#9917 = EDGE_LOOP('',(#9918,#9919,#9925,#9926));
#9918 = ORIENTED_EDGE('',*,*,#8577,.T.);
#9919 = ORIENTED_EDGE('',*,*,#9920,.T.);
#9920 = EDGE_CURVE('',#8578,#9202,#9921,.T.);
#9921 = LINE('',#9922,#9923);
#9922 = CARTESIAN_POINT('',(99.568,-84.605,-3.6E-02));
#9923 = VECTOR('',#9924,1.);
#9924 = DIRECTION('',(0.,0.,1.));
#9925 = ORIENTED_EDGE('',*,*,#9201,.F.);
#9926 = ORIENTED_EDGE('',*,*,#9920,.F.);
#9927 = CYLINDRICAL_SURFACE('',#9928,0.15);
#9928 = AXIS2_PLACEMENT_3D('',#9929,#9930,#9931);
#9929 = CARTESIAN_POINT('',(99.568,-84.455,-3.6E-02));
#9930 = DIRECTION('',(-0.,-0.,-1.));
#9931 = DIRECTION('',(-9.473903143469E-14,-1.,0.));
#9932 = ADVANCED_FACE('',(#9933),#9944,.F.);
#9933 = FACE_BOUND('',#9934,.T.);
#9934 = EDGE_LOOP('',(#9935,#9936,#9942,#9943));
#9935 = ORIENTED_EDGE('',*,*,#8588,.T.);
#9936 = ORIENTED_EDGE('',*,*,#9937,.T.);
#9937 = EDGE_CURVE('',#8589,#9213,#9938,.T.);
#9938 = LINE('',#9939,#9940);
#9939 = CARTESIAN_POINT('',(103.124,-83.97,-3.6E-02));
#9940 = VECTOR('',#9941,1.);
#9941 = DIRECTION('',(0.,0.,1.));
#9942 = ORIENTED_EDGE('',*,*,#9212,.F.);
#9943 = ORIENTED_EDGE('',*,*,#9937,.F.);
#9944 = CYLINDRICAL_SURFACE('',#9945,0.15);
#9945 = AXIS2_PLACEMENT_3D('',#9946,#9947,#9948);
#9946 = CARTESIAN_POINT('',(103.124,-83.82,-3.6E-02));
#9947 = DIRECTION('',(-0.,-0.,-1.));
#9948 = DIRECTION('',(-0.,-1.,0.));
#9949 = ADVANCED_FACE('',(#9950),#9961,.F.);
#9950 = FACE_BOUND('',#9951,.T.);
#9951 = EDGE_LOOP('',(#9952,#9953,#9959,#9960));
#9952 = ORIENTED_EDGE('',*,*,#8599,.T.);
#9953 = ORIENTED_EDGE('',*,*,#9954,.T.);
#9954 = EDGE_CURVE('',#8600,#9224,#9955,.T.);
#9955 = LINE('',#9956,#9957);
#9956 = CARTESIAN_POINT('',(105.918,-89.304,-3.6E-02));
#9957 = VECTOR('',#9958,1.);
#9958 = DIRECTION('',(0.,0.,1.));
#9959 = ORIENTED_EDGE('',*,*,#9223,.F.);
#9960 = ORIENTED_EDGE('',*,*,#9954,.F.);
#9961 = CYLINDRICAL_SURFACE('',#9962,0.15);
#9962 = AXIS2_PLACEMENT_3D('',#9963,#9964,#9965);
#9963 = CARTESIAN_POINT('',(105.918,-89.154,-3.6E-02));
#9964 = DIRECTION('',(-0.,-0.,-1.));
#9965 = DIRECTION('',(-0.,-1.,0.));
#9966 = ADVANCED_FACE('',(#9967),#9978,.F.);
#9967 = FACE_BOUND('',#9968,.T.);
#9968 = EDGE_LOOP('',(#9969,#9970,#9976,#9977));
#9969 = ORIENTED_EDGE('',*,*,#8610,.T.);
#9970 = ORIENTED_EDGE('',*,*,#9971,.T.);
#9971 = EDGE_CURVE('',#8611,#9235,#9972,.T.);
#9972 = LINE('',#9973,#9974);
#9973 = CARTESIAN_POINT('',(111.3536,-89.812,-3.6E-02));
#9974 = VECTOR('',#9975,1.);
#9975 = DIRECTION('',(0.,0.,1.));
#9976 = ORIENTED_EDGE('',*,*,#9234,.F.);
#9977 = ORIENTED_EDGE('',*,*,#9971,.F.);
#9978 = CYLINDRICAL_SURFACE('',#9979,0.15);
#9979 = AXIS2_PLACEMENT_3D('',#9980,#9981,#9982);
#9980 = CARTESIAN_POINT('',(111.3536,-89.662,-3.6E-02));
#9981 = DIRECTION('',(-0.,-0.,-1.));
#9982 = DIRECTION('',(-0.,-1.,0.));
#9983 = ADVANCED_FACE('',(#9984),#9995,.F.);
#9984 = FACE_BOUND('',#9985,.T.);
#9985 = EDGE_LOOP('',(#9986,#9987,#9993,#9994));
#9986 = ORIENTED_EDGE('',*,*,#8621,.T.);
#9987 = ORIENTED_EDGE('',*,*,#9988,.T.);
#9988 = EDGE_CURVE('',#8622,#9246,#9989,.T.);
#9989 = LINE('',#9990,#9991);
#9990 = CARTESIAN_POINT('',(108.712,-87.018,-3.6E-02));
#9991 = VECTOR('',#9992,1.);
#9992 = DIRECTION('',(0.,0.,1.));
#9993 = ORIENTED_EDGE('',*,*,#9245,.F.);
#9994 = ORIENTED_EDGE('',*,*,#9988,.F.);
#9995 = CYLINDRICAL_SURFACE('',#9996,0.15);
#9996 = AXIS2_PLACEMENT_3D('',#9997,#9998,#9999);
#9997 = CARTESIAN_POINT('',(108.712,-86.868,-3.6E-02));
#9998 = DIRECTION('',(-0.,0.,-1.));
#9999 = DIRECTION('',(9.473903143468E-14,-1.,-0.));
#10000 = ADVANCED_FACE('',(#10001),#10012,.F.);
#10001 = FACE_BOUND('',#10002,.T.);
#10002 = EDGE_LOOP('',(#10003,#10004,#10010,#10011));
#10003 = ORIENTED_EDGE('',*,*,#8632,.T.);
#10004 = ORIENTED_EDGE('',*,*,#10005,.T.);
#10005 = EDGE_CURVE('',#8633,#9257,#10006,.T.);
#10006 = LINE('',#10007,#10008);
#10007 = CARTESIAN_POINT('',(109.712,-83.785,-3.6E-02));
#10008 = VECTOR('',#10009,1.);
#10009 = DIRECTION('',(0.,0.,1.));
#10010 = ORIENTED_EDGE('',*,*,#9256,.F.);
#10011 = ORIENTED_EDGE('',*,*,#10005,.F.);
#10012 = CYLINDRICAL_SURFACE('',#10013,0.15);
#10013 = AXIS2_PLACEMENT_3D('',#10014,#10015,#10016);
#10014 = CARTESIAN_POINT('',(109.712,-83.635,-3.6E-02));
#10015 = DIRECTION('',(-0.,0.,-1.));
#10016 = DIRECTION('',(9.473903143468E-14,-1.,-0.));
#10017 = ADVANCED_FACE('',(#10018),#10029,.F.);
#10018 = FACE_BOUND('',#10019,.T.);
#10019 = EDGE_LOOP('',(#10020,#10021,#10027,#10028));
#10020 = ORIENTED_EDGE('',*,*,#8643,.T.);
#10021 = ORIENTED_EDGE('',*,*,#10022,.T.);
#10022 = EDGE_CURVE('',#8644,#9268,#10023,.T.);
#10023 = LINE('',#10024,#10025);
#10024 = CARTESIAN_POINT('',(118.11,-93.622,-3.6E-02));
#10025 = VECTOR('',#10026,1.);
#10026 = DIRECTION('',(0.,0.,1.));
#10027 = ORIENTED_EDGE('',*,*,#9267,.F.);
#10028 = ORIENTED_EDGE('',*,*,#10022,.F.);
#10029 = CYLINDRICAL_SURFACE('',#10030,0.15);
#10030 = AXIS2_PLACEMENT_3D('',#10031,#10032,#10033);
#10031 = CARTESIAN_POINT('',(118.11,-93.472,-3.6E-02));
#10032 = DIRECTION('',(-0.,-0.,-1.));
#10033 = DIRECTION('',(-0.,-1.,0.));
#10034 = ADVANCED_FACE('',(#10035),#10046,.F.);
#10035 = FACE_BOUND('',#10036,.T.);
#10036 = EDGE_LOOP('',(#10037,#10038,#10044,#10045));
#10037 = ORIENTED_EDGE('',*,*,#8654,.T.);
#10038 = ORIENTED_EDGE('',*,*,#10039,.T.);
#10039 = EDGE_CURVE('',#8655,#9279,#10040,.T.);
#10040 = LINE('',#10041,#10042);
#10041 = CARTESIAN_POINT('',(120.904,-91.336,-3.6E-02));
#10042 = VECTOR('',#10043,1.);
#10043 = DIRECTION('',(0.,0.,1.));
#10044 = ORIENTED_EDGE('',*,*,#9278,.F.);
#10045 = ORIENTED_EDGE('',*,*,#10039,.F.);
#10046 = CYLINDRICAL_SURFACE('',#10047,0.15);
#10047 = AXIS2_PLACEMENT_3D('',#10048,#10049,#10050);
#10048 = CARTESIAN_POINT('',(120.904,-91.186,-3.6E-02));
#10049 = DIRECTION('',(-0.,-0.,-1.));
#10050 = DIRECTION('',(-0.,-1.,0.));
#10051 = ADVANCED_FACE('',(#10052),#10063,.F.);
#10052 = FACE_BOUND('',#10053,.T.);
#10053 = EDGE_LOOP('',(#10054,#10055,#10061,#10062));
#10054 = ORIENTED_EDGE('',*,*,#8665,.T.);
#10055 = ORIENTED_EDGE('',*,*,#10056,.T.);
#10056 = EDGE_CURVE('',#8666,#9290,#10057,.T.);
#10057 = LINE('',#10058,#10059);
#10058 = CARTESIAN_POINT('',(127.,-98.6,-4.6E-02));
#10059 = VECTOR('',#10060,1.);
#10060 = DIRECTION('',(0.,0.,1.));
#10061 = ORIENTED_EDGE('',*,*,#9289,.F.);
#10062 = ORIENTED_EDGE('',*,*,#10056,.F.);
#10063 = CYLINDRICAL_SURFACE('',#10064,1.6);
#10064 = AXIS2_PLACEMENT_3D('',#10065,#10066,#10067);
#10065 = CARTESIAN_POINT('',(127.,-97.,-4.6E-02));
#10066 = DIRECTION('',(-0.,-0.,-1.));
#10067 = DIRECTION('',(-0.,-1.,0.));
#10068 = ADVANCED_FACE('',(#10069),#10080,.F.);
#10069 = FACE_BOUND('',#10070,.T.);
#10070 = EDGE_LOOP('',(#10071,#10072,#10078,#10079));
#10071 = ORIENTED_EDGE('',*,*,#8676,.T.);
#10072 = ORIENTED_EDGE('',*,*,#10073,.T.);
#10073 = EDGE_CURVE('',#8677,#9301,#10074,.T.);
#10074 = LINE('',#10075,#10076);
#10075 = CARTESIAN_POINT('',(123.,-95.15,-3.6E-02));
#10076 = VECTOR('',#10077,1.);
#10077 = DIRECTION('',(0.,0.,1.));
#10078 = ORIENTED_EDGE('',*,*,#9300,.F.);
#10079 = ORIENTED_EDGE('',*,*,#10073,.F.);
#10080 = CYLINDRICAL_SURFACE('',#10081,0.15);
#10081 = AXIS2_PLACEMENT_3D('',#10082,#10083,#10084);
#10082 = CARTESIAN_POINT('',(123.,-95.,-3.6E-02));
#10083 = DIRECTION('',(-0.,-0.,-1.));
#10084 = DIRECTION('',(-0.,-1.,0.));
#10085 = ADVANCED_FACE('',(#10086),#10097,.F.);
#10086 = FACE_BOUND('',#10087,.T.);
#10087 = EDGE_LOOP('',(#10088,#10089,#10095,#10096));
#10088 = ORIENTED_EDGE('',*,*,#8687,.T.);
#10089 = ORIENTED_EDGE('',*,*,#10090,.T.);
#10090 = EDGE_CURVE('',#8688,#9312,#10091,.T.);
#10091 = LINE('',#10092,#10093);
#10092 = CARTESIAN_POINT('',(117.094,-87.272,-3.6E-02));
#10093 = VECTOR('',#10094,1.);
#10094 = DIRECTION('',(0.,0.,1.));
#10095 = ORIENTED_EDGE('',*,*,#9311,.F.);
#10096 = ORIENTED_EDGE('',*,*,#10090,.F.);
#10097 = CYLINDRICAL_SURFACE('',#10098,0.15);
#10098 = AXIS2_PLACEMENT_3D('',#10099,#10100,#10101);
#10099 = CARTESIAN_POINT('',(117.094,-87.122,-3.6E-02));
#10100 = DIRECTION('',(-0.,-0.,-1.));
#10101 = DIRECTION('',(-0.,-1.,0.));
#10102 = ADVANCED_FACE('',(#10103),#10114,.F.);
#10103 = FACE_BOUND('',#10104,.T.);
#10104 = EDGE_LOOP('',(#10105,#10106,#10112,#10113));
#10105 = ORIENTED_EDGE('',*,*,#8698,.T.);
#10106 = ORIENTED_EDGE('',*,*,#10107,.T.);
#10107 = EDGE_CURVE('',#8699,#9323,#10108,.T.);
#10108 = LINE('',#10109,#10110);
#10109 = CARTESIAN_POINT('',(115.316,-84.986,-3.6E-02));
#10110 = VECTOR('',#10111,1.);
#10111 = DIRECTION('',(0.,0.,1.));
#10112 = ORIENTED_EDGE('',*,*,#9322,.F.);
#10113 = ORIENTED_EDGE('',*,*,#10107,.F.);
#10114 = CYLINDRICAL_SURFACE('',#10115,0.15);
#10115 = AXIS2_PLACEMENT_3D('',#10116,#10117,#10118);
#10116 = CARTESIAN_POINT('',(115.316,-84.836,-3.6E-02));
#10117 = DIRECTION('',(-0.,-0.,-1.));
#10118 = DIRECTION('',(-0.,-1.,0.));
#10119 = ADVANCED_FACE('',(#10120),#10131,.F.);
#10120 = FACE_BOUND('',#10121,.T.);
#10121 = EDGE_LOOP('',(#10122,#10123,#10129,#10130));
#10122 = ORIENTED_EDGE('',*,*,#8709,.T.);
#10123 = ORIENTED_EDGE('',*,*,#10124,.T.);
#10124 = EDGE_CURVE('',#8710,#9334,#10125,.T.);
#10125 = LINE('',#10126,#10127);
#10126 = CARTESIAN_POINT('',(125.5268,-90.8788,-3.6E-02));
#10127 = VECTOR('',#10128,1.);
#10128 = DIRECTION('',(0.,0.,1.));
#10129 = ORIENTED_EDGE('',*,*,#9333,.F.);
#10130 = ORIENTED_EDGE('',*,*,#10124,.F.);
#10131 = CYLINDRICAL_SURFACE('',#10132,0.15);
#10132 = AXIS2_PLACEMENT_3D('',#10133,#10134,#10135);
#10133 = CARTESIAN_POINT('',(125.5268,-90.7288,-3.6E-02));
#10134 = DIRECTION('',(-0.,-0.,-1.));
#10135 = DIRECTION('',(-9.473903143469E-14,-1.,0.));
#10136 = ADVANCED_FACE('',(#10137),#10148,.F.);
#10137 = FACE_BOUND('',#10138,.T.);
#10138 = EDGE_LOOP('',(#10139,#10140,#10146,#10147));
#10139 = ORIENTED_EDGE('',*,*,#8720,.T.);
#10140 = ORIENTED_EDGE('',*,*,#10141,.T.);
#10141 = EDGE_CURVE('',#8721,#9345,#10142,.T.);
#10142 = LINE('',#10143,#10144);
#10143 = CARTESIAN_POINT('',(123.698,-87.272,-3.6E-02));
#10144 = VECTOR('',#10145,1.);
#10145 = DIRECTION('',(0.,0.,1.));
#10146 = ORIENTED_EDGE('',*,*,#9344,.F.);
#10147 = ORIENTED_EDGE('',*,*,#10141,.F.);
#10148 = CYLINDRICAL_SURFACE('',#10149,0.15);
#10149 = AXIS2_PLACEMENT_3D('',#10150,#10151,#10152);
#10150 = CARTESIAN_POINT('',(123.698,-87.122,-3.6E-02));
#10151 = DIRECTION('',(-0.,-0.,-1.));
#10152 = DIRECTION('',(-9.473903143469E-14,-1.,0.));
#10153 = ADVANCED_FACE('',(#10154),#10165,.F.);
#10154 = FACE_BOUND('',#10155,.T.);
#10155 = EDGE_LOOP('',(#10156,#10157,#10163,#10164));
#10156 = ORIENTED_EDGE('',*,*,#8731,.T.);
#10157 = ORIENTED_EDGE('',*,*,#10158,.T.);
#10158 = EDGE_CURVE('',#8732,#9356,#10159,.T.);
#10159 = LINE('',#10160,#10161);
#10160 = CARTESIAN_POINT('',(127.508,-88.892,-4.6E-02));
#10161 = VECTOR('',#10162,1.);
#10162 = DIRECTION('',(0.,0.,1.));
#10163 = ORIENTED_EDGE('',*,*,#9355,.F.);
#10164 = ORIENTED_EDGE('',*,*,#10158,.F.);
#10165 = CYLINDRICAL_SURFACE('',#10166,0.5);
#10166 = AXIS2_PLACEMENT_3D('',#10167,#10168,#10169);
#10167 = CARTESIAN_POINT('',(127.508,-88.392,-4.6E-02));
#10168 = DIRECTION('',(-0.,-0.,-1.));
#10169 = DIRECTION('',(-2.84217094304E-14,-1.,0.));
#10170 = ADVANCED_FACE('',(#10171),#10182,.F.);
#10171 = FACE_BOUND('',#10172,.T.);
#10172 = EDGE_LOOP('',(#10173,#10174,#10180,#10181));
#10173 = ORIENTED_EDGE('',*,*,#8742,.T.);
#10174 = ORIENTED_EDGE('',*,*,#10175,.T.);
#10175 = EDGE_CURVE('',#8743,#9367,#10176,.T.);
#10176 = LINE('',#10177,#10178);
#10177 = CARTESIAN_POINT('',(96.012,-77.208,-4.6E-02));
#10178 = VECTOR('',#10179,1.);
#10179 = DIRECTION('',(0.,0.,1.));
#10180 = ORIENTED_EDGE('',*,*,#9366,.F.);
#10181 = ORIENTED_EDGE('',*,*,#10175,.F.);
#10182 = CYLINDRICAL_SURFACE('',#10183,0.5);
#10183 = AXIS2_PLACEMENT_3D('',#10184,#10185,#10186);
#10184 = CARTESIAN_POINT('',(96.012,-76.708,-4.6E-02));
#10185 = DIRECTION('',(-0.,-0.,-1.));
#10186 = DIRECTION('',(-0.,-1.,0.));
#10187 = ADVANCED_FACE('',(#10188),#10199,.F.);
#10188 = FACE_BOUND('',#10189,.T.);
#10189 = EDGE_LOOP('',(#10190,#10191,#10197,#10198));
#10190 = ORIENTED_EDGE('',*,*,#8753,.T.);
#10191 = ORIENTED_EDGE('',*,*,#10192,.T.);
#10192 = EDGE_CURVE('',#8754,#9378,#10193,.T.);
#10193 = LINE('',#10194,#10195);
#10194 = CARTESIAN_POINT('',(96.012,-74.668,-4.6E-02));
#10195 = VECTOR('',#10196,1.);
#10196 = DIRECTION('',(0.,0.,1.));
#10197 = ORIENTED_EDGE('',*,*,#9377,.F.);
#10198 = ORIENTED_EDGE('',*,*,#10192,.F.);
#10199 = CYLINDRICAL_SURFACE('',#10200,0.5);
#10200 = AXIS2_PLACEMENT_3D('',#10201,#10202,#10203);
#10201 = CARTESIAN_POINT('',(96.012,-74.168,-4.6E-02));
#10202 = DIRECTION('',(-0.,-0.,-1.));
#10203 = DIRECTION('',(-0.,-1.,0.));
#10204 = ADVANCED_FACE('',(#10205),#10216,.F.);
#10205 = FACE_BOUND('',#10206,.T.);
#10206 = EDGE_LOOP('',(#10207,#10208,#10214,#10215));
#10207 = ORIENTED_EDGE('',*,*,#8764,.T.);
#10208 = ORIENTED_EDGE('',*,*,#10209,.T.);
#10209 = EDGE_CURVE('',#8765,#9389,#10210,.T.);
#10210 = LINE('',#10211,#10212);
#10211 = CARTESIAN_POINT('',(100.076,-76.096,-3.6E-02));
#10212 = VECTOR('',#10213,1.);
#10213 = DIRECTION('',(0.,0.,1.));
#10214 = ORIENTED_EDGE('',*,*,#9388,.F.);
#10215 = ORIENTED_EDGE('',*,*,#10209,.F.);
#10216 = CYLINDRICAL_SURFACE('',#10217,0.15);
#10217 = AXIS2_PLACEMENT_3D('',#10218,#10219,#10220);
#10218 = CARTESIAN_POINT('',(100.076,-75.946,-3.6E-02));
#10219 = DIRECTION('',(-0.,-0.,-1.));
#10220 = DIRECTION('',(-0.,-1.,0.));
#10221 = ADVANCED_FACE('',(#10222),#10233,.F.);
#10222 = FACE_BOUND('',#10223,.T.);
#10223 = EDGE_LOOP('',(#10224,#10225,#10231,#10232));
#10224 = ORIENTED_EDGE('',*,*,#8775,.T.);
#10225 = ORIENTED_EDGE('',*,*,#10226,.T.);
#10226 = EDGE_CURVE('',#8776,#9400,#10227,.T.);
#10227 = LINE('',#10228,#10229);
#10228 = CARTESIAN_POINT('',(104.14,-76.042,-4.6E-02));
#10229 = VECTOR('',#10230,1.);
#10230 = DIRECTION('',(0.,0.,1.));
#10231 = ORIENTED_EDGE('',*,*,#9399,.F.);
#10232 = ORIENTED_EDGE('',*,*,#10226,.F.);
#10233 = CYLINDRICAL_SURFACE('',#10234,0.35);
#10234 = AXIS2_PLACEMENT_3D('',#10235,#10236,#10237);
#10235 = CARTESIAN_POINT('',(104.14,-75.692,-4.6E-02));
#10236 = DIRECTION('',(-0.,-0.,-1.));
#10237 = DIRECTION('',(-0.,-1.,0.));
#10238 = ADVANCED_FACE('',(#10239),#10250,.F.);
#10239 = FACE_BOUND('',#10240,.T.);
#10240 = EDGE_LOOP('',(#10241,#10242,#10248,#10249));
#10241 = ORIENTED_EDGE('',*,*,#8786,.T.);
#10242 = ORIENTED_EDGE('',*,*,#10243,.T.);
#10243 = EDGE_CURVE('',#8787,#9411,#10244,.T.);
#10244 = LINE('',#10245,#10246);
#10245 = CARTESIAN_POINT('',(104.288,-81.245,-3.6E-02));
#10246 = VECTOR('',#10247,1.);
#10247 = DIRECTION('',(0.,0.,1.));
#10248 = ORIENTED_EDGE('',*,*,#9410,.F.);
#10249 = ORIENTED_EDGE('',*,*,#10243,.F.);
#10250 = CYLINDRICAL_SURFACE('',#10251,0.15);
#10251 = AXIS2_PLACEMENT_3D('',#10252,#10253,#10254);
#10252 = CARTESIAN_POINT('',(104.288,-81.095,-3.6E-02));
#10253 = DIRECTION('',(-0.,-0.,-1.));
#10254 = DIRECTION('',(-9.473903143469E-14,-1.,0.));
#10255 = ADVANCED_FACE('',(#10256),#10267,.F.);
#10256 = FACE_BOUND('',#10257,.T.);
#10257 = EDGE_LOOP('',(#10258,#10259,#10265,#10266));
#10258 = ORIENTED_EDGE('',*,*,#8797,.T.);
#10259 = ORIENTED_EDGE('',*,*,#10260,.T.);
#10260 = EDGE_CURVE('',#8798,#9422,#10261,.T.);
#10261 = LINE('',#10262,#10263);
#10262 = CARTESIAN_POINT('',(112.012,-78.89,-3.6E-02));
#10263 = VECTOR('',#10264,1.);
#10264 = DIRECTION('',(0.,0.,1.));
#10265 = ORIENTED_EDGE('',*,*,#9421,.F.);
#10266 = ORIENTED_EDGE('',*,*,#10260,.F.);
#10267 = CYLINDRICAL_SURFACE('',#10268,0.15);
#10268 = AXIS2_PLACEMENT_3D('',#10269,#10270,#10271);
#10269 = CARTESIAN_POINT('',(112.012,-78.74,-3.6E-02));
#10270 = DIRECTION('',(-0.,-0.,-1.));
#10271 = DIRECTION('',(-0.,-1.,0.));
#10272 = ADVANCED_FACE('',(#10273),#10284,.F.);
#10273 = FACE_BOUND('',#10274,.T.);
#10274 = EDGE_LOOP('',(#10275,#10276,#10282,#10283));
#10275 = ORIENTED_EDGE('',*,*,#8808,.T.);
#10276 = ORIENTED_EDGE('',*,*,#10277,.T.);
#10277 = EDGE_CURVE('',#8809,#9433,#10278,.T.);
#10278 = LINE('',#10279,#10280);
#10279 = CARTESIAN_POINT('',(109.22,-76.042,-4.6E-02));
#10280 = VECTOR('',#10281,1.);
#10281 = DIRECTION('',(0.,0.,1.));
#10282 = ORIENTED_EDGE('',*,*,#9432,.F.);
#10283 = ORIENTED_EDGE('',*,*,#10277,.F.);
#10284 = CYLINDRICAL_SURFACE('',#10285,0.35);
#10285 = AXIS2_PLACEMENT_3D('',#10286,#10287,#10288);
#10286 = CARTESIAN_POINT('',(109.22,-75.692,-4.6E-02));
#10287 = DIRECTION('',(-0.,-0.,-1.));
#10288 = DIRECTION('',(-0.,-1.,0.));
#10289 = ADVANCED_FACE('',(#10290),#10301,.F.);
#10290 = FACE_BOUND('',#10291,.T.);
#10291 = EDGE_LOOP('',(#10292,#10293,#10299,#10300));
#10292 = ORIENTED_EDGE('',*,*,#8819,.T.);
#10293 = ORIENTED_EDGE('',*,*,#10294,.T.);
#10294 = EDGE_CURVE('',#8820,#9444,#10295,.T.);
#10295 = LINE('',#10296,#10297);
#10296 = CARTESIAN_POINT('',(101.092,-70.508,-3.6E-02));
#10297 = VECTOR('',#10298,1.);
#10298 = DIRECTION('',(0.,0.,1.));
#10299 = ORIENTED_EDGE('',*,*,#9443,.F.);
#10300 = ORIENTED_EDGE('',*,*,#10294,.F.);
#10301 = CYLINDRICAL_SURFACE('',#10302,0.15);
#10302 = AXIS2_PLACEMENT_3D('',#10303,#10304,#10305);
#10303 = CARTESIAN_POINT('',(101.092,-70.358,-3.6E-02));
#10304 = DIRECTION('',(-0.,-0.,-1.));
#10305 = DIRECTION('',(-0.,-1.,0.));
#10306 = ADVANCED_FACE('',(#10307),#10318,.F.);
#10307 = FACE_BOUND('',#10308,.T.);
#10308 = EDGE_LOOP('',(#10309,#10310,#10316,#10317));
#10309 = ORIENTED_EDGE('',*,*,#8830,.T.);
#10310 = ORIENTED_EDGE('',*,*,#10311,.T.);
#10311 = EDGE_CURVE('',#8831,#9455,#10312,.T.);
#10312 = LINE('',#10313,#10314);
#10313 = CARTESIAN_POINT('',(104.14,-70.454,-4.6E-02));
#10314 = VECTOR('',#10315,1.);
#10315 = DIRECTION('',(0.,0.,1.));
#10316 = ORIENTED_EDGE('',*,*,#9454,.F.);
#10317 = ORIENTED_EDGE('',*,*,#10311,.F.);
#10318 = CYLINDRICAL_SURFACE('',#10319,0.35);
#10319 = AXIS2_PLACEMENT_3D('',#10320,#10321,#10322);
#10320 = CARTESIAN_POINT('',(104.14,-70.104,-4.6E-02));
#10321 = DIRECTION('',(-0.,-0.,-1.));
#10322 = DIRECTION('',(-0.,-1.,0.));
#10323 = ADVANCED_FACE('',(#10324),#10335,.F.);
#10324 = FACE_BOUND('',#10325,.T.);
#10325 = EDGE_LOOP('',(#10326,#10327,#10333,#10334));
#10326 = ORIENTED_EDGE('',*,*,#8841,.T.);
#10327 = ORIENTED_EDGE('',*,*,#10328,.T.);
#10328 = EDGE_CURVE('',#8842,#9466,#10329,.T.);
#10329 = LINE('',#10330,#10331);
#10330 = CARTESIAN_POINT('',(98.,-68.6,-4.6E-02));
#10331 = VECTOR('',#10332,1.);
#10332 = DIRECTION('',(0.,0.,1.));
#10333 = ORIENTED_EDGE('',*,*,#9465,.F.);
#10334 = ORIENTED_EDGE('',*,*,#10328,.F.);
#10335 = CYLINDRICAL_SURFACE('',#10336,1.6);
#10336 = AXIS2_PLACEMENT_3D('',#10337,#10338,#10339);
#10337 = CARTESIAN_POINT('',(98.,-67.,-4.6E-02));
#10338 = DIRECTION('',(-0.,-0.,-1.));
#10339 = DIRECTION('',(-0.,-1.,0.));
#10340 = ADVANCED_FACE('',(#10341),#10352,.F.);
#10341 = FACE_BOUND('',#10342,.T.);
#10342 = EDGE_LOOP('',(#10343,#10344,#10350,#10351));
#10343 = ORIENTED_EDGE('',*,*,#8852,.T.);
#10344 = ORIENTED_EDGE('',*,*,#10345,.T.);
#10345 = EDGE_CURVE('',#8853,#9477,#10346,.T.);
#10346 = LINE('',#10347,#10348);
#10347 = CARTESIAN_POINT('',(113.03,-73.302,-3.6E-02));
#10348 = VECTOR('',#10349,1.);
#10349 = DIRECTION('',(0.,0.,1.));
#10350 = ORIENTED_EDGE('',*,*,#9476,.F.);
#10351 = ORIENTED_EDGE('',*,*,#10345,.F.);
#10352 = CYLINDRICAL_SURFACE('',#10353,0.15);
#10353 = AXIS2_PLACEMENT_3D('',#10354,#10355,#10356);
#10354 = CARTESIAN_POINT('',(113.03,-73.152,-3.6E-02));
#10355 = DIRECTION('',(-0.,-0.,-1.));
#10356 = DIRECTION('',(-0.,-1.,0.));
#10357 = ADVANCED_FACE('',(#10358),#10369,.F.);
#10358 = FACE_BOUND('',#10359,.T.);
#10359 = EDGE_LOOP('',(#10360,#10361,#10367,#10368));
#10360 = ORIENTED_EDGE('',*,*,#8863,.T.);
#10361 = ORIENTED_EDGE('',*,*,#10362,.T.);
#10362 = EDGE_CURVE('',#8864,#9488,#10363,.T.);
#10363 = LINE('',#10364,#10365);
#10364 = CARTESIAN_POINT('',(109.22,-70.454,-4.6E-02));
#10365 = VECTOR('',#10366,1.);
#10366 = DIRECTION('',(0.,0.,1.));
#10367 = ORIENTED_EDGE('',*,*,#9487,.F.);
#10368 = ORIENTED_EDGE('',*,*,#10362,.F.);
#10369 = CYLINDRICAL_SURFACE('',#10370,0.35);
#10370 = AXIS2_PLACEMENT_3D('',#10371,#10372,#10373);
#10371 = CARTESIAN_POINT('',(109.22,-70.104,-4.6E-02));
#10372 = DIRECTION('',(-0.,-0.,-1.));
#10373 = DIRECTION('',(-0.,-1.,0.));
#10374 = ADVANCED_FACE('',(#10375),#10386,.F.);
#10375 = FACE_BOUND('',#10376,.T.);
#10376 = EDGE_LOOP('',(#10377,#10378,#10384,#10385));
#10377 = ORIENTED_EDGE('',*,*,#8874,.T.);
#10378 = ORIENTED_EDGE('',*,*,#10379,.T.);
#10379 = EDGE_CURVE('',#8875,#9499,#10380,.T.);
#10380 = LINE('',#10381,#10382);
#10381 = CARTESIAN_POINT('',(106.172,-66.19,-3.6E-02));
#10382 = VECTOR('',#10383,1.);
#10383 = DIRECTION('',(0.,0.,1.));
#10384 = ORIENTED_EDGE('',*,*,#9498,.F.);
#10385 = ORIENTED_EDGE('',*,*,#10379,.F.);
#10386 = CYLINDRICAL_SURFACE('',#10387,0.15);
#10387 = AXIS2_PLACEMENT_3D('',#10388,#10389,#10390);
#10388 = CARTESIAN_POINT('',(106.172,-66.04,-3.6E-02));
#10389 = DIRECTION('',(-0.,-0.,-1.));
#10390 = DIRECTION('',(-0.,-1.,0.));
#10391 = ADVANCED_FACE('',(#10392),#10403,.F.);
#10392 = FACE_BOUND('',#10393,.T.);
#10393 = EDGE_LOOP('',(#10394,#10395,#10401,#10402));
#10394 = ORIENTED_EDGE('',*,*,#8885,.T.);
#10395 = ORIENTED_EDGE('',*,*,#10396,.T.);
#10396 = EDGE_CURVE('',#8886,#9510,#10397,.T.);
#10397 = LINE('',#10398,#10399);
#10398 = CARTESIAN_POINT('',(115.316,-81.43,-3.6E-02));
#10399 = VECTOR('',#10400,1.);
#10400 = DIRECTION('',(0.,0.,1.));
#10401 = ORIENTED_EDGE('',*,*,#9509,.F.);
#10402 = ORIENTED_EDGE('',*,*,#10396,.F.);
#10403 = CYLINDRICAL_SURFACE('',#10404,0.15);
#10404 = AXIS2_PLACEMENT_3D('',#10405,#10406,#10407);
#10405 = CARTESIAN_POINT('',(115.316,-81.28,-3.6E-02));
#10406 = DIRECTION('',(-0.,-0.,-1.));
#10407 = DIRECTION('',(-0.,-1.,0.));
#10408 = ADVANCED_FACE('',(#10409),#10420,.F.);
#10409 = FACE_BOUND('',#10410,.T.);
#10410 = EDGE_LOOP('',(#10411,#10412,#10418,#10419));
#10411 = ORIENTED_EDGE('',*,*,#8896,.T.);
#10412 = ORIENTED_EDGE('',*,*,#10413,.T.);
#10413 = EDGE_CURVE('',#8897,#9521,#10414,.T.);
#10414 = LINE('',#10415,#10416);
#10415 = CARTESIAN_POINT('',(114.808,-78.89,-3.6E-02));
#10416 = VECTOR('',#10417,1.);
#10417 = DIRECTION('',(0.,0.,1.));
#10418 = ORIENTED_EDGE('',*,*,#9520,.F.);
#10419 = ORIENTED_EDGE('',*,*,#10413,.F.);
#10420 = CYLINDRICAL_SURFACE('',#10421,0.15);
#10421 = AXIS2_PLACEMENT_3D('',#10422,#10423,#10424);
#10422 = CARTESIAN_POINT('',(114.808,-78.74,-3.6E-02));
#10423 = DIRECTION('',(-0.,0.,-1.));
#10424 = DIRECTION('',(9.473903143467E-14,-1.,-0.));
#10425 = ADVANCED_FACE('',(#10426),#10437,.F.);
#10426 = FACE_BOUND('',#10427,.T.);
#10427 = EDGE_LOOP('',(#10428,#10429,#10435,#10436));
#10428 = ORIENTED_EDGE('',*,*,#8907,.T.);
#10429 = ORIENTED_EDGE('',*,*,#10430,.T.);
#10430 = EDGE_CURVE('',#8908,#9532,#10431,.T.);
#10431 = LINE('',#10432,#10433);
#10432 = CARTESIAN_POINT('',(120.9,-82.446,-3.6E-02));
#10433 = VECTOR('',#10434,1.);
#10434 = DIRECTION('',(0.,0.,1.));
#10435 = ORIENTED_EDGE('',*,*,#9531,.F.);
#10436 = ORIENTED_EDGE('',*,*,#10430,.F.);
#10437 = CYLINDRICAL_SURFACE('',#10438,0.15);
#10438 = AXIS2_PLACEMENT_3D('',#10439,#10440,#10441);
#10439 = CARTESIAN_POINT('',(120.9,-82.296,-3.6E-02));
#10440 = DIRECTION('',(-0.,-0.,-1.));
#10441 = DIRECTION('',(-0.,-1.,0.));
#10442 = ADVANCED_FACE('',(#10443),#10454,.F.);
#10443 = FACE_BOUND('',#10444,.T.);
#10444 = EDGE_LOOP('',(#10445,#10446,#10452,#10453));
#10445 = ORIENTED_EDGE('',*,*,#8918,.T.);
#10446 = ORIENTED_EDGE('',*,*,#10447,.T.);
#10447 = EDGE_CURVE('',#8919,#9543,#10448,.T.);
#10448 = LINE('',#10449,#10450);
#10449 = CARTESIAN_POINT('',(118.872,-78.382,-3.6E-02));
#10450 = VECTOR('',#10451,1.);
#10451 = DIRECTION('',(0.,0.,1.));
#10452 = ORIENTED_EDGE('',*,*,#9542,.F.);
#10453 = ORIENTED_EDGE('',*,*,#10447,.F.);
#10454 = CYLINDRICAL_SURFACE('',#10455,0.15);
#10455 = AXIS2_PLACEMENT_3D('',#10456,#10457,#10458);
#10456 = CARTESIAN_POINT('',(118.872,-78.232,-3.6E-02));
#10457 = DIRECTION('',(-0.,-0.,-1.));
#10458 = DIRECTION('',(-0.,-1.,0.));
#10459 = ADVANCED_FACE('',(#10460),#10471,.F.);
#10460 = FACE_BOUND('',#10461,.T.);
#10461 = EDGE_LOOP('',(#10462,#10463,#10469,#10470));
#10462 = ORIENTED_EDGE('',*,*,#8929,.T.);
#10463 = ORIENTED_EDGE('',*,*,#10464,.T.);
#10464 = EDGE_CURVE('',#8930,#9554,#10465,.T.);
#10465 = LINE('',#10466,#10467);
#10466 = CARTESIAN_POINT('',(116.84,-77.874,-3.6E-02));
#10467 = VECTOR('',#10468,1.);
#10468 = DIRECTION('',(0.,0.,1.));
#10469 = ORIENTED_EDGE('',*,*,#9553,.F.);
#10470 = ORIENTED_EDGE('',*,*,#10464,.F.);
#10471 = CYLINDRICAL_SURFACE('',#10472,0.15);
#10472 = AXIS2_PLACEMENT_3D('',#10473,#10474,#10475);
#10473 = CARTESIAN_POINT('',(116.84,-77.724,-3.6E-02));
#10474 = DIRECTION('',(-0.,-0.,-1.));
#10475 = DIRECTION('',(-0.,-1.,0.));
#10476 = ADVANCED_FACE('',(#10477),#10488,.F.);
#10477 = FACE_BOUND('',#10478,.T.);
#10478 = EDGE_LOOP('',(#10479,#10480,#10486,#10487));
#10479 = ORIENTED_EDGE('',*,*,#8940,.T.);
#10480 = ORIENTED_EDGE('',*,*,#10481,.T.);
#10481 = EDGE_CURVE('',#8941,#9565,#10482,.T.);
#10482 = LINE('',#10483,#10484);
#10483 = CARTESIAN_POINT('',(124.46,-79.398,-3.6E-02));
#10484 = VECTOR('',#10485,1.);
#10485 = DIRECTION('',(0.,0.,1.));
#10486 = ORIENTED_EDGE('',*,*,#9564,.F.);
#10487 = ORIENTED_EDGE('',*,*,#10481,.F.);
#10488 = CYLINDRICAL_SURFACE('',#10489,0.15);
#10489 = AXIS2_PLACEMENT_3D('',#10490,#10491,#10492);
#10490 = CARTESIAN_POINT('',(124.46,-79.248,-3.6E-02));
#10491 = DIRECTION('',(-0.,-0.,-1.));
#10492 = DIRECTION('',(-9.473903143469E-14,-1.,0.));
#10493 = ADVANCED_FACE('',(#10494),#10505,.F.);
#10494 = FACE_BOUND('',#10495,.T.);
#10495 = EDGE_LOOP('',(#10496,#10497,#10503,#10504));
#10496 = ORIENTED_EDGE('',*,*,#8951,.T.);
#10497 = ORIENTED_EDGE('',*,*,#10498,.T.);
#10498 = EDGE_CURVE('',#8952,#9576,#10499,.T.);
#10499 = LINE('',#10500,#10501);
#10500 = CARTESIAN_POINT('',(127.508,-81.78,-4.6E-02));
#10501 = VECTOR('',#10502,1.);
#10502 = DIRECTION('',(0.,0.,1.));
#10503 = ORIENTED_EDGE('',*,*,#9575,.F.);
#10504 = ORIENTED_EDGE('',*,*,#10498,.F.);
#10505 = CYLINDRICAL_SURFACE('',#10506,0.5);
#10506 = AXIS2_PLACEMENT_3D('',#10507,#10508,#10509);
#10507 = CARTESIAN_POINT('',(127.508,-81.28,-4.6E-02));
#10508 = DIRECTION('',(-0.,-0.,-1.));
#10509 = DIRECTION('',(-2.84217094304E-14,-1.,0.));
#10510 = ADVANCED_FACE('',(#10511),#10522,.F.);
#10511 = FACE_BOUND('',#10512,.T.);
#10512 = EDGE_LOOP('',(#10513,#10514,#10520,#10521));
#10513 = ORIENTED_EDGE('',*,*,#8962,.T.);
#10514 = ORIENTED_EDGE('',*,*,#10515,.T.);
#10515 = EDGE_CURVE('',#8963,#9587,#10516,.T.);
#10516 = LINE('',#10517,#10518);
#10517 = CARTESIAN_POINT('',(127.508,-79.24,-4.6E-02));
#10518 = VECTOR('',#10519,1.);
#10519 = DIRECTION('',(0.,0.,1.));
#10520 = ORIENTED_EDGE('',*,*,#9586,.F.);
#10521 = ORIENTED_EDGE('',*,*,#10515,.F.);
#10522 = CYLINDRICAL_SURFACE('',#10523,0.5);
#10523 = AXIS2_PLACEMENT_3D('',#10524,#10525,#10526);
#10524 = CARTESIAN_POINT('',(127.508,-78.74,-4.6E-02));
#10525 = DIRECTION('',(-0.,-0.,-1.));
#10526 = DIRECTION('',(-2.84217094304E-14,-1.,0.));
#10527 = ADVANCED_FACE('',(#10528),#10539,.F.);
#10528 = FACE_BOUND('',#10529,.T.);
#10529 = EDGE_LOOP('',(#10530,#10531,#10537,#10538));
#10530 = ORIENTED_EDGE('',*,*,#8973,.T.);
#10531 = ORIENTED_EDGE('',*,*,#10532,.T.);
#10532 = EDGE_CURVE('',#8974,#9598,#10533,.T.);
#10533 = LINE('',#10534,#10535);
#10534 = CARTESIAN_POINT('',(127.508,-76.7,-4.6E-02));
#10535 = VECTOR('',#10536,1.);
#10536 = DIRECTION('',(0.,0.,1.));
#10537 = ORIENTED_EDGE('',*,*,#9597,.F.);
#10538 = ORIENTED_EDGE('',*,*,#10532,.F.);
#10539 = CYLINDRICAL_SURFACE('',#10540,0.5);
#10540 = AXIS2_PLACEMENT_3D('',#10541,#10542,#10543);
#10541 = CARTESIAN_POINT('',(127.508,-76.2,-4.6E-02));
#10542 = DIRECTION('',(-0.,-0.,-1.));
#10543 = DIRECTION('',(-2.84217094304E-14,-1.,0.));
#10544 = ADVANCED_FACE('',(#10545),#10556,.F.);
#10545 = FACE_BOUND('',#10546,.T.);
#10546 = EDGE_LOOP('',(#10547,#10548,#10554,#10555));
#10547 = ORIENTED_EDGE('',*,*,#8984,.T.);
#10548 = ORIENTED_EDGE('',*,*,#10549,.T.);
#10549 = EDGE_CURVE('',#8985,#9609,#10550,.T.);
#10550 = LINE('',#10551,#10552);
#10551 = CARTESIAN_POINT('',(130.81,-74.572,-3.6E-02));
#10552 = VECTOR('',#10553,1.);
#10553 = DIRECTION('',(0.,0.,1.));
#10554 = ORIENTED_EDGE('',*,*,#9608,.F.);
#10555 = ORIENTED_EDGE('',*,*,#10549,.F.);
#10556 = CYLINDRICAL_SURFACE('',#10557,0.15);
#10557 = AXIS2_PLACEMENT_3D('',#10558,#10559,#10560);
#10558 = CARTESIAN_POINT('',(130.81,-74.422,-3.6E-02));
#10559 = DIRECTION('',(-0.,-0.,-1.));
#10560 = DIRECTION('',(-0.,-1.,0.));
#10561 = ADVANCED_FACE('',(#10562),#10573,.F.);
#10562 = FACE_BOUND('',#10563,.T.);
#10563 = EDGE_LOOP('',(#10564,#10565,#10571,#10572));
#10564 = ORIENTED_EDGE('',*,*,#8995,.T.);
#10565 = ORIENTED_EDGE('',*,*,#10566,.T.);
#10566 = EDGE_CURVE('',#8996,#9620,#10567,.T.);
#10567 = LINE('',#10568,#10569);
#10568 = CARTESIAN_POINT('',(124.206,-73.048,-3.6E-02));
#10569 = VECTOR('',#10570,1.);
#10570 = DIRECTION('',(0.,0.,1.));
#10571 = ORIENTED_EDGE('',*,*,#9619,.F.);
#10572 = ORIENTED_EDGE('',*,*,#10566,.F.);
#10573 = CYLINDRICAL_SURFACE('',#10574,0.15);
#10574 = AXIS2_PLACEMENT_3D('',#10575,#10576,#10577);
#10575 = CARTESIAN_POINT('',(124.206,-72.898,-3.6E-02));
#10576 = DIRECTION('',(-0.,0.,-1.));
#10577 = DIRECTION('',(9.473903143468E-14,-1.,-0.));
#10578 = ADVANCED_FACE('',(#10579),#10590,.F.);
#10579 = FACE_BOUND('',#10580,.T.);
#10580 = EDGE_LOOP('',(#10581,#10582,#10588,#10589));
#10581 = ORIENTED_EDGE('',*,*,#9006,.T.);
#10582 = ORIENTED_EDGE('',*,*,#10583,.T.);
#10583 = EDGE_CURVE('',#9007,#9631,#10584,.T.);
#10584 = LINE('',#10585,#10586);
#10585 = CARTESIAN_POINT('',(127.508,-74.16,-4.6E-02));
#10586 = VECTOR('',#10587,1.);
#10587 = DIRECTION('',(0.,0.,1.));
#10588 = ORIENTED_EDGE('',*,*,#9630,.F.);
#10589 = ORIENTED_EDGE('',*,*,#10583,.F.);
#10590 = CYLINDRICAL_SURFACE('',#10591,0.5);
#10591 = AXIS2_PLACEMENT_3D('',#10592,#10593,#10594);
#10592 = CARTESIAN_POINT('',(127.508,-73.66,-4.6E-02));
#10593 = DIRECTION('',(-0.,-0.,-1.));
#10594 = DIRECTION('',(-2.84217094304E-14,-1.,0.));
#10595 = ADVANCED_FACE('',(#10596),#10607,.F.);
#10596 = FACE_BOUND('',#10597,.T.);
#10597 = EDGE_LOOP('',(#10598,#10599,#10605,#10606));
#10598 = ORIENTED_EDGE('',*,*,#9017,.T.);
#10599 = ORIENTED_EDGE('',*,*,#10600,.T.);
#10600 = EDGE_CURVE('',#9018,#9642,#10601,.T.);
#10601 = LINE('',#10602,#10603);
#10602 = CARTESIAN_POINT('',(122.174,-66.444,-3.6E-02));
#10603 = VECTOR('',#10604,1.);
#10604 = DIRECTION('',(0.,0.,1.));
#10605 = ORIENTED_EDGE('',*,*,#9641,.F.);
#10606 = ORIENTED_EDGE('',*,*,#10600,.F.);
#10607 = CYLINDRICAL_SURFACE('',#10608,0.15);
#10608 = AXIS2_PLACEMENT_3D('',#10609,#10610,#10611);
#10609 = CARTESIAN_POINT('',(122.174,-66.294,-3.6E-02));
#10610 = DIRECTION('',(-0.,-0.,-1.));
#10611 = DIRECTION('',(-0.,-1.,0.));
#10612 = ADVANCED_FACE('',(#10613),#10624,.F.);
#10613 = FACE_BOUND('',#10614,.T.);
#10614 = EDGE_LOOP('',(#10615,#10616,#10622,#10623));
#10615 = ORIENTED_EDGE('',*,*,#9028,.T.);
#10616 = ORIENTED_EDGE('',*,*,#10617,.T.);
#10617 = EDGE_CURVE('',#9029,#9653,#10618,.T.);
#10618 = LINE('',#10619,#10620);
#10619 = CARTESIAN_POINT('',(127.,-68.6,-4.6E-02));
#10620 = VECTOR('',#10621,1.);
#10621 = DIRECTION('',(0.,0.,1.));
#10622 = ORIENTED_EDGE('',*,*,#9652,.F.);
#10623 = ORIENTED_EDGE('',*,*,#10617,.F.);
#10624 = CYLINDRICAL_SURFACE('',#10625,1.6);
#10625 = AXIS2_PLACEMENT_3D('',#10626,#10627,#10628);
#10626 = CARTESIAN_POINT('',(127.,-67.,-4.6E-02));
#10627 = DIRECTION('',(-0.,-0.,-1.));
#10628 = DIRECTION('',(-0.,-1.,0.));
#10629 = ( GEOMETRIC_REPRESENTATION_CONTEXT(3) 
GLOBAL_UNCERTAINTY_ASSIGNED_CONTEXT((#10633)) 
GLOBAL_UNIT_ASSIGNED_CONTEXT((#10630,#10631,#10632)) 
REPRESENTATION_CONTEXT('Context #1',
  '3D Context with UNIT and UNCERTAINTY') );
#10630 = ( LENGTH_UNIT() NAMED_UNIT(*) SI_UNIT(.MILLI.,.METRE.) );
#10631 = ( NAMED_UNIT(*) PLANE_ANGLE_UNIT() SI_UNIT($,.RADIAN.) );
#10632 = ( NAMED_UNIT(*) SI_UNIT($,.STERADIAN.) SOLID_ANGLE_UNIT() );
#10633 = UNCERTAINTY_MEASURE_WITH_UNIT(LENGTH_MEASURE(1.E-07),#10630,
  'distance_accuracy_value','confusion accuracy');
#10634 = CONTEXT_DEPENDENT_SHAPE_REPRESENTATION(#10635,#10637);
#10635 = ( REPRESENTATION_RELATIONSHIP('','',#8310,#10) 
REPRESENTATION_RELATIONSHIP_WITH_TRANSFORMATION(#10636) 
SHAPE_REPRESENTATION_RELATIONSHIP() );
#10636 = ITEM_DEFINED_TRANSFORMATION('','',#11,#119);
#10637 = PRODUCT_DEFINITION_SHAPE('Placement','Placement of an item',
  #10638);
#10638 = NEXT_ASSEMBLY_USAGE_OCCURRENCE('33','=>[0:1:1:14]','',#5,#8305,
  $);
#10639 = PRODUCT_RELATED_PRODUCT_CATEGORY('part',$,(#8307));
#10640 = MECHANICAL_DESIGN_GEOMETRIC_PRESENTATION_REPRESENTATION('',(
    #10641,#10649,#10656,#10663,#10670,#10677,#10684,#10691,#10698,
    #10705,#10712,#10720,#10727,#10734,#10741,#10748,#10755,#10762,
    #10769,#10776,#10783,#10790,#10797,#10804,#10811,#10818,#10825,
    #10832,#10839,#10846,#10853,#10861,#10868,#10875,#10882,#10889,
    #10896,#10903,#10910,#10917,#10924),#4655);
#10641 = STYLED_ITEM('color',(#10642),#3449);
#10642 = PRESENTATION_STYLE_ASSIGNMENT((#10643));
#10643 = SURFACE_STYLE_USAGE(.BOTH.,#10644);
#10644 = SURFACE_SIDE_STYLE('',(#10645));
#10645 = SURFACE_STYLE_FILL_AREA(#10646);
#10646 = FILL_AREA_STYLE('',(#10647));
#10647 = FILL_AREA_STYLE_COLOUR('',#10648);
#10648 = COLOUR_RGB('',0.823999987314,0.819999987296,0.781000009244);
#10649 = STYLED_ITEM('color',(#10650),#3489);
#10650 = PRESENTATION_STYLE_ASSIGNMENT((#10651));
#10651 = SURFACE_STYLE_USAGE(.BOTH.,#10652);
#10652 = SURFACE_SIDE_STYLE('',(#10653));
#10653 = SURFACE_STYLE_FILL_AREA(#10654);
#10654 = FILL_AREA_STYLE('',(#10655));
#10655 = FILL_AREA_STYLE_COLOUR('',#10648);
#10656 = STYLED_ITEM('color',(#10657),#3572);
#10657 = PRESENTATION_STYLE_ASSIGNMENT((#10658));
#10658 = SURFACE_STYLE_USAGE(.BOTH.,#10659);
#10659 = SURFACE_SIDE_STYLE('',(#10660));
#10660 = SURFACE_STYLE_FILL_AREA(#10661);
#10661 = FILL_AREA_STYLE('',(#10662));
#10662 = FILL_AREA_STYLE_COLOUR('',#10648);
#10663 = STYLED_ITEM('color',(#10664),#3597);
#10664 = PRESENTATION_STYLE_ASSIGNMENT((#10665));
#10665 = SURFACE_STYLE_USAGE(.BOTH.,#10666);
#10666 = SURFACE_SIDE_STYLE('',(#10667));
#10667 = SURFACE_STYLE_FILL_AREA(#10668);
#10668 = FILL_AREA_STYLE('',(#10669));
#10669 = FILL_AREA_STYLE_COLOUR('',#10648);
#10670 = STYLED_ITEM('color',(#10671),#3672);
#10671 = PRESENTATION_STYLE_ASSIGNMENT((#10672));
#10672 = SURFACE_STYLE_USAGE(.BOTH.,#10673);
#10673 = SURFACE_SIDE_STYLE('',(#10674));
#10674 = SURFACE_STYLE_FILL_AREA(#10675);
#10675 = FILL_AREA_STYLE('',(#10676));
#10676 = FILL_AREA_STYLE_COLOUR('',#10648);
#10677 = STYLED_ITEM('color',(#10678),#3689);
#10678 = PRESENTATION_STYLE_ASSIGNMENT((#10679));
#10679 = SURFACE_STYLE_USAGE(.BOTH.,#10680);
#10680 = SURFACE_SIDE_STYLE('',(#10681));
#10681 = SURFACE_STYLE_FILL_AREA(#10682);
#10682 = FILL_AREA_STYLE('',(#10683));
#10683 = FILL_AREA_STYLE_COLOUR('',#10648);
#10684 = STYLED_ITEM('color',(#10685),#3706);
#10685 = PRESENTATION_STYLE_ASSIGNMENT((#10686));
#10686 = SURFACE_STYLE_USAGE(.BOTH.,#10687);
#10687 = SURFACE_SIDE_STYLE('',(#10688));
#10688 = SURFACE_STYLE_FILL_AREA(#10689);
#10689 = FILL_AREA_STYLE('',(#10690));
#10690 = FILL_AREA_STYLE_COLOUR('',#10648);
#10691 = STYLED_ITEM('color',(#10692),#3723);
#10692 = PRESENTATION_STYLE_ASSIGNMENT((#10693));
#10693 = SURFACE_STYLE_USAGE(.BOTH.,#10694);
#10694 = SURFACE_SIDE_STYLE('',(#10695));
#10695 = SURFACE_STYLE_FILL_AREA(#10696);
#10696 = FILL_AREA_STYLE('',(#10697));
#10697 = FILL_AREA_STYLE_COLOUR('',#10648);
#10698 = STYLED_ITEM('color',(#10699),#3740);
#10699 = PRESENTATION_STYLE_ASSIGNMENT((#10700));
#10700 = SURFACE_STYLE_USAGE(.BOTH.,#10701);
#10701 = SURFACE_SIDE_STYLE('',(#10702));
#10702 = SURFACE_STYLE_FILL_AREA(#10703);
#10703 = FILL_AREA_STYLE('',(#10704));
#10704 = FILL_AREA_STYLE_COLOUR('',#10648);
#10705 = STYLED_ITEM('color',(#10706),#3757);
#10706 = PRESENTATION_STYLE_ASSIGNMENT((#10707));
#10707 = SURFACE_STYLE_USAGE(.BOTH.,#10708);
#10708 = SURFACE_SIDE_STYLE('',(#10709));
#10709 = SURFACE_STYLE_FILL_AREA(#10710);
#10710 = FILL_AREA_STYLE('',(#10711));
#10711 = FILL_AREA_STYLE_COLOUR('',#10648);
#10712 = STYLED_ITEM('color',(#10713),#3773);
#10713 = PRESENTATION_STYLE_ASSIGNMENT((#10714));
#10714 = SURFACE_STYLE_USAGE(.BOTH.,#10715);
#10715 = SURFACE_SIDE_STYLE('',(#10716));
#10716 = SURFACE_STYLE_FILL_AREA(#10717);
#10717 = FILL_AREA_STYLE('',(#10718));
#10718 = FILL_AREA_STYLE_COLOUR('',#10719);
#10719 = COLOUR_RGB('',0.147999998088,0.144999993226,0.144999993226);
#10720 = STYLED_ITEM('color',(#10721),#3820);
#10721 = PRESENTATION_STYLE_ASSIGNMENT((#10722));
#10722 = SURFACE_STYLE_USAGE(.BOTH.,#10723);
#10723 = SURFACE_SIDE_STYLE('',(#10724));
#10724 = SURFACE_STYLE_FILL_AREA(#10725);
#10725 = FILL_AREA_STYLE('',(#10726));
#10726 = FILL_AREA_STYLE_COLOUR('',#10719);
#10727 = STYLED_ITEM('color',(#10728),#3855);
#10728 = PRESENTATION_STYLE_ASSIGNMENT((#10729));
#10729 = SURFACE_STYLE_USAGE(.BOTH.,#10730);
#10730 = SURFACE_SIDE_STYLE('',(#10731));
#10731 = SURFACE_STYLE_FILL_AREA(#10732);
#10732 = FILL_AREA_STYLE('',(#10733));
#10733 = FILL_AREA_STYLE_COLOUR('',#10719);
#10734 = STYLED_ITEM('color',(#10735),#3894);
#10735 = PRESENTATION_STYLE_ASSIGNMENT((#10736));
#10736 = SURFACE_STYLE_USAGE(.BOTH.,#10737);
#10737 = SURFACE_SIDE_STYLE('',(#10738));
#10738 = SURFACE_STYLE_FILL_AREA(#10739);
#10739 = FILL_AREA_STYLE('',(#10740));
#10740 = FILL_AREA_STYLE_COLOUR('',#10719);
#10741 = STYLED_ITEM('color',(#10742),#3923);
#10742 = PRESENTATION_STYLE_ASSIGNMENT((#10743));
#10743 = SURFACE_STYLE_USAGE(.BOTH.,#10744);
#10744 = SURFACE_SIDE_STYLE('',(#10745));
#10745 = SURFACE_STYLE_FILL_AREA(#10746);
#10746 = FILL_AREA_STYLE('',(#10747));
#10747 = FILL_AREA_STYLE_COLOUR('',#10719);
#10748 = STYLED_ITEM('color',(#10749),#3962);
#10749 = PRESENTATION_STYLE_ASSIGNMENT((#10750));
#10750 = SURFACE_STYLE_USAGE(.BOTH.,#10751);
#10751 = SURFACE_SIDE_STYLE('',(#10752));
#10752 = SURFACE_STYLE_FILL_AREA(#10753);
#10753 = FILL_AREA_STYLE('',(#10754));
#10754 = FILL_AREA_STYLE_COLOUR('',#10719);
#10755 = STYLED_ITEM('color',(#10756),#3991);
#10756 = PRESENTATION_STYLE_ASSIGNMENT((#10757));
#10757 = SURFACE_STYLE_USAGE(.BOTH.,#10758);
#10758 = SURFACE_SIDE_STYLE('',(#10759));
#10759 = SURFACE_STYLE_FILL_AREA(#10760);
#10760 = FILL_AREA_STYLE('',(#10761));
#10761 = FILL_AREA_STYLE_COLOUR('',#10719);
#10762 = STYLED_ITEM('color',(#10763),#4045);
#10763 = PRESENTATION_STYLE_ASSIGNMENT((#10764));
#10764 = SURFACE_STYLE_USAGE(.BOTH.,#10765);
#10765 = SURFACE_SIDE_STYLE('',(#10766));
#10766 = SURFACE_STYLE_FILL_AREA(#10767);
#10767 = FILL_AREA_STYLE('',(#10768));
#10768 = FILL_AREA_STYLE_COLOUR('',#10719);
#10769 = STYLED_ITEM('color',(#10770),#4088);
#10770 = PRESENTATION_STYLE_ASSIGNMENT((#10771));
#10771 = SURFACE_STYLE_USAGE(.BOTH.,#10772);
#10772 = SURFACE_SIDE_STYLE('',(#10773));
#10773 = SURFACE_STYLE_FILL_AREA(#10774);
#10774 = FILL_AREA_STYLE('',(#10775));
#10775 = FILL_AREA_STYLE_COLOUR('',#10719);
#10776 = STYLED_ITEM('color',(#10777),#4111);
#10777 = PRESENTATION_STYLE_ASSIGNMENT((#10778));
#10778 = SURFACE_STYLE_USAGE(.BOTH.,#10779);
#10779 = SURFACE_SIDE_STYLE('',(#10780));
#10780 = SURFACE_STYLE_FILL_AREA(#10781);
#10781 = FILL_AREA_STYLE('',(#10782));
#10782 = FILL_AREA_STYLE_COLOUR('',#10719);
#10783 = STYLED_ITEM('color',(#10784),#4134);
#10784 = PRESENTATION_STYLE_ASSIGNMENT((#10785));
#10785 = SURFACE_STYLE_USAGE(.BOTH.,#10786);
#10786 = SURFACE_SIDE_STYLE('',(#10787));
#10787 = SURFACE_STYLE_FILL_AREA(#10788);
#10788 = FILL_AREA_STYLE('',(#10789));
#10789 = FILL_AREA_STYLE_COLOUR('',#10719);
#10790 = STYLED_ITEM('color',(#10791),#4157);
#10791 = PRESENTATION_STYLE_ASSIGNMENT((#10792));
#10792 = SURFACE_STYLE_USAGE(.BOTH.,#10793);
#10793 = SURFACE_SIDE_STYLE('',(#10794));
#10794 = SURFACE_STYLE_FILL_AREA(#10795);
#10795 = FILL_AREA_STYLE('',(#10796));
#10796 = FILL_AREA_STYLE_COLOUR('',#10719);
#10797 = STYLED_ITEM('color',(#10798),#4208);
#10798 = PRESENTATION_STYLE_ASSIGNMENT((#10799));
#10799 = SURFACE_STYLE_USAGE(.BOTH.,#10800);
#10800 = SURFACE_SIDE_STYLE('',(#10801));
#10801 = SURFACE_STYLE_FILL_AREA(#10802);
#10802 = FILL_AREA_STYLE('',(#10803));
#10803 = FILL_AREA_STYLE_COLOUR('',#10719);
#10804 = STYLED_ITEM('color',(#10805),#4231);
#10805 = PRESENTATION_STYLE_ASSIGNMENT((#10806));
#10806 = SURFACE_STYLE_USAGE(.BOTH.,#10807);
#10807 = SURFACE_SIDE_STYLE('',(#10808));
#10808 = SURFACE_STYLE_FILL_AREA(#10809);
#10809 = FILL_AREA_STYLE('',(#10810));
#10810 = FILL_AREA_STYLE_COLOUR('',#10719);
#10811 = STYLED_ITEM('color',(#10812),#4248);
#10812 = PRESENTATION_STYLE_ASSIGNMENT((#10813));
#10813 = SURFACE_STYLE_USAGE(.BOTH.,#10814);
#10814 = SURFACE_SIDE_STYLE('',(#10815));
#10815 = SURFACE_STYLE_FILL_AREA(#10816);
#10816 = FILL_AREA_STYLE('',(#10817));
#10817 = FILL_AREA_STYLE_COLOUR('',#10648);
#10818 = STYLED_ITEM('color',(#10819),#4322);
#10819 = PRESENTATION_STYLE_ASSIGNMENT((#10820));
#10820 = SURFACE_STYLE_USAGE(.BOTH.,#10821);
#10821 = SURFACE_SIDE_STYLE('',(#10822));
#10822 = SURFACE_STYLE_FILL_AREA(#10823);
#10823 = FILL_AREA_STYLE('',(#10824));
#10824 = FILL_AREA_STYLE_COLOUR('',#10648);
#10825 = STYLED_ITEM('color',(#10826),#4346);
#10826 = PRESENTATION_STYLE_ASSIGNMENT((#10827));
#10827 = SURFACE_STYLE_USAGE(.BOTH.,#10828);
#10828 = SURFACE_SIDE_STYLE('',(#10829));
#10829 = SURFACE_STYLE_FILL_AREA(#10830);
#10830 = FILL_AREA_STYLE('',(#10831));
#10831 = FILL_AREA_STYLE_COLOUR('',#10648);
#10832 = STYLED_ITEM('color',(#10833),#4413);
#10833 = PRESENTATION_STYLE_ASSIGNMENT((#10834));
#10834 = SURFACE_STYLE_USAGE(.BOTH.,#10835);
#10835 = SURFACE_SIDE_STYLE('',(#10836));
#10836 = SURFACE_STYLE_FILL_AREA(#10837);
#10837 = FILL_AREA_STYLE('',(#10838));
#10838 = FILL_AREA_STYLE_COLOUR('',#10719);
#10839 = STYLED_ITEM('color',(#10840),#4425);
#10840 = PRESENTATION_STYLE_ASSIGNMENT((#10841));
#10841 = SURFACE_STYLE_USAGE(.BOTH.,#10842);
#10842 = SURFACE_SIDE_STYLE('',(#10843));
#10843 = SURFACE_STYLE_FILL_AREA(#10844);
#10844 = FILL_AREA_STYLE('',(#10845));
#10845 = FILL_AREA_STYLE_COLOUR('',#10719);
#10846 = STYLED_ITEM('color',(#10847),#4437);
#10847 = PRESENTATION_STYLE_ASSIGNMENT((#10848));
#10848 = SURFACE_STYLE_USAGE(.BOTH.,#10849);
#10849 = SURFACE_SIDE_STYLE('',(#10850));
#10850 = SURFACE_STYLE_FILL_AREA(#10851);
#10851 = FILL_AREA_STYLE('',(#10852));
#10852 = FILL_AREA_STYLE_COLOUR('',#10648);
#10853 = STYLED_ITEM('color',(#10854),#4454);
#10854 = PRESENTATION_STYLE_ASSIGNMENT((#10855));
#10855 = SURFACE_STYLE_USAGE(.BOTH.,#10856);
#10856 = SURFACE_SIDE_STYLE('',(#10857));
#10857 = SURFACE_STYLE_FILL_AREA(#10858);
#10858 = FILL_AREA_STYLE('',(#10859));
#10859 = FILL_AREA_STYLE_COLOUR('',#10860);
#10860 = COLOUR_RGB('',0.690999977303,0.663999984767,0.597999987832);
#10861 = STYLED_ITEM('color',(#10862),#4483);
#10862 = PRESENTATION_STYLE_ASSIGNMENT((#10863));
#10863 = SURFACE_STYLE_USAGE(.BOTH.,#10864);
#10864 = SURFACE_SIDE_STYLE('',(#10865));
#10865 = SURFACE_STYLE_FILL_AREA(#10866);
#10866 = FILL_AREA_STYLE('',(#10867));
#10867 = FILL_AREA_STYLE_COLOUR('',#10860);
#10868 = STYLED_ITEM('color',(#10869),#4506);
#10869 = PRESENTATION_STYLE_ASSIGNMENT((#10870));
#10870 = SURFACE_STYLE_USAGE(.BOTH.,#10871);
#10871 = SURFACE_SIDE_STYLE('',(#10872));
#10872 = SURFACE_STYLE_FILL_AREA(#10873);
#10873 = FILL_AREA_STYLE('',(#10874));
#10874 = FILL_AREA_STYLE_COLOUR('',#10860);
#10875 = STYLED_ITEM('color',(#10876),#4529);
#10876 = PRESENTATION_STYLE_ASSIGNMENT((#10877));
#10877 = SURFACE_STYLE_USAGE(.BOTH.,#10878);
#10878 = SURFACE_SIDE_STYLE('',(#10879));
#10879 = SURFACE_STYLE_FILL_AREA(#10880);
#10880 = FILL_AREA_STYLE('',(#10881));
#10881 = FILL_AREA_STYLE_COLOUR('',#10860);
#10882 = STYLED_ITEM('color',(#10883),#4546);
#10883 = PRESENTATION_STYLE_ASSIGNMENT((#10884));
#10884 = SURFACE_STYLE_USAGE(.BOTH.,#10885);
#10885 = SURFACE_SIDE_STYLE('',(#10886));
#10886 = SURFACE_STYLE_FILL_AREA(#10887);
#10887 = FILL_AREA_STYLE('',(#10888));
#10888 = FILL_AREA_STYLE_COLOUR('',#10648);
#10889 = STYLED_ITEM('color',(#10890),#4568);
#10890 = PRESENTATION_STYLE_ASSIGNMENT((#10891));
#10891 = SURFACE_STYLE_USAGE(.BOTH.,#10892);
#10892 = SURFACE_SIDE_STYLE('',(#10893));
#10893 = SURFACE_STYLE_FILL_AREA(#10894);
#10894 = FILL_AREA_STYLE('',(#10895));
#10895 = FILL_AREA_STYLE_COLOUR('',#10648);
#10896 = STYLED_ITEM('color',(#10897),#4580);
#10897 = PRESENTATION_STYLE_ASSIGNMENT((#10898));
#10898 = SURFACE_STYLE_USAGE(.BOTH.,#10899);
#10899 = SURFACE_SIDE_STYLE('',(#10900));
#10900 = SURFACE_STYLE_FILL_AREA(#10901);
#10901 = FILL_AREA_STYLE('',(#10902));
#10902 = FILL_AREA_STYLE_COLOUR('',#10648);
#10903 = STYLED_ITEM('color',(#10904),#4597);
#10904 = PRESENTATION_STYLE_ASSIGNMENT((#10905));
#10905 = SURFACE_STYLE_USAGE(.BOTH.,#10906);
#10906 = SURFACE_SIDE_STYLE('',(#10907));
#10907 = SURFACE_STYLE_FILL_AREA(#10908);
#10908 = FILL_AREA_STYLE('',(#10909));
#10909 = FILL_AREA_STYLE_COLOUR('',#10648);
#10910 = STYLED_ITEM('color',(#10911),#4614);
#10911 = PRESENTATION_STYLE_ASSIGNMENT((#10912));
#10912 = SURFACE_STYLE_USAGE(.BOTH.,#10913);
#10913 = SURFACE_SIDE_STYLE('',(#10914));
#10914 = SURFACE_STYLE_FILL_AREA(#10915);
#10915 = FILL_AREA_STYLE('',(#10916));
#10916 = FILL_AREA_STYLE_COLOUR('',#10648);
#10917 = STYLED_ITEM('color',(#10918),#4631);
#10918 = PRESENTATION_STYLE_ASSIGNMENT((#10919));
#10919 = SURFACE_STYLE_USAGE(.BOTH.,#10920);
#10920 = SURFACE_SIDE_STYLE('',(#10921));
#10921 = SURFACE_STYLE_FILL_AREA(#10922);
#10922 = FILL_AREA_STYLE('',(#10923));
#10923 = FILL_AREA_STYLE_COLOUR('',#10648);
#10924 = STYLED_ITEM('color',(#10925),#4643);
#10925 = PRESENTATION_STYLE_ASSIGNMENT((#10926));
#10926 = SURFACE_STYLE_USAGE(.BOTH.,#10927);
#10927 = SURFACE_SIDE_STYLE('',(#10928));
#10928 = SURFACE_STYLE_FILL_AREA(#10929);
#10929 = FILL_AREA_STYLE('',(#10930));
#10930 = FILL_AREA_STYLE_COLOUR('',#10860);
#10931 = MECHANICAL_DESIGN_GEOMETRIC_PRESENTATION_REPRESENTATION('',(
    #10932,#10939,#10946,#10953,#10960,#10967,#10974,#10981,#10989,
    #10996,#11003,#11010,#11017,#11024,#11032,#11039,#11046,#11053,
    #11060,#11067,#11074,#11081,#11088,#11095,#11102,#11109),#950);
#10932 = STYLED_ITEM('color',(#10933),#162);
#10933 = PRESENTATION_STYLE_ASSIGNMENT((#10934));
#10934 = SURFACE_STYLE_USAGE(.BOTH.,#10935);
#10935 = SURFACE_SIDE_STYLE('',(#10936));
#10936 = SURFACE_STYLE_FILL_AREA(#10937);
#10937 = FILL_AREA_STYLE('',(#10938));
#10938 = FILL_AREA_STYLE_COLOUR('',#10648);
#10939 = STYLED_ITEM('color',(#10940),#202);
#10940 = PRESENTATION_STYLE_ASSIGNMENT((#10941));
#10941 = SURFACE_STYLE_USAGE(.BOTH.,#10942);
#10942 = SURFACE_SIDE_STYLE('',(#10943));
#10943 = SURFACE_STYLE_FILL_AREA(#10944);
#10944 = FILL_AREA_STYLE('',(#10945));
#10945 = FILL_AREA_STYLE_COLOUR('',#10648);
#10946 = STYLED_ITEM('color',(#10947),#285);
#10947 = PRESENTATION_STYLE_ASSIGNMENT((#10948));
#10948 = SURFACE_STYLE_USAGE(.BOTH.,#10949);
#10949 = SURFACE_SIDE_STYLE('',(#10950));
#10950 = SURFACE_STYLE_FILL_AREA(#10951);
#10951 = FILL_AREA_STYLE('',(#10952));
#10952 = FILL_AREA_STYLE_COLOUR('',#10648);
#10953 = STYLED_ITEM('color',(#10954),#310);
#10954 = PRESENTATION_STYLE_ASSIGNMENT((#10955));
#10955 = SURFACE_STYLE_USAGE(.BOTH.,#10956);
#10956 = SURFACE_SIDE_STYLE('',(#10957));
#10957 = SURFACE_STYLE_FILL_AREA(#10958);
#10958 = FILL_AREA_STYLE('',(#10959));
#10959 = FILL_AREA_STYLE_COLOUR('',#10648);
#10960 = STYLED_ITEM('color',(#10961),#335);
#10961 = PRESENTATION_STYLE_ASSIGNMENT((#10962));
#10962 = SURFACE_STYLE_USAGE(.BOTH.,#10963);
#10963 = SURFACE_SIDE_STYLE('',(#10964));
#10964 = SURFACE_STYLE_FILL_AREA(#10965);
#10965 = FILL_AREA_STYLE('',(#10966));
#10966 = FILL_AREA_STYLE_COLOUR('',#10648);
#10967 = STYLED_ITEM('color',(#10968),#402);
#10968 = PRESENTATION_STYLE_ASSIGNMENT((#10969));
#10969 = SURFACE_STYLE_USAGE(.BOTH.,#10970);
#10970 = SURFACE_SIDE_STYLE('',(#10971));
#10971 = SURFACE_STYLE_FILL_AREA(#10972);
#10972 = FILL_AREA_STYLE('',(#10973));
#10973 = FILL_AREA_STYLE_COLOUR('',#10648);
#10974 = STYLED_ITEM('color',(#10975),#419);
#10975 = PRESENTATION_STYLE_ASSIGNMENT((#10976));
#10976 = SURFACE_STYLE_USAGE(.BOTH.,#10977);
#10977 = SURFACE_SIDE_STYLE('',(#10978));
#10978 = SURFACE_STYLE_FILL_AREA(#10979);
#10979 = FILL_AREA_STYLE('',(#10980));
#10980 = FILL_AREA_STYLE_COLOUR('',#10648);
#10981 = STYLED_ITEM('color',(#10982),#436);
#10982 = PRESENTATION_STYLE_ASSIGNMENT((#10983));
#10983 = SURFACE_STYLE_USAGE(.BOTH.,#10984);
#10984 = SURFACE_SIDE_STYLE('',(#10985));
#10985 = SURFACE_STYLE_FILL_AREA(#10986);
#10986 = FILL_AREA_STYLE('',(#10987));
#10987 = FILL_AREA_STYLE_COLOUR('',#10988);
#10988 = COLOUR_RGB('',0.894999966383,0.890999961016,0.813000030345);
#10989 = STYLED_ITEM('color',(#10990),#485);
#10990 = PRESENTATION_STYLE_ASSIGNMENT((#10991));
#10991 = SURFACE_STYLE_USAGE(.BOTH.,#10992);
#10992 = SURFACE_SIDE_STYLE('',(#10993));
#10993 = SURFACE_STYLE_FILL_AREA(#10994);
#10994 = FILL_AREA_STYLE('',(#10995));
#10995 = FILL_AREA_STYLE_COLOUR('',#10648);
#10996 = STYLED_ITEM('color',(#10997),#502);
#10997 = PRESENTATION_STYLE_ASSIGNMENT((#10998));
#10998 = SURFACE_STYLE_USAGE(.BOTH.,#10999);
#10999 = SURFACE_SIDE_STYLE('',(#11000));
#11000 = SURFACE_STYLE_FILL_AREA(#11001);
#11001 = FILL_AREA_STYLE('',(#11002));
#11002 = FILL_AREA_STYLE_COLOUR('',#10648);
#11003 = STYLED_ITEM('color',(#11004),#519);
#11004 = PRESENTATION_STYLE_ASSIGNMENT((#11005));
#11005 = SURFACE_STYLE_USAGE(.BOTH.,#11006);
#11006 = SURFACE_SIDE_STYLE('',(#11007));
#11007 = SURFACE_STYLE_FILL_AREA(#11008);
#11008 = FILL_AREA_STYLE('',(#11009));
#11009 = FILL_AREA_STYLE_COLOUR('',#10988);
#11010 = STYLED_ITEM('color',(#11011),#568);
#11011 = PRESENTATION_STYLE_ASSIGNMENT((#11012));
#11012 = SURFACE_STYLE_USAGE(.BOTH.,#11013);
#11013 = SURFACE_SIDE_STYLE('',(#11014));
#11014 = SURFACE_STYLE_FILL_AREA(#11015);
#11015 = FILL_AREA_STYLE('',(#11016));
#11016 = FILL_AREA_STYLE_COLOUR('',#10988);
#11017 = STYLED_ITEM('color',(#11018),#585);
#11018 = PRESENTATION_STYLE_ASSIGNMENT((#11019));
#11019 = SURFACE_STYLE_USAGE(.BOTH.,#11020);
#11020 = SURFACE_SIDE_STYLE('',(#11021));
#11021 = SURFACE_STYLE_FILL_AREA(#11022);
#11022 = FILL_AREA_STYLE('',(#11023));
#11023 = FILL_AREA_STYLE_COLOUR('',#10648);
#11024 = STYLED_ITEM('color',(#11025),#654);
#11025 = PRESENTATION_STYLE_ASSIGNMENT((#11026));
#11026 = SURFACE_STYLE_USAGE(.BOTH.,#11027);
#11027 = SURFACE_SIDE_STYLE('',(#11028));
#11028 = SURFACE_STYLE_FILL_AREA(#11029);
#11029 = FILL_AREA_STYLE('',(#11030));
#11030 = FILL_AREA_STYLE_COLOUR('',#11031);
#11031 = COLOUR_RGB('',8.200000279077E-02,8.600000121357E-02,
  9.399999706163E-02);
#11032 = STYLED_ITEM('color',(#11033),#685);
#11033 = PRESENTATION_STYLE_ASSIGNMENT((#11034));
#11034 = SURFACE_STYLE_USAGE(.BOTH.,#11035);
#11035 = SURFACE_SIDE_STYLE('',(#11036));
#11036 = SURFACE_STYLE_FILL_AREA(#11037);
#11037 = FILL_AREA_STYLE('',(#11038));
#11038 = FILL_AREA_STYLE_COLOUR('',#11031);
#11039 = STYLED_ITEM('color',(#11040),#709);
#11040 = PRESENTATION_STYLE_ASSIGNMENT((#11041));
#11041 = SURFACE_STYLE_USAGE(.BOTH.,#11042);
#11042 = SURFACE_SIDE_STYLE('',(#11043));
#11043 = SURFACE_STYLE_FILL_AREA(#11044);
#11044 = FILL_AREA_STYLE('',(#11045));
#11045 = FILL_AREA_STYLE_COLOUR('',#10648);
#11046 = STYLED_ITEM('color',(#11047),#778);
#11047 = PRESENTATION_STYLE_ASSIGNMENT((#11048));
#11048 = SURFACE_STYLE_USAGE(.BOTH.,#11049);
#11049 = SURFACE_SIDE_STYLE('',(#11050));
#11050 = SURFACE_STYLE_FILL_AREA(#11051);
#11051 = FILL_AREA_STYLE('',(#11052));
#11052 = FILL_AREA_STYLE_COLOUR('',#11031);
#11053 = STYLED_ITEM('color',(#11054),#802);
#11054 = PRESENTATION_STYLE_ASSIGNMENT((#11055));
#11055 = SURFACE_STYLE_USAGE(.BOTH.,#11056);
#11056 = SURFACE_SIDE_STYLE('',(#11057));
#11057 = SURFACE_STYLE_FILL_AREA(#11058);
#11058 = FILL_AREA_STYLE('',(#11059));
#11059 = FILL_AREA_STYLE_COLOUR('',#10648);
#11060 = STYLED_ITEM('color',(#11061),#819);
#11061 = PRESENTATION_STYLE_ASSIGNMENT((#11062));
#11062 = SURFACE_STYLE_USAGE(.BOTH.,#11063);
#11063 = SURFACE_SIDE_STYLE('',(#11064));
#11064 = SURFACE_STYLE_FILL_AREA(#11065);
#11065 = FILL_AREA_STYLE('',(#11066));
#11066 = FILL_AREA_STYLE_COLOUR('',#10648);
#11067 = STYLED_ITEM('color',(#11068),#836);
#11068 = PRESENTATION_STYLE_ASSIGNMENT((#11069));
#11069 = SURFACE_STYLE_USAGE(.BOTH.,#11070);
#11070 = SURFACE_SIDE_STYLE('',(#11071));
#11071 = SURFACE_STYLE_FILL_AREA(#11072);
#11072 = FILL_AREA_STYLE('',(#11073));
#11073 = FILL_AREA_STYLE_COLOUR('',#10648);
#11074 = STYLED_ITEM('color',(#11075),#853);
#11075 = PRESENTATION_STYLE_ASSIGNMENT((#11076));
#11076 = SURFACE_STYLE_USAGE(.BOTH.,#11077);
#11077 = SURFACE_SIDE_STYLE('',(#11078));
#11078 = SURFACE_STYLE_FILL_AREA(#11079);
#11079 = FILL_AREA_STYLE('',(#11080));
#11080 = FILL_AREA_STYLE_COLOUR('',#10648);
#11081 = STYLED_ITEM('color',(#11082),#870);
#11082 = PRESENTATION_STYLE_ASSIGNMENT((#11083));
#11083 = SURFACE_STYLE_USAGE(.BOTH.,#11084);
#11084 = SURFACE_SIDE_STYLE('',(#11085));
#11085 = SURFACE_STYLE_FILL_AREA(#11086);
#11086 = FILL_AREA_STYLE('',(#11087));
#11087 = FILL_AREA_STYLE_COLOUR('',#10648);
#11088 = STYLED_ITEM('color',(#11089),#887);
#11089 = PRESENTATION_STYLE_ASSIGNMENT((#11090));
#11090 = SURFACE_STYLE_USAGE(.BOTH.,#11091);
#11091 = SURFACE_SIDE_STYLE('',(#11092));
#11092 = SURFACE_STYLE_FILL_AREA(#11093);
#11093 = FILL_AREA_STYLE('',(#11094));
#11094 = FILL_AREA_STYLE_COLOUR('',#10648);
#11095 = STYLED_ITEM('color',(#11096),#904);
#11096 = PRESENTATION_STYLE_ASSIGNMENT((#11097));
#11097 = SURFACE_STYLE_USAGE(.BOTH.,#11098);
#11098 = SURFACE_SIDE_STYLE('',(#11099));
#11099 = SURFACE_STYLE_FILL_AREA(#11100);
#11100 = FILL_AREA_STYLE('',(#11101));
#11101 = FILL_AREA_STYLE_COLOUR('',#10648);
#11102 = STYLED_ITEM('color',(#11103),#921);
#11103 = PRESENTATION_STYLE_ASSIGNMENT((#11104));
#11104 = SURFACE_STYLE_USAGE(.BOTH.,#11105);
#11105 = SURFACE_SIDE_STYLE('',(#11106));
#11106 = SURFACE_STYLE_FILL_AREA(#11107);
#11107 = FILL_AREA_STYLE('',(#11108));
#11108 = FILL_AREA_STYLE_COLOUR('',#11031);
#11109 = STYLED_ITEM('color',(#11110),#938);
#11110 = PRESENTATION_STYLE_ASSIGNMENT((#11111));
#11111 = SURFACE_STYLE_USAGE(.BOTH.,#11112);
#11112 = SURFACE_SIDE_STYLE('',(#11113));
#11113 = SURFACE_STYLE_FILL_AREA(#11114);
#11114 = FILL_AREA_STYLE('',(#11115));
#11115 = FILL_AREA_STYLE_COLOUR('',#11031);
#11116 = MECHANICAL_DESIGN_GEOMETRIC_PRESENTATION_REPRESENTATION('',(
    #11117),#10629);
#11117 = STYLED_ITEM('color',(#11118),#8311);
#11118 = PRESENTATION_STYLE_ASSIGNMENT((#11119));
#11119 = SURFACE_STYLE_USAGE(.BOTH.,#11120);
#11120 = SURFACE_SIDE_STYLE('',(#11121));
#11121 = SURFACE_STYLE_FILL_AREA(#11122);
#11122 = FILL_AREA_STYLE('',(#11123));
#11123 = FILL_AREA_STYLE_COLOUR('',#11124);
#11124 = COLOUR_RGB('',0.313304153717,0.484529207832,0.410020903123);
#11125 = MECHANICAL_DESIGN_GEOMETRIC_PRESENTATION_REPRESENTATION('',(
    #11126,#11133,#11140,#11147,#11154,#11161,#11168,#11175,#11182,
    #11189,#11196,#11203,#11210,#11217,#11224,#11231,#11238,#11245,
    #11252,#11259,#11266,#11273,#11280,#11287,#11294,#11301,#11308,
    #11315,#11322,#11330,#11337,#11344,#11351,#11358,#11365,#11372,
    #11379,#11386,#11393,#11400,#11407,#11414,#11421,#11428,#11435,
    #11442,#11449,#11456,#11463,#11470,#11477,#11484,#11491,#11498,
    #11505,#11512,#11519,#11526,#11533,#11540,#11547,#11554,#11561,
    #11568,#11575,#11582,#11589,#11596,#11603,#11610,#11617,#11624,
    #11631,#11638,#11645,#11652,#11659,#11666,#11673,#11680,#11687,
    #11694,#11701,#11708,#11715,#11722,#11729,#11736,#11743,#11750,
    #11757,#11764,#11771,#11778,#11785,#11792,#11799,#11806,#11813,
    #11820),#8277);
#11126 = STYLED_ITEM('color',(#11127),#5499);
#11127 = PRESENTATION_STYLE_ASSIGNMENT((#11128));
#11128 = SURFACE_STYLE_USAGE(.BOTH.,#11129);
#11129 = SURFACE_SIDE_STYLE('',(#11130));
#11130 = SURFACE_STYLE_FILL_AREA(#11131);
#11131 = FILL_AREA_STYLE('',(#11132));
#11132 = FILL_AREA_STYLE_COLOUR('',#10719);
#11133 = STYLED_ITEM('color',(#11134),#5539);
#11134 = PRESENTATION_STYLE_ASSIGNMENT((#11135));
#11135 = SURFACE_STYLE_USAGE(.BOTH.,#11136);
#11136 = SURFACE_SIDE_STYLE('',(#11137));
#11137 = SURFACE_STYLE_FILL_AREA(#11138);
#11138 = FILL_AREA_STYLE('',(#11139));
#11139 = FILL_AREA_STYLE_COLOUR('',#10719);
#11140 = STYLED_ITEM('color',(#11141),#5570);
#11141 = PRESENTATION_STYLE_ASSIGNMENT((#11142));
#11142 = SURFACE_STYLE_USAGE(.BOTH.,#11143);
#11143 = SURFACE_SIDE_STYLE('',(#11144));
#11144 = SURFACE_STYLE_FILL_AREA(#11145);
#11145 = FILL_AREA_STYLE('',(#11146));
#11146 = FILL_AREA_STYLE_COLOUR('',#10719);
#11147 = STYLED_ITEM('color',(#11148),#5601);
#11148 = PRESENTATION_STYLE_ASSIGNMENT((#11149));
#11149 = SURFACE_STYLE_USAGE(.BOTH.,#11150);
#11150 = SURFACE_SIDE_STYLE('',(#11151));
#11151 = SURFACE_STYLE_FILL_AREA(#11152);
#11152 = FILL_AREA_STYLE('',(#11153));
#11153 = FILL_AREA_STYLE_COLOUR('',#10719);
#11154 = STYLED_ITEM('color',(#11155),#5930);
#11155 = PRESENTATION_STYLE_ASSIGNMENT((#11156));
#11156 = SURFACE_STYLE_USAGE(.BOTH.,#11157);
#11157 = SURFACE_SIDE_STYLE('',(#11158));
#11158 = SURFACE_STYLE_FILL_AREA(#11159);
#11159 = FILL_AREA_STYLE('',(#11160));
#11160 = FILL_AREA_STYLE_COLOUR('',#10719);
#11161 = STYLED_ITEM('color',(#11162),#6259);
#11162 = PRESENTATION_STYLE_ASSIGNMENT((#11163));
#11163 = SURFACE_STYLE_USAGE(.BOTH.,#11164);
#11164 = SURFACE_SIDE_STYLE('',(#11165));
#11165 = SURFACE_STYLE_FILL_AREA(#11166);
#11166 = FILL_AREA_STYLE('',(#11167));
#11167 = FILL_AREA_STYLE_COLOUR('',#10719);
#11168 = STYLED_ITEM('color',(#11169),#6276);
#11169 = PRESENTATION_STYLE_ASSIGNMENT((#11170));
#11170 = SURFACE_STYLE_USAGE(.BOTH.,#11171);
#11171 = SURFACE_SIDE_STYLE('',(#11172));
#11172 = SURFACE_STYLE_FILL_AREA(#11173);
#11173 = FILL_AREA_STYLE('',(#11174));
#11174 = FILL_AREA_STYLE_COLOUR('',#10719);
#11175 = STYLED_ITEM('color',(#11176),#6293);
#11176 = PRESENTATION_STYLE_ASSIGNMENT((#11177));
#11177 = SURFACE_STYLE_USAGE(.BOTH.,#11178);
#11178 = SURFACE_SIDE_STYLE('',(#11179));
#11179 = SURFACE_STYLE_FILL_AREA(#11180);
#11180 = FILL_AREA_STYLE('',(#11181));
#11181 = FILL_AREA_STYLE_COLOUR('',#10719);
#11182 = STYLED_ITEM('color',(#11183),#6310);
#11183 = PRESENTATION_STYLE_ASSIGNMENT((#11184));
#11184 = SURFACE_STYLE_USAGE(.BOTH.,#11185);
#11185 = SURFACE_SIDE_STYLE('',(#11186));
#11186 = SURFACE_STYLE_FILL_AREA(#11187);
#11187 = FILL_AREA_STYLE('',(#11188));
#11188 = FILL_AREA_STYLE_COLOUR('',#10719);
#11189 = STYLED_ITEM('color',(#11190),#6327);
#11190 = PRESENTATION_STYLE_ASSIGNMENT((#11191));
#11191 = SURFACE_STYLE_USAGE(.BOTH.,#11192);
#11192 = SURFACE_SIDE_STYLE('',(#11193));
#11193 = SURFACE_STYLE_FILL_AREA(#11194);
#11194 = FILL_AREA_STYLE('',(#11195));
#11195 = FILL_AREA_STYLE_COLOUR('',#10719);
#11196 = STYLED_ITEM('color',(#11197),#6344);
#11197 = PRESENTATION_STYLE_ASSIGNMENT((#11198));
#11198 = SURFACE_STYLE_USAGE(.BOTH.,#11199);
#11199 = SURFACE_SIDE_STYLE('',(#11200));
#11200 = SURFACE_STYLE_FILL_AREA(#11201);
#11201 = FILL_AREA_STYLE('',(#11202));
#11202 = FILL_AREA_STYLE_COLOUR('',#10719);
#11203 = STYLED_ITEM('color',(#11204),#6361);
#11204 = PRESENTATION_STYLE_ASSIGNMENT((#11205));
#11205 = SURFACE_STYLE_USAGE(.BOTH.,#11206);
#11206 = SURFACE_SIDE_STYLE('',(#11207));
#11207 = SURFACE_STYLE_FILL_AREA(#11208);
#11208 = FILL_AREA_STYLE('',(#11209));
#11209 = FILL_AREA_STYLE_COLOUR('',#10719);
#11210 = STYLED_ITEM('color',(#11211),#6378);
#11211 = PRESENTATION_STYLE_ASSIGNMENT((#11212));
#11212 = SURFACE_STYLE_USAGE(.BOTH.,#11213);
#11213 = SURFACE_SIDE_STYLE('',(#11214));
#11214 = SURFACE_STYLE_FILL_AREA(#11215);
#11215 = FILL_AREA_STYLE('',(#11216));
#11216 = FILL_AREA_STYLE_COLOUR('',#10719);
#11217 = STYLED_ITEM('color',(#11218),#6395);
#11218 = PRESENTATION_STYLE_ASSIGNMENT((#11219));
#11219 = SURFACE_STYLE_USAGE(.BOTH.,#11220);
#11220 = SURFACE_SIDE_STYLE('',(#11221));
#11221 = SURFACE_STYLE_FILL_AREA(#11222);
#11222 = FILL_AREA_STYLE('',(#11223));
#11223 = FILL_AREA_STYLE_COLOUR('',#10719);
#11224 = STYLED_ITEM('color',(#11225),#6412);
#11225 = PRESENTATION_STYLE_ASSIGNMENT((#11226));
#11226 = SURFACE_STYLE_USAGE(.BOTH.,#11227);
#11227 = SURFACE_SIDE_STYLE('',(#11228));
#11228 = SURFACE_STYLE_FILL_AREA(#11229);
#11229 = FILL_AREA_STYLE('',(#11230));
#11230 = FILL_AREA_STYLE_COLOUR('',#10719);
#11231 = STYLED_ITEM('color',(#11232),#6429);
#11232 = PRESENTATION_STYLE_ASSIGNMENT((#11233));
#11233 = SURFACE_STYLE_USAGE(.BOTH.,#11234);
#11234 = SURFACE_SIDE_STYLE('',(#11235));
#11235 = SURFACE_STYLE_FILL_AREA(#11236);
#11236 = FILL_AREA_STYLE('',(#11237));
#11237 = FILL_AREA_STYLE_COLOUR('',#10719);
#11238 = STYLED_ITEM('color',(#11239),#6446);
#11239 = PRESENTATION_STYLE_ASSIGNMENT((#11240));
#11240 = SURFACE_STYLE_USAGE(.BOTH.,#11241);
#11241 = SURFACE_SIDE_STYLE('',(#11242));
#11242 = SURFACE_STYLE_FILL_AREA(#11243);
#11243 = FILL_AREA_STYLE('',(#11244));
#11244 = FILL_AREA_STYLE_COLOUR('',#10719);
#11245 = STYLED_ITEM('color',(#11246),#6463);
#11246 = PRESENTATION_STYLE_ASSIGNMENT((#11247));
#11247 = SURFACE_STYLE_USAGE(.BOTH.,#11248);
#11248 = SURFACE_SIDE_STYLE('',(#11249));
#11249 = SURFACE_STYLE_FILL_AREA(#11250);
#11250 = FILL_AREA_STYLE('',(#11251));
#11251 = FILL_AREA_STYLE_COLOUR('',#10719);
#11252 = STYLED_ITEM('color',(#11253),#6480);
#11253 = PRESENTATION_STYLE_ASSIGNMENT((#11254));
#11254 = SURFACE_STYLE_USAGE(.BOTH.,#11255);
#11255 = SURFACE_SIDE_STYLE('',(#11256));
#11256 = SURFACE_STYLE_FILL_AREA(#11257);
#11257 = FILL_AREA_STYLE('',(#11258));
#11258 = FILL_AREA_STYLE_COLOUR('',#10719);
#11259 = STYLED_ITEM('color',(#11260),#6497);
#11260 = PRESENTATION_STYLE_ASSIGNMENT((#11261));
#11261 = SURFACE_STYLE_USAGE(.BOTH.,#11262);
#11262 = SURFACE_SIDE_STYLE('',(#11263));
#11263 = SURFACE_STYLE_FILL_AREA(#11264);
#11264 = FILL_AREA_STYLE('',(#11265));
#11265 = FILL_AREA_STYLE_COLOUR('',#10719);
#11266 = STYLED_ITEM('color',(#11267),#6514);
#11267 = PRESENTATION_STYLE_ASSIGNMENT((#11268));
#11268 = SURFACE_STYLE_USAGE(.BOTH.,#11269);
#11269 = SURFACE_SIDE_STYLE('',(#11270));
#11270 = SURFACE_STYLE_FILL_AREA(#11271);
#11271 = FILL_AREA_STYLE('',(#11272));
#11272 = FILL_AREA_STYLE_COLOUR('',#10719);
#11273 = STYLED_ITEM('color',(#11274),#6531);
#11274 = PRESENTATION_STYLE_ASSIGNMENT((#11275));
#11275 = SURFACE_STYLE_USAGE(.BOTH.,#11276);
#11276 = SURFACE_SIDE_STYLE('',(#11277));
#11277 = SURFACE_STYLE_FILL_AREA(#11278);
#11278 = FILL_AREA_STYLE('',(#11279));
#11279 = FILL_AREA_STYLE_COLOUR('',#10719);
#11280 = STYLED_ITEM('color',(#11281),#6548);
#11281 = PRESENTATION_STYLE_ASSIGNMENT((#11282));
#11282 = SURFACE_STYLE_USAGE(.BOTH.,#11283);
#11283 = SURFACE_SIDE_STYLE('',(#11284));
#11284 = SURFACE_STYLE_FILL_AREA(#11285);
#11285 = FILL_AREA_STYLE('',(#11286));
#11286 = FILL_AREA_STYLE_COLOUR('',#10719);
#11287 = STYLED_ITEM('color',(#11288),#6565);
#11288 = PRESENTATION_STYLE_ASSIGNMENT((#11289));
#11289 = SURFACE_STYLE_USAGE(.BOTH.,#11290);
#11290 = SURFACE_SIDE_STYLE('',(#11291));
#11291 = SURFACE_STYLE_FILL_AREA(#11292);
#11292 = FILL_AREA_STYLE('',(#11293));
#11293 = FILL_AREA_STYLE_COLOUR('',#10719);
#11294 = STYLED_ITEM('color',(#11295),#6582);
#11295 = PRESENTATION_STYLE_ASSIGNMENT((#11296));
#11296 = SURFACE_STYLE_USAGE(.BOTH.,#11297);
#11297 = SURFACE_SIDE_STYLE('',(#11298));
#11298 = SURFACE_STYLE_FILL_AREA(#11299);
#11299 = FILL_AREA_STYLE('',(#11300));
#11300 = FILL_AREA_STYLE_COLOUR('',#10719);
#11301 = STYLED_ITEM('color',(#11302),#6599);
#11302 = PRESENTATION_STYLE_ASSIGNMENT((#11303));
#11303 = SURFACE_STYLE_USAGE(.BOTH.,#11304);
#11304 = SURFACE_SIDE_STYLE('',(#11305));
#11305 = SURFACE_STYLE_FILL_AREA(#11306);
#11306 = FILL_AREA_STYLE('',(#11307));
#11307 = FILL_AREA_STYLE_COLOUR('',#10719);
#11308 = STYLED_ITEM('color',(#11309),#6616);
#11309 = PRESENTATION_STYLE_ASSIGNMENT((#11310));
#11310 = SURFACE_STYLE_USAGE(.BOTH.,#11311);
#11311 = SURFACE_SIDE_STYLE('',(#11312));
#11312 = SURFACE_STYLE_FILL_AREA(#11313);
#11313 = FILL_AREA_STYLE('',(#11314));
#11314 = FILL_AREA_STYLE_COLOUR('',#10719);
#11315 = STYLED_ITEM('color',(#11316),#6633);
#11316 = PRESENTATION_STYLE_ASSIGNMENT((#11317));
#11317 = SURFACE_STYLE_USAGE(.BOTH.,#11318);
#11318 = SURFACE_SIDE_STYLE('',(#11319));
#11319 = SURFACE_STYLE_FILL_AREA(#11320);
#11320 = FILL_AREA_STYLE('',(#11321));
#11321 = FILL_AREA_STYLE_COLOUR('',#10719);
#11322 = STYLED_ITEM('color',(#11323),#6645);
#11323 = PRESENTATION_STYLE_ASSIGNMENT((#11324));
#11324 = SURFACE_STYLE_USAGE(.BOTH.,#11325);
#11325 = SURFACE_SIDE_STYLE('',(#11326));
#11326 = SURFACE_STYLE_FILL_AREA(#11327);
#11327 = FILL_AREA_STYLE('',(#11328));
#11328 = FILL_AREA_STYLE_COLOUR('',#11329);
#11329 = COLOUR_RGB('',0.859000020776,0.737999965183,0.495999988746);
#11330 = STYLED_ITEM('color',(#11331),#6676);
#11331 = PRESENTATION_STYLE_ASSIGNMENT((#11332));
#11332 = SURFACE_STYLE_USAGE(.BOTH.,#11333);
#11333 = SURFACE_SIDE_STYLE('',(#11334));
#11334 = SURFACE_STYLE_FILL_AREA(#11335);
#11335 = FILL_AREA_STYLE('',(#11336));
#11336 = FILL_AREA_STYLE_COLOUR('',#11329);
#11337 = STYLED_ITEM('color',(#11338),#6700);
#11338 = PRESENTATION_STYLE_ASSIGNMENT((#11339));
#11339 = SURFACE_STYLE_USAGE(.BOTH.,#11340);
#11340 = SURFACE_SIDE_STYLE('',(#11341));
#11341 = SURFACE_STYLE_FILL_AREA(#11342);
#11342 = FILL_AREA_STYLE('',(#11343));
#11343 = FILL_AREA_STYLE_COLOUR('',#11329);
#11344 = STYLED_ITEM('color',(#11345),#6724);
#11345 = PRESENTATION_STYLE_ASSIGNMENT((#11346));
#11346 = SURFACE_STYLE_USAGE(.BOTH.,#11347);
#11347 = SURFACE_SIDE_STYLE('',(#11348));
#11348 = SURFACE_STYLE_FILL_AREA(#11349);
#11349 = FILL_AREA_STYLE('',(#11350));
#11350 = FILL_AREA_STYLE_COLOUR('',#11329);
#11351 = STYLED_ITEM('color',(#11352),#6741);
#11352 = PRESENTATION_STYLE_ASSIGNMENT((#11353));
#11353 = SURFACE_STYLE_USAGE(.BOTH.,#11354);
#11354 = SURFACE_SIDE_STYLE('',(#11355));
#11355 = SURFACE_STYLE_FILL_AREA(#11356);
#11356 = FILL_AREA_STYLE('',(#11357));
#11357 = FILL_AREA_STYLE_COLOUR('',#11329);
#11358 = STYLED_ITEM('color',(#11359),#6772);
#11359 = PRESENTATION_STYLE_ASSIGNMENT((#11360));
#11360 = SURFACE_STYLE_USAGE(.BOTH.,#11361);
#11361 = SURFACE_SIDE_STYLE('',(#11362));
#11362 = SURFACE_STYLE_FILL_AREA(#11363);
#11363 = FILL_AREA_STYLE('',(#11364));
#11364 = FILL_AREA_STYLE_COLOUR('',#11329);
#11365 = STYLED_ITEM('color',(#11366),#6796);
#11366 = PRESENTATION_STYLE_ASSIGNMENT((#11367));
#11367 = SURFACE_STYLE_USAGE(.BOTH.,#11368);
#11368 = SURFACE_SIDE_STYLE('',(#11369));
#11369 = SURFACE_STYLE_FILL_AREA(#11370);
#11370 = FILL_AREA_STYLE('',(#11371));
#11371 = FILL_AREA_STYLE_COLOUR('',#11329);
#11372 = STYLED_ITEM('color',(#11373),#6820);
#11373 = PRESENTATION_STYLE_ASSIGNMENT((#11374));
#11374 = SURFACE_STYLE_USAGE(.BOTH.,#11375);
#11375 = SURFACE_SIDE_STYLE('',(#11376));
#11376 = SURFACE_STYLE_FILL_AREA(#11377);
#11377 = FILL_AREA_STYLE('',(#11378));
#11378 = FILL_AREA_STYLE_COLOUR('',#11329);
#11379 = STYLED_ITEM('color',(#11380),#6837);
#11380 = PRESENTATION_STYLE_ASSIGNMENT((#11381));
#11381 = SURFACE_STYLE_USAGE(.BOTH.,#11382);
#11382 = SURFACE_SIDE_STYLE('',(#11383));
#11383 = SURFACE_STYLE_FILL_AREA(#11384);
#11384 = FILL_AREA_STYLE('',(#11385));
#11385 = FILL_AREA_STYLE_COLOUR('',#11329);
#11386 = STYLED_ITEM('color',(#11387),#6868);
#11387 = PRESENTATION_STYLE_ASSIGNMENT((#11388));
#11388 = SURFACE_STYLE_USAGE(.BOTH.,#11389);
#11389 = SURFACE_SIDE_STYLE('',(#11390));
#11390 = SURFACE_STYLE_FILL_AREA(#11391);
#11391 = FILL_AREA_STYLE('',(#11392));
#11392 = FILL_AREA_STYLE_COLOUR('',#11329);
#11393 = STYLED_ITEM('color',(#11394),#6892);
#11394 = PRESENTATION_STYLE_ASSIGNMENT((#11395));
#11395 = SURFACE_STYLE_USAGE(.BOTH.,#11396);
#11396 = SURFACE_SIDE_STYLE('',(#11397));
#11397 = SURFACE_STYLE_FILL_AREA(#11398);
#11398 = FILL_AREA_STYLE('',(#11399));
#11399 = FILL_AREA_STYLE_COLOUR('',#11329);
#11400 = STYLED_ITEM('color',(#11401),#6916);
#11401 = PRESENTATION_STYLE_ASSIGNMENT((#11402));
#11402 = SURFACE_STYLE_USAGE(.BOTH.,#11403);
#11403 = SURFACE_SIDE_STYLE('',(#11404));
#11404 = SURFACE_STYLE_FILL_AREA(#11405);
#11405 = FILL_AREA_STYLE('',(#11406));
#11406 = FILL_AREA_STYLE_COLOUR('',#11329);
#11407 = STYLED_ITEM('color',(#11408),#6933);
#11408 = PRESENTATION_STYLE_ASSIGNMENT((#11409));
#11409 = SURFACE_STYLE_USAGE(.BOTH.,#11410);
#11410 = SURFACE_SIDE_STYLE('',(#11411));
#11411 = SURFACE_STYLE_FILL_AREA(#11412);
#11412 = FILL_AREA_STYLE('',(#11413));
#11413 = FILL_AREA_STYLE_COLOUR('',#11329);
#11414 = STYLED_ITEM('color',(#11415),#6964);
#11415 = PRESENTATION_STYLE_ASSIGNMENT((#11416));
#11416 = SURFACE_STYLE_USAGE(.BOTH.,#11417);
#11417 = SURFACE_SIDE_STYLE('',(#11418));
#11418 = SURFACE_STYLE_FILL_AREA(#11419);
#11419 = FILL_AREA_STYLE('',(#11420));
#11420 = FILL_AREA_STYLE_COLOUR('',#11329);
#11421 = STYLED_ITEM('color',(#11422),#6988);
#11422 = PRESENTATION_STYLE_ASSIGNMENT((#11423));
#11423 = SURFACE_STYLE_USAGE(.BOTH.,#11424);
#11424 = SURFACE_SIDE_STYLE('',(#11425));
#11425 = SURFACE_STYLE_FILL_AREA(#11426);
#11426 = FILL_AREA_STYLE('',(#11427));
#11427 = FILL_AREA_STYLE_COLOUR('',#11329);
#11428 = STYLED_ITEM('color',(#11429),#7012);
#11429 = PRESENTATION_STYLE_ASSIGNMENT((#11430));
#11430 = SURFACE_STYLE_USAGE(.BOTH.,#11431);
#11431 = SURFACE_SIDE_STYLE('',(#11432));
#11432 = SURFACE_STYLE_FILL_AREA(#11433);
#11433 = FILL_AREA_STYLE('',(#11434));
#11434 = FILL_AREA_STYLE_COLOUR('',#11329);
#11435 = STYLED_ITEM('color',(#11436),#7029);
#11436 = PRESENTATION_STYLE_ASSIGNMENT((#11437));
#11437 = SURFACE_STYLE_USAGE(.BOTH.,#11438);
#11438 = SURFACE_SIDE_STYLE('',(#11439));
#11439 = SURFACE_STYLE_FILL_AREA(#11440);
#11440 = FILL_AREA_STYLE('',(#11441));
#11441 = FILL_AREA_STYLE_COLOUR('',#11329);
#11442 = STYLED_ITEM('color',(#11443),#7060);
#11443 = PRESENTATION_STYLE_ASSIGNMENT((#11444));
#11444 = SURFACE_STYLE_USAGE(.BOTH.,#11445);
#11445 = SURFACE_SIDE_STYLE('',(#11446));
#11446 = SURFACE_STYLE_FILL_AREA(#11447);
#11447 = FILL_AREA_STYLE('',(#11448));
#11448 = FILL_AREA_STYLE_COLOUR('',#11329);
#11449 = STYLED_ITEM('color',(#11450),#7084);
#11450 = PRESENTATION_STYLE_ASSIGNMENT((#11451));
#11451 = SURFACE_STYLE_USAGE(.BOTH.,#11452);
#11452 = SURFACE_SIDE_STYLE('',(#11453));
#11453 = SURFACE_STYLE_FILL_AREA(#11454);
#11454 = FILL_AREA_STYLE('',(#11455));
#11455 = FILL_AREA_STYLE_COLOUR('',#11329);
#11456 = STYLED_ITEM('color',(#11457),#7108);
#11457 = PRESENTATION_STYLE_ASSIGNMENT((#11458));
#11458 = SURFACE_STYLE_USAGE(.BOTH.,#11459);
#11459 = SURFACE_SIDE_STYLE('',(#11460));
#11460 = SURFACE_STYLE_FILL_AREA(#11461);
#11461 = FILL_AREA_STYLE('',(#11462));
#11462 = FILL_AREA_STYLE_COLOUR('',#11329);
#11463 = STYLED_ITEM('color',(#11464),#7125);
#11464 = PRESENTATION_STYLE_ASSIGNMENT((#11465));
#11465 = SURFACE_STYLE_USAGE(.BOTH.,#11466);
#11466 = SURFACE_SIDE_STYLE('',(#11467));
#11467 = SURFACE_STYLE_FILL_AREA(#11468);
#11468 = FILL_AREA_STYLE('',(#11469));
#11469 = FILL_AREA_STYLE_COLOUR('',#11329);
#11470 = STYLED_ITEM('color',(#11471),#7156);
#11471 = PRESENTATION_STYLE_ASSIGNMENT((#11472));
#11472 = SURFACE_STYLE_USAGE(.BOTH.,#11473);
#11473 = SURFACE_SIDE_STYLE('',(#11474));
#11474 = SURFACE_STYLE_FILL_AREA(#11475);
#11475 = FILL_AREA_STYLE('',(#11476));
#11476 = FILL_AREA_STYLE_COLOUR('',#11329);
#11477 = STYLED_ITEM('color',(#11478),#7180);
#11478 = PRESENTATION_STYLE_ASSIGNMENT((#11479));
#11479 = SURFACE_STYLE_USAGE(.BOTH.,#11480);
#11480 = SURFACE_SIDE_STYLE('',(#11481));
#11481 = SURFACE_STYLE_FILL_AREA(#11482);
#11482 = FILL_AREA_STYLE('',(#11483));
#11483 = FILL_AREA_STYLE_COLOUR('',#11329);
#11484 = STYLED_ITEM('color',(#11485),#7204);
#11485 = PRESENTATION_STYLE_ASSIGNMENT((#11486));
#11486 = SURFACE_STYLE_USAGE(.BOTH.,#11487);
#11487 = SURFACE_SIDE_STYLE('',(#11488));
#11488 = SURFACE_STYLE_FILL_AREA(#11489);
#11489 = FILL_AREA_STYLE('',(#11490));
#11490 = FILL_AREA_STYLE_COLOUR('',#11329);
#11491 = STYLED_ITEM('color',(#11492),#7221);
#11492 = PRESENTATION_STYLE_ASSIGNMENT((#11493));
#11493 = SURFACE_STYLE_USAGE(.BOTH.,#11494);
#11494 = SURFACE_SIDE_STYLE('',(#11495));
#11495 = SURFACE_STYLE_FILL_AREA(#11496);
#11496 = FILL_AREA_STYLE('',(#11497));
#11497 = FILL_AREA_STYLE_COLOUR('',#11329);
#11498 = STYLED_ITEM('color',(#11499),#7252);
#11499 = PRESENTATION_STYLE_ASSIGNMENT((#11500));
#11500 = SURFACE_STYLE_USAGE(.BOTH.,#11501);
#11501 = SURFACE_SIDE_STYLE('',(#11502));
#11502 = SURFACE_STYLE_FILL_AREA(#11503);
#11503 = FILL_AREA_STYLE('',(#11504));
#11504 = FILL_AREA_STYLE_COLOUR('',#11329);
#11505 = STYLED_ITEM('color',(#11506),#7276);
#11506 = PRESENTATION_STYLE_ASSIGNMENT((#11507));
#11507 = SURFACE_STYLE_USAGE(.BOTH.,#11508);
#11508 = SURFACE_SIDE_STYLE('',(#11509));
#11509 = SURFACE_STYLE_FILL_AREA(#11510);
#11510 = FILL_AREA_STYLE('',(#11511));
#11511 = FILL_AREA_STYLE_COLOUR('',#11329);
#11512 = STYLED_ITEM('color',(#11513),#7300);
#11513 = PRESENTATION_STYLE_ASSIGNMENT((#11514));
#11514 = SURFACE_STYLE_USAGE(.BOTH.,#11515);
#11515 = SURFACE_SIDE_STYLE('',(#11516));
#11516 = SURFACE_STYLE_FILL_AREA(#11517);
#11517 = FILL_AREA_STYLE('',(#11518));
#11518 = FILL_AREA_STYLE_COLOUR('',#11329);
#11519 = STYLED_ITEM('color',(#11520),#7317);
#11520 = PRESENTATION_STYLE_ASSIGNMENT((#11521));
#11521 = SURFACE_STYLE_USAGE(.BOTH.,#11522);
#11522 = SURFACE_SIDE_STYLE('',(#11523));
#11523 = SURFACE_STYLE_FILL_AREA(#11524);
#11524 = FILL_AREA_STYLE('',(#11525));
#11525 = FILL_AREA_STYLE_COLOUR('',#11329);
#11526 = STYLED_ITEM('color',(#11527),#7348);
#11527 = PRESENTATION_STYLE_ASSIGNMENT((#11528));
#11528 = SURFACE_STYLE_USAGE(.BOTH.,#11529);
#11529 = SURFACE_SIDE_STYLE('',(#11530));
#11530 = SURFACE_STYLE_FILL_AREA(#11531);
#11531 = FILL_AREA_STYLE('',(#11532));
#11532 = FILL_AREA_STYLE_COLOUR('',#11329);
#11533 = STYLED_ITEM('color',(#11534),#7372);
#11534 = PRESENTATION_STYLE_ASSIGNMENT((#11535));
#11535 = SURFACE_STYLE_USAGE(.BOTH.,#11536);
#11536 = SURFACE_SIDE_STYLE('',(#11537));
#11537 = SURFACE_STYLE_FILL_AREA(#11538);
#11538 = FILL_AREA_STYLE('',(#11539));
#11539 = FILL_AREA_STYLE_COLOUR('',#11329);
#11540 = STYLED_ITEM('color',(#11541),#7396);
#11541 = PRESENTATION_STYLE_ASSIGNMENT((#11542));
#11542 = SURFACE_STYLE_USAGE(.BOTH.,#11543);
#11543 = SURFACE_SIDE_STYLE('',(#11544));
#11544 = SURFACE_STYLE_FILL_AREA(#11545);
#11545 = FILL_AREA_STYLE('',(#11546));
#11546 = FILL_AREA_STYLE_COLOUR('',#11329);
#11547 = STYLED_ITEM('color',(#11548),#7413);
#11548 = PRESENTATION_STYLE_ASSIGNMENT((#11549));
#11549 = SURFACE_STYLE_USAGE(.BOTH.,#11550);
#11550 = SURFACE_SIDE_STYLE('',(#11551));
#11551 = SURFACE_STYLE_FILL_AREA(#11552);
#11552 = FILL_AREA_STYLE('',(#11553));
#11553 = FILL_AREA_STYLE_COLOUR('',#11329);
#11554 = STYLED_ITEM('color',(#11555),#7444);
#11555 = PRESENTATION_STYLE_ASSIGNMENT((#11556));
#11556 = SURFACE_STYLE_USAGE(.BOTH.,#11557);
#11557 = SURFACE_SIDE_STYLE('',(#11558));
#11558 = SURFACE_STYLE_FILL_AREA(#11559);
#11559 = FILL_AREA_STYLE('',(#11560));
#11560 = FILL_AREA_STYLE_COLOUR('',#11329);
#11561 = STYLED_ITEM('color',(#11562),#7468);
#11562 = PRESENTATION_STYLE_ASSIGNMENT((#11563));
#11563 = SURFACE_STYLE_USAGE(.BOTH.,#11564);
#11564 = SURFACE_SIDE_STYLE('',(#11565));
#11565 = SURFACE_STYLE_FILL_AREA(#11566);
#11566 = FILL_AREA_STYLE('',(#11567));
#11567 = FILL_AREA_STYLE_COLOUR('',#11329);
#11568 = STYLED_ITEM('color',(#11569),#7492);
#11569 = PRESENTATION_STYLE_ASSIGNMENT((#11570));
#11570 = SURFACE_STYLE_USAGE(.BOTH.,#11571);
#11571 = SURFACE_SIDE_STYLE('',(#11572));
#11572 = SURFACE_STYLE_FILL_AREA(#11573);
#11573 = FILL_AREA_STYLE('',(#11574));
#11574 = FILL_AREA_STYLE_COLOUR('',#11329);
#11575 = STYLED_ITEM('color',(#11576),#7509);
#11576 = PRESENTATION_STYLE_ASSIGNMENT((#11577));
#11577 = SURFACE_STYLE_USAGE(.BOTH.,#11578);
#11578 = SURFACE_SIDE_STYLE('',(#11579));
#11579 = SURFACE_STYLE_FILL_AREA(#11580);
#11580 = FILL_AREA_STYLE('',(#11581));
#11581 = FILL_AREA_STYLE_COLOUR('',#11329);
#11582 = STYLED_ITEM('color',(#11583),#7540);
#11583 = PRESENTATION_STYLE_ASSIGNMENT((#11584));
#11584 = SURFACE_STYLE_USAGE(.BOTH.,#11585);
#11585 = SURFACE_SIDE_STYLE('',(#11586));
#11586 = SURFACE_STYLE_FILL_AREA(#11587);
#11587 = FILL_AREA_STYLE('',(#11588));
#11588 = FILL_AREA_STYLE_COLOUR('',#11329);
#11589 = STYLED_ITEM('color',(#11590),#7564);
#11590 = PRESENTATION_STYLE_ASSIGNMENT((#11591));
#11591 = SURFACE_STYLE_USAGE(.BOTH.,#11592);
#11592 = SURFACE_SIDE_STYLE('',(#11593));
#11593 = SURFACE_STYLE_FILL_AREA(#11594);
#11594 = FILL_AREA_STYLE('',(#11595));
#11595 = FILL_AREA_STYLE_COLOUR('',#11329);
#11596 = STYLED_ITEM('color',(#11597),#7588);
#11597 = PRESENTATION_STYLE_ASSIGNMENT((#11598));
#11598 = SURFACE_STYLE_USAGE(.BOTH.,#11599);
#11599 = SURFACE_SIDE_STYLE('',(#11600));
#11600 = SURFACE_STYLE_FILL_AREA(#11601);
#11601 = FILL_AREA_STYLE('',(#11602));
#11602 = FILL_AREA_STYLE_COLOUR('',#11329);
#11603 = STYLED_ITEM('color',(#11604),#7605);
#11604 = PRESENTATION_STYLE_ASSIGNMENT((#11605));
#11605 = SURFACE_STYLE_USAGE(.BOTH.,#11606);
#11606 = SURFACE_SIDE_STYLE('',(#11607));
#11607 = SURFACE_STYLE_FILL_AREA(#11608);
#11608 = FILL_AREA_STYLE('',(#11609));
#11609 = FILL_AREA_STYLE_COLOUR('',#11329);
#11610 = STYLED_ITEM('color',(#11611),#7636);
#11611 = PRESENTATION_STYLE_ASSIGNMENT((#11612));
#11612 = SURFACE_STYLE_USAGE(.BOTH.,#11613);
#11613 = SURFACE_SIDE_STYLE('',(#11614));
#11614 = SURFACE_STYLE_FILL_AREA(#11615);
#11615 = FILL_AREA_STYLE('',(#11616));
#11616 = FILL_AREA_STYLE_COLOUR('',#11329);
#11617 = STYLED_ITEM('color',(#11618),#7660);
#11618 = PRESENTATION_STYLE_ASSIGNMENT((#11619));
#11619 = SURFACE_STYLE_USAGE(.BOTH.,#11620);
#11620 = SURFACE_SIDE_STYLE('',(#11621));
#11621 = SURFACE_STYLE_FILL_AREA(#11622);
#11622 = FILL_AREA_STYLE('',(#11623));
#11623 = FILL_AREA_STYLE_COLOUR('',#11329);
#11624 = STYLED_ITEM('color',(#11625),#7684);
#11625 = PRESENTATION_STYLE_ASSIGNMENT((#11626));
#11626 = SURFACE_STYLE_USAGE(.BOTH.,#11627);
#11627 = SURFACE_SIDE_STYLE('',(#11628));
#11628 = SURFACE_STYLE_FILL_AREA(#11629);
#11629 = FILL_AREA_STYLE('',(#11630));
#11630 = FILL_AREA_STYLE_COLOUR('',#11329);
#11631 = STYLED_ITEM('color',(#11632),#7701);
#11632 = PRESENTATION_STYLE_ASSIGNMENT((#11633));
#11633 = SURFACE_STYLE_USAGE(.BOTH.,#11634);
#11634 = SURFACE_SIDE_STYLE('',(#11635));
#11635 = SURFACE_STYLE_FILL_AREA(#11636);
#11636 = FILL_AREA_STYLE('',(#11637));
#11637 = FILL_AREA_STYLE_COLOUR('',#11329);
#11638 = STYLED_ITEM('color',(#11639),#7732);
#11639 = PRESENTATION_STYLE_ASSIGNMENT((#11640));
#11640 = SURFACE_STYLE_USAGE(.BOTH.,#11641);
#11641 = SURFACE_SIDE_STYLE('',(#11642));
#11642 = SURFACE_STYLE_FILL_AREA(#11643);
#11643 = FILL_AREA_STYLE('',(#11644));
#11644 = FILL_AREA_STYLE_COLOUR('',#11329);
#11645 = STYLED_ITEM('color',(#11646),#7756);
#11646 = PRESENTATION_STYLE_ASSIGNMENT((#11647));
#11647 = SURFACE_STYLE_USAGE(.BOTH.,#11648);
#11648 = SURFACE_SIDE_STYLE('',(#11649));
#11649 = SURFACE_STYLE_FILL_AREA(#11650);
#11650 = FILL_AREA_STYLE('',(#11651));
#11651 = FILL_AREA_STYLE_COLOUR('',#11329);
#11652 = STYLED_ITEM('color',(#11653),#7780);
#11653 = PRESENTATION_STYLE_ASSIGNMENT((#11654));
#11654 = SURFACE_STYLE_USAGE(.BOTH.,#11655);
#11655 = SURFACE_SIDE_STYLE('',(#11656));
#11656 = SURFACE_STYLE_FILL_AREA(#11657);
#11657 = FILL_AREA_STYLE('',(#11658));
#11658 = FILL_AREA_STYLE_COLOUR('',#11329);
#11659 = STYLED_ITEM('color',(#11660),#7797);
#11660 = PRESENTATION_STYLE_ASSIGNMENT((#11661));
#11661 = SURFACE_STYLE_USAGE(.BOTH.,#11662);
#11662 = SURFACE_SIDE_STYLE('',(#11663));
#11663 = SURFACE_STYLE_FILL_AREA(#11664);
#11664 = FILL_AREA_STYLE('',(#11665));
#11665 = FILL_AREA_STYLE_COLOUR('',#11329);
#11666 = STYLED_ITEM('color',(#11667),#7828);
#11667 = PRESENTATION_STYLE_ASSIGNMENT((#11668));
#11668 = SURFACE_STYLE_USAGE(.BOTH.,#11669);
#11669 = SURFACE_SIDE_STYLE('',(#11670));
#11670 = SURFACE_STYLE_FILL_AREA(#11671);
#11671 = FILL_AREA_STYLE('',(#11672));
#11672 = FILL_AREA_STYLE_COLOUR('',#11329);
#11673 = STYLED_ITEM('color',(#11674),#7852);
#11674 = PRESENTATION_STYLE_ASSIGNMENT((#11675));
#11675 = SURFACE_STYLE_USAGE(.BOTH.,#11676);
#11676 = SURFACE_SIDE_STYLE('',(#11677));
#11677 = SURFACE_STYLE_FILL_AREA(#11678);
#11678 = FILL_AREA_STYLE('',(#11679));
#11679 = FILL_AREA_STYLE_COLOUR('',#11329);
#11680 = STYLED_ITEM('color',(#11681),#7876);
#11681 = PRESENTATION_STYLE_ASSIGNMENT((#11682));
#11682 = SURFACE_STYLE_USAGE(.BOTH.,#11683);
#11683 = SURFACE_SIDE_STYLE('',(#11684));
#11684 = SURFACE_STYLE_FILL_AREA(#11685);
#11685 = FILL_AREA_STYLE('',(#11686));
#11686 = FILL_AREA_STYLE_COLOUR('',#11329);
#11687 = STYLED_ITEM('color',(#11688),#7893);
#11688 = PRESENTATION_STYLE_ASSIGNMENT((#11689));
#11689 = SURFACE_STYLE_USAGE(.BOTH.,#11690);
#11690 = SURFACE_SIDE_STYLE('',(#11691));
#11691 = SURFACE_STYLE_FILL_AREA(#11692);
#11692 = FILL_AREA_STYLE('',(#11693));
#11693 = FILL_AREA_STYLE_COLOUR('',#11329);
#11694 = STYLED_ITEM('color',(#11695),#7924);
#11695 = PRESENTATION_STYLE_ASSIGNMENT((#11696));
#11696 = SURFACE_STYLE_USAGE(.BOTH.,#11697);
#11697 = SURFACE_SIDE_STYLE('',(#11698));
#11698 = SURFACE_STYLE_FILL_AREA(#11699);
#11699 = FILL_AREA_STYLE('',(#11700));
#11700 = FILL_AREA_STYLE_COLOUR('',#11329);
#11701 = STYLED_ITEM('color',(#11702),#7948);
#11702 = PRESENTATION_STYLE_ASSIGNMENT((#11703));
#11703 = SURFACE_STYLE_USAGE(.BOTH.,#11704);
#11704 = SURFACE_SIDE_STYLE('',(#11705));
#11705 = SURFACE_STYLE_FILL_AREA(#11706);
#11706 = FILL_AREA_STYLE('',(#11707));
#11707 = FILL_AREA_STYLE_COLOUR('',#11329);
#11708 = STYLED_ITEM('color',(#11709),#7972);
#11709 = PRESENTATION_STYLE_ASSIGNMENT((#11710));
#11710 = SURFACE_STYLE_USAGE(.BOTH.,#11711);
#11711 = SURFACE_SIDE_STYLE('',(#11712));
#11712 = SURFACE_STYLE_FILL_AREA(#11713);
#11713 = FILL_AREA_STYLE('',(#11714));
#11714 = FILL_AREA_STYLE_COLOUR('',#11329);
#11715 = STYLED_ITEM('color',(#11716),#7989);
#11716 = PRESENTATION_STYLE_ASSIGNMENT((#11717));
#11717 = SURFACE_STYLE_USAGE(.BOTH.,#11718);
#11718 = SURFACE_SIDE_STYLE('',(#11719));
#11719 = SURFACE_STYLE_FILL_AREA(#11720);
#11720 = FILL_AREA_STYLE('',(#11721));
#11721 = FILL_AREA_STYLE_COLOUR('',#11329);
#11722 = STYLED_ITEM('color',(#11723),#8020);
#11723 = PRESENTATION_STYLE_ASSIGNMENT((#11724));
#11724 = SURFACE_STYLE_USAGE(.BOTH.,#11725);
#11725 = SURFACE_SIDE_STYLE('',(#11726));
#11726 = SURFACE_STYLE_FILL_AREA(#11727);
#11727 = FILL_AREA_STYLE('',(#11728));
#11728 = FILL_AREA_STYLE_COLOUR('',#11329);
#11729 = STYLED_ITEM('color',(#11730),#8044);
#11730 = PRESENTATION_STYLE_ASSIGNMENT((#11731));
#11731 = SURFACE_STYLE_USAGE(.BOTH.,#11732);
#11732 = SURFACE_SIDE_STYLE('',(#11733));
#11733 = SURFACE_STYLE_FILL_AREA(#11734);
#11734 = FILL_AREA_STYLE('',(#11735));
#11735 = FILL_AREA_STYLE_COLOUR('',#11329);
#11736 = STYLED_ITEM('color',(#11737),#8068);
#11737 = PRESENTATION_STYLE_ASSIGNMENT((#11738));
#11738 = SURFACE_STYLE_USAGE(.BOTH.,#11739);
#11739 = SURFACE_SIDE_STYLE('',(#11740));
#11740 = SURFACE_STYLE_FILL_AREA(#11741);
#11741 = FILL_AREA_STYLE('',(#11742));
#11742 = FILL_AREA_STYLE_COLOUR('',#11329);
#11743 = STYLED_ITEM('color',(#11744),#8085);
#11744 = PRESENTATION_STYLE_ASSIGNMENT((#11745));
#11745 = SURFACE_STYLE_USAGE(.BOTH.,#11746);
#11746 = SURFACE_SIDE_STYLE('',(#11747));
#11747 = SURFACE_STYLE_FILL_AREA(#11748);
#11748 = FILL_AREA_STYLE('',(#11749));
#11749 = FILL_AREA_STYLE_COLOUR('',#11329);
#11750 = STYLED_ITEM('color',(#11751),#8116);
#11751 = PRESENTATION_STYLE_ASSIGNMENT((#11752));
#11752 = SURFACE_STYLE_USAGE(.BOTH.,#11753);
#11753 = SURFACE_SIDE_STYLE('',(#11754));
#11754 = SURFACE_STYLE_FILL_AREA(#11755);
#11755 = FILL_AREA_STYLE('',(#11756));
#11756 = FILL_AREA_STYLE_COLOUR('',#11329);
#11757 = STYLED_ITEM('color',(#11758),#8140);
#11758 = PRESENTATION_STYLE_ASSIGNMENT((#11759));
#11759 = SURFACE_STYLE_USAGE(.BOTH.,#11760);
#11760 = SURFACE_SIDE_STYLE('',(#11761));
#11761 = SURFACE_STYLE_FILL_AREA(#11762);
#11762 = FILL_AREA_STYLE('',(#11763));
#11763 = FILL_AREA_STYLE_COLOUR('',#11329);
#11764 = STYLED_ITEM('color',(#11765),#8164);
#11765 = PRESENTATION_STYLE_ASSIGNMENT((#11766));
#11766 = SURFACE_STYLE_USAGE(.BOTH.,#11767);
#11767 = SURFACE_SIDE_STYLE('',(#11768));
#11768 = SURFACE_STYLE_FILL_AREA(#11769);
#11769 = FILL_AREA_STYLE('',(#11770));
#11770 = FILL_AREA_STYLE_COLOUR('',#11329);
#11771 = STYLED_ITEM('color',(#11772),#8181);
#11772 = PRESENTATION_STYLE_ASSIGNMENT((#11773));
#11773 = SURFACE_STYLE_USAGE(.BOTH.,#11774);
#11774 = SURFACE_SIDE_STYLE('',(#11775));
#11775 = SURFACE_STYLE_FILL_AREA(#11776);
#11776 = FILL_AREA_STYLE('',(#11777));
#11777 = FILL_AREA_STYLE_COLOUR('',#11329);
#11778 = STYLED_ITEM('color',(#11779),#8193);
#11779 = PRESENTATION_STYLE_ASSIGNMENT((#11780));
#11780 = SURFACE_STYLE_USAGE(.BOTH.,#11781);
#11781 = SURFACE_SIDE_STYLE('',(#11782));
#11782 = SURFACE_STYLE_FILL_AREA(#11783);
#11783 = FILL_AREA_STYLE('',(#11784));
#11784 = FILL_AREA_STYLE_COLOUR('',#11329);
#11785 = STYLED_ITEM('color',(#11786),#8205);
#11786 = PRESENTATION_STYLE_ASSIGNMENT((#11787));
#11787 = SURFACE_STYLE_USAGE(.BOTH.,#11788);
#11788 = SURFACE_SIDE_STYLE('',(#11789));
#11789 = SURFACE_STYLE_FILL_AREA(#11790);
#11790 = FILL_AREA_STYLE('',(#11791));
#11791 = FILL_AREA_STYLE_COLOUR('',#11329);
#11792 = STYLED_ITEM('color',(#11793),#8217);
#11793 = PRESENTATION_STYLE_ASSIGNMENT((#11794));
#11794 = SURFACE_STYLE_USAGE(.BOTH.,#11795);
#11795 = SURFACE_SIDE_STYLE('',(#11796));
#11796 = SURFACE_STYLE_FILL_AREA(#11797);
#11797 = FILL_AREA_STYLE('',(#11798));
#11798 = FILL_AREA_STYLE_COLOUR('',#11329);
#11799 = STYLED_ITEM('color',(#11800),#8229);
#11800 = PRESENTATION_STYLE_ASSIGNMENT((#11801));
#11801 = SURFACE_STYLE_USAGE(.BOTH.,#11802);
#11802 = SURFACE_SIDE_STYLE('',(#11803));
#11803 = SURFACE_STYLE_FILL_AREA(#11804);
#11804 = FILL_AREA_STYLE('',(#11805));
#11805 = FILL_AREA_STYLE_COLOUR('',#11329);
#11806 = STYLED_ITEM('color',(#11807),#8241);
#11807 = PRESENTATION_STYLE_ASSIGNMENT((#11808));
#11808 = SURFACE_STYLE_USAGE(.BOTH.,#11809);
#11809 = SURFACE_SIDE_STYLE('',(#11810));
#11810 = SURFACE_STYLE_FILL_AREA(#11811);
#11811 = FILL_AREA_STYLE('',(#11812));
#11812 = FILL_AREA_STYLE_COLOUR('',#11329);
#11813 = STYLED_ITEM('color',(#11814),#8253);
#11814 = PRESENTATION_STYLE_ASSIGNMENT((#11815));
#11815 = SURFACE_STYLE_USAGE(.BOTH.,#11816);
#11816 = SURFACE_SIDE_STYLE('',(#11817));
#11817 = SURFACE_STYLE_FILL_AREA(#11818);
#11818 = FILL_AREA_STYLE('',(#11819));
#11819 = FILL_AREA_STYLE_COLOUR('',#11329);
#11820 = STYLED_ITEM('color',(#11821),#8265);
#11821 = PRESENTATION_STYLE_ASSIGNMENT((#11822));
#11822 = SURFACE_STYLE_USAGE(.BOTH.,#11823);
#11823 = SURFACE_SIDE_STYLE('',(#11824));
#11824 = SURFACE_STYLE_FILL_AREA(#11825);
#11825 = FILL_AREA_STYLE('',(#11826));
#11826 = FILL_AREA_STYLE_COLOUR('',#11329);
#11827 = MECHANICAL_DESIGN_GEOMETRIC_PRESENTATION_REPRESENTATION('',(
    #11828,#11835,#11842,#11849,#11856,#11863,#11870,#11877,#11884,
    #11891,#11898,#11905,#11912,#11919,#11926,#11933,#11940,#11947,
    #11954,#11961,#11968,#11975,#11982,#11989,#11996,#12003,#12010,
    #12017),#5455);
#11828 = STYLED_ITEM('color',(#11829),#4699);
#11829 = PRESENTATION_STYLE_ASSIGNMENT((#11830));
#11830 = SURFACE_STYLE_USAGE(.BOTH.,#11831);
#11831 = SURFACE_SIDE_STYLE('',(#11832));
#11832 = SURFACE_STYLE_FILL_AREA(#11833);
#11833 = FILL_AREA_STYLE('',(#11834));
#11834 = FILL_AREA_STYLE_COLOUR('',#10719);
#11835 = STYLED_ITEM('color',(#11836),#4739);
#11836 = PRESENTATION_STYLE_ASSIGNMENT((#11837));
#11837 = SURFACE_STYLE_USAGE(.BOTH.,#11838);
#11838 = SURFACE_SIDE_STYLE('',(#11839));
#11839 = SURFACE_STYLE_FILL_AREA(#11840);
#11840 = FILL_AREA_STYLE('',(#11841));
#11841 = FILL_AREA_STYLE_COLOUR('',#10719);
#11842 = STYLED_ITEM('color',(#11843),#4770);
#11843 = PRESENTATION_STYLE_ASSIGNMENT((#11844));
#11844 = SURFACE_STYLE_USAGE(.BOTH.,#11845);
#11845 = SURFACE_SIDE_STYLE('',(#11846));
#11846 = SURFACE_STYLE_FILL_AREA(#11847);
#11847 = FILL_AREA_STYLE('',(#11848));
#11848 = FILL_AREA_STYLE_COLOUR('',#10719);
#11849 = STYLED_ITEM('color',(#11850),#4801);
#11850 = PRESENTATION_STYLE_ASSIGNMENT((#11851));
#11851 = SURFACE_STYLE_USAGE(.BOTH.,#11852);
#11852 = SURFACE_SIDE_STYLE('',(#11853));
#11853 = SURFACE_STYLE_FILL_AREA(#11854);
#11854 = FILL_AREA_STYLE('',(#11855));
#11855 = FILL_AREA_STYLE_COLOUR('',#10719);
#11856 = STYLED_ITEM('color',(#11857),#4884);
#11857 = PRESENTATION_STYLE_ASSIGNMENT((#11858));
#11858 = SURFACE_STYLE_USAGE(.BOTH.,#11859);
#11859 = SURFACE_SIDE_STYLE('',(#11860));
#11860 = SURFACE_STYLE_FILL_AREA(#11861);
#11861 = FILL_AREA_STYLE('',(#11862));
#11862 = FILL_AREA_STYLE_COLOUR('',#10719);
#11863 = STYLED_ITEM('color',(#11864),#4967);
#11864 = PRESENTATION_STYLE_ASSIGNMENT((#11865));
#11865 = SURFACE_STYLE_USAGE(.BOTH.,#11866);
#11866 = SURFACE_SIDE_STYLE('',(#11867));
#11867 = SURFACE_STYLE_FILL_AREA(#11868);
#11868 = FILL_AREA_STYLE('',(#11869));
#11869 = FILL_AREA_STYLE_COLOUR('',#10719);
#11870 = STYLED_ITEM('color',(#11871),#4984);
#11871 = PRESENTATION_STYLE_ASSIGNMENT((#11872));
#11872 = SURFACE_STYLE_USAGE(.BOTH.,#11873);
#11873 = SURFACE_SIDE_STYLE('',(#11874));
#11874 = SURFACE_STYLE_FILL_AREA(#11875);
#11875 = FILL_AREA_STYLE('',(#11876));
#11876 = FILL_AREA_STYLE_COLOUR('',#10719);
#11877 = STYLED_ITEM('color',(#11878),#5001);
#11878 = PRESENTATION_STYLE_ASSIGNMENT((#11879));
#11879 = SURFACE_STYLE_USAGE(.BOTH.,#11880);
#11880 = SURFACE_SIDE_STYLE('',(#11881));
#11881 = SURFACE_STYLE_FILL_AREA(#11882);
#11882 = FILL_AREA_STYLE('',(#11883));
#11883 = FILL_AREA_STYLE_COLOUR('',#10719);
#11884 = STYLED_ITEM('color',(#11885),#5018);
#11885 = PRESENTATION_STYLE_ASSIGNMENT((#11886));
#11886 = SURFACE_STYLE_USAGE(.BOTH.,#11887);
#11887 = SURFACE_SIDE_STYLE('',(#11888));
#11888 = SURFACE_STYLE_FILL_AREA(#11889);
#11889 = FILL_AREA_STYLE('',(#11890));
#11890 = FILL_AREA_STYLE_COLOUR('',#10719);
#11891 = STYLED_ITEM('color',(#11892),#5035);
#11892 = PRESENTATION_STYLE_ASSIGNMENT((#11893));
#11893 = SURFACE_STYLE_USAGE(.BOTH.,#11894);
#11894 = SURFACE_SIDE_STYLE('',(#11895));
#11895 = SURFACE_STYLE_FILL_AREA(#11896);
#11896 = FILL_AREA_STYLE('',(#11897));
#11897 = FILL_AREA_STYLE_COLOUR('',#10719);
#11898 = STYLED_ITEM('color',(#11899),#5047);
#11899 = PRESENTATION_STYLE_ASSIGNMENT((#11900));
#11900 = SURFACE_STYLE_USAGE(.BOTH.,#11901);
#11901 = SURFACE_SIDE_STYLE('',(#11902));
#11902 = SURFACE_STYLE_FILL_AREA(#11903);
#11903 = FILL_AREA_STYLE('',(#11904));
#11904 = FILL_AREA_STYLE_COLOUR('',#11329);
#11905 = STYLED_ITEM('color',(#11906),#5078);
#11906 = PRESENTATION_STYLE_ASSIGNMENT((#11907));
#11907 = SURFACE_STYLE_USAGE(.BOTH.,#11908);
#11908 = SURFACE_SIDE_STYLE('',(#11909));
#11909 = SURFACE_STYLE_FILL_AREA(#11910);
#11910 = FILL_AREA_STYLE('',(#11911));
#11911 = FILL_AREA_STYLE_COLOUR('',#11329);
#11912 = STYLED_ITEM('color',(#11913),#5102);
#11913 = PRESENTATION_STYLE_ASSIGNMENT((#11914));
#11914 = SURFACE_STYLE_USAGE(.BOTH.,#11915);
#11915 = SURFACE_SIDE_STYLE('',(#11916));
#11916 = SURFACE_STYLE_FILL_AREA(#11917);
#11917 = FILL_AREA_STYLE('',(#11918));
#11918 = FILL_AREA_STYLE_COLOUR('',#11329);
#11919 = STYLED_ITEM('color',(#11920),#5126);
#11920 = PRESENTATION_STYLE_ASSIGNMENT((#11921));
#11921 = SURFACE_STYLE_USAGE(.BOTH.,#11922);
#11922 = SURFACE_SIDE_STYLE('',(#11923));
#11923 = SURFACE_STYLE_FILL_AREA(#11924);
#11924 = FILL_AREA_STYLE('',(#11925));
#11925 = FILL_AREA_STYLE_COLOUR('',#11329);
#11926 = STYLED_ITEM('color',(#11927),#5143);
#11927 = PRESENTATION_STYLE_ASSIGNMENT((#11928));
#11928 = SURFACE_STYLE_USAGE(.BOTH.,#11929);
#11929 = SURFACE_SIDE_STYLE('',(#11930));
#11930 = SURFACE_STYLE_FILL_AREA(#11931);
#11931 = FILL_AREA_STYLE('',(#11932));
#11932 = FILL_AREA_STYLE_COLOUR('',#11329);
#11933 = STYLED_ITEM('color',(#11934),#5174);
#11934 = PRESENTATION_STYLE_ASSIGNMENT((#11935));
#11935 = SURFACE_STYLE_USAGE(.BOTH.,#11936);
#11936 = SURFACE_SIDE_STYLE('',(#11937));
#11937 = SURFACE_STYLE_FILL_AREA(#11938);
#11938 = FILL_AREA_STYLE('',(#11939));
#11939 = FILL_AREA_STYLE_COLOUR('',#11329);
#11940 = STYLED_ITEM('color',(#11941),#5198);
#11941 = PRESENTATION_STYLE_ASSIGNMENT((#11942));
#11942 = SURFACE_STYLE_USAGE(.BOTH.,#11943);
#11943 = SURFACE_SIDE_STYLE('',(#11944));
#11944 = SURFACE_STYLE_FILL_AREA(#11945);
#11945 = FILL_AREA_STYLE('',(#11946));
#11946 = FILL_AREA_STYLE_COLOUR('',#11329);
#11947 = STYLED_ITEM('color',(#11948),#5222);
#11948 = PRESENTATION_STYLE_ASSIGNMENT((#11949));
#11949 = SURFACE_STYLE_USAGE(.BOTH.,#11950);
#11950 = SURFACE_SIDE_STYLE('',(#11951));
#11951 = SURFACE_STYLE_FILL_AREA(#11952);
#11952 = FILL_AREA_STYLE('',(#11953));
#11953 = FILL_AREA_STYLE_COLOUR('',#11329);
#11954 = STYLED_ITEM('color',(#11955),#5239);
#11955 = PRESENTATION_STYLE_ASSIGNMENT((#11956));
#11956 = SURFACE_STYLE_USAGE(.BOTH.,#11957);
#11957 = SURFACE_SIDE_STYLE('',(#11958));
#11958 = SURFACE_STYLE_FILL_AREA(#11959);
#11959 = FILL_AREA_STYLE('',(#11960));
#11960 = FILL_AREA_STYLE_COLOUR('',#11329);
#11961 = STYLED_ITEM('color',(#11962),#5270);
#11962 = PRESENTATION_STYLE_ASSIGNMENT((#11963));
#11963 = SURFACE_STYLE_USAGE(.BOTH.,#11964);
#11964 = SURFACE_SIDE_STYLE('',(#11965));
#11965 = SURFACE_STYLE_FILL_AREA(#11966);
#11966 = FILL_AREA_STYLE('',(#11967));
#11967 = FILL_AREA_STYLE_COLOUR('',#11329);
#11968 = STYLED_ITEM('color',(#11969),#5294);
#11969 = PRESENTATION_STYLE_ASSIGNMENT((#11970));
#11970 = SURFACE_STYLE_USAGE(.BOTH.,#11971);
#11971 = SURFACE_SIDE_STYLE('',(#11972));
#11972 = SURFACE_STYLE_FILL_AREA(#11973);
#11973 = FILL_AREA_STYLE('',(#11974));
#11974 = FILL_AREA_STYLE_COLOUR('',#11329);
#11975 = STYLED_ITEM('color',(#11976),#5318);
#11976 = PRESENTATION_STYLE_ASSIGNMENT((#11977));
#11977 = SURFACE_STYLE_USAGE(.BOTH.,#11978);
#11978 = SURFACE_SIDE_STYLE('',(#11979));
#11979 = SURFACE_STYLE_FILL_AREA(#11980);
#11980 = FILL_AREA_STYLE('',(#11981));
#11981 = FILL_AREA_STYLE_COLOUR('',#11329);
#11982 = STYLED_ITEM('color',(#11983),#5335);
#11983 = PRESENTATION_STYLE_ASSIGNMENT((#11984));
#11984 = SURFACE_STYLE_USAGE(.BOTH.,#11985);
#11985 = SURFACE_SIDE_STYLE('',(#11986));
#11986 = SURFACE_STYLE_FILL_AREA(#11987);
#11987 = FILL_AREA_STYLE('',(#11988));
#11988 = FILL_AREA_STYLE_COLOUR('',#11329);
#11989 = STYLED_ITEM('color',(#11990),#5366);
#11990 = PRESENTATION_STYLE_ASSIGNMENT((#11991));
#11991 = SURFACE_STYLE_USAGE(.BOTH.,#11992);
#11992 = SURFACE_SIDE_STYLE('',(#11993));
#11993 = SURFACE_STYLE_FILL_AREA(#11994);
#11994 = FILL_AREA_STYLE('',(#11995));
#11995 = FILL_AREA_STYLE_COLOUR('',#11329);
#11996 = STYLED_ITEM('color',(#11997),#5390);
#11997 = PRESENTATION_STYLE_ASSIGNMENT((#11998));
#11998 = SURFACE_STYLE_USAGE(.BOTH.,#11999);
#11999 = SURFACE_SIDE_STYLE('',(#12000));
#12000 = SURFACE_STYLE_FILL_AREA(#12001);
#12001 = FILL_AREA_STYLE('',(#12002));
#12002 = FILL_AREA_STYLE_COLOUR('',#11329);
#12003 = STYLED_ITEM('color',(#12004),#5414);
#12004 = PRESENTATION_STYLE_ASSIGNMENT((#12005));
#12005 = SURFACE_STYLE_USAGE(.BOTH.,#12006);
#12006 = SURFACE_SIDE_STYLE('',(#12007));
#12007 = SURFACE_STYLE_FILL_AREA(#12008);
#12008 = FILL_AREA_STYLE('',(#12009));
#12009 = FILL_AREA_STYLE_COLOUR('',#11329);
#12010 = STYLED_ITEM('color',(#12011),#5431);
#12011 = PRESENTATION_STYLE_ASSIGNMENT((#12012));
#12012 = SURFACE_STYLE_USAGE(.BOTH.,#12013);
#12013 = SURFACE_SIDE_STYLE('',(#12014));
#12014 = SURFACE_STYLE_FILL_AREA(#12015);
#12015 = FILL_AREA_STYLE('',(#12016));
#12016 = FILL_AREA_STYLE_COLOUR('',#11329);
#12017 = STYLED_ITEM('color',(#12018),#5443);
#12018 = PRESENTATION_STYLE_ASSIGNMENT((#12019));
#12019 = SURFACE_STYLE_USAGE(.BOTH.,#12020);
#12020 = SURFACE_SIDE_STYLE('',(#12021));
#12021 = SURFACE_STYLE_FILL_AREA(#12022);
#12022 = FILL_AREA_STYLE('',(#12023));
#12023 = FILL_AREA_STYLE_COLOUR('',#11329);
#12024 = MECHANICAL_DESIGN_GEOMETRIC_PRESENTATION_REPRESENTATION('',(
    #12025,#12032,#12039,#12046,#12053,#12060,#12067,#12074,#12081,
    #12088,#12095,#12102,#12109,#12116,#12123,#12130,#12137,#12144,
    #12151,#12158,#12165,#12172,#12179,#12186,#12193,#12200,#12207,
    #12214,#12221,#12228,#12235,#12242,#12249,#12256,#12263,#12270,
    #12277,#12284,#12291,#12298,#12305,#12312,#12319,#12326,#12333,
    #12340,#12347,#12354,#12361,#12368,#12375,#12382),#3350);
#12025 = STYLED_ITEM('color',(#12026),#1920);
#12026 = PRESENTATION_STYLE_ASSIGNMENT((#12027));
#12027 = SURFACE_STYLE_USAGE(.BOTH.,#12028);
#12028 = SURFACE_SIDE_STYLE('',(#12029));
#12029 = SURFACE_STYLE_FILL_AREA(#12030);
#12030 = FILL_AREA_STYLE('',(#12031));
#12031 = FILL_AREA_STYLE_COLOUR('',#10719);
#12032 = STYLED_ITEM('color',(#12033),#1960);
#12033 = PRESENTATION_STYLE_ASSIGNMENT((#12034));
#12034 = SURFACE_STYLE_USAGE(.BOTH.,#12035);
#12035 = SURFACE_SIDE_STYLE('',(#12036));
#12036 = SURFACE_STYLE_FILL_AREA(#12037);
#12037 = FILL_AREA_STYLE('',(#12038));
#12038 = FILL_AREA_STYLE_COLOUR('',#10719);
#12039 = STYLED_ITEM('color',(#12040),#1991);
#12040 = PRESENTATION_STYLE_ASSIGNMENT((#12041));
#12041 = SURFACE_STYLE_USAGE(.BOTH.,#12042);
#12042 = SURFACE_SIDE_STYLE('',(#12043));
#12043 = SURFACE_STYLE_FILL_AREA(#12044);
#12044 = FILL_AREA_STYLE('',(#12045));
#12045 = FILL_AREA_STYLE_COLOUR('',#10719);
#12046 = STYLED_ITEM('color',(#12047),#2022);
#12047 = PRESENTATION_STYLE_ASSIGNMENT((#12048));
#12048 = SURFACE_STYLE_USAGE(.BOTH.,#12049);
#12049 = SURFACE_SIDE_STYLE('',(#12050));
#12050 = SURFACE_STYLE_FILL_AREA(#12051);
#12051 = FILL_AREA_STYLE('',(#12052));
#12052 = FILL_AREA_STYLE_COLOUR('',#10719);
#12053 = STYLED_ITEM('color',(#12054),#2187);
#12054 = PRESENTATION_STYLE_ASSIGNMENT((#12055));
#12055 = SURFACE_STYLE_USAGE(.BOTH.,#12056);
#12056 = SURFACE_SIDE_STYLE('',(#12057));
#12057 = SURFACE_STYLE_FILL_AREA(#12058);
#12058 = FILL_AREA_STYLE('',(#12059));
#12059 = FILL_AREA_STYLE_COLOUR('',#10719);
#12060 = STYLED_ITEM('color',(#12061),#2352);
#12061 = PRESENTATION_STYLE_ASSIGNMENT((#12062));
#12062 = SURFACE_STYLE_USAGE(.BOTH.,#12063);
#12063 = SURFACE_SIDE_STYLE('',(#12064));
#12064 = SURFACE_STYLE_FILL_AREA(#12065);
#12065 = FILL_AREA_STYLE('',(#12066));
#12066 = FILL_AREA_STYLE_COLOUR('',#10719);
#12067 = STYLED_ITEM('color',(#12068),#2369);
#12068 = PRESENTATION_STYLE_ASSIGNMENT((#12069));
#12069 = SURFACE_STYLE_USAGE(.BOTH.,#12070);
#12070 = SURFACE_SIDE_STYLE('',(#12071));
#12071 = SURFACE_STYLE_FILL_AREA(#12072);
#12072 = FILL_AREA_STYLE('',(#12073));
#12073 = FILL_AREA_STYLE_COLOUR('',#10719);
#12074 = STYLED_ITEM('color',(#12075),#2386);
#12075 = PRESENTATION_STYLE_ASSIGNMENT((#12076));
#12076 = SURFACE_STYLE_USAGE(.BOTH.,#12077);
#12077 = SURFACE_SIDE_STYLE('',(#12078));
#12078 = SURFACE_STYLE_FILL_AREA(#12079);
#12079 = FILL_AREA_STYLE('',(#12080));
#12080 = FILL_AREA_STYLE_COLOUR('',#10719);
#12081 = STYLED_ITEM('color',(#12082),#2403);
#12082 = PRESENTATION_STYLE_ASSIGNMENT((#12083));
#12083 = SURFACE_STYLE_USAGE(.BOTH.,#12084);
#12084 = SURFACE_SIDE_STYLE('',(#12085));
#12085 = SURFACE_STYLE_FILL_AREA(#12086);
#12086 = FILL_AREA_STYLE('',(#12087));
#12087 = FILL_AREA_STYLE_COLOUR('',#10719);
#12088 = STYLED_ITEM('color',(#12089),#2420);
#12089 = PRESENTATION_STYLE_ASSIGNMENT((#12090));
#12090 = SURFACE_STYLE_USAGE(.BOTH.,#12091);
#12091 = SURFACE_SIDE_STYLE('',(#12092));
#12092 = SURFACE_STYLE_FILL_AREA(#12093);
#12093 = FILL_AREA_STYLE('',(#12094));
#12094 = FILL_AREA_STYLE_COLOUR('',#10719);
#12095 = STYLED_ITEM('color',(#12096),#2437);
#12096 = PRESENTATION_STYLE_ASSIGNMENT((#12097));
#12097 = SURFACE_STYLE_USAGE(.BOTH.,#12098);
#12098 = SURFACE_SIDE_STYLE('',(#12099));
#12099 = SURFACE_STYLE_FILL_AREA(#12100);
#12100 = FILL_AREA_STYLE('',(#12101));
#12101 = FILL_AREA_STYLE_COLOUR('',#10719);
#12102 = STYLED_ITEM('color',(#12103),#2454);
#12103 = PRESENTATION_STYLE_ASSIGNMENT((#12104));
#12104 = SURFACE_STYLE_USAGE(.BOTH.,#12105);
#12105 = SURFACE_SIDE_STYLE('',(#12106));
#12106 = SURFACE_STYLE_FILL_AREA(#12107);
#12107 = FILL_AREA_STYLE('',(#12108));
#12108 = FILL_AREA_STYLE_COLOUR('',#10719);
#12109 = STYLED_ITEM('color',(#12110),#2471);
#12110 = PRESENTATION_STYLE_ASSIGNMENT((#12111));
#12111 = SURFACE_STYLE_USAGE(.BOTH.,#12112);
#12112 = SURFACE_SIDE_STYLE('',(#12113));
#12113 = SURFACE_STYLE_FILL_AREA(#12114);
#12114 = FILL_AREA_STYLE('',(#12115));
#12115 = FILL_AREA_STYLE_COLOUR('',#10719);
#12116 = STYLED_ITEM('color',(#12117),#2488);
#12117 = PRESENTATION_STYLE_ASSIGNMENT((#12118));
#12118 = SURFACE_STYLE_USAGE(.BOTH.,#12119);
#12119 = SURFACE_SIDE_STYLE('',(#12120));
#12120 = SURFACE_STYLE_FILL_AREA(#12121);
#12121 = FILL_AREA_STYLE('',(#12122));
#12122 = FILL_AREA_STYLE_COLOUR('',#10719);
#12123 = STYLED_ITEM('color',(#12124),#2505);
#12124 = PRESENTATION_STYLE_ASSIGNMENT((#12125));
#12125 = SURFACE_STYLE_USAGE(.BOTH.,#12126);
#12126 = SURFACE_SIDE_STYLE('',(#12127));
#12127 = SURFACE_STYLE_FILL_AREA(#12128);
#12128 = FILL_AREA_STYLE('',(#12129));
#12129 = FILL_AREA_STYLE_COLOUR('',#10719);
#12130 = STYLED_ITEM('color',(#12131),#2522);
#12131 = PRESENTATION_STYLE_ASSIGNMENT((#12132));
#12132 = SURFACE_STYLE_USAGE(.BOTH.,#12133);
#12133 = SURFACE_SIDE_STYLE('',(#12134));
#12134 = SURFACE_STYLE_FILL_AREA(#12135);
#12135 = FILL_AREA_STYLE('',(#12136));
#12136 = FILL_AREA_STYLE_COLOUR('',#10719);
#12137 = STYLED_ITEM('color',(#12138),#2534);
#12138 = PRESENTATION_STYLE_ASSIGNMENT((#12139));
#12139 = SURFACE_STYLE_USAGE(.BOTH.,#12140);
#12140 = SURFACE_SIDE_STYLE('',(#12141));
#12141 = SURFACE_STYLE_FILL_AREA(#12142);
#12142 = FILL_AREA_STYLE('',(#12143));
#12143 = FILL_AREA_STYLE_COLOUR('',#11329);
#12144 = STYLED_ITEM('color',(#12145),#2565);
#12145 = PRESENTATION_STYLE_ASSIGNMENT((#12146));
#12146 = SURFACE_STYLE_USAGE(.BOTH.,#12147);
#12147 = SURFACE_SIDE_STYLE('',(#12148));
#12148 = SURFACE_STYLE_FILL_AREA(#12149);
#12149 = FILL_AREA_STYLE('',(#12150));
#12150 = FILL_AREA_STYLE_COLOUR('',#11329);
#12151 = STYLED_ITEM('color',(#12152),#2589);
#12152 = PRESENTATION_STYLE_ASSIGNMENT((#12153));
#12153 = SURFACE_STYLE_USAGE(.BOTH.,#12154);
#12154 = SURFACE_SIDE_STYLE('',(#12155));
#12155 = SURFACE_STYLE_FILL_AREA(#12156);
#12156 = FILL_AREA_STYLE('',(#12157));
#12157 = FILL_AREA_STYLE_COLOUR('',#11329);
#12158 = STYLED_ITEM('color',(#12159),#2613);
#12159 = PRESENTATION_STYLE_ASSIGNMENT((#12160));
#12160 = SURFACE_STYLE_USAGE(.BOTH.,#12161);
#12161 = SURFACE_SIDE_STYLE('',(#12162));
#12162 = SURFACE_STYLE_FILL_AREA(#12163);
#12163 = FILL_AREA_STYLE('',(#12164));
#12164 = FILL_AREA_STYLE_COLOUR('',#11329);
#12165 = STYLED_ITEM('color',(#12166),#2630);
#12166 = PRESENTATION_STYLE_ASSIGNMENT((#12167));
#12167 = SURFACE_STYLE_USAGE(.BOTH.,#12168);
#12168 = SURFACE_SIDE_STYLE('',(#12169));
#12169 = SURFACE_STYLE_FILL_AREA(#12170);
#12170 = FILL_AREA_STYLE('',(#12171));
#12171 = FILL_AREA_STYLE_COLOUR('',#11329);
#12172 = STYLED_ITEM('color',(#12173),#2661);
#12173 = PRESENTATION_STYLE_ASSIGNMENT((#12174));
#12174 = SURFACE_STYLE_USAGE(.BOTH.,#12175);
#12175 = SURFACE_SIDE_STYLE('',(#12176));
#12176 = SURFACE_STYLE_FILL_AREA(#12177);
#12177 = FILL_AREA_STYLE('',(#12178));
#12178 = FILL_AREA_STYLE_COLOUR('',#11329);
#12179 = STYLED_ITEM('color',(#12180),#2685);
#12180 = PRESENTATION_STYLE_ASSIGNMENT((#12181));
#12181 = SURFACE_STYLE_USAGE(.BOTH.,#12182);
#12182 = SURFACE_SIDE_STYLE('',(#12183));
#12183 = SURFACE_STYLE_FILL_AREA(#12184);
#12184 = FILL_AREA_STYLE('',(#12185));
#12185 = FILL_AREA_STYLE_COLOUR('',#11329);
#12186 = STYLED_ITEM('color',(#12187),#2709);
#12187 = PRESENTATION_STYLE_ASSIGNMENT((#12188));
#12188 = SURFACE_STYLE_USAGE(.BOTH.,#12189);
#12189 = SURFACE_SIDE_STYLE('',(#12190));
#12190 = SURFACE_STYLE_FILL_AREA(#12191);
#12191 = FILL_AREA_STYLE('',(#12192));
#12192 = FILL_AREA_STYLE_COLOUR('',#11329);
#12193 = STYLED_ITEM('color',(#12194),#2726);
#12194 = PRESENTATION_STYLE_ASSIGNMENT((#12195));
#12195 = SURFACE_STYLE_USAGE(.BOTH.,#12196);
#12196 = SURFACE_SIDE_STYLE('',(#12197));
#12197 = SURFACE_STYLE_FILL_AREA(#12198);
#12198 = FILL_AREA_STYLE('',(#12199));
#12199 = FILL_AREA_STYLE_COLOUR('',#11329);
#12200 = STYLED_ITEM('color',(#12201),#2757);
#12201 = PRESENTATION_STYLE_ASSIGNMENT((#12202));
#12202 = SURFACE_STYLE_USAGE(.BOTH.,#12203);
#12203 = SURFACE_SIDE_STYLE('',(#12204));
#12204 = SURFACE_STYLE_FILL_AREA(#12205);
#12205 = FILL_AREA_STYLE('',(#12206));
#12206 = FILL_AREA_STYLE_COLOUR('',#11329);
#12207 = STYLED_ITEM('color',(#12208),#2781);
#12208 = PRESENTATION_STYLE_ASSIGNMENT((#12209));
#12209 = SURFACE_STYLE_USAGE(.BOTH.,#12210);
#12210 = SURFACE_SIDE_STYLE('',(#12211));
#12211 = SURFACE_STYLE_FILL_AREA(#12212);
#12212 = FILL_AREA_STYLE('',(#12213));
#12213 = FILL_AREA_STYLE_COLOUR('',#11329);
#12214 = STYLED_ITEM('color',(#12215),#2805);
#12215 = PRESENTATION_STYLE_ASSIGNMENT((#12216));
#12216 = SURFACE_STYLE_USAGE(.BOTH.,#12217);
#12217 = SURFACE_SIDE_STYLE('',(#12218));
#12218 = SURFACE_STYLE_FILL_AREA(#12219);
#12219 = FILL_AREA_STYLE('',(#12220));
#12220 = FILL_AREA_STYLE_COLOUR('',#11329);
#12221 = STYLED_ITEM('color',(#12222),#2822);
#12222 = PRESENTATION_STYLE_ASSIGNMENT((#12223));
#12223 = SURFACE_STYLE_USAGE(.BOTH.,#12224);
#12224 = SURFACE_SIDE_STYLE('',(#12225));
#12225 = SURFACE_STYLE_FILL_AREA(#12226);
#12226 = FILL_AREA_STYLE('',(#12227));
#12227 = FILL_AREA_STYLE_COLOUR('',#11329);
#12228 = STYLED_ITEM('color',(#12229),#2853);
#12229 = PRESENTATION_STYLE_ASSIGNMENT((#12230));
#12230 = SURFACE_STYLE_USAGE(.BOTH.,#12231);
#12231 = SURFACE_SIDE_STYLE('',(#12232));
#12232 = SURFACE_STYLE_FILL_AREA(#12233);
#12233 = FILL_AREA_STYLE('',(#12234));
#12234 = FILL_AREA_STYLE_COLOUR('',#11329);
#12235 = STYLED_ITEM('color',(#12236),#2877);
#12236 = PRESENTATION_STYLE_ASSIGNMENT((#12237));
#12237 = SURFACE_STYLE_USAGE(.BOTH.,#12238);
#12238 = SURFACE_SIDE_STYLE('',(#12239));
#12239 = SURFACE_STYLE_FILL_AREA(#12240);
#12240 = FILL_AREA_STYLE('',(#12241));
#12241 = FILL_AREA_STYLE_COLOUR('',#11329);
#12242 = STYLED_ITEM('color',(#12243),#2901);
#12243 = PRESENTATION_STYLE_ASSIGNMENT((#12244));
#12244 = SURFACE_STYLE_USAGE(.BOTH.,#12245);
#12245 = SURFACE_SIDE_STYLE('',(#12246));
#12246 = SURFACE_STYLE_FILL_AREA(#12247);
#12247 = FILL_AREA_STYLE('',(#12248));
#12248 = FILL_AREA_STYLE_COLOUR('',#11329);
#12249 = STYLED_ITEM('color',(#12250),#2918);
#12250 = PRESENTATION_STYLE_ASSIGNMENT((#12251));
#12251 = SURFACE_STYLE_USAGE(.BOTH.,#12252);
#12252 = SURFACE_SIDE_STYLE('',(#12253));
#12253 = SURFACE_STYLE_FILL_AREA(#12254);
#12254 = FILL_AREA_STYLE('',(#12255));
#12255 = FILL_AREA_STYLE_COLOUR('',#11329);
#12256 = STYLED_ITEM('color',(#12257),#2949);
#12257 = PRESENTATION_STYLE_ASSIGNMENT((#12258));
#12258 = SURFACE_STYLE_USAGE(.BOTH.,#12259);
#12259 = SURFACE_SIDE_STYLE('',(#12260));
#12260 = SURFACE_STYLE_FILL_AREA(#12261);
#12261 = FILL_AREA_STYLE('',(#12262));
#12262 = FILL_AREA_STYLE_COLOUR('',#11329);
#12263 = STYLED_ITEM('color',(#12264),#2973);
#12264 = PRESENTATION_STYLE_ASSIGNMENT((#12265));
#12265 = SURFACE_STYLE_USAGE(.BOTH.,#12266);
#12266 = SURFACE_SIDE_STYLE('',(#12267));
#12267 = SURFACE_STYLE_FILL_AREA(#12268);
#12268 = FILL_AREA_STYLE('',(#12269));
#12269 = FILL_AREA_STYLE_COLOUR('',#11329);
#12270 = STYLED_ITEM('color',(#12271),#2997);
#12271 = PRESENTATION_STYLE_ASSIGNMENT((#12272));
#12272 = SURFACE_STYLE_USAGE(.BOTH.,#12273);
#12273 = SURFACE_SIDE_STYLE('',(#12274));
#12274 = SURFACE_STYLE_FILL_AREA(#12275);
#12275 = FILL_AREA_STYLE('',(#12276));
#12276 = FILL_AREA_STYLE_COLOUR('',#11329);
#12277 = STYLED_ITEM('color',(#12278),#3014);
#12278 = PRESENTATION_STYLE_ASSIGNMENT((#12279));
#12279 = SURFACE_STYLE_USAGE(.BOTH.,#12280);
#12280 = SURFACE_SIDE_STYLE('',(#12281));
#12281 = SURFACE_STYLE_FILL_AREA(#12282);
#12282 = FILL_AREA_STYLE('',(#12283));
#12283 = FILL_AREA_STYLE_COLOUR('',#11329);
#12284 = STYLED_ITEM('color',(#12285),#3045);
#12285 = PRESENTATION_STYLE_ASSIGNMENT((#12286));
#12286 = SURFACE_STYLE_USAGE(.BOTH.,#12287);
#12287 = SURFACE_SIDE_STYLE('',(#12288));
#12288 = SURFACE_STYLE_FILL_AREA(#12289);
#12289 = FILL_AREA_STYLE('',(#12290));
#12290 = FILL_AREA_STYLE_COLOUR('',#11329);
#12291 = STYLED_ITEM('color',(#12292),#3069);
#12292 = PRESENTATION_STYLE_ASSIGNMENT((#12293));
#12293 = SURFACE_STYLE_USAGE(.BOTH.,#12294);
#12294 = SURFACE_SIDE_STYLE('',(#12295));
#12295 = SURFACE_STYLE_FILL_AREA(#12296);
#12296 = FILL_AREA_STYLE('',(#12297));
#12297 = FILL_AREA_STYLE_COLOUR('',#11329);
#12298 = STYLED_ITEM('color',(#12299),#3093);
#12299 = PRESENTATION_STYLE_ASSIGNMENT((#12300));
#12300 = SURFACE_STYLE_USAGE(.BOTH.,#12301);
#12301 = SURFACE_SIDE_STYLE('',(#12302));
#12302 = SURFACE_STYLE_FILL_AREA(#12303);
#12303 = FILL_AREA_STYLE('',(#12304));
#12304 = FILL_AREA_STYLE_COLOUR('',#11329);
#12305 = STYLED_ITEM('color',(#12306),#3110);
#12306 = PRESENTATION_STYLE_ASSIGNMENT((#12307));
#12307 = SURFACE_STYLE_USAGE(.BOTH.,#12308);
#12308 = SURFACE_SIDE_STYLE('',(#12309));
#12309 = SURFACE_STYLE_FILL_AREA(#12310);
#12310 = FILL_AREA_STYLE('',(#12311));
#12311 = FILL_AREA_STYLE_COLOUR('',#11329);
#12312 = STYLED_ITEM('color',(#12313),#3141);
#12313 = PRESENTATION_STYLE_ASSIGNMENT((#12314));
#12314 = SURFACE_STYLE_USAGE(.BOTH.,#12315);
#12315 = SURFACE_SIDE_STYLE('',(#12316));
#12316 = SURFACE_STYLE_FILL_AREA(#12317);
#12317 = FILL_AREA_STYLE('',(#12318));
#12318 = FILL_AREA_STYLE_COLOUR('',#11329);
#12319 = STYLED_ITEM('color',(#12320),#3165);
#12320 = PRESENTATION_STYLE_ASSIGNMENT((#12321));
#12321 = SURFACE_STYLE_USAGE(.BOTH.,#12322);
#12322 = SURFACE_SIDE_STYLE('',(#12323));
#12323 = SURFACE_STYLE_FILL_AREA(#12324);
#12324 = FILL_AREA_STYLE('',(#12325));
#12325 = FILL_AREA_STYLE_COLOUR('',#11329);
#12326 = STYLED_ITEM('color',(#12327),#3189);
#12327 = PRESENTATION_STYLE_ASSIGNMENT((#12328));
#12328 = SURFACE_STYLE_USAGE(.BOTH.,#12329);
#12329 = SURFACE_SIDE_STYLE('',(#12330));
#12330 = SURFACE_STYLE_FILL_AREA(#12331);
#12331 = FILL_AREA_STYLE('',(#12332));
#12332 = FILL_AREA_STYLE_COLOUR('',#11329);
#12333 = STYLED_ITEM('color',(#12334),#3206);
#12334 = PRESENTATION_STYLE_ASSIGNMENT((#12335));
#12335 = SURFACE_STYLE_USAGE(.BOTH.,#12336);
#12336 = SURFACE_SIDE_STYLE('',(#12337));
#12337 = SURFACE_STYLE_FILL_AREA(#12338);
#12338 = FILL_AREA_STYLE('',(#12339));
#12339 = FILL_AREA_STYLE_COLOUR('',#11329);
#12340 = STYLED_ITEM('color',(#12341),#3237);
#12341 = PRESENTATION_STYLE_ASSIGNMENT((#12342));
#12342 = SURFACE_STYLE_USAGE(.BOTH.,#12343);
#12343 = SURFACE_SIDE_STYLE('',(#12344));
#12344 = SURFACE_STYLE_FILL_AREA(#12345);
#12345 = FILL_AREA_STYLE('',(#12346));
#12346 = FILL_AREA_STYLE_COLOUR('',#11329);
#12347 = STYLED_ITEM('color',(#12348),#3261);
#12348 = PRESENTATION_STYLE_ASSIGNMENT((#12349));
#12349 = SURFACE_STYLE_USAGE(.BOTH.,#12350);
#12350 = SURFACE_SIDE_STYLE('',(#12351));
#12351 = SURFACE_STYLE_FILL_AREA(#12352);
#12352 = FILL_AREA_STYLE('',(#12353));
#12353 = FILL_AREA_STYLE_COLOUR('',#11329);
#12354 = STYLED_ITEM('color',(#12355),#3285);
#12355 = PRESENTATION_STYLE_ASSIGNMENT((#12356));
#12356 = SURFACE_STYLE_USAGE(.BOTH.,#12357);
#12357 = SURFACE_SIDE_STYLE('',(#12358));
#12358 = SURFACE_STYLE_FILL_AREA(#12359);
#12359 = FILL_AREA_STYLE('',(#12360));
#12360 = FILL_AREA_STYLE_COLOUR('',#11329);
#12361 = STYLED_ITEM('color',(#12362),#3302);
#12362 = PRESENTATION_STYLE_ASSIGNMENT((#12363));
#12363 = SURFACE_STYLE_USAGE(.BOTH.,#12364);
#12364 = SURFACE_SIDE_STYLE('',(#12365));
#12365 = SURFACE_STYLE_FILL_AREA(#12366);
#12366 = FILL_AREA_STYLE('',(#12367));
#12367 = FILL_AREA_STYLE_COLOUR('',#11329);
#12368 = STYLED_ITEM('color',(#12369),#3314);
#12369 = PRESENTATION_STYLE_ASSIGNMENT((#12370));
#12370 = SURFACE_STYLE_USAGE(.BOTH.,#12371);
#12371 = SURFACE_SIDE_STYLE('',(#12372));
#12372 = SURFACE_STYLE_FILL_AREA(#12373);
#12373 = FILL_AREA_STYLE('',(#12374));
#12374 = FILL_AREA_STYLE_COLOUR('',#11329);
#12375 = STYLED_ITEM('color',(#12376),#3326);
#12376 = PRESENTATION_STYLE_ASSIGNMENT((#12377));
#12377 = SURFACE_STYLE_USAGE(.BOTH.,#12378);
#12378 = SURFACE_SIDE_STYLE('',(#12379));
#12379 = SURFACE_STYLE_FILL_AREA(#12380);
#12380 = FILL_AREA_STYLE('',(#12381));
#12381 = FILL_AREA_STYLE_COLOUR('',#11329);
#12382 = STYLED_ITEM('color',(#12383),#3338);
#12383 = PRESENTATION_STYLE_ASSIGNMENT((#12384));
#12384 = SURFACE_STYLE_USAGE(.BOTH.,#12385);
#12385 = SURFACE_SIDE_STYLE('',(#12386));
#12386 = SURFACE_STYLE_FILL_AREA(#12387);
#12387 = FILL_AREA_STYLE('',(#12388));
#12388 = FILL_AREA_STYLE_COLOUR('',#11329);
#12389 = MECHANICAL_DESIGN_GEOMETRIC_PRESENTATION_REPRESENTATION('',(
    #12390,#12397,#12404,#12411,#12418,#12425,#12432,#12439,#12446,
    #12453,#12460,#12468,#12475,#12482,#12489,#12496,#12503,#12510,
    #12517,#12524,#12531,#12538,#12545,#12552,#12559,#12566,#12573,
    #12580),#1846);
#12390 = STYLED_ITEM('color',(#12391),#994);
#12391 = PRESENTATION_STYLE_ASSIGNMENT((#12392));
#12392 = SURFACE_STYLE_USAGE(.BOTH.,#12393);
#12393 = SURFACE_SIDE_STYLE('',(#12394));
#12394 = SURFACE_STYLE_FILL_AREA(#12395);
#12395 = FILL_AREA_STYLE('',(#12396));
#12396 = FILL_AREA_STYLE_COLOUR('',#10648);
#12397 = STYLED_ITEM('color',(#12398),#1070);
#12398 = PRESENTATION_STYLE_ASSIGNMENT((#12399));
#12399 = SURFACE_STYLE_USAGE(.BOTH.,#12400);
#12400 = SURFACE_SIDE_STYLE('',(#12401));
#12401 = SURFACE_STYLE_FILL_AREA(#12402);
#12402 = FILL_AREA_STYLE('',(#12403));
#12403 = FILL_AREA_STYLE_COLOUR('',#10648);
#12404 = STYLED_ITEM('color',(#12405),#1101);
#12405 = PRESENTATION_STYLE_ASSIGNMENT((#12406));
#12406 = SURFACE_STYLE_USAGE(.BOTH.,#12407);
#12407 = SURFACE_SIDE_STYLE('',(#12408));
#12408 = SURFACE_STYLE_FILL_AREA(#12409);
#12409 = FILL_AREA_STYLE('',(#12410));
#12410 = FILL_AREA_STYLE_COLOUR('',#10648);
#12411 = STYLED_ITEM('color',(#12412),#1126);
#12412 = PRESENTATION_STYLE_ASSIGNMENT((#12413));
#12413 = SURFACE_STYLE_USAGE(.BOTH.,#12414);
#12414 = SURFACE_SIDE_STYLE('',(#12415));
#12415 = SURFACE_STYLE_FILL_AREA(#12416);
#12416 = FILL_AREA_STYLE('',(#12417));
#12417 = FILL_AREA_STYLE_COLOUR('',#10648);
#12418 = STYLED_ITEM('color',(#12419),#1151);
#12419 = PRESENTATION_STYLE_ASSIGNMENT((#12420));
#12420 = SURFACE_STYLE_USAGE(.BOTH.,#12421);
#12421 = SURFACE_SIDE_STYLE('',(#12422));
#12422 = SURFACE_STYLE_FILL_AREA(#12423);
#12423 = FILL_AREA_STYLE('',(#12424));
#12424 = FILL_AREA_STYLE_COLOUR('',#10648);
#12425 = STYLED_ITEM('color',(#12426),#1175);
#12426 = PRESENTATION_STYLE_ASSIGNMENT((#12427));
#12427 = SURFACE_STYLE_USAGE(.BOTH.,#12428);
#12428 = SURFACE_SIDE_STYLE('',(#12429));
#12429 = SURFACE_STYLE_FILL_AREA(#12430);
#12430 = FILL_AREA_STYLE('',(#12431));
#12431 = FILL_AREA_STYLE_COLOUR('',#10648);
#12432 = STYLED_ITEM('color',(#12433),#1199);
#12433 = PRESENTATION_STYLE_ASSIGNMENT((#12434));
#12434 = SURFACE_STYLE_USAGE(.BOTH.,#12435);
#12435 = SURFACE_SIDE_STYLE('',(#12436));
#12436 = SURFACE_STYLE_FILL_AREA(#12437);
#12437 = FILL_AREA_STYLE('',(#12438));
#12438 = FILL_AREA_STYLE_COLOUR('',#10648);
#12439 = STYLED_ITEM('color',(#12440),#1224);
#12440 = PRESENTATION_STYLE_ASSIGNMENT((#12441));
#12441 = SURFACE_STYLE_USAGE(.BOTH.,#12442);
#12442 = SURFACE_SIDE_STYLE('',(#12443));
#12443 = SURFACE_STYLE_FILL_AREA(#12444);
#12444 = FILL_AREA_STYLE('',(#12445));
#12445 = FILL_AREA_STYLE_COLOUR('',#10648);
#12446 = STYLED_ITEM('color',(#12447),#1249);
#12447 = PRESENTATION_STYLE_ASSIGNMENT((#12448));
#12448 = SURFACE_STYLE_USAGE(.BOTH.,#12449);
#12449 = SURFACE_SIDE_STYLE('',(#12450));
#12450 = SURFACE_STYLE_FILL_AREA(#12451);
#12451 = FILL_AREA_STYLE('',(#12452));
#12452 = FILL_AREA_STYLE_COLOUR('',#10648);
#12453 = STYLED_ITEM('color',(#12454),#1266);
#12454 = PRESENTATION_STYLE_ASSIGNMENT((#12455));
#12455 = SURFACE_STYLE_USAGE(.BOTH.,#12456);
#12456 = SURFACE_SIDE_STYLE('',(#12457));
#12457 = SURFACE_STYLE_FILL_AREA(#12458);
#12458 = FILL_AREA_STYLE('',(#12459));
#12459 = FILL_AREA_STYLE_COLOUR('',#10648);
#12460 = STYLED_ITEM('color',(#12461),#1352);
#12461 = PRESENTATION_STYLE_ASSIGNMENT((#12462));
#12462 = SURFACE_STYLE_USAGE(.BOTH.,#12463);
#12463 = SURFACE_SIDE_STYLE('',(#12464));
#12464 = SURFACE_STYLE_FILL_AREA(#12465);
#12465 = FILL_AREA_STYLE('',(#12466));
#12466 = FILL_AREA_STYLE_COLOUR('',#12467);
#12467 = COLOUR_RGB('',0.379000005575,0.270000008848,0.214999999939);
#12468 = STYLED_ITEM('color',(#12469),#1384);
#12469 = PRESENTATION_STYLE_ASSIGNMENT((#12470));
#12470 = SURFACE_STYLE_USAGE(.BOTH.,#12471);
#12471 = SURFACE_SIDE_STYLE('',(#12472));
#12472 = SURFACE_STYLE_FILL_AREA(#12473);
#12473 = FILL_AREA_STYLE('',(#12474));
#12474 = FILL_AREA_STYLE_COLOUR('',#12467);
#12475 = STYLED_ITEM('color',(#12476),#1408);
#12476 = PRESENTATION_STYLE_ASSIGNMENT((#12477));
#12477 = SURFACE_STYLE_USAGE(.BOTH.,#12478);
#12478 = SURFACE_SIDE_STYLE('',(#12479));
#12479 = SURFACE_STYLE_FILL_AREA(#12480);
#12480 = FILL_AREA_STYLE('',(#12481));
#12481 = FILL_AREA_STYLE_COLOUR('',#12467);
#12482 = STYLED_ITEM('color',(#12483),#1433);
#12483 = PRESENTATION_STYLE_ASSIGNMENT((#12484));
#12484 = SURFACE_STYLE_USAGE(.BOTH.,#12485);
#12485 = SURFACE_SIDE_STYLE('',(#12486));
#12486 = SURFACE_STYLE_FILL_AREA(#12487);
#12487 = FILL_AREA_STYLE('',(#12488));
#12488 = FILL_AREA_STYLE_COLOUR('',#12467);
#12489 = STYLED_ITEM('color',(#12490),#1457);
#12490 = PRESENTATION_STYLE_ASSIGNMENT((#12491));
#12491 = SURFACE_STYLE_USAGE(.BOTH.,#12492);
#12492 = SURFACE_SIDE_STYLE('',(#12493));
#12493 = SURFACE_STYLE_FILL_AREA(#12494);
#12494 = FILL_AREA_STYLE('',(#12495));
#12495 = FILL_AREA_STYLE_COLOUR('',#12467);
#12496 = STYLED_ITEM('color',(#12497),#1482);
#12497 = PRESENTATION_STYLE_ASSIGNMENT((#12498));
#12498 = SURFACE_STYLE_USAGE(.BOTH.,#12499);
#12499 = SURFACE_SIDE_STYLE('',(#12500));
#12500 = SURFACE_STYLE_FILL_AREA(#12501);
#12501 = FILL_AREA_STYLE('',(#12502));
#12502 = FILL_AREA_STYLE_COLOUR('',#12467);
#12503 = STYLED_ITEM('color',(#12504),#1506);
#12504 = PRESENTATION_STYLE_ASSIGNMENT((#12505));
#12505 = SURFACE_STYLE_USAGE(.BOTH.,#12506);
#12506 = SURFACE_SIDE_STYLE('',(#12507));
#12507 = SURFACE_STYLE_FILL_AREA(#12508);
#12508 = FILL_AREA_STYLE('',(#12509));
#12509 = FILL_AREA_STYLE_COLOUR('',#12467);
#12510 = STYLED_ITEM('color',(#12511),#1531);
#12511 = PRESENTATION_STYLE_ASSIGNMENT((#12512));
#12512 = SURFACE_STYLE_USAGE(.BOTH.,#12513);
#12513 = SURFACE_SIDE_STYLE('',(#12514));
#12514 = SURFACE_STYLE_FILL_AREA(#12515);
#12515 = FILL_AREA_STYLE('',(#12516));
#12516 = FILL_AREA_STYLE_COLOUR('',#12467);
#12517 = STYLED_ITEM('color',(#12518),#1548);
#12518 = PRESENTATION_STYLE_ASSIGNMENT((#12519));
#12519 = SURFACE_STYLE_USAGE(.BOTH.,#12520);
#12520 = SURFACE_SIDE_STYLE('',(#12521));
#12521 = SURFACE_STYLE_FILL_AREA(#12522);
#12522 = FILL_AREA_STYLE('',(#12523));
#12523 = FILL_AREA_STYLE_COLOUR('',#10648);
#12524 = STYLED_ITEM('color',(#12525),#1634);
#12525 = PRESENTATION_STYLE_ASSIGNMENT((#12526));
#12526 = SURFACE_STYLE_USAGE(.BOTH.,#12527);
#12527 = SURFACE_SIDE_STYLE('',(#12528));
#12528 = SURFACE_STYLE_FILL_AREA(#12529);
#12529 = FILL_AREA_STYLE('',(#12530));
#12530 = FILL_AREA_STYLE_COLOUR('',#10648);
#12531 = STYLED_ITEM('color',(#12532),#1665);
#12532 = PRESENTATION_STYLE_ASSIGNMENT((#12533));
#12533 = SURFACE_STYLE_USAGE(.BOTH.,#12534);
#12534 = SURFACE_SIDE_STYLE('',(#12535));
#12535 = SURFACE_STYLE_FILL_AREA(#12536);
#12536 = FILL_AREA_STYLE('',(#12537));
#12537 = FILL_AREA_STYLE_COLOUR('',#10648);
#12538 = STYLED_ITEM('color',(#12539),#1690);
#12539 = PRESENTATION_STYLE_ASSIGNMENT((#12540));
#12540 = SURFACE_STYLE_USAGE(.BOTH.,#12541);
#12541 = SURFACE_SIDE_STYLE('',(#12542));
#12542 = SURFACE_STYLE_FILL_AREA(#12543);
#12543 = FILL_AREA_STYLE('',(#12544));
#12544 = FILL_AREA_STYLE_COLOUR('',#10648);
#12545 = STYLED_ITEM('color',(#12546),#1715);
#12546 = PRESENTATION_STYLE_ASSIGNMENT((#12547));
#12547 = SURFACE_STYLE_USAGE(.BOTH.,#12548);
#12548 = SURFACE_SIDE_STYLE('',(#12549));
#12549 = SURFACE_STYLE_FILL_AREA(#12550);
#12550 = FILL_AREA_STYLE('',(#12551));
#12551 = FILL_AREA_STYLE_COLOUR('',#10648);
#12552 = STYLED_ITEM('color',(#12553),#1739);
#12553 = PRESENTATION_STYLE_ASSIGNMENT((#12554));
#12554 = SURFACE_STYLE_USAGE(.BOTH.,#12555);
#12555 = SURFACE_SIDE_STYLE('',(#12556));
#12556 = SURFACE_STYLE_FILL_AREA(#12557);
#12557 = FILL_AREA_STYLE('',(#12558));
#12558 = FILL_AREA_STYLE_COLOUR('',#10648);
#12559 = STYLED_ITEM('color',(#12560),#1763);
#12560 = PRESENTATION_STYLE_ASSIGNMENT((#12561));
#12561 = SURFACE_STYLE_USAGE(.BOTH.,#12562);
#12562 = SURFACE_SIDE_STYLE('',(#12563));
#12563 = SURFACE_STYLE_FILL_AREA(#12564);
#12564 = FILL_AREA_STYLE('',(#12565));
#12565 = FILL_AREA_STYLE_COLOUR('',#10648);
#12566 = STYLED_ITEM('color',(#12567),#1788);
#12567 = PRESENTATION_STYLE_ASSIGNMENT((#12568));
#12568 = SURFACE_STYLE_USAGE(.BOTH.,#12569);
#12569 = SURFACE_SIDE_STYLE('',(#12570));
#12570 = SURFACE_STYLE_FILL_AREA(#12571);
#12571 = FILL_AREA_STYLE('',(#12572));
#12572 = FILL_AREA_STYLE_COLOUR('',#10648);
#12573 = STYLED_ITEM('color',(#12574),#1813);
#12574 = PRESENTATION_STYLE_ASSIGNMENT((#12575));
#12575 = SURFACE_STYLE_USAGE(.BOTH.,#12576);
#12576 = SURFACE_SIDE_STYLE('',(#12577));
#12577 = SURFACE_STYLE_FILL_AREA(#12578);
#12578 = FILL_AREA_STYLE('',(#12579));
#12579 = FILL_AREA_STYLE_COLOUR('',#10648);
#12580 = STYLED_ITEM('color',(#12581),#1830);
#12581 = PRESENTATION_STYLE_ASSIGNMENT((#12582));
#12582 = SURFACE_STYLE_USAGE(.BOTH.,#12583);
#12583 = SURFACE_SIDE_STYLE('',(#12584));
#12584 = SURFACE_STYLE_FILL_AREA(#12585);
#12585 = FILL_AREA_STYLE('',(#12586));
#12586 = FILL_AREA_STYLE_COLOUR('',#10648);
ENDSEC;
END-ISO-10303-21;
