ISO-10303-21;
HEADER;
FILE_DESCRIPTION(('KiCad electronic assembly'),'2;1');
FILE_NAME('.step','2026-08-29T14:51:55',('Pcbnew'),('Kicad'),
  'Open CASCADE STEP processor 7.9','KiCad to STEP converter','Unknown'
  );
FILE_SCHEMA(('AUTOMOTIVE_DESIGN { 1 0 10303 214 1 1 1 1 }'));
ENDSEC;
DATA;
#1 = APPLICATION_PROTOCOL_DEFINITION('international standard',
  'automotive_design',2000,#2);
#2 = APPLICATION_CONTEXT(
  'core data for automotive mechanical design processes');
#3 = SHAPE_DEFINITION_REPRESENTATION(#4,#10);
#4 = PRODUCT_DEFINITION_SHAPE('','',#5);
#5 = PRODUCT_DEFINITION('design','',#6,#9);
#6 = PRODUCT_DEFINITION_FORMATION('','',#7);
#7 = PRODUCT('.step 1','.step 1','',(#8));
#8 = PRODUCT_CONTEXT('',#2,'mechanical');
#9 = PRODUCT_DEFINITION_CONTEXT('part definition',#2,'design');
#10 = SHAPE_REPRESENTATION('',(#11,#15,#19,#23,#27,#31,#35,#39,#43,#47,
    #51,#55,#59,#63,#67,#71,#75,#79,#83,#87,#91,#95,#99,#103,#107,#111,
    #115,#119),#123);
#11 = AXIS2_PLACEMENT_3D('',#12,#13,#14);
#12 = CARTESIAN_POINT('',(0.,0.,0.));
#13 = DIRECTION('',(0.,0.,1.));
#14 = DIRECTION('',(1.,0.,-0.));
#15 = AXIS2_PLACEMENT_3D('',#16,#17,#18);
#16 = CARTESIAN_POINT('',(114.808,-68.072,1.595));
#17 = DIRECTION('',(0.,0.,1.));
#18 = DIRECTION('',(1.,0.,0.));
#19 = AXIS2_PLACEMENT_3D('',#20,#21,#22);
#20 = CARTESIAN_POINT('',(124.2568,-76.708,1.595));
#21 = DIRECTION('',(0.,-0.,1.));
#22 = DIRECTION('',(1.110223024625E-16,1.,0.));
#23 = AXIS2_PLACEMENT_3D('',#24,#25,#26);
#24 = CARTESIAN_POINT('',(115.4176,-93.7768,1.595));
#25 = DIRECTION('',(0.,0.,1.));
#26 = DIRECTION('',(1.,0.,0.));
#27 = AXIS2_PLACEMENT_3D('',#28,#29,#30);
#28 = CARTESIAN_POINT('',(143.51,-83.566,1.595));
#29 = DIRECTION('',(-0.,0.,1.));
#30 = DIRECTION('',(1.110223024625E-16,-1.,0.));
#31 = AXIS2_PLACEMENT_3D('',#32,#33,#34);
#32 = CARTESIAN_POINT('',(143.764,-79.502,1.595));
#33 = DIRECTION('',(-0.,0.,1.));
#34 = DIRECTION('',(1.110223024625E-16,-1.,0.));
#35 = AXIS2_PLACEMENT_3D('',#36,#37,#38);
#36 = CARTESIAN_POINT('',(142.494,-87.884,1.595));
#37 = DIRECTION('',(-0.,0.,1.));
#38 = DIRECTION('',(1.110223024625E-16,-1.,0.));
#39 = AXIS2_PLACEMENT_3D('',#40,#41,#42);
#40 = CARTESIAN_POINT('',(118.618,-84.4296,1.595));
#41 = DIRECTION('',(0.,0.,1.));
#42 = DIRECTION('',(-1.,1.224646799147E-16,0.));
#43 = AXIS2_PLACEMENT_3D('',#44,#45,#46);
#44 = CARTESIAN_POINT('',(122.1232,-80.6704,1.595));
#45 = DIRECTION('',(-0.,0.,1.));
#46 = DIRECTION('',(1.110223024625E-16,-1.,0.));
#47 = AXIS2_PLACEMENT_3D('',#48,#49,#50);
#48 = CARTESIAN_POINT('',(120.396,-68.98,1.595));
#49 = DIRECTION('',(0.,0.,1.));
#50 = DIRECTION('',(1.,0.,0.));
#51 = AXIS2_PLACEMENT_3D('',#52,#53,#54);
#52 = CARTESIAN_POINT('',(138.684,-85.09,1.595));
#53 = DIRECTION('',(0.,0.,1.));
#54 = DIRECTION('',(-1.,1.224646799147E-16,0.));
#55 = AXIS2_PLACEMENT_3D('',#56,#57,#58);
#56 = CARTESIAN_POINT('',(126.0856,-80.9244,1.595));
#57 = DIRECTION('',(-0.,0.,1.));
#58 = DIRECTION('',(1.110223024625E-16,-1.,0.));
#59 = AXIS2_PLACEMENT_3D('',#60,#61,#62);
#60 = CARTESIAN_POINT('',(121.5136,-94.8944,1.595));
#61 = DIRECTION('',(-0.,0.,1.));
#62 = DIRECTION('',(1.110223024625E-16,-1.,0.));
#63 = AXIS2_PLACEMENT_3D('',#64,#65,#66);
#64 = CARTESIAN_POINT('',(128.4732,-91.2876,1.595));
#65 = DIRECTION('',(0.,0.,1.));
#66 = DIRECTION('',(1.,0.,0.));
#67 = AXIS2_PLACEMENT_3D('',#68,#69,#70);
#68 = CARTESIAN_POINT('',(130.6576,-87.6808,1.595));
#69 = DIRECTION('',(0.,-0.,1.));
#70 = DIRECTION('',(1.110223024625E-16,1.,0.));
#71 = AXIS2_PLACEMENT_3D('',#72,#73,#74);
#72 = CARTESIAN_POINT('',(126.2888,-105.2068,1.595));
#73 = DIRECTION('',(0.,-0.,1.));
#74 = DIRECTION('',(1.110223024625E-16,1.,0.));
#75 = AXIS2_PLACEMENT_3D('',#76,#77,#78);
#76 = CARTESIAN_POINT('',(122.,-60.5,1.595));
#77 = DIRECTION('',(0.,0.,1.));
#78 = DIRECTION('',(1.,0.,0.));
#79 = AXIS2_PLACEMENT_3D('',#80,#81,#82);
#80 = CARTESIAN_POINT('',(129.286,-105.4608,1.595));
#81 = DIRECTION('',(-0.,0.,1.));
#82 = DIRECTION('',(1.110223024625E-16,-1.,0.));
#83 = AXIS2_PLACEMENT_3D('',#84,#85,#86);
#84 = CARTESIAN_POINT('',(137.668,-87.63,1.595));
#85 = DIRECTION('',(0.,0.,1.));
#86 = DIRECTION('',(-1.,1.224646799147E-16,0.));
#87 = AXIS2_PLACEMENT_3D('',#88,#89,#90);
#88 = CARTESIAN_POINT('',(120.396,-65.278,1.595));
#89 = DIRECTION('',(0.,0.,1.));
#90 = DIRECTION('',(-1.,1.224646799147E-16,0.));
#91 = AXIS2_PLACEMENT_3D('',#92,#93,#94);
#92 = CARTESIAN_POINT('',(138.684,-83.312,1.595));
#93 = DIRECTION('',(0.,0.,1.));
#94 = DIRECTION('',(1.,0.,0.));
#95 = AXIS2_PLACEMENT_3D('',#96,#97,#98);
#96 = CARTESIAN_POINT('',(132.3848,-105.3084,1.595));
#97 = DIRECTION('',(0.,-0.,1.));
#98 = DIRECTION('',(1.110223024625E-16,1.,0.));
#99 = AXIS2_PLACEMENT_3D('',#100,#101,#102);
#100 = CARTESIAN_POINT('',(120.65,-72.136,1.595));
#101 = DIRECTION('',(0.,0.,1.));
#102 = DIRECTION('',(1.,0.,0.));
#103 = AXIS2_PLACEMENT_3D('',#104,#105,#106);
#104 = CARTESIAN_POINT('',(136.398,-104.6988,1.595));
#105 = DIRECTION('',(-0.,0.,1.));
#106 = DIRECTION('',(1.110223024625E-16,-1.,0.));
#107 = AXIS2_PLACEMENT_3D('',#108,#109,#110);
#108 = CARTESIAN_POINT('',(143.3576,-97.79,1.595));
#109 = DIRECTION('',(-0.,0.,1.));
#110 = DIRECTION('',(1.110223024625E-16,-1.,0.));
#111 = AXIS2_PLACEMENT_3D('',#112,#113,#114);
#112 = CARTESIAN_POINT('',(124.46,-72.7964,1.595));
#113 = DIRECTION('',(0.,0.,1.));
#114 = DIRECTION('',(1.,0.,0.));
#115 = AXIS2_PLACEMENT_3D('',#116,#117,#118);
#116 = CARTESIAN_POINT('',(129.92,-64.5,1.595));
#117 = DIRECTION('',(0.,0.,1.));
#118 = DIRECTION('',(1.,0.,0.));
#119 = AXIS2_PLACEMENT_3D('',#120,#121,#122);
#120 = CARTESIAN_POINT('',(0.,0.,0.));
#121 = DIRECTION('',(0.,0.,1.));
#122 = DIRECTION('',(1.,0.,-0.));
#123 = ( GEOMETRIC_REPRESENTATION_CONTEXT(3) 
GLOBAL_UNCERTAINTY_ASSIGNED_CONTEXT((#127)) GLOBAL_UNIT_ASSIGNED_CONTEXT
((#124,#125,#126)) REPRESENTATION_CONTEXT('Context #1',
  '3D Context with UNIT and UNCERTAINTY') );
#124 = ( LENGTH_UNIT() NAMED_UNIT(*) SI_UNIT(.MILLI.,.METRE.) );
#125 = ( NAMED_UNIT(*) PLANE_ANGLE_UNIT() SI_UNIT($,.RADIAN.) );
#126 = ( NAMED_UNIT(*) SI_UNIT($,.STERADIAN.) SOLID_ANGLE_UNIT() );
#127 = UNCERTAINTY_MEASURE_WITH_UNIT(LENGTH_MEASURE(1.E-07),#124,
  'distance_accuracy_value','confusion accuracy');
#128 = PRODUCT_RELATED_PRODUCT_CATEGORY('part',$,(#7));
#129 = SHAPE_DEFINITION_REPRESENTATION(#130,#136);
#130 = PRODUCT_DEFINITION_SHAPE('','',#131);
#131 = PRODUCT_DEFINITION('design','',#132,#135);
#132 = PRODUCT_DEFINITION_FORMATION('','',#133);
#133 = PRODUCT('PinHeader_1x04_P2.54mm_Vertical',
  'PinHeader_1x04_P2.54mm_Vertical','',(#134));
#134 = PRODUCT_CONTEXT('',#2,'mechanical');
#135 = PRODUCT_DEFINITION_CONTEXT('part definition',#2,'design');
#136 = SHAPE_REPRESENTATION('',(#11,#137),#141);
#137 = AXIS2_PLACEMENT_3D('',#138,#139,#140);
#138 = CARTESIAN_POINT('',(0.,0.,0.));
#139 = DIRECTION('',(0.,0.,1.));
#140 = DIRECTION('',(1.,0.,-0.));
#141 = ( GEOMETRIC_REPRESENTATION_CONTEXT(3) 
GLOBAL_UNCERTAINTY_ASSIGNED_CONTEXT((#145)) GLOBAL_UNIT_ASSIGNED_CONTEXT
((#142,#143,#144)) REPRESENTATION_CONTEXT('Context #1',
  '3D Context with UNIT and UNCERTAINTY') );
#142 = ( LENGTH_UNIT() NAMED_UNIT(*) SI_UNIT(.MILLI.,.METRE.) );
#143 = ( NAMED_UNIT(*) PLANE_ANGLE_UNIT() SI_UNIT($,.RADIAN.) );
#144 = ( NAMED_UNIT(*) SI_UNIT($,.STERADIAN.) SOLID_ANGLE_UNIT() );
#145 = UNCERTAINTY_MEASURE_WITH_UNIT(LENGTH_MEASURE(1.E-07),#142,
  'distance_accuracy_value','confusion accuracy');
#146 = CONTEXT_DEPENDENT_SHAPE_REPRESENTATION(#147,#149);
#147 = ( REPRESENTATION_RELATIONSHIP('','',#136,#10) 
REPRESENTATION_RELATIONSHIP_WITH_TRANSFORMATION(#148) 
SHAPE_REPRESENTATION_RELATIONSHIP() );
#148 = ITEM_DEFINED_TRANSFORMATION('','',#11,#15);
#149 = PRODUCT_DEFINITION_SHAPE('Placement','Placement of an item',#150
  );
#150 = NEXT_ASSEMBLY_USAGE_OCCURRENCE('2','J2','',#5,#131,$);
#151 = PRODUCT_RELATED_PRODUCT_CATEGORY('part',$,(#133));
#152 = SHAPE_DEFINITION_REPRESENTATION(#153,#159);
#153 = PRODUCT_DEFINITION_SHAPE('','',#154);
#154 = PRODUCT_DEFINITION('design','',#155,#158);
#155 = PRODUCT_DEFINITION_FORMATION('','',#156);
#156 = PRODUCT('PinHeader_1x04_P254mm_Vertical',
  'PinHeader_1x04_P254mm_Vertical','',(#157));
#157 = PRODUCT_CONTEXT('',#2,'mechanical');
#158 = PRODUCT_DEFINITION_CONTEXT('part definition',#2,'design');
#159 = ADVANCED_BREP_SHAPE_REPRESENTATION('',(#11,#160),#2940);
#160 = MANIFOLD_SOLID_BREP('',#161);
#161 = CLOSED_SHELL('',(#162,#202,#233,#264,#593,#922,#939,#956,#973,
    #990,#1007,#1024,#1041,#1058,#1075,#1092,#1109,#1126,#1143,#1160,
    #1177,#1194,#1211,#1228,#1245,#1262,#1279,#1296,#1308,#1339,#1363,
    #1387,#1404,#1435,#1459,#1483,#1500,#1531,#1555,#1579,#1596,#1627,
    #1651,#1675,#1692,#1723,#1747,#1771,#1788,#1819,#1843,#1867,#1884,
    #1915,#1939,#1963,#1980,#2011,#2035,#2059,#2076,#2107,#2131,#2155,
    #2172,#2203,#2227,#2251,#2268,#2299,#2323,#2347,#2364,#2395,#2419,
    #2443,#2460,#2491,#2515,#2539,#2556,#2587,#2611,#2635,#2652,#2683,
    #2707,#2731,#2748,#2779,#2803,#2827,#2844,#2856,#2868,#2880,#2892,
    #2904,#2916,#2928));
#162 = ADVANCED_FACE('',(#163),#197,.F.);
#163 = FACE_BOUND('',#164,.F.);
#164 = EDGE_LOOP('',(#165,#175,#183,#191));
#165 = ORIENTED_EDGE('',*,*,#166,.T.);
#166 = EDGE_CURVE('',#167,#169,#171,.T.);
#167 = VERTEX_POINT('',#168);
#168 = CARTESIAN_POINT('',(-1.016,1.27,0.));
#169 = VERTEX_POINT('',#170);
#170 = CARTESIAN_POINT('',(-1.016,1.27,2.54));
#171 = LINE('',#172,#173);
#172 = CARTESIAN_POINT('',(-1.016,1.27,0.));
#173 = VECTOR('',#174,1.);
#174 = DIRECTION('',(0.,0.,1.));
#175 = ORIENTED_EDGE('',*,*,#176,.T.);
#176 = EDGE_CURVE('',#169,#177,#179,.T.);
#177 = VERTEX_POINT('',#178);
#178 = CARTESIAN_POINT('',(-1.27,1.016,2.54));
#179 = LINE('',#180,#181);
#180 = CARTESIAN_POINT('',(-1.016,1.27,2.54));
#181 = VECTOR('',#182,1.);
#182 = DIRECTION('',(-0.707106781187,-0.707106781187,0.));
#183 = ORIENTED_EDGE('',*,*,#184,.F.);
#184 = EDGE_CURVE('',#185,#177,#187,.T.);
#185 = VERTEX_POINT('',#186);
#186 = CARTESIAN_POINT('',(-1.27,1.016,0.));
#187 = LINE('',#188,#189);
#188 = CARTESIAN_POINT('',(-1.27,1.016,0.));
#189 = VECTOR('',#190,1.);
#190 = DIRECTION('',(0.,0.,1.));
#191 = ORIENTED_EDGE('',*,*,#192,.F.);
#192 = EDGE_CURVE('',#167,#185,#193,.T.);
#193 = LINE('',#194,#195);
#194 = CARTESIAN_POINT('',(-1.016,1.27,0.));
#195 = VECTOR('',#196,1.);
#196 = DIRECTION('',(-0.707106781187,-0.707106781187,0.));
#197 = PLANE('',#198);
#198 = AXIS2_PLACEMENT_3D('',#199,#200,#201);
#199 = CARTESIAN_POINT('',(-1.016,1.27,0.));
#200 = DIRECTION('',(0.707106781187,-0.707106781187,0.));
#201 = DIRECTION('',(-0.707106781187,-0.707106781187,0.));
#202 = ADVANCED_FACE('',(#203),#228,.F.);
#203 = FACE_BOUND('',#204,.F.);
#204 = EDGE_LOOP('',(#205,#215,#221,#222));
#205 = ORIENTED_EDGE('',*,*,#206,.T.);
#206 = EDGE_CURVE('',#207,#209,#211,.T.);
#207 = VERTEX_POINT('',#208);
#208 = CARTESIAN_POINT('',(1.016,1.27,0.));
#209 = VERTEX_POINT('',#210);
#210 = CARTESIAN_POINT('',(1.016,1.27,2.54));
#211 = LINE('',#212,#213);
#212 = CARTESIAN_POINT('',(1.016,1.27,0.));
#213 = VECTOR('',#214,1.);
#214 = DIRECTION('',(0.,0.,1.));
#215 = ORIENTED_EDGE('',*,*,#216,.T.);
#216 = EDGE_CURVE('',#209,#169,#217,.T.);
#217 = LINE('',#218,#219);
#218 = CARTESIAN_POINT('',(1.016,1.27,2.54));
#219 = VECTOR('',#220,1.);
#220 = DIRECTION('',(-1.,0.,0.));
#221 = ORIENTED_EDGE('',*,*,#166,.F.);
#222 = ORIENTED_EDGE('',*,*,#223,.F.);
#223 = EDGE_CURVE('',#207,#167,#224,.T.);
#224 = LINE('',#225,#226);
#225 = CARTESIAN_POINT('',(1.016,1.27,0.));
#226 = VECTOR('',#227,1.);
#227 = DIRECTION('',(-1.,0.,0.));
#228 = PLANE('',#229);
#229 = AXIS2_PLACEMENT_3D('',#230,#231,#232);
#230 = CARTESIAN_POINT('',(1.016,1.27,0.));
#231 = DIRECTION('',(0.,-1.,0.));
#232 = DIRECTION('',(-1.,0.,0.));
#233 = ADVANCED_FACE('',(#234),#259,.F.);
#234 = FACE_BOUND('',#235,.F.);
#235 = EDGE_LOOP('',(#236,#237,#245,#253));
#236 = ORIENTED_EDGE('',*,*,#184,.T.);
#237 = ORIENTED_EDGE('',*,*,#238,.T.);
#238 = EDGE_CURVE('',#177,#239,#241,.T.);
#239 = VERTEX_POINT('',#240);
#240 = CARTESIAN_POINT('',(-1.27,-1.016,2.54));
#241 = LINE('',#242,#243);
#242 = CARTESIAN_POINT('',(-1.27,1.016,2.54));
#243 = VECTOR('',#244,1.);
#244 = DIRECTION('',(0.,-1.,0.));
#245 = ORIENTED_EDGE('',*,*,#246,.F.);
#246 = EDGE_CURVE('',#247,#239,#249,.T.);
#247 = VERTEX_POINT('',#248);
#248 = CARTESIAN_POINT('',(-1.27,-1.016,0.));
#249 = LINE('',#250,#251);
#250 = CARTESIAN_POINT('',(-1.27,-1.016,0.));
#251 = VECTOR('',#252,1.);
#252 = DIRECTION('',(0.,0.,1.));
#253 = ORIENTED_EDGE('',*,*,#254,.F.);
#254 = EDGE_CURVE('',#185,#247,#255,.T.);
#255 = LINE('',#256,#257);
#256 = CARTESIAN_POINT('',(-1.27,1.016,0.));
#257 = VECTOR('',#258,1.);
#258 = DIRECTION('',(0.,-1.,0.));
#259 = PLANE('',#260);
#260 = AXIS2_PLACEMENT_3D('',#261,#262,#263);
#261 = CARTESIAN_POINT('',(-1.27,1.016,0.));
#262 = DIRECTION('',(1.,0.,0.));
#263 = DIRECTION('',(0.,-1.,0.));
#264 = ADVANCED_FACE('',(#265,#452,#486,#520,#554),#588,.F.);
#265 = FACE_BOUND('',#266,.F.);
#266 = EDGE_LOOP('',(#267,#268,#269,#277,#285,#293,#301,#309,#317,#325,
    #333,#341,#349,#357,#365,#373,#381,#389,#397,#405,#413,#421,#429,
    #437,#445,#451));
#267 = ORIENTED_EDGE('',*,*,#192,.T.);
#268 = ORIENTED_EDGE('',*,*,#254,.T.);
#269 = ORIENTED_EDGE('',*,*,#270,.T.);
#270 = EDGE_CURVE('',#247,#271,#273,.T.);
#271 = VERTEX_POINT('',#272);
#272 = CARTESIAN_POINT('',(-1.016,-1.27,0.));
#273 = LINE('',#274,#275);
#274 = CARTESIAN_POINT('',(-1.27,-1.016,0.));
#275 = VECTOR('',#276,1.);
#276 = DIRECTION('',(0.707106781187,-0.707106781187,0.));
#277 = ORIENTED_EDGE('',*,*,#278,.T.);
#278 = EDGE_CURVE('',#271,#279,#281,.T.);
#279 = VERTEX_POINT('',#280);
#280 = CARTESIAN_POINT('',(-1.27,-1.524,0.));
#281 = LINE('',#282,#283);
#282 = CARTESIAN_POINT('',(-1.016,-1.27,0.));
#283 = VECTOR('',#284,1.);
#284 = DIRECTION('',(-0.707106781187,-0.707106781187,0.));
#285 = ORIENTED_EDGE('',*,*,#286,.T.);
#286 = EDGE_CURVE('',#279,#287,#289,.T.);
#287 = VERTEX_POINT('',#288);
#288 = CARTESIAN_POINT('',(-1.27,-3.556,0.));
#289 = LINE('',#290,#291);
#290 = CARTESIAN_POINT('',(-1.27,-1.524,0.));
#291 = VECTOR('',#292,1.);
#292 = DIRECTION('',(0.,-1.,0.));
#293 = ORIENTED_EDGE('',*,*,#294,.T.);
#294 = EDGE_CURVE('',#287,#295,#297,.T.);
#295 = VERTEX_POINT('',#296);
#296 = CARTESIAN_POINT('',(-1.016,-3.81,0.));
#297 = LINE('',#298,#299);
#298 = CARTESIAN_POINT('',(-1.27,-3.556,0.));
#299 = VECTOR('',#300,1.);
#300 = DIRECTION('',(0.707106781187,-0.707106781187,0.));
#301 = ORIENTED_EDGE('',*,*,#302,.T.);
#302 = EDGE_CURVE('',#295,#303,#305,.T.);
#303 = VERTEX_POINT('',#304);
#304 = CARTESIAN_POINT('',(-1.27,-4.064,0.));
#305 = LINE('',#306,#307);
#306 = CARTESIAN_POINT('',(-1.016,-3.81,0.));
#307 = VECTOR('',#308,1.);
#308 = DIRECTION('',(-0.707106781187,-0.707106781187,0.));
#309 = ORIENTED_EDGE('',*,*,#310,.T.);
#310 = EDGE_CURVE('',#303,#311,#313,.T.);
#311 = VERTEX_POINT('',#312);
#312 = CARTESIAN_POINT('',(-1.27,-6.096,0.));
#313 = LINE('',#314,#315);
#314 = CARTESIAN_POINT('',(-1.27,-4.064,0.));
#315 = VECTOR('',#316,1.);
#316 = DIRECTION('',(0.,-1.,0.));
#317 = ORIENTED_EDGE('',*,*,#318,.T.);
#318 = EDGE_CURVE('',#311,#319,#321,.T.);
#319 = VERTEX_POINT('',#320);
#320 = CARTESIAN_POINT('',(-1.016,-6.35,0.));
#321 = LINE('',#322,#323);
#322 = CARTESIAN_POINT('',(-1.27,-6.096,0.));
#323 = VECTOR('',#324,1.);
#324 = DIRECTION('',(0.707106781187,-0.707106781187,0.));
#325 = ORIENTED_EDGE('',*,*,#326,.T.);
#326 = EDGE_CURVE('',#319,#327,#329,.T.);
#327 = VERTEX_POINT('',#328);
#328 = CARTESIAN_POINT('',(-1.27,-6.604,0.));
#329 = LINE('',#330,#331);
#330 = CARTESIAN_POINT('',(-1.016,-6.35,0.));
#331 = VECTOR('',#332,1.);
#332 = DIRECTION('',(-0.707106781187,-0.707106781187,0.));
#333 = ORIENTED_EDGE('',*,*,#334,.T.);
#334 = EDGE_CURVE('',#327,#335,#337,.T.);
#335 = VERTEX_POINT('',#336);
#336 = CARTESIAN_POINT('',(-1.27,-8.636,0.));
#337 = LINE('',#338,#339);
#338 = CARTESIAN_POINT('',(-1.27,-6.604,0.));
#339 = VECTOR('',#340,1.);
#340 = DIRECTION('',(0.,-1.,0.));
#341 = ORIENTED_EDGE('',*,*,#342,.T.);
#342 = EDGE_CURVE('',#335,#343,#345,.T.);
#343 = VERTEX_POINT('',#344);
#344 = CARTESIAN_POINT('',(-1.016,-8.89,0.));
#345 = LINE('',#346,#347);
#346 = CARTESIAN_POINT('',(-1.27,-8.636,0.));
#347 = VECTOR('',#348,1.);
#348 = DIRECTION('',(0.707106781187,-0.707106781187,0.));
#349 = ORIENTED_EDGE('',*,*,#350,.T.);
#350 = EDGE_CURVE('',#343,#351,#353,.T.);
#351 = VERTEX_POINT('',#352);
#352 = CARTESIAN_POINT('',(1.016,-8.89,0.));
#353 = LINE('',#354,#355);
#354 = CARTESIAN_POINT('',(-1.016,-8.89,0.));
#355 = VECTOR('',#356,1.);
#356 = DIRECTION('',(1.,0.,0.));
#357 = ORIENTED_EDGE('',*,*,#358,.T.);
#358 = EDGE_CURVE('',#351,#359,#361,.T.);
#359 = VERTEX_POINT('',#360);
#360 = CARTESIAN_POINT('',(1.27,-8.636,0.));
#361 = LINE('',#362,#363);
#362 = CARTESIAN_POINT('',(1.016,-8.89,0.));
#363 = VECTOR('',#364,1.);
#364 = DIRECTION('',(0.707106781187,0.707106781187,0.));
#365 = ORIENTED_EDGE('',*,*,#366,.T.);
#366 = EDGE_CURVE('',#359,#367,#369,.T.);
#367 = VERTEX_POINT('',#368);
#368 = CARTESIAN_POINT('',(1.27,-6.604,0.));
#369 = LINE('',#370,#371);
#370 = CARTESIAN_POINT('',(1.27,-8.636,0.));
#371 = VECTOR('',#372,1.);
#372 = DIRECTION('',(0.,1.,0.));
#373 = ORIENTED_EDGE('',*,*,#374,.T.);
#374 = EDGE_CURVE('',#367,#375,#377,.T.);
#375 = VERTEX_POINT('',#376);
#376 = CARTESIAN_POINT('',(1.016,-6.35,0.));
#377 = LINE('',#378,#379);
#378 = CARTESIAN_POINT('',(1.27,-6.604,0.));
#379 = VECTOR('',#380,1.);
#380 = DIRECTION('',(-0.707106781187,0.707106781187,0.));
#381 = ORIENTED_EDGE('',*,*,#382,.T.);
#382 = EDGE_CURVE('',#375,#383,#385,.T.);
#383 = VERTEX_POINT('',#384);
#384 = CARTESIAN_POINT('',(1.27,-6.096,0.));
#385 = LINE('',#386,#387);
#386 = CARTESIAN_POINT('',(1.016,-6.35,0.));
#387 = VECTOR('',#388,1.);
#388 = DIRECTION('',(0.707106781187,0.707106781187,0.));
#389 = ORIENTED_EDGE('',*,*,#390,.T.);
#390 = EDGE_CURVE('',#383,#391,#393,.T.);
#391 = VERTEX_POINT('',#392);
#392 = CARTESIAN_POINT('',(1.27,-4.064,0.));
#393 = LINE('',#394,#395);
#394 = CARTESIAN_POINT('',(1.27,-6.096,0.));
#395 = VECTOR('',#396,1.);
#396 = DIRECTION('',(0.,1.,0.));
#397 = ORIENTED_EDGE('',*,*,#398,.T.);
#398 = EDGE_CURVE('',#391,#399,#401,.T.);
#399 = VERTEX_POINT('',#400);
#400 = CARTESIAN_POINT('',(1.016,-3.81,0.));
#401 = LINE('',#402,#403);
#402 = CARTESIAN_POINT('',(1.27,-4.064,0.));
#403 = VECTOR('',#404,1.);
#404 = DIRECTION('',(-0.707106781187,0.707106781187,0.));
#405 = ORIENTED_EDGE('',*,*,#406,.T.);
#406 = EDGE_CURVE('',#399,#407,#409,.T.);
#407 = VERTEX_POINT('',#408);
#408 = CARTESIAN_POINT('',(1.27,-3.556,0.));
#409 = LINE('',#410,#411);
#410 = CARTESIAN_POINT('',(1.016,-3.81,0.));
#411 = VECTOR('',#412,1.);
#412 = DIRECTION('',(0.707106781187,0.707106781187,0.));
#413 = ORIENTED_EDGE('',*,*,#414,.T.);
#414 = EDGE_CURVE('',#407,#415,#417,.T.);
#415 = VERTEX_POINT('',#416);
#416 = CARTESIAN_POINT('',(1.27,-1.524,0.));
#417 = LINE('',#418,#419);
#418 = CARTESIAN_POINT('',(1.27,-3.556,0.));
#419 = VECTOR('',#420,1.);
#420 = DIRECTION('',(0.,1.,0.));
#421 = ORIENTED_EDGE('',*,*,#422,.T.);
#422 = EDGE_CURVE('',#415,#423,#425,.T.);
#423 = VERTEX_POINT('',#424);
#424 = CARTESIAN_POINT('',(1.016,-1.27,0.));
#425 = LINE('',#426,#427);
#426 = CARTESIAN_POINT('',(1.27,-1.524,0.));
#427 = VECTOR('',#428,1.);
#428 = DIRECTION('',(-0.707106781187,0.707106781187,0.));
#429 = ORIENTED_EDGE('',*,*,#430,.T.);
#430 = EDGE_CURVE('',#423,#431,#433,.T.);
#431 = VERTEX_POINT('',#432);
#432 = CARTESIAN_POINT('',(1.27,-1.016,0.));
#433 = LINE('',#434,#435);
#434 = CARTESIAN_POINT('',(1.016,-1.27,0.));
#435 = VECTOR('',#436,1.);
#436 = DIRECTION('',(0.707106781187,0.707106781187,0.));
#437 = ORIENTED_EDGE('',*,*,#438,.T.);
#438 = EDGE_CURVE('',#431,#439,#441,.T.);
#439 = VERTEX_POINT('',#440);
#440 = CARTESIAN_POINT('',(1.27,1.016,0.));
#441 = LINE('',#442,#443);
#442 = CARTESIAN_POINT('',(1.27,-1.016,0.));
#443 = VECTOR('',#444,1.);
#444 = DIRECTION('',(0.,1.,0.));
#445 = ORIENTED_EDGE('',*,*,#446,.T.);
#446 = EDGE_CURVE('',#439,#207,#447,.T.);
#447 = LINE('',#448,#449);
#448 = CARTESIAN_POINT('',(1.27,1.016,0.));
#449 = VECTOR('',#450,1.);
#450 = DIRECTION('',(-0.707106781187,0.707106781187,0.));
#451 = ORIENTED_EDGE('',*,*,#223,.T.);
#452 = FACE_BOUND('',#453,.F.);
#453 = EDGE_LOOP('',(#454,#464,#472,#480));
#454 = ORIENTED_EDGE('',*,*,#455,.F.);
#455 = EDGE_CURVE('',#456,#458,#460,.T.);
#456 = VERTEX_POINT('',#457);
#457 = CARTESIAN_POINT('',(0.32,-4.76,0.));
#458 = VERTEX_POINT('',#459);
#459 = CARTESIAN_POINT('',(-0.32,-4.76,0.));
#460 = LINE('',#461,#462);
#461 = CARTESIAN_POINT('',(-0.16,-4.76,0.));
#462 = VECTOR('',#463,1.);
#463 = DIRECTION('',(-1.,0.,0.));
#464 = ORIENTED_EDGE('',*,*,#465,.F.);
#465 = EDGE_CURVE('',#466,#456,#468,.T.);
#466 = VERTEX_POINT('',#467);
#467 = CARTESIAN_POINT('',(0.32,-5.4,0.));
#468 = LINE('',#469,#470);
#469 = CARTESIAN_POINT('',(0.32,-4.605,0.));
#470 = VECTOR('',#471,1.);
#471 = DIRECTION('',(0.,1.,0.));
#472 = ORIENTED_EDGE('',*,*,#473,.T.);
#473 = EDGE_CURVE('',#466,#474,#476,.T.);
#474 = VERTEX_POINT('',#475);
#475 = CARTESIAN_POINT('',(-0.32,-5.4,0.));
#476 = LINE('',#477,#478);
#477 = CARTESIAN_POINT('',(-0.16,-5.4,0.));
#478 = VECTOR('',#479,1.);
#479 = DIRECTION('',(-1.,0.,0.));
#480 = ORIENTED_EDGE('',*,*,#481,.T.);
#481 = EDGE_CURVE('',#474,#458,#482,.T.);
#482 = LINE('',#483,#484);
#483 = CARTESIAN_POINT('',(-0.32,-4.605,0.));
#484 = VECTOR('',#485,1.);
#485 = DIRECTION('',(0.,1.,0.));
#486 = FACE_BOUND('',#487,.F.);
#487 = EDGE_LOOP('',(#488,#498,#506,#514));
#488 = ORIENTED_EDGE('',*,*,#489,.F.);
#489 = EDGE_CURVE('',#490,#492,#494,.T.);
#490 = VERTEX_POINT('',#491);
#491 = CARTESIAN_POINT('',(0.32,-7.94,0.));
#492 = VERTEX_POINT('',#493);
#493 = CARTESIAN_POINT('',(0.32,-7.3,0.));
#494 = LINE('',#495,#496);
#495 = CARTESIAN_POINT('',(0.32,-5.875,0.));
#496 = VECTOR('',#497,1.);
#497 = DIRECTION('',(0.,1.,0.));
#498 = ORIENTED_EDGE('',*,*,#499,.T.);
#499 = EDGE_CURVE('',#490,#500,#502,.T.);
#500 = VERTEX_POINT('',#501);
#501 = CARTESIAN_POINT('',(-0.32,-7.94,0.));
#502 = LINE('',#503,#504);
#503 = CARTESIAN_POINT('',(-0.16,-7.94,0.));
#504 = VECTOR('',#505,1.);
#505 = DIRECTION('',(-1.,0.,0.));
#506 = ORIENTED_EDGE('',*,*,#507,.T.);
#507 = EDGE_CURVE('',#500,#508,#510,.T.);
#508 = VERTEX_POINT('',#509);
#509 = CARTESIAN_POINT('',(-0.32,-7.3,0.));
#510 = LINE('',#511,#512);
#511 = CARTESIAN_POINT('',(-0.32,-5.875,0.));
#512 = VECTOR('',#513,1.);
#513 = DIRECTION('',(0.,1.,0.));
#514 = ORIENTED_EDGE('',*,*,#515,.F.);
#515 = EDGE_CURVE('',#492,#508,#516,.T.);
#516 = LINE('',#517,#518);
#517 = CARTESIAN_POINT('',(-0.16,-7.3,0.));
#518 = VECTOR('',#519,1.);
#519 = DIRECTION('',(-1.,0.,0.));
#520 = FACE_BOUND('',#521,.F.);
#521 = EDGE_LOOP('',(#522,#532,#540,#548));
#522 = ORIENTED_EDGE('',*,*,#523,.F.);
#523 = EDGE_CURVE('',#524,#526,#528,.T.);
#524 = VERTEX_POINT('',#525);
#525 = CARTESIAN_POINT('',(0.32,-0.32,0.));
#526 = VERTEX_POINT('',#527);
#527 = CARTESIAN_POINT('',(0.32,0.32,0.));
#528 = LINE('',#529,#530);
#529 = CARTESIAN_POINT('',(0.32,-2.065,0.));
#530 = VECTOR('',#531,1.);
#531 = DIRECTION('',(0.,1.,0.));
#532 = ORIENTED_EDGE('',*,*,#533,.T.);
#533 = EDGE_CURVE('',#524,#534,#536,.T.);
#534 = VERTEX_POINT('',#535);
#535 = CARTESIAN_POINT('',(-0.32,-0.32,0.));
#536 = LINE('',#537,#538);
#537 = CARTESIAN_POINT('',(-0.16,-0.32,0.));
#538 = VECTOR('',#539,1.);
#539 = DIRECTION('',(-1.,0.,0.));
#540 = ORIENTED_EDGE('',*,*,#541,.T.);
#541 = EDGE_CURVE('',#534,#542,#544,.T.);
#542 = VERTEX_POINT('',#543);
#543 = CARTESIAN_POINT('',(-0.32,0.32,0.));
#544 = LINE('',#545,#546);
#545 = CARTESIAN_POINT('',(-0.32,-2.065,0.));
#546 = VECTOR('',#547,1.);
#547 = DIRECTION('',(0.,1.,0.));
#548 = ORIENTED_EDGE('',*,*,#549,.F.);
#549 = EDGE_CURVE('',#526,#542,#550,.T.);
#550 = LINE('',#551,#552);
#551 = CARTESIAN_POINT('',(-0.16,0.32,0.));
#552 = VECTOR('',#553,1.);
#553 = DIRECTION('',(-1.,0.,0.));
#554 = FACE_BOUND('',#555,.F.);
#555 = EDGE_LOOP('',(#556,#566,#574,#582));
#556 = ORIENTED_EDGE('',*,*,#557,.F.);
#557 = EDGE_CURVE('',#558,#560,#562,.T.);
#558 = VERTEX_POINT('',#559);
#559 = CARTESIAN_POINT('',(0.32,-2.22,0.));
#560 = VERTEX_POINT('',#561);
#561 = CARTESIAN_POINT('',(-0.32,-2.22,0.));
#562 = LINE('',#563,#564);
#563 = CARTESIAN_POINT('',(-0.16,-2.22,0.));
#564 = VECTOR('',#565,1.);
#565 = DIRECTION('',(-1.,0.,0.));
#566 = ORIENTED_EDGE('',*,*,#567,.F.);
#567 = EDGE_CURVE('',#568,#558,#570,.T.);
#568 = VERTEX_POINT('',#569);
#569 = CARTESIAN_POINT('',(0.32,-2.86,0.));
#570 = LINE('',#571,#572);
#571 = CARTESIAN_POINT('',(0.32,-3.335,0.));
#572 = VECTOR('',#573,1.);
#573 = DIRECTION('',(0.,1.,0.));
#574 = ORIENTED_EDGE('',*,*,#575,.T.);
#575 = EDGE_CURVE('',#568,#576,#578,.T.);
#576 = VERTEX_POINT('',#577);
#577 = CARTESIAN_POINT('',(-0.32,-2.86,0.));
#578 = LINE('',#579,#580);
#579 = CARTESIAN_POINT('',(-0.16,-2.86,0.));
#580 = VECTOR('',#581,1.);
#581 = DIRECTION('',(-1.,0.,0.));
#582 = ORIENTED_EDGE('',*,*,#583,.T.);
#583 = EDGE_CURVE('',#576,#560,#584,.T.);
#584 = LINE('',#585,#586);
#585 = CARTESIAN_POINT('',(-0.32,-3.335,0.));
#586 = VECTOR('',#587,1.);
#587 = DIRECTION('',(0.,1.,0.));
#588 = PLANE('',#589);
#589 = AXIS2_PLACEMENT_3D('',#590,#591,#592);
#590 = CARTESIAN_POINT('',(4.259053689278E-17,-3.81,0.));
#591 = DIRECTION('',(0.,0.,1.));
#592 = DIRECTION('',(1.,0.,-0.));
#593 = ADVANCED_FACE('',(#594,#781,#815,#849,#883),#917,.T.);
#594 = FACE_BOUND('',#595,.T.);
#595 = EDGE_LOOP('',(#596,#597,#598,#606,#614,#622,#630,#638,#646,#654,
    #662,#670,#678,#686,#694,#702,#710,#718,#726,#734,#742,#750,#758,
    #766,#774,#780));
#596 = ORIENTED_EDGE('',*,*,#176,.T.);
#597 = ORIENTED_EDGE('',*,*,#238,.T.);
#598 = ORIENTED_EDGE('',*,*,#599,.T.);
#599 = EDGE_CURVE('',#239,#600,#602,.T.);
#600 = VERTEX_POINT('',#601);
#601 = CARTESIAN_POINT('',(-1.016,-1.27,2.54));
#602 = LINE('',#603,#604);
#603 = CARTESIAN_POINT('',(-1.27,-1.016,2.54));
#604 = VECTOR('',#605,1.);
#605 = DIRECTION('',(0.707106781187,-0.707106781187,0.));
#606 = ORIENTED_EDGE('',*,*,#607,.T.);
#607 = EDGE_CURVE('',#600,#608,#610,.T.);
#608 = VERTEX_POINT('',#609);
#609 = CARTESIAN_POINT('',(-1.27,-1.524,2.54));
#610 = LINE('',#611,#612);
#611 = CARTESIAN_POINT('',(-1.016,-1.27,2.54));
#612 = VECTOR('',#613,1.);
#613 = DIRECTION('',(-0.707106781187,-0.707106781187,0.));
#614 = ORIENTED_EDGE('',*,*,#615,.T.);
#615 = EDGE_CURVE('',#608,#616,#618,.T.);
#616 = VERTEX_POINT('',#617);
#617 = CARTESIAN_POINT('',(-1.27,-3.556,2.54));
#618 = LINE('',#619,#620);
#619 = CARTESIAN_POINT('',(-1.27,-1.524,2.54));
#620 = VECTOR('',#621,1.);
#621 = DIRECTION('',(0.,-1.,0.));
#622 = ORIENTED_EDGE('',*,*,#623,.T.);
#623 = EDGE_CURVE('',#616,#624,#626,.T.);
#624 = VERTEX_POINT('',#625);
#625 = CARTESIAN_POINT('',(-1.016,-3.81,2.54));
#626 = LINE('',#627,#628);
#627 = CARTESIAN_POINT('',(-1.27,-3.556,2.54));
#628 = VECTOR('',#629,1.);
#629 = DIRECTION('',(0.707106781187,-0.707106781187,0.));
#630 = ORIENTED_EDGE('',*,*,#631,.T.);
#631 = EDGE_CURVE('',#624,#632,#634,.T.);
#632 = VERTEX_POINT('',#633);
#633 = CARTESIAN_POINT('',(-1.27,-4.064,2.54));
#634 = LINE('',#635,#636);
#635 = CARTESIAN_POINT('',(-1.016,-3.81,2.54));
#636 = VECTOR('',#637,1.);
#637 = DIRECTION('',(-0.707106781187,-0.707106781187,0.));
#638 = ORIENTED_EDGE('',*,*,#639,.T.);
#639 = EDGE_CURVE('',#632,#640,#642,.T.);
#640 = VERTEX_POINT('',#641);
#641 = CARTESIAN_POINT('',(-1.27,-6.096,2.54));
#642 = LINE('',#643,#644);
#643 = CARTESIAN_POINT('',(-1.27,-4.064,2.54));
#644 = VECTOR('',#645,1.);
#645 = DIRECTION('',(0.,-1.,0.));
#646 = ORIENTED_EDGE('',*,*,#647,.T.);
#647 = EDGE_CURVE('',#640,#648,#650,.T.);
#648 = VERTEX_POINT('',#649);
#649 = CARTESIAN_POINT('',(-1.016,-6.35,2.54));
#650 = LINE('',#651,#652);
#651 = CARTESIAN_POINT('',(-1.27,-6.096,2.54));
#652 = VECTOR('',#653,1.);
#653 = DIRECTION('',(0.707106781187,-0.707106781187,0.));
#654 = ORIENTED_EDGE('',*,*,#655,.T.);
#655 = EDGE_CURVE('',#648,#656,#658,.T.);
#656 = VERTEX_POINT('',#657);
#657 = CARTESIAN_POINT('',(-1.27,-6.604,2.54));
#658 = LINE('',#659,#660);
#659 = CARTESIAN_POINT('',(-1.016,-6.35,2.54));
#660 = VECTOR('',#661,1.);
#661 = DIRECTION('',(-0.707106781187,-0.707106781187,0.));
#662 = ORIENTED_EDGE('',*,*,#663,.T.);
#663 = EDGE_CURVE('',#656,#664,#666,.T.);
#664 = VERTEX_POINT('',#665);
#665 = CARTESIAN_POINT('',(-1.27,-8.636,2.54));
#666 = LINE('',#667,#668);
#667 = CARTESIAN_POINT('',(-1.27,-6.604,2.54));
#668 = VECTOR('',#669,1.);
#669 = DIRECTION('',(0.,-1.,0.));
#670 = ORIENTED_EDGE('',*,*,#671,.T.);
#671 = EDGE_CURVE('',#664,#672,#674,.T.);
#672 = VERTEX_POINT('',#673);
#673 = CARTESIAN_POINT('',(-1.016,-8.89,2.54));
#674 = LINE('',#675,#676);
#675 = CARTESIAN_POINT('',(-1.27,-8.636,2.54));
#676 = VECTOR('',#677,1.);
#677 = DIRECTION('',(0.707106781187,-0.707106781187,0.));
#678 = ORIENTED_EDGE('',*,*,#679,.T.);
#679 = EDGE_CURVE('',#672,#680,#682,.T.);
#680 = VERTEX_POINT('',#681);
#681 = CARTESIAN_POINT('',(1.016,-8.89,2.54));
#682 = LINE('',#683,#684);
#683 = CARTESIAN_POINT('',(-1.016,-8.89,2.54));
#684 = VECTOR('',#685,1.);
#685 = DIRECTION('',(1.,0.,0.));
#686 = ORIENTED_EDGE('',*,*,#687,.T.);
#687 = EDGE_CURVE('',#680,#688,#690,.T.);
#688 = VERTEX_POINT('',#689);
#689 = CARTESIAN_POINT('',(1.27,-8.636,2.54));
#690 = LINE('',#691,#692);
#691 = CARTESIAN_POINT('',(1.016,-8.89,2.54));
#692 = VECTOR('',#693,1.);
#693 = DIRECTION('',(0.707106781187,0.707106781187,0.));
#694 = ORIENTED_EDGE('',*,*,#695,.T.);
#695 = EDGE_CURVE('',#688,#696,#698,.T.);
#696 = VERTEX_POINT('',#697);
#697 = CARTESIAN_POINT('',(1.27,-6.604,2.54));
#698 = LINE('',#699,#700);
#699 = CARTESIAN_POINT('',(1.27,-8.636,2.54));
#700 = VECTOR('',#701,1.);
#701 = DIRECTION('',(0.,1.,0.));
#702 = ORIENTED_EDGE('',*,*,#703,.T.);
#703 = EDGE_CURVE('',#696,#704,#706,.T.);
#704 = VERTEX_POINT('',#705);
#705 = CARTESIAN_POINT('',(1.016,-6.35,2.54));
#706 = LINE('',#707,#708);
#707 = CARTESIAN_POINT('',(1.27,-6.604,2.54));
#708 = VECTOR('',#709,1.);
#709 = DIRECTION('',(-0.707106781187,0.707106781187,0.));
#710 = ORIENTED_EDGE('',*,*,#711,.T.);
#711 = EDGE_CURVE('',#704,#712,#714,.T.);
#712 = VERTEX_POINT('',#713);
#713 = CARTESIAN_POINT('',(1.27,-6.096,2.54));
#714 = LINE('',#715,#716);
#715 = CARTESIAN_POINT('',(1.016,-6.35,2.54));
#716 = VECTOR('',#717,1.);
#717 = DIRECTION('',(0.707106781187,0.707106781187,0.));
#718 = ORIENTED_EDGE('',*,*,#719,.T.);
#719 = EDGE_CURVE('',#712,#720,#722,.T.);
#720 = VERTEX_POINT('',#721);
#721 = CARTESIAN_POINT('',(1.27,-4.064,2.54));
#722 = LINE('',#723,#724);
#723 = CARTESIAN_POINT('',(1.27,-6.096,2.54));
#724 = VECTOR('',#725,1.);
#725 = DIRECTION('',(0.,1.,0.));
#726 = ORIENTED_EDGE('',*,*,#727,.T.);
#727 = EDGE_CURVE('',#720,#728,#730,.T.);
#728 = VERTEX_POINT('',#729);
#729 = CARTESIAN_POINT('',(1.016,-3.81,2.54));
#730 = LINE('',#731,#732);
#731 = CARTESIAN_POINT('',(1.27,-4.064,2.54));
#732 = VECTOR('',#733,1.);
#733 = DIRECTION('',(-0.707106781187,0.707106781187,0.));
#734 = ORIENTED_EDGE('',*,*,#735,.T.);
#735 = EDGE_CURVE('',#728,#736,#738,.T.);
#736 = VERTEX_POINT('',#737);
#737 = CARTESIAN_POINT('',(1.27,-3.556,2.54));
#738 = LINE('',#739,#740);
#739 = CARTESIAN_POINT('',(1.016,-3.81,2.54));
#740 = VECTOR('',#741,1.);
#741 = DIRECTION('',(0.707106781187,0.707106781187,0.));
#742 = ORIENTED_EDGE('',*,*,#743,.T.);
#743 = EDGE_CURVE('',#736,#744,#746,.T.);
#744 = VERTEX_POINT('',#745);
#745 = CARTESIAN_POINT('',(1.27,-1.524,2.54));
#746 = LINE('',#747,#748);
#747 = CARTESIAN_POINT('',(1.27,-3.556,2.54));
#748 = VECTOR('',#749,1.);
#749 = DIRECTION('',(0.,1.,0.));
#750 = ORIENTED_EDGE('',*,*,#751,.T.);
#751 = EDGE_CURVE('',#744,#752,#754,.T.);
#752 = VERTEX_POINT('',#753);
#753 = CARTESIAN_POINT('',(1.016,-1.27,2.54));
#754 = LINE('',#755,#756);
#755 = CARTESIAN_POINT('',(1.27,-1.524,2.54));
#756 = VECTOR('',#757,1.);
#757 = DIRECTION('',(-0.707106781187,0.707106781187,0.));
#758 = ORIENTED_EDGE('',*,*,#759,.T.);
#759 = EDGE_CURVE('',#752,#760,#762,.T.);
#760 = VERTEX_POINT('',#761);
#761 = CARTESIAN_POINT('',(1.27,-1.016,2.54));
#762 = LINE('',#763,#764);
#763 = CARTESIAN_POINT('',(1.016,-1.27,2.54));
#764 = VECTOR('',#765,1.);
#765 = DIRECTION('',(0.707106781187,0.707106781187,0.));
#766 = ORIENTED_EDGE('',*,*,#767,.T.);
#767 = EDGE_CURVE('',#760,#768,#770,.T.);
#768 = VERTEX_POINT('',#769);
#769 = CARTESIAN_POINT('',(1.27,1.016,2.54));
#770 = LINE('',#771,#772);
#771 = CARTESIAN_POINT('',(1.27,-1.016,2.54));
#772 = VECTOR('',#773,1.);
#773 = DIRECTION('',(0.,1.,0.));
#774 = ORIENTED_EDGE('',*,*,#775,.T.);
#775 = EDGE_CURVE('',#768,#209,#776,.T.);
#776 = LINE('',#777,#778);
#777 = CARTESIAN_POINT('',(1.27,1.016,2.54));
#778 = VECTOR('',#779,1.);
#779 = DIRECTION('',(-0.707106781187,0.707106781187,0.));
#780 = ORIENTED_EDGE('',*,*,#216,.T.);
#781 = FACE_BOUND('',#782,.T.);
#782 = EDGE_LOOP('',(#783,#793,#801,#809));
#783 = ORIENTED_EDGE('',*,*,#784,.F.);
#784 = EDGE_CURVE('',#785,#787,#789,.T.);
#785 = VERTEX_POINT('',#786);
#786 = CARTESIAN_POINT('',(0.32,-4.76,2.54));
#787 = VERTEX_POINT('',#788);
#788 = CARTESIAN_POINT('',(-0.32,-4.76,2.54));
#789 = LINE('',#790,#791);
#790 = CARTESIAN_POINT('',(-0.16,-4.76,2.54));
#791 = VECTOR('',#792,1.);
#792 = DIRECTION('',(-1.,0.,0.));
#793 = ORIENTED_EDGE('',*,*,#794,.F.);
#794 = EDGE_CURVE('',#795,#785,#797,.T.);
#795 = VERTEX_POINT('',#796);
#796 = CARTESIAN_POINT('',(0.32,-5.4,2.54));
#797 = LINE('',#798,#799);
#798 = CARTESIAN_POINT('',(0.32,-4.605,2.54));
#799 = VECTOR('',#800,1.);
#800 = DIRECTION('',(0.,1.,0.));
#801 = ORIENTED_EDGE('',*,*,#802,.T.);
#802 = EDGE_CURVE('',#795,#803,#805,.T.);
#803 = VERTEX_POINT('',#804);
#804 = CARTESIAN_POINT('',(-0.32,-5.4,2.54));
#805 = LINE('',#806,#807);
#806 = CARTESIAN_POINT('',(-0.16,-5.4,2.54));
#807 = VECTOR('',#808,1.);
#808 = DIRECTION('',(-1.,0.,0.));
#809 = ORIENTED_EDGE('',*,*,#810,.T.);
#810 = EDGE_CURVE('',#803,#787,#811,.T.);
#811 = LINE('',#812,#813);
#812 = CARTESIAN_POINT('',(-0.32,-4.605,2.54));
#813 = VECTOR('',#814,1.);
#814 = DIRECTION('',(0.,1.,0.));
#815 = FACE_BOUND('',#816,.T.);
#816 = EDGE_LOOP('',(#817,#827,#835,#843));
#817 = ORIENTED_EDGE('',*,*,#818,.F.);
#818 = EDGE_CURVE('',#819,#821,#823,.T.);
#819 = VERTEX_POINT('',#820);
#820 = CARTESIAN_POINT('',(0.32,-7.94,2.54));
#821 = VERTEX_POINT('',#822);
#822 = CARTESIAN_POINT('',(0.32,-7.3,2.54));
#823 = LINE('',#824,#825);
#824 = CARTESIAN_POINT('',(0.32,-5.875,2.54));
#825 = VECTOR('',#826,1.);
#826 = DIRECTION('',(0.,1.,0.));
#827 = ORIENTED_EDGE('',*,*,#828,.T.);
#828 = EDGE_CURVE('',#819,#829,#831,.T.);
#829 = VERTEX_POINT('',#830);
#830 = CARTESIAN_POINT('',(-0.32,-7.94,2.54));
#831 = LINE('',#832,#833);
#832 = CARTESIAN_POINT('',(-0.16,-7.94,2.54));
#833 = VECTOR('',#834,1.);
#834 = DIRECTION('',(-1.,0.,0.));
#835 = ORIENTED_EDGE('',*,*,#836,.T.);
#836 = EDGE_CURVE('',#829,#837,#839,.T.);
#837 = VERTEX_POINT('',#838);
#838 = CARTESIAN_POINT('',(-0.32,-7.3,2.54));
#839 = LINE('',#840,#841);
#840 = CARTESIAN_POINT('',(-0.32,-5.875,2.54));
#841 = VECTOR('',#842,1.);
#842 = DIRECTION('',(0.,1.,0.));
#843 = ORIENTED_EDGE('',*,*,#844,.F.);
#844 = EDGE_CURVE('',#821,#837,#845,.T.);
#845 = LINE('',#846,#847);
#846 = CARTESIAN_POINT('',(-0.16,-7.3,2.54));
#847 = VECTOR('',#848,1.);
#848 = DIRECTION('',(-1.,0.,0.));
#849 = FACE_BOUND('',#850,.T.);
#850 = EDGE_LOOP('',(#851,#861,#869,#877));
#851 = ORIENTED_EDGE('',*,*,#852,.F.);
#852 = EDGE_CURVE('',#853,#855,#857,.T.);
#853 = VERTEX_POINT('',#854);
#854 = CARTESIAN_POINT('',(0.32,-0.32,2.54));
#855 = VERTEX_POINT('',#856);
#856 = CARTESIAN_POINT('',(0.32,0.32,2.54));
#857 = LINE('',#858,#859);
#858 = CARTESIAN_POINT('',(0.32,-2.065,2.54));
#859 = VECTOR('',#860,1.);
#860 = DIRECTION('',(0.,1.,0.));
#861 = ORIENTED_EDGE('',*,*,#862,.T.);
#862 = EDGE_CURVE('',#853,#863,#865,.T.);
#863 = VERTEX_POINT('',#864);
#864 = CARTESIAN_POINT('',(-0.32,-0.32,2.54));
#865 = LINE('',#866,#867);
#866 = CARTESIAN_POINT('',(-0.16,-0.32,2.54));
#867 = VECTOR('',#868,1.);
#868 = DIRECTION('',(-1.,0.,0.));
#869 = ORIENTED_EDGE('',*,*,#870,.T.);
#870 = EDGE_CURVE('',#863,#871,#873,.T.);
#871 = VERTEX_POINT('',#872);
#872 = CARTESIAN_POINT('',(-0.32,0.32,2.54));
#873 = LINE('',#874,#875);
#874 = CARTESIAN_POINT('',(-0.32,-2.065,2.54));
#875 = VECTOR('',#876,1.);
#876 = DIRECTION('',(0.,1.,0.));
#877 = ORIENTED_EDGE('',*,*,#878,.F.);
#878 = EDGE_CURVE('',#855,#871,#879,.T.);
#879 = LINE('',#880,#881);
#880 = CARTESIAN_POINT('',(-0.16,0.32,2.54));
#881 = VECTOR('',#882,1.);
#882 = DIRECTION('',(-1.,0.,0.));
#883 = FACE_BOUND('',#884,.T.);
#884 = EDGE_LOOP('',(#885,#895,#903,#911));
#885 = ORIENTED_EDGE('',*,*,#886,.F.);
#886 = EDGE_CURVE('',#887,#889,#891,.T.);
#887 = VERTEX_POINT('',#888);
#888 = CARTESIAN_POINT('',(0.32,-2.22,2.54));
#889 = VERTEX_POINT('',#890);
#890 = CARTESIAN_POINT('',(-0.32,-2.22,2.54));
#891 = LINE('',#892,#893);
#892 = CARTESIAN_POINT('',(-0.16,-2.22,2.54));
#893 = VECTOR('',#894,1.);
#894 = DIRECTION('',(-1.,0.,0.));
#895 = ORIENTED_EDGE('',*,*,#896,.F.);
#896 = EDGE_CURVE('',#897,#887,#899,.T.);
#897 = VERTEX_POINT('',#898);
#898 = CARTESIAN_POINT('',(0.32,-2.86,2.54));
#899 = LINE('',#900,#901);
#900 = CARTESIAN_POINT('',(0.32,-3.335,2.54));
#901 = VECTOR('',#902,1.);
#902 = DIRECTION('',(0.,1.,0.));
#903 = ORIENTED_EDGE('',*,*,#904,.T.);
#904 = EDGE_CURVE('',#897,#905,#907,.T.);
#905 = VERTEX_POINT('',#906);
#906 = CARTESIAN_POINT('',(-0.32,-2.86,2.54));
#907 = LINE('',#908,#909);
#908 = CARTESIAN_POINT('',(-0.16,-2.86,2.54));
#909 = VECTOR('',#910,1.);
#910 = DIRECTION('',(-1.,0.,0.));
#911 = ORIENTED_EDGE('',*,*,#912,.T.);
#912 = EDGE_CURVE('',#905,#889,#913,.T.);
#913 = LINE('',#914,#915);
#914 = CARTESIAN_POINT('',(-0.32,-3.335,2.54));
#915 = VECTOR('',#916,1.);
#916 = DIRECTION('',(0.,1.,0.));
#917 = PLANE('',#918);
#918 = AXIS2_PLACEMENT_3D('',#919,#920,#921);
#919 = CARTESIAN_POINT('',(4.259053689278E-17,-3.81,2.54));
#920 = DIRECTION('',(0.,0.,1.));
#921 = DIRECTION('',(1.,0.,-0.));
#922 = ADVANCED_FACE('',(#923),#934,.F.);
#923 = FACE_BOUND('',#924,.F.);
#924 = EDGE_LOOP('',(#925,#931,#932,#933));
#925 = ORIENTED_EDGE('',*,*,#926,.T.);
#926 = EDGE_CURVE('',#439,#768,#927,.T.);
#927 = LINE('',#928,#929);
#928 = CARTESIAN_POINT('',(1.27,1.016,0.));
#929 = VECTOR('',#930,1.);
#930 = DIRECTION('',(0.,0.,1.));
#931 = ORIENTED_EDGE('',*,*,#775,.T.);
#932 = ORIENTED_EDGE('',*,*,#206,.F.);
#933 = ORIENTED_EDGE('',*,*,#446,.F.);
#934 = PLANE('',#935);
#935 = AXIS2_PLACEMENT_3D('',#936,#937,#938);
#936 = CARTESIAN_POINT('',(1.27,1.016,0.));
#937 = DIRECTION('',(-0.707106781187,-0.707106781187,0.));
#938 = DIRECTION('',(-0.707106781187,0.707106781187,0.));
#939 = ADVANCED_FACE('',(#940),#951,.F.);
#940 = FACE_BOUND('',#941,.F.);
#941 = EDGE_LOOP('',(#942,#943,#944,#950));
#942 = ORIENTED_EDGE('',*,*,#246,.T.);
#943 = ORIENTED_EDGE('',*,*,#599,.T.);
#944 = ORIENTED_EDGE('',*,*,#945,.F.);
#945 = EDGE_CURVE('',#271,#600,#946,.T.);
#946 = LINE('',#947,#948);
#947 = CARTESIAN_POINT('',(-1.016,-1.27,0.));
#948 = VECTOR('',#949,1.);
#949 = DIRECTION('',(0.,0.,1.));
#950 = ORIENTED_EDGE('',*,*,#270,.F.);
#951 = PLANE('',#952);
#952 = AXIS2_PLACEMENT_3D('',#953,#954,#955);
#953 = CARTESIAN_POINT('',(-1.27,-1.016,0.));
#954 = DIRECTION('',(0.707106781187,0.707106781187,0.));
#955 = DIRECTION('',(0.707106781187,-0.707106781187,0.));
#956 = ADVANCED_FACE('',(#957),#968,.F.);
#957 = FACE_BOUND('',#958,.F.);
#958 = EDGE_LOOP('',(#959,#965,#966,#967));
#959 = ORIENTED_EDGE('',*,*,#960,.T.);
#960 = EDGE_CURVE('',#431,#760,#961,.T.);
#961 = LINE('',#962,#963);
#962 = CARTESIAN_POINT('',(1.27,-1.016,0.));
#963 = VECTOR('',#964,1.);
#964 = DIRECTION('',(0.,0.,1.));
#965 = ORIENTED_EDGE('',*,*,#767,.T.);
#966 = ORIENTED_EDGE('',*,*,#926,.F.);
#967 = ORIENTED_EDGE('',*,*,#438,.F.);
#968 = PLANE('',#969);
#969 = AXIS2_PLACEMENT_3D('',#970,#971,#972);
#970 = CARTESIAN_POINT('',(1.27,-1.016,0.));
#971 = DIRECTION('',(-1.,0.,0.));
#972 = DIRECTION('',(0.,1.,0.));
#973 = ADVANCED_FACE('',(#974),#985,.F.);
#974 = FACE_BOUND('',#975,.F.);
#975 = EDGE_LOOP('',(#976,#977,#978,#984));
#976 = ORIENTED_EDGE('',*,*,#945,.T.);
#977 = ORIENTED_EDGE('',*,*,#607,.T.);
#978 = ORIENTED_EDGE('',*,*,#979,.F.);
#979 = EDGE_CURVE('',#279,#608,#980,.T.);
#980 = LINE('',#981,#982);
#981 = CARTESIAN_POINT('',(-1.27,-1.524,0.));
#982 = VECTOR('',#983,1.);
#983 = DIRECTION('',(0.,0.,1.));
#984 = ORIENTED_EDGE('',*,*,#278,.F.);
#985 = PLANE('',#986);
#986 = AXIS2_PLACEMENT_3D('',#987,#988,#989);
#987 = CARTESIAN_POINT('',(-1.016,-1.27,0.));
#988 = DIRECTION('',(0.707106781187,-0.707106781187,0.));
#989 = DIRECTION('',(-0.707106781187,-0.707106781187,0.));
#990 = ADVANCED_FACE('',(#991),#1002,.F.);
#991 = FACE_BOUND('',#992,.F.);
#992 = EDGE_LOOP('',(#993,#999,#1000,#1001));
#993 = ORIENTED_EDGE('',*,*,#994,.T.);
#994 = EDGE_CURVE('',#423,#752,#995,.T.);
#995 = LINE('',#996,#997);
#996 = CARTESIAN_POINT('',(1.016,-1.27,0.));
#997 = VECTOR('',#998,1.);
#998 = DIRECTION('',(0.,0.,1.));
#999 = ORIENTED_EDGE('',*,*,#759,.T.);
#1000 = ORIENTED_EDGE('',*,*,#960,.F.);
#1001 = ORIENTED_EDGE('',*,*,#430,.F.);
#1002 = PLANE('',#1003);
#1003 = AXIS2_PLACEMENT_3D('',#1004,#1005,#1006);
#1004 = CARTESIAN_POINT('',(1.016,-1.27,0.));
#1005 = DIRECTION('',(-0.707106781187,0.707106781187,0.));
#1006 = DIRECTION('',(0.707106781187,0.707106781187,0.));
#1007 = ADVANCED_FACE('',(#1008),#1019,.F.);
#1008 = FACE_BOUND('',#1009,.F.);
#1009 = EDGE_LOOP('',(#1010,#1011,#1012,#1018));
#1010 = ORIENTED_EDGE('',*,*,#979,.T.);
#1011 = ORIENTED_EDGE('',*,*,#615,.T.);
#1012 = ORIENTED_EDGE('',*,*,#1013,.F.);
#1013 = EDGE_CURVE('',#287,#616,#1014,.T.);
#1014 = LINE('',#1015,#1016);
#1015 = CARTESIAN_POINT('',(-1.27,-3.556,0.));
#1016 = VECTOR('',#1017,1.);
#1017 = DIRECTION('',(0.,0.,1.));
#1018 = ORIENTED_EDGE('',*,*,#286,.F.);
#1019 = PLANE('',#1020);
#1020 = AXIS2_PLACEMENT_3D('',#1021,#1022,#1023);
#1021 = CARTESIAN_POINT('',(-1.27,-1.524,0.));
#1022 = DIRECTION('',(1.,0.,0.));
#1023 = DIRECTION('',(0.,-1.,0.));
#1024 = ADVANCED_FACE('',(#1025),#1036,.F.);
#1025 = FACE_BOUND('',#1026,.F.);
#1026 = EDGE_LOOP('',(#1027,#1033,#1034,#1035));
#1027 = ORIENTED_EDGE('',*,*,#1028,.T.);
#1028 = EDGE_CURVE('',#415,#744,#1029,.T.);
#1029 = LINE('',#1030,#1031);
#1030 = CARTESIAN_POINT('',(1.27,-1.524,0.));
#1031 = VECTOR('',#1032,1.);
#1032 = DIRECTION('',(0.,0.,1.));
#1033 = ORIENTED_EDGE('',*,*,#751,.T.);
#1034 = ORIENTED_EDGE('',*,*,#994,.F.);
#1035 = ORIENTED_EDGE('',*,*,#422,.F.);
#1036 = PLANE('',#1037);
#1037 = AXIS2_PLACEMENT_3D('',#1038,#1039,#1040);
#1038 = CARTESIAN_POINT('',(1.27,-1.524,0.));
#1039 = DIRECTION('',(-0.707106781187,-0.707106781187,0.));
#1040 = DIRECTION('',(-0.707106781187,0.707106781187,0.));
#1041 = ADVANCED_FACE('',(#1042),#1053,.F.);
#1042 = FACE_BOUND('',#1043,.F.);
#1043 = EDGE_LOOP('',(#1044,#1045,#1046,#1052));
#1044 = ORIENTED_EDGE('',*,*,#1013,.T.);
#1045 = ORIENTED_EDGE('',*,*,#623,.T.);
#1046 = ORIENTED_EDGE('',*,*,#1047,.F.);
#1047 = EDGE_CURVE('',#295,#624,#1048,.T.);
#1048 = LINE('',#1049,#1050);
#1049 = CARTESIAN_POINT('',(-1.016,-3.81,0.));
#1050 = VECTOR('',#1051,1.);
#1051 = DIRECTION('',(0.,0.,1.));
#1052 = ORIENTED_EDGE('',*,*,#294,.F.);
#1053 = PLANE('',#1054);
#1054 = AXIS2_PLACEMENT_3D('',#1055,#1056,#1057);
#1055 = CARTESIAN_POINT('',(-1.27,-3.556,0.));
#1056 = DIRECTION('',(0.707106781187,0.707106781187,0.));
#1057 = DIRECTION('',(0.707106781187,-0.707106781187,0.));
#1058 = ADVANCED_FACE('',(#1059),#1070,.F.);
#1059 = FACE_BOUND('',#1060,.F.);
#1060 = EDGE_LOOP('',(#1061,#1067,#1068,#1069));
#1061 = ORIENTED_EDGE('',*,*,#1062,.T.);
#1062 = EDGE_CURVE('',#407,#736,#1063,.T.);
#1063 = LINE('',#1064,#1065);
#1064 = CARTESIAN_POINT('',(1.27,-3.556,0.));
#1065 = VECTOR('',#1066,1.);
#1066 = DIRECTION('',(0.,0.,1.));
#1067 = ORIENTED_EDGE('',*,*,#743,.T.);
#1068 = ORIENTED_EDGE('',*,*,#1028,.F.);
#1069 = ORIENTED_EDGE('',*,*,#414,.F.);
#1070 = PLANE('',#1071);
#1071 = AXIS2_PLACEMENT_3D('',#1072,#1073,#1074);
#1072 = CARTESIAN_POINT('',(1.27,-3.556,0.));
#1073 = DIRECTION('',(-1.,0.,0.));
#1074 = DIRECTION('',(0.,1.,0.));
#1075 = ADVANCED_FACE('',(#1076),#1087,.F.);
#1076 = FACE_BOUND('',#1077,.F.);
#1077 = EDGE_LOOP('',(#1078,#1079,#1080,#1086));
#1078 = ORIENTED_EDGE('',*,*,#1047,.T.);
#1079 = ORIENTED_EDGE('',*,*,#631,.T.);
#1080 = ORIENTED_EDGE('',*,*,#1081,.F.);
#1081 = EDGE_CURVE('',#303,#632,#1082,.T.);
#1082 = LINE('',#1083,#1084);
#1083 = CARTESIAN_POINT('',(-1.27,-4.064,0.));
#1084 = VECTOR('',#1085,1.);
#1085 = DIRECTION('',(0.,0.,1.));
#1086 = ORIENTED_EDGE('',*,*,#302,.F.);
#1087 = PLANE('',#1088);
#1088 = AXIS2_PLACEMENT_3D('',#1089,#1090,#1091);
#1089 = CARTESIAN_POINT('',(-1.016,-3.81,0.));
#1090 = DIRECTION('',(0.707106781187,-0.707106781187,0.));
#1091 = DIRECTION('',(-0.707106781187,-0.707106781187,0.));
#1092 = ADVANCED_FACE('',(#1093),#1104,.F.);
#1093 = FACE_BOUND('',#1094,.F.);
#1094 = EDGE_LOOP('',(#1095,#1101,#1102,#1103));
#1095 = ORIENTED_EDGE('',*,*,#1096,.T.);
#1096 = EDGE_CURVE('',#399,#728,#1097,.T.);
#1097 = LINE('',#1098,#1099);
#1098 = CARTESIAN_POINT('',(1.016,-3.81,0.));
#1099 = VECTOR('',#1100,1.);
#1100 = DIRECTION('',(0.,0.,1.));
#1101 = ORIENTED_EDGE('',*,*,#735,.T.);
#1102 = ORIENTED_EDGE('',*,*,#1062,.F.);
#1103 = ORIENTED_EDGE('',*,*,#406,.F.);
#1104 = PLANE('',#1105);
#1105 = AXIS2_PLACEMENT_3D('',#1106,#1107,#1108);
#1106 = CARTESIAN_POINT('',(1.016,-3.81,0.));
#1107 = DIRECTION('',(-0.707106781187,0.707106781187,0.));
#1108 = DIRECTION('',(0.707106781187,0.707106781187,0.));
#1109 = ADVANCED_FACE('',(#1110),#1121,.F.);
#1110 = FACE_BOUND('',#1111,.F.);
#1111 = EDGE_LOOP('',(#1112,#1113,#1114,#1120));
#1112 = ORIENTED_EDGE('',*,*,#1081,.T.);
#1113 = ORIENTED_EDGE('',*,*,#639,.T.);
#1114 = ORIENTED_EDGE('',*,*,#1115,.F.);
#1115 = EDGE_CURVE('',#311,#640,#1116,.T.);
#1116 = LINE('',#1117,#1118);
#1117 = CARTESIAN_POINT('',(-1.27,-6.096,0.));
#1118 = VECTOR('',#1119,1.);
#1119 = DIRECTION('',(0.,0.,1.));
#1120 = ORIENTED_EDGE('',*,*,#310,.F.);
#1121 = PLANE('',#1122);
#1122 = AXIS2_PLACEMENT_3D('',#1123,#1124,#1125);
#1123 = CARTESIAN_POINT('',(-1.27,-4.064,0.));
#1124 = DIRECTION('',(1.,0.,0.));
#1125 = DIRECTION('',(0.,-1.,0.));
#1126 = ADVANCED_FACE('',(#1127),#1138,.F.);
#1127 = FACE_BOUND('',#1128,.F.);
#1128 = EDGE_LOOP('',(#1129,#1135,#1136,#1137));
#1129 = ORIENTED_EDGE('',*,*,#1130,.T.);
#1130 = EDGE_CURVE('',#391,#720,#1131,.T.);
#1131 = LINE('',#1132,#1133);
#1132 = CARTESIAN_POINT('',(1.27,-4.064,0.));
#1133 = VECTOR('',#1134,1.);
#1134 = DIRECTION('',(0.,0.,1.));
#1135 = ORIENTED_EDGE('',*,*,#727,.T.);
#1136 = ORIENTED_EDGE('',*,*,#1096,.F.);
#1137 = ORIENTED_EDGE('',*,*,#398,.F.);
#1138 = PLANE('',#1139);
#1139 = AXIS2_PLACEMENT_3D('',#1140,#1141,#1142);
#1140 = CARTESIAN_POINT('',(1.27,-4.064,0.));
#1141 = DIRECTION('',(-0.707106781187,-0.707106781187,0.));
#1142 = DIRECTION('',(-0.707106781187,0.707106781187,0.));
#1143 = ADVANCED_FACE('',(#1144),#1155,.F.);
#1144 = FACE_BOUND('',#1145,.F.);
#1145 = EDGE_LOOP('',(#1146,#1147,#1148,#1154));
#1146 = ORIENTED_EDGE('',*,*,#1115,.T.);
#1147 = ORIENTED_EDGE('',*,*,#647,.T.);
#1148 = ORIENTED_EDGE('',*,*,#1149,.F.);
#1149 = EDGE_CURVE('',#319,#648,#1150,.T.);
#1150 = LINE('',#1151,#1152);
#1151 = CARTESIAN_POINT('',(-1.016,-6.35,0.));
#1152 = VECTOR('',#1153,1.);
#1153 = DIRECTION('',(0.,0.,1.));
#1154 = ORIENTED_EDGE('',*,*,#318,.F.);
#1155 = PLANE('',#1156);
#1156 = AXIS2_PLACEMENT_3D('',#1157,#1158,#1159);
#1157 = CARTESIAN_POINT('',(-1.27,-6.096,0.));
#1158 = DIRECTION('',(0.707106781187,0.707106781187,0.));
#1159 = DIRECTION('',(0.707106781187,-0.707106781187,0.));
#1160 = ADVANCED_FACE('',(#1161),#1172,.F.);
#1161 = FACE_BOUND('',#1162,.F.);
#1162 = EDGE_LOOP('',(#1163,#1169,#1170,#1171));
#1163 = ORIENTED_EDGE('',*,*,#1164,.T.);
#1164 = EDGE_CURVE('',#383,#712,#1165,.T.);
#1165 = LINE('',#1166,#1167);
#1166 = CARTESIAN_POINT('',(1.27,-6.096,0.));
#1167 = VECTOR('',#1168,1.);
#1168 = DIRECTION('',(0.,0.,1.));
#1169 = ORIENTED_EDGE('',*,*,#719,.T.);
#1170 = ORIENTED_EDGE('',*,*,#1130,.F.);
#1171 = ORIENTED_EDGE('',*,*,#390,.F.);
#1172 = PLANE('',#1173);
#1173 = AXIS2_PLACEMENT_3D('',#1174,#1175,#1176);
#1174 = CARTESIAN_POINT('',(1.27,-6.096,0.));
#1175 = DIRECTION('',(-1.,0.,0.));
#1176 = DIRECTION('',(0.,1.,0.));
#1177 = ADVANCED_FACE('',(#1178),#1189,.F.);
#1178 = FACE_BOUND('',#1179,.F.);
#1179 = EDGE_LOOP('',(#1180,#1181,#1182,#1188));
#1180 = ORIENTED_EDGE('',*,*,#1149,.T.);
#1181 = ORIENTED_EDGE('',*,*,#655,.T.);
#1182 = ORIENTED_EDGE('',*,*,#1183,.F.);
#1183 = EDGE_CURVE('',#327,#656,#1184,.T.);
#1184 = LINE('',#1185,#1186);
#1185 = CARTESIAN_POINT('',(-1.27,-6.604,0.));
#1186 = VECTOR('',#1187,1.);
#1187 = DIRECTION('',(0.,0.,1.));
#1188 = ORIENTED_EDGE('',*,*,#326,.F.);
#1189 = PLANE('',#1190);
#1190 = AXIS2_PLACEMENT_3D('',#1191,#1192,#1193);
#1191 = CARTESIAN_POINT('',(-1.016,-6.35,0.));
#1192 = DIRECTION('',(0.707106781187,-0.707106781187,0.));
#1193 = DIRECTION('',(-0.707106781187,-0.707106781187,0.));
#1194 = ADVANCED_FACE('',(#1195),#1206,.F.);
#1195 = FACE_BOUND('',#1196,.F.);
#1196 = EDGE_LOOP('',(#1197,#1203,#1204,#1205));
#1197 = ORIENTED_EDGE('',*,*,#1198,.T.);
#1198 = EDGE_CURVE('',#375,#704,#1199,.T.);
#1199 = LINE('',#1200,#1201);
#1200 = CARTESIAN_POINT('',(1.016,-6.35,0.));
#1201 = VECTOR('',#1202,1.);
#1202 = DIRECTION('',(0.,0.,1.));
#1203 = ORIENTED_EDGE('',*,*,#711,.T.);
#1204 = ORIENTED_EDGE('',*,*,#1164,.F.);
#1205 = ORIENTED_EDGE('',*,*,#382,.F.);
#1206 = PLANE('',#1207);
#1207 = AXIS2_PLACEMENT_3D('',#1208,#1209,#1210);
#1208 = CARTESIAN_POINT('',(1.016,-6.35,0.));
#1209 = DIRECTION('',(-0.707106781187,0.707106781187,0.));
#1210 = DIRECTION('',(0.707106781187,0.707106781187,0.));
#1211 = ADVANCED_FACE('',(#1212),#1223,.F.);
#1212 = FACE_BOUND('',#1213,.F.);
#1213 = EDGE_LOOP('',(#1214,#1215,#1216,#1222));
#1214 = ORIENTED_EDGE('',*,*,#1183,.T.);
#1215 = ORIENTED_EDGE('',*,*,#663,.T.);
#1216 = ORIENTED_EDGE('',*,*,#1217,.F.);
#1217 = EDGE_CURVE('',#335,#664,#1218,.T.);
#1218 = LINE('',#1219,#1220);
#1219 = CARTESIAN_POINT('',(-1.27,-8.636,0.));
#1220 = VECTOR('',#1221,1.);
#1221 = DIRECTION('',(0.,0.,1.));
#1222 = ORIENTED_EDGE('',*,*,#334,.F.);
#1223 = PLANE('',#1224);
#1224 = AXIS2_PLACEMENT_3D('',#1225,#1226,#1227);
#1225 = CARTESIAN_POINT('',(-1.27,-6.604,0.));
#1226 = DIRECTION('',(1.,0.,0.));
#1227 = DIRECTION('',(0.,-1.,0.));
#1228 = ADVANCED_FACE('',(#1229),#1240,.F.);
#1229 = FACE_BOUND('',#1230,.F.);
#1230 = EDGE_LOOP('',(#1231,#1237,#1238,#1239));
#1231 = ORIENTED_EDGE('',*,*,#1232,.T.);
#1232 = EDGE_CURVE('',#367,#696,#1233,.T.);
#1233 = LINE('',#1234,#1235);
#1234 = CARTESIAN_POINT('',(1.27,-6.604,0.));
#1235 = VECTOR('',#1236,1.);
#1236 = DIRECTION('',(0.,0.,1.));
#1237 = ORIENTED_EDGE('',*,*,#703,.T.);
#1238 = ORIENTED_EDGE('',*,*,#1198,.F.);
#1239 = ORIENTED_EDGE('',*,*,#374,.F.);
#1240 = PLANE('',#1241);
#1241 = AXIS2_PLACEMENT_3D('',#1242,#1243,#1244);
#1242 = CARTESIAN_POINT('',(1.27,-6.604,0.));
#1243 = DIRECTION('',(-0.707106781187,-0.707106781187,0.));
#1244 = DIRECTION('',(-0.707106781187,0.707106781187,0.));
#1245 = ADVANCED_FACE('',(#1246),#1257,.F.);
#1246 = FACE_BOUND('',#1247,.F.);
#1247 = EDGE_LOOP('',(#1248,#1249,#1250,#1256));
#1248 = ORIENTED_EDGE('',*,*,#1217,.T.);
#1249 = ORIENTED_EDGE('',*,*,#671,.T.);
#1250 = ORIENTED_EDGE('',*,*,#1251,.F.);
#1251 = EDGE_CURVE('',#343,#672,#1252,.T.);
#1252 = LINE('',#1253,#1254);
#1253 = CARTESIAN_POINT('',(-1.016,-8.89,0.));
#1254 = VECTOR('',#1255,1.);
#1255 = DIRECTION('',(0.,0.,1.));
#1256 = ORIENTED_EDGE('',*,*,#342,.F.);
#1257 = PLANE('',#1258);
#1258 = AXIS2_PLACEMENT_3D('',#1259,#1260,#1261);
#1259 = CARTESIAN_POINT('',(-1.27,-8.636,0.));
#1260 = DIRECTION('',(0.707106781187,0.707106781187,0.));
#1261 = DIRECTION('',(0.707106781187,-0.707106781187,0.));
#1262 = ADVANCED_FACE('',(#1263),#1274,.F.);
#1263 = FACE_BOUND('',#1264,.F.);
#1264 = EDGE_LOOP('',(#1265,#1271,#1272,#1273));
#1265 = ORIENTED_EDGE('',*,*,#1266,.T.);
#1266 = EDGE_CURVE('',#359,#688,#1267,.T.);
#1267 = LINE('',#1268,#1269);
#1268 = CARTESIAN_POINT('',(1.27,-8.636,0.));
#1269 = VECTOR('',#1270,1.);
#1270 = DIRECTION('',(0.,0.,1.));
#1271 = ORIENTED_EDGE('',*,*,#695,.T.);
#1272 = ORIENTED_EDGE('',*,*,#1232,.F.);
#1273 = ORIENTED_EDGE('',*,*,#366,.F.);
#1274 = PLANE('',#1275);
#1275 = AXIS2_PLACEMENT_3D('',#1276,#1277,#1278);
#1276 = CARTESIAN_POINT('',(1.27,-8.636,0.));
#1277 = DIRECTION('',(-1.,0.,0.));
#1278 = DIRECTION('',(0.,1.,0.));
#1279 = ADVANCED_FACE('',(#1280),#1291,.F.);
#1280 = FACE_BOUND('',#1281,.F.);
#1281 = EDGE_LOOP('',(#1282,#1283,#1284,#1290));
#1282 = ORIENTED_EDGE('',*,*,#1251,.T.);
#1283 = ORIENTED_EDGE('',*,*,#679,.T.);
#1284 = ORIENTED_EDGE('',*,*,#1285,.F.);
#1285 = EDGE_CURVE('',#351,#680,#1286,.T.);
#1286 = LINE('',#1287,#1288);
#1287 = CARTESIAN_POINT('',(1.016,-8.89,0.));
#1288 = VECTOR('',#1289,1.);
#1289 = DIRECTION('',(0.,0.,1.));
#1290 = ORIENTED_EDGE('',*,*,#350,.F.);
#1291 = PLANE('',#1292);
#1292 = AXIS2_PLACEMENT_3D('',#1293,#1294,#1295);
#1293 = CARTESIAN_POINT('',(-1.016,-8.89,0.));
#1294 = DIRECTION('',(0.,1.,0.));
#1295 = DIRECTION('',(1.,0.,0.));
#1296 = ADVANCED_FACE('',(#1297),#1303,.F.);
#1297 = FACE_BOUND('',#1298,.F.);
#1298 = EDGE_LOOP('',(#1299,#1300,#1301,#1302));
#1299 = ORIENTED_EDGE('',*,*,#1285,.T.);
#1300 = ORIENTED_EDGE('',*,*,#687,.T.);
#1301 = ORIENTED_EDGE('',*,*,#1266,.F.);
#1302 = ORIENTED_EDGE('',*,*,#358,.F.);
#1303 = PLANE('',#1304);
#1304 = AXIS2_PLACEMENT_3D('',#1305,#1306,#1307);
#1305 = CARTESIAN_POINT('',(1.016,-8.89,0.));
#1306 = DIRECTION('',(-0.707106781187,0.707106781187,0.));
#1307 = DIRECTION('',(0.707106781187,0.707106781187,0.));
#1308 = ADVANCED_FACE('',(#1309),#1334,.T.);
#1309 = FACE_BOUND('',#1310,.T.);
#1310 = EDGE_LOOP('',(#1311,#1319,#1327,#1333));
#1311 = ORIENTED_EDGE('',*,*,#1312,.F.);
#1312 = EDGE_CURVE('',#1313,#456,#1315,.T.);
#1313 = VERTEX_POINT('',#1314);
#1314 = CARTESIAN_POINT('',(0.32,-4.76,-2.84));
#1315 = LINE('',#1316,#1317);
#1316 = CARTESIAN_POINT('',(0.32,-4.76,-3.));
#1317 = VECTOR('',#1318,1.);
#1318 = DIRECTION('',(0.,0.,1.));
#1319 = ORIENTED_EDGE('',*,*,#1320,.F.);
#1320 = EDGE_CURVE('',#1321,#1313,#1323,.T.);
#1321 = VERTEX_POINT('',#1322);
#1322 = CARTESIAN_POINT('',(-0.32,-4.76,-2.84));
#1323 = LINE('',#1324,#1325);
#1324 = CARTESIAN_POINT('',(-0.32,-4.76,-2.84));
#1325 = VECTOR('',#1326,1.);
#1326 = DIRECTION('',(1.,0.,0.));
#1327 = ORIENTED_EDGE('',*,*,#1328,.T.);
#1328 = EDGE_CURVE('',#1321,#458,#1329,.T.);
#1329 = LINE('',#1330,#1331);
#1330 = CARTESIAN_POINT('',(-0.32,-4.76,-3.));
#1331 = VECTOR('',#1332,1.);
#1332 = DIRECTION('',(0.,0.,1.));
#1333 = ORIENTED_EDGE('',*,*,#455,.F.);
#1334 = PLANE('',#1335);
#1335 = AXIS2_PLACEMENT_3D('',#1336,#1337,#1338);
#1336 = CARTESIAN_POINT('',(-0.32,-4.76,-3.));
#1337 = DIRECTION('',(0.,1.,0.));
#1338 = DIRECTION('',(0.,-0.,1.));
#1339 = ADVANCED_FACE('',(#1340),#1358,.F.);
#1340 = FACE_BOUND('',#1341,.F.);
#1341 = EDGE_LOOP('',(#1342,#1350,#1356,#1357));
#1342 = ORIENTED_EDGE('',*,*,#1343,.F.);
#1343 = EDGE_CURVE('',#1344,#474,#1346,.T.);
#1344 = VERTEX_POINT('',#1345);
#1345 = CARTESIAN_POINT('',(-0.32,-5.4,-2.84));
#1346 = LINE('',#1347,#1348);
#1347 = CARTESIAN_POINT('',(-0.32,-5.4,-3.));
#1348 = VECTOR('',#1349,1.);
#1349 = DIRECTION('',(0.,0.,1.));
#1350 = ORIENTED_EDGE('',*,*,#1351,.T.);
#1351 = EDGE_CURVE('',#1344,#1321,#1352,.T.);
#1352 = LINE('',#1353,#1354);
#1353 = CARTESIAN_POINT('',(-0.32,-5.4,-2.84));
#1354 = VECTOR('',#1355,1.);
#1355 = DIRECTION('',(0.,1.,0.));
#1356 = ORIENTED_EDGE('',*,*,#1328,.T.);
#1357 = ORIENTED_EDGE('',*,*,#481,.F.);
#1358 = PLANE('',#1359);
#1359 = AXIS2_PLACEMENT_3D('',#1360,#1361,#1362);
#1360 = CARTESIAN_POINT('',(-0.32,-5.4,-3.));
#1361 = DIRECTION('',(1.,0.,0.));
#1362 = DIRECTION('',(0.,0.,1.));
#1363 = ADVANCED_FACE('',(#1364),#1382,.F.);
#1364 = FACE_BOUND('',#1365,.F.);
#1365 = EDGE_LOOP('',(#1366,#1374,#1380,#1381));
#1366 = ORIENTED_EDGE('',*,*,#1367,.F.);
#1367 = EDGE_CURVE('',#1368,#466,#1370,.T.);
#1368 = VERTEX_POINT('',#1369);
#1369 = CARTESIAN_POINT('',(0.32,-5.4,-2.84));
#1370 = LINE('',#1371,#1372);
#1371 = CARTESIAN_POINT('',(0.32,-5.4,-3.));
#1372 = VECTOR('',#1373,1.);
#1373 = DIRECTION('',(0.,0.,1.));
#1374 = ORIENTED_EDGE('',*,*,#1375,.F.);
#1375 = EDGE_CURVE('',#1344,#1368,#1376,.T.);
#1376 = LINE('',#1377,#1378);
#1377 = CARTESIAN_POINT('',(-0.32,-5.4,-2.84));
#1378 = VECTOR('',#1379,1.);
#1379 = DIRECTION('',(1.,0.,0.));
#1380 = ORIENTED_EDGE('',*,*,#1343,.T.);
#1381 = ORIENTED_EDGE('',*,*,#473,.F.);
#1382 = PLANE('',#1383);
#1383 = AXIS2_PLACEMENT_3D('',#1384,#1385,#1386);
#1384 = CARTESIAN_POINT('',(-0.32,-5.4,-3.));
#1385 = DIRECTION('',(0.,1.,0.));
#1386 = DIRECTION('',(0.,-0.,1.));
#1387 = ADVANCED_FACE('',(#1388),#1399,.T.);
#1388 = FACE_BOUND('',#1389,.T.);
#1389 = EDGE_LOOP('',(#1390,#1391,#1397,#1398));
#1390 = ORIENTED_EDGE('',*,*,#1367,.F.);
#1391 = ORIENTED_EDGE('',*,*,#1392,.T.);
#1392 = EDGE_CURVE('',#1368,#1313,#1393,.T.);
#1393 = LINE('',#1394,#1395);
#1394 = CARTESIAN_POINT('',(0.32,-5.4,-2.84));
#1395 = VECTOR('',#1396,1.);
#1396 = DIRECTION('',(0.,1.,0.));
#1397 = ORIENTED_EDGE('',*,*,#1312,.T.);
#1398 = ORIENTED_EDGE('',*,*,#465,.F.);
#1399 = PLANE('',#1400);
#1400 = AXIS2_PLACEMENT_3D('',#1401,#1402,#1403);
#1401 = CARTESIAN_POINT('',(0.32,-5.4,-3.));
#1402 = DIRECTION('',(1.,0.,0.));
#1403 = DIRECTION('',(0.,0.,1.));
#1404 = ADVANCED_FACE('',(#1405),#1430,.T.);
#1405 = FACE_BOUND('',#1406,.T.);
#1406 = EDGE_LOOP('',(#1407,#1415,#1423,#1429));
#1407 = ORIENTED_EDGE('',*,*,#1408,.F.);
#1408 = EDGE_CURVE('',#1409,#490,#1411,.T.);
#1409 = VERTEX_POINT('',#1410);
#1410 = CARTESIAN_POINT('',(0.32,-7.94,-2.84));
#1411 = LINE('',#1412,#1413);
#1412 = CARTESIAN_POINT('',(0.32,-7.94,-3.));
#1413 = VECTOR('',#1414,1.);
#1414 = DIRECTION('',(0.,0.,1.));
#1415 = ORIENTED_EDGE('',*,*,#1416,.T.);
#1416 = EDGE_CURVE('',#1409,#1417,#1419,.T.);
#1417 = VERTEX_POINT('',#1418);
#1418 = CARTESIAN_POINT('',(0.32,-7.3,-2.84));
#1419 = LINE('',#1420,#1421);
#1420 = CARTESIAN_POINT('',(0.32,-7.94,-2.84));
#1421 = VECTOR('',#1422,1.);
#1422 = DIRECTION('',(0.,1.,0.));
#1423 = ORIENTED_EDGE('',*,*,#1424,.T.);
#1424 = EDGE_CURVE('',#1417,#492,#1425,.T.);
#1425 = LINE('',#1426,#1427);
#1426 = CARTESIAN_POINT('',(0.32,-7.3,-3.));
#1427 = VECTOR('',#1428,1.);
#1428 = DIRECTION('',(0.,0.,1.));
#1429 = ORIENTED_EDGE('',*,*,#489,.F.);
#1430 = PLANE('',#1431);
#1431 = AXIS2_PLACEMENT_3D('',#1432,#1433,#1434);
#1432 = CARTESIAN_POINT('',(0.32,-7.94,-3.));
#1433 = DIRECTION('',(1.,0.,0.));
#1434 = DIRECTION('',(0.,0.,1.));
#1435 = ADVANCED_FACE('',(#1436),#1454,.T.);
#1436 = FACE_BOUND('',#1437,.T.);
#1437 = EDGE_LOOP('',(#1438,#1439,#1447,#1453));
#1438 = ORIENTED_EDGE('',*,*,#1424,.F.);
#1439 = ORIENTED_EDGE('',*,*,#1440,.F.);
#1440 = EDGE_CURVE('',#1441,#1417,#1443,.T.);
#1441 = VERTEX_POINT('',#1442);
#1442 = CARTESIAN_POINT('',(-0.32,-7.3,-2.84));
#1443 = LINE('',#1444,#1445);
#1444 = CARTESIAN_POINT('',(-0.32,-7.3,-2.84));
#1445 = VECTOR('',#1446,1.);
#1446 = DIRECTION('',(1.,0.,0.));
#1447 = ORIENTED_EDGE('',*,*,#1448,.T.);
#1448 = EDGE_CURVE('',#1441,#508,#1449,.T.);
#1449 = LINE('',#1450,#1451);
#1450 = CARTESIAN_POINT('',(-0.32,-7.3,-3.));
#1451 = VECTOR('',#1452,1.);
#1452 = DIRECTION('',(0.,0.,1.));
#1453 = ORIENTED_EDGE('',*,*,#515,.F.);
#1454 = PLANE('',#1455);
#1455 = AXIS2_PLACEMENT_3D('',#1456,#1457,#1458);
#1456 = CARTESIAN_POINT('',(-0.32,-7.3,-3.));
#1457 = DIRECTION('',(0.,1.,0.));
#1458 = DIRECTION('',(0.,-0.,1.));
#1459 = ADVANCED_FACE('',(#1460),#1478,.F.);
#1460 = FACE_BOUND('',#1461,.F.);
#1461 = EDGE_LOOP('',(#1462,#1470,#1476,#1477));
#1462 = ORIENTED_EDGE('',*,*,#1463,.F.);
#1463 = EDGE_CURVE('',#1464,#500,#1466,.T.);
#1464 = VERTEX_POINT('',#1465);
#1465 = CARTESIAN_POINT('',(-0.32,-7.94,-2.84));
#1466 = LINE('',#1467,#1468);
#1467 = CARTESIAN_POINT('',(-0.32,-7.94,-3.));
#1468 = VECTOR('',#1469,1.);
#1469 = DIRECTION('',(0.,0.,1.));
#1470 = ORIENTED_EDGE('',*,*,#1471,.T.);
#1471 = EDGE_CURVE('',#1464,#1441,#1472,.T.);
#1472 = LINE('',#1473,#1474);
#1473 = CARTESIAN_POINT('',(-0.32,-7.94,-2.84));
#1474 = VECTOR('',#1475,1.);
#1475 = DIRECTION('',(0.,1.,0.));
#1476 = ORIENTED_EDGE('',*,*,#1448,.T.);
#1477 = ORIENTED_EDGE('',*,*,#507,.F.);
#1478 = PLANE('',#1479);
#1479 = AXIS2_PLACEMENT_3D('',#1480,#1481,#1482);
#1480 = CARTESIAN_POINT('',(-0.32,-7.94,-3.));
#1481 = DIRECTION('',(1.,0.,0.));
#1482 = DIRECTION('',(0.,0.,1.));
#1483 = ADVANCED_FACE('',(#1484),#1495,.F.);
#1484 = FACE_BOUND('',#1485,.F.);
#1485 = EDGE_LOOP('',(#1486,#1487,#1493,#1494));
#1486 = ORIENTED_EDGE('',*,*,#1408,.F.);
#1487 = ORIENTED_EDGE('',*,*,#1488,.F.);
#1488 = EDGE_CURVE('',#1464,#1409,#1489,.T.);
#1489 = LINE('',#1490,#1491);
#1490 = CARTESIAN_POINT('',(-0.32,-7.94,-2.84));
#1491 = VECTOR('',#1492,1.);
#1492 = DIRECTION('',(1.,0.,0.));
#1493 = ORIENTED_EDGE('',*,*,#1463,.T.);
#1494 = ORIENTED_EDGE('',*,*,#499,.F.);
#1495 = PLANE('',#1496);
#1496 = AXIS2_PLACEMENT_3D('',#1497,#1498,#1499);
#1497 = CARTESIAN_POINT('',(-0.32,-7.94,-3.));
#1498 = DIRECTION('',(0.,1.,0.));
#1499 = DIRECTION('',(0.,-0.,1.));
#1500 = ADVANCED_FACE('',(#1501),#1526,.T.);
#1501 = FACE_BOUND('',#1502,.T.);
#1502 = EDGE_LOOP('',(#1503,#1511,#1519,#1525));
#1503 = ORIENTED_EDGE('',*,*,#1504,.F.);
#1504 = EDGE_CURVE('',#1505,#524,#1507,.T.);
#1505 = VERTEX_POINT('',#1506);
#1506 = CARTESIAN_POINT('',(0.32,-0.32,-2.84));
#1507 = LINE('',#1508,#1509);
#1508 = CARTESIAN_POINT('',(0.32,-0.32,-3.));
#1509 = VECTOR('',#1510,1.);
#1510 = DIRECTION('',(0.,0.,1.));
#1511 = ORIENTED_EDGE('',*,*,#1512,.T.);
#1512 = EDGE_CURVE('',#1505,#1513,#1515,.T.);
#1513 = VERTEX_POINT('',#1514);
#1514 = CARTESIAN_POINT('',(0.32,0.32,-2.84));
#1515 = LINE('',#1516,#1517);
#1516 = CARTESIAN_POINT('',(0.32,-0.32,-2.84));
#1517 = VECTOR('',#1518,1.);
#1518 = DIRECTION('',(0.,1.,0.));
#1519 = ORIENTED_EDGE('',*,*,#1520,.T.);
#1520 = EDGE_CURVE('',#1513,#526,#1521,.T.);
#1521 = LINE('',#1522,#1523);
#1522 = CARTESIAN_POINT('',(0.32,0.32,-3.));
#1523 = VECTOR('',#1524,1.);
#1524 = DIRECTION('',(0.,0.,1.));
#1525 = ORIENTED_EDGE('',*,*,#523,.F.);
#1526 = PLANE('',#1527);
#1527 = AXIS2_PLACEMENT_3D('',#1528,#1529,#1530);
#1528 = CARTESIAN_POINT('',(0.32,-0.32,-3.));
#1529 = DIRECTION('',(1.,0.,0.));
#1530 = DIRECTION('',(0.,0.,1.));
#1531 = ADVANCED_FACE('',(#1532),#1550,.T.);
#1532 = FACE_BOUND('',#1533,.T.);
#1533 = EDGE_LOOP('',(#1534,#1535,#1543,#1549));
#1534 = ORIENTED_EDGE('',*,*,#1520,.F.);
#1535 = ORIENTED_EDGE('',*,*,#1536,.F.);
#1536 = EDGE_CURVE('',#1537,#1513,#1539,.T.);
#1537 = VERTEX_POINT('',#1538);
#1538 = CARTESIAN_POINT('',(-0.32,0.32,-2.84));
#1539 = LINE('',#1540,#1541);
#1540 = CARTESIAN_POINT('',(-0.32,0.32,-2.84));
#1541 = VECTOR('',#1542,1.);
#1542 = DIRECTION('',(1.,0.,0.));
#1543 = ORIENTED_EDGE('',*,*,#1544,.T.);
#1544 = EDGE_CURVE('',#1537,#542,#1545,.T.);
#1545 = LINE('',#1546,#1547);
#1546 = CARTESIAN_POINT('',(-0.32,0.32,-3.));
#1547 = VECTOR('',#1548,1.);
#1548 = DIRECTION('',(0.,0.,1.));
#1549 = ORIENTED_EDGE('',*,*,#549,.F.);
#1550 = PLANE('',#1551);
#1551 = AXIS2_PLACEMENT_3D('',#1552,#1553,#1554);
#1552 = CARTESIAN_POINT('',(-0.32,0.32,-3.));
#1553 = DIRECTION('',(0.,1.,0.));
#1554 = DIRECTION('',(0.,-0.,1.));
#1555 = ADVANCED_FACE('',(#1556),#1574,.F.);
#1556 = FACE_BOUND('',#1557,.F.);
#1557 = EDGE_LOOP('',(#1558,#1566,#1572,#1573));
#1558 = ORIENTED_EDGE('',*,*,#1559,.F.);
#1559 = EDGE_CURVE('',#1560,#534,#1562,.T.);
#1560 = VERTEX_POINT('',#1561);
#1561 = CARTESIAN_POINT('',(-0.32,-0.32,-2.84));
#1562 = LINE('',#1563,#1564);
#1563 = CARTESIAN_POINT('',(-0.32,-0.32,-3.));
#1564 = VECTOR('',#1565,1.);
#1565 = DIRECTION('',(0.,0.,1.));
#1566 = ORIENTED_EDGE('',*,*,#1567,.T.);
#1567 = EDGE_CURVE('',#1560,#1537,#1568,.T.);
#1568 = LINE('',#1569,#1570);
#1569 = CARTESIAN_POINT('',(-0.32,-0.32,-2.84));
#1570 = VECTOR('',#1571,1.);
#1571 = DIRECTION('',(0.,1.,0.));
#1572 = ORIENTED_EDGE('',*,*,#1544,.T.);
#1573 = ORIENTED_EDGE('',*,*,#541,.F.);
#1574 = PLANE('',#1575);
#1575 = AXIS2_PLACEMENT_3D('',#1576,#1577,#1578);
#1576 = CARTESIAN_POINT('',(-0.32,-0.32,-3.));
#1577 = DIRECTION('',(1.,0.,0.));
#1578 = DIRECTION('',(0.,0.,1.));
#1579 = ADVANCED_FACE('',(#1580),#1591,.F.);
#1580 = FACE_BOUND('',#1581,.F.);
#1581 = EDGE_LOOP('',(#1582,#1583,#1589,#1590));
#1582 = ORIENTED_EDGE('',*,*,#1504,.F.);
#1583 = ORIENTED_EDGE('',*,*,#1584,.F.);
#1584 = EDGE_CURVE('',#1560,#1505,#1585,.T.);
#1585 = LINE('',#1586,#1587);
#1586 = CARTESIAN_POINT('',(-0.32,-0.32,-2.84));
#1587 = VECTOR('',#1588,1.);
#1588 = DIRECTION('',(1.,0.,0.));
#1589 = ORIENTED_EDGE('',*,*,#1559,.T.);
#1590 = ORIENTED_EDGE('',*,*,#533,.F.);
#1591 = PLANE('',#1592);
#1592 = AXIS2_PLACEMENT_3D('',#1593,#1594,#1595);
#1593 = CARTESIAN_POINT('',(-0.32,-0.32,-3.));
#1594 = DIRECTION('',(0.,1.,0.));
#1595 = DIRECTION('',(0.,-0.,1.));
#1596 = ADVANCED_FACE('',(#1597),#1622,.T.);
#1597 = FACE_BOUND('',#1598,.T.);
#1598 = EDGE_LOOP('',(#1599,#1607,#1615,#1621));
#1599 = ORIENTED_EDGE('',*,*,#1600,.F.);
#1600 = EDGE_CURVE('',#1601,#558,#1603,.T.);
#1601 = VERTEX_POINT('',#1602);
#1602 = CARTESIAN_POINT('',(0.32,-2.22,-2.84));
#1603 = LINE('',#1604,#1605);
#1604 = CARTESIAN_POINT('',(0.32,-2.22,-3.));
#1605 = VECTOR('',#1606,1.);
#1606 = DIRECTION('',(0.,0.,1.));
#1607 = ORIENTED_EDGE('',*,*,#1608,.F.);
#1608 = EDGE_CURVE('',#1609,#1601,#1611,.T.);
#1609 = VERTEX_POINT('',#1610);
#1610 = CARTESIAN_POINT('',(-0.32,-2.22,-2.84));
#1611 = LINE('',#1612,#1613);
#1612 = CARTESIAN_POINT('',(-0.32,-2.22,-2.84));
#1613 = VECTOR('',#1614,1.);
#1614 = DIRECTION('',(1.,0.,0.));
#1615 = ORIENTED_EDGE('',*,*,#1616,.T.);
#1616 = EDGE_CURVE('',#1609,#560,#1617,.T.);
#1617 = LINE('',#1618,#1619);
#1618 = CARTESIAN_POINT('',(-0.32,-2.22,-3.));
#1619 = VECTOR('',#1620,1.);
#1620 = DIRECTION('',(0.,0.,1.));
#1621 = ORIENTED_EDGE('',*,*,#557,.F.);
#1622 = PLANE('',#1623);
#1623 = AXIS2_PLACEMENT_3D('',#1624,#1625,#1626);
#1624 = CARTESIAN_POINT('',(-0.32,-2.22,-3.));
#1625 = DIRECTION('',(0.,1.,0.));
#1626 = DIRECTION('',(0.,-0.,1.));
#1627 = ADVANCED_FACE('',(#1628),#1646,.F.);
#1628 = FACE_BOUND('',#1629,.F.);
#1629 = EDGE_LOOP('',(#1630,#1638,#1644,#1645));
#1630 = ORIENTED_EDGE('',*,*,#1631,.F.);
#1631 = EDGE_CURVE('',#1632,#576,#1634,.T.);
#1632 = VERTEX_POINT('',#1633);
#1633 = CARTESIAN_POINT('',(-0.32,-2.86,-2.84));
#1634 = LINE('',#1635,#1636);
#1635 = CARTESIAN_POINT('',(-0.32,-2.86,-3.));
#1636 = VECTOR('',#1637,1.);
#1637 = DIRECTION('',(0.,0.,1.));
#1638 = ORIENTED_EDGE('',*,*,#1639,.T.);
#1639 = EDGE_CURVE('',#1632,#1609,#1640,.T.);
#1640 = LINE('',#1641,#1642);
#1641 = CARTESIAN_POINT('',(-0.32,-2.86,-2.84));
#1642 = VECTOR('',#1643,1.);
#1643 = DIRECTION('',(0.,1.,0.));
#1644 = ORIENTED_EDGE('',*,*,#1616,.T.);
#1645 = ORIENTED_EDGE('',*,*,#583,.F.);
#1646 = PLANE('',#1647);
#1647 = AXIS2_PLACEMENT_3D('',#1648,#1649,#1650);
#1648 = CARTESIAN_POINT('',(-0.32,-2.86,-3.));
#1649 = DIRECTION('',(1.,0.,0.));
#1650 = DIRECTION('',(0.,0.,1.));
#1651 = ADVANCED_FACE('',(#1652),#1670,.F.);
#1652 = FACE_BOUND('',#1653,.F.);
#1653 = EDGE_LOOP('',(#1654,#1662,#1668,#1669));
#1654 = ORIENTED_EDGE('',*,*,#1655,.F.);
#1655 = EDGE_CURVE('',#1656,#568,#1658,.T.);
#1656 = VERTEX_POINT('',#1657);
#1657 = CARTESIAN_POINT('',(0.32,-2.86,-2.84));
#1658 = LINE('',#1659,#1660);
#1659 = CARTESIAN_POINT('',(0.32,-2.86,-3.));
#1660 = VECTOR('',#1661,1.);
#1661 = DIRECTION('',(0.,0.,1.));
#1662 = ORIENTED_EDGE('',*,*,#1663,.F.);
#1663 = EDGE_CURVE('',#1632,#1656,#1664,.T.);
#1664 = LINE('',#1665,#1666);
#1665 = CARTESIAN_POINT('',(-0.32,-2.86,-2.84));
#1666 = VECTOR('',#1667,1.);
#1667 = DIRECTION('',(1.,0.,0.));
#1668 = ORIENTED_EDGE('',*,*,#1631,.T.);
#1669 = ORIENTED_EDGE('',*,*,#575,.F.);
#1670 = PLANE('',#1671);
#1671 = AXIS2_PLACEMENT_3D('',#1672,#1673,#1674);
#1672 = CARTESIAN_POINT('',(-0.32,-2.86,-3.));
#1673 = DIRECTION('',(0.,1.,0.));
#1674 = DIRECTION('',(0.,-0.,1.));
#1675 = ADVANCED_FACE('',(#1676),#1687,.T.);
#1676 = FACE_BOUND('',#1677,.T.);
#1677 = EDGE_LOOP('',(#1678,#1679,#1685,#1686));
#1678 = ORIENTED_EDGE('',*,*,#1655,.F.);
#1679 = ORIENTED_EDGE('',*,*,#1680,.T.);
#1680 = EDGE_CURVE('',#1656,#1601,#1681,.T.);
#1681 = LINE('',#1682,#1683);
#1682 = CARTESIAN_POINT('',(0.32,-2.86,-2.84));
#1683 = VECTOR('',#1684,1.);
#1684 = DIRECTION('',(0.,1.,0.));
#1685 = ORIENTED_EDGE('',*,*,#1600,.T.);
#1686 = ORIENTED_EDGE('',*,*,#567,.F.);
#1687 = PLANE('',#1688);
#1688 = AXIS2_PLACEMENT_3D('',#1689,#1690,#1691);
#1689 = CARTESIAN_POINT('',(0.32,-2.86,-3.));
#1690 = DIRECTION('',(1.,0.,0.));
#1691 = DIRECTION('',(0.,0.,1.));
#1692 = ADVANCED_FACE('',(#1693),#1718,.T.);
#1693 = FACE_BOUND('',#1694,.T.);
#1694 = EDGE_LOOP('',(#1695,#1703,#1704,#1712));
#1695 = ORIENTED_EDGE('',*,*,#1696,.F.);
#1696 = EDGE_CURVE('',#785,#1697,#1699,.T.);
#1697 = VERTEX_POINT('',#1698);
#1698 = CARTESIAN_POINT('',(0.32,-4.76,8.38));
#1699 = LINE('',#1700,#1701);
#1700 = CARTESIAN_POINT('',(0.32,-4.76,-3.));
#1701 = VECTOR('',#1702,1.);
#1702 = DIRECTION('',(0.,0.,1.));
#1703 = ORIENTED_EDGE('',*,*,#784,.T.);
#1704 = ORIENTED_EDGE('',*,*,#1705,.T.);
#1705 = EDGE_CURVE('',#787,#1706,#1708,.T.);
#1706 = VERTEX_POINT('',#1707);
#1707 = CARTESIAN_POINT('',(-0.32,-4.76,8.38));
#1708 = LINE('',#1709,#1710);
#1709 = CARTESIAN_POINT('',(-0.32,-4.76,-3.));
#1710 = VECTOR('',#1711,1.);
#1711 = DIRECTION('',(0.,0.,1.));
#1712 = ORIENTED_EDGE('',*,*,#1713,.T.);
#1713 = EDGE_CURVE('',#1706,#1697,#1714,.T.);
#1714 = LINE('',#1715,#1716);
#1715 = CARTESIAN_POINT('',(-0.32,-4.76,8.38));
#1716 = VECTOR('',#1717,1.);
#1717 = DIRECTION('',(1.,0.,0.));
#1718 = PLANE('',#1719);
#1719 = AXIS2_PLACEMENT_3D('',#1720,#1721,#1722);
#1720 = CARTESIAN_POINT('',(-0.32,-4.76,-3.));
#1721 = DIRECTION('',(0.,1.,0.));
#1722 = DIRECTION('',(0.,-0.,1.));
#1723 = ADVANCED_FACE('',(#1724),#1742,.F.);
#1724 = FACE_BOUND('',#1725,.F.);
#1725 = EDGE_LOOP('',(#1726,#1734,#1735,#1736));
#1726 = ORIENTED_EDGE('',*,*,#1727,.F.);
#1727 = EDGE_CURVE('',#803,#1728,#1730,.T.);
#1728 = VERTEX_POINT('',#1729);
#1729 = CARTESIAN_POINT('',(-0.32,-5.4,8.38));
#1730 = LINE('',#1731,#1732);
#1731 = CARTESIAN_POINT('',(-0.32,-5.4,-3.));
#1732 = VECTOR('',#1733,1.);
#1733 = DIRECTION('',(0.,0.,1.));
#1734 = ORIENTED_EDGE('',*,*,#810,.T.);
#1735 = ORIENTED_EDGE('',*,*,#1705,.T.);
#1736 = ORIENTED_EDGE('',*,*,#1737,.F.);
#1737 = EDGE_CURVE('',#1728,#1706,#1738,.T.);
#1738 = LINE('',#1739,#1740);
#1739 = CARTESIAN_POINT('',(-0.32,-5.4,8.38));
#1740 = VECTOR('',#1741,1.);
#1741 = DIRECTION('',(0.,1.,0.));
#1742 = PLANE('',#1743);
#1743 = AXIS2_PLACEMENT_3D('',#1744,#1745,#1746);
#1744 = CARTESIAN_POINT('',(-0.32,-5.4,-3.));
#1745 = DIRECTION('',(1.,0.,0.));
#1746 = DIRECTION('',(0.,0.,1.));
#1747 = ADVANCED_FACE('',(#1748),#1766,.F.);
#1748 = FACE_BOUND('',#1749,.F.);
#1749 = EDGE_LOOP('',(#1750,#1758,#1759,#1760));
#1750 = ORIENTED_EDGE('',*,*,#1751,.F.);
#1751 = EDGE_CURVE('',#795,#1752,#1754,.T.);
#1752 = VERTEX_POINT('',#1753);
#1753 = CARTESIAN_POINT('',(0.32,-5.4,8.38));
#1754 = LINE('',#1755,#1756);
#1755 = CARTESIAN_POINT('',(0.32,-5.4,-3.));
#1756 = VECTOR('',#1757,1.);
#1757 = DIRECTION('',(0.,0.,1.));
#1758 = ORIENTED_EDGE('',*,*,#802,.T.);
#1759 = ORIENTED_EDGE('',*,*,#1727,.T.);
#1760 = ORIENTED_EDGE('',*,*,#1761,.T.);
#1761 = EDGE_CURVE('',#1728,#1752,#1762,.T.);
#1762 = LINE('',#1763,#1764);
#1763 = CARTESIAN_POINT('',(-0.32,-5.4,8.38));
#1764 = VECTOR('',#1765,1.);
#1765 = DIRECTION('',(1.,0.,0.));
#1766 = PLANE('',#1767);
#1767 = AXIS2_PLACEMENT_3D('',#1768,#1769,#1770);
#1768 = CARTESIAN_POINT('',(-0.32,-5.4,-3.));
#1769 = DIRECTION('',(0.,1.,0.));
#1770 = DIRECTION('',(0.,-0.,1.));
#1771 = ADVANCED_FACE('',(#1772),#1783,.T.);
#1772 = FACE_BOUND('',#1773,.T.);
#1773 = EDGE_LOOP('',(#1774,#1775,#1776,#1777));
#1774 = ORIENTED_EDGE('',*,*,#1751,.F.);
#1775 = ORIENTED_EDGE('',*,*,#794,.T.);
#1776 = ORIENTED_EDGE('',*,*,#1696,.T.);
#1777 = ORIENTED_EDGE('',*,*,#1778,.F.);
#1778 = EDGE_CURVE('',#1752,#1697,#1779,.T.);
#1779 = LINE('',#1780,#1781);
#1780 = CARTESIAN_POINT('',(0.32,-5.4,8.38));
#1781 = VECTOR('',#1782,1.);
#1782 = DIRECTION('',(0.,1.,0.));
#1783 = PLANE('',#1784);
#1784 = AXIS2_PLACEMENT_3D('',#1785,#1786,#1787);
#1785 = CARTESIAN_POINT('',(0.32,-5.4,-3.));
#1786 = DIRECTION('',(1.,0.,0.));
#1787 = DIRECTION('',(0.,0.,1.));
#1788 = ADVANCED_FACE('',(#1789),#1814,.T.);
#1789 = FACE_BOUND('',#1790,.T.);
#1790 = EDGE_LOOP('',(#1791,#1799,#1800,#1808));
#1791 = ORIENTED_EDGE('',*,*,#1792,.F.);
#1792 = EDGE_CURVE('',#819,#1793,#1795,.T.);
#1793 = VERTEX_POINT('',#1794);
#1794 = CARTESIAN_POINT('',(0.32,-7.94,8.38));
#1795 = LINE('',#1796,#1797);
#1796 = CARTESIAN_POINT('',(0.32,-7.94,-3.));
#1797 = VECTOR('',#1798,1.);
#1798 = DIRECTION('',(0.,0.,1.));
#1799 = ORIENTED_EDGE('',*,*,#818,.T.);
#1800 = ORIENTED_EDGE('',*,*,#1801,.T.);
#1801 = EDGE_CURVE('',#821,#1802,#1804,.T.);
#1802 = VERTEX_POINT('',#1803);
#1803 = CARTESIAN_POINT('',(0.32,-7.3,8.38));
#1804 = LINE('',#1805,#1806);
#1805 = CARTESIAN_POINT('',(0.32,-7.3,-3.));
#1806 = VECTOR('',#1807,1.);
#1807 = DIRECTION('',(0.,0.,1.));
#1808 = ORIENTED_EDGE('',*,*,#1809,.F.);
#1809 = EDGE_CURVE('',#1793,#1802,#1810,.T.);
#1810 = LINE('',#1811,#1812);
#1811 = CARTESIAN_POINT('',(0.32,-7.94,8.38));
#1812 = VECTOR('',#1813,1.);
#1813 = DIRECTION('',(0.,1.,0.));
#1814 = PLANE('',#1815);
#1815 = AXIS2_PLACEMENT_3D('',#1816,#1817,#1818);
#1816 = CARTESIAN_POINT('',(0.32,-7.94,-3.));
#1817 = DIRECTION('',(1.,0.,0.));
#1818 = DIRECTION('',(0.,0.,1.));
#1819 = ADVANCED_FACE('',(#1820),#1838,.T.);
#1820 = FACE_BOUND('',#1821,.T.);
#1821 = EDGE_LOOP('',(#1822,#1823,#1824,#1832));
#1822 = ORIENTED_EDGE('',*,*,#1801,.F.);
#1823 = ORIENTED_EDGE('',*,*,#844,.T.);
#1824 = ORIENTED_EDGE('',*,*,#1825,.T.);
#1825 = EDGE_CURVE('',#837,#1826,#1828,.T.);
#1826 = VERTEX_POINT('',#1827);
#1827 = CARTESIAN_POINT('',(-0.32,-7.3,8.38));
#1828 = LINE('',#1829,#1830);
#1829 = CARTESIAN_POINT('',(-0.32,-7.3,-3.));
#1830 = VECTOR('',#1831,1.);
#1831 = DIRECTION('',(0.,0.,1.));
#1832 = ORIENTED_EDGE('',*,*,#1833,.T.);
#1833 = EDGE_CURVE('',#1826,#1802,#1834,.T.);
#1834 = LINE('',#1835,#1836);
#1835 = CARTESIAN_POINT('',(-0.32,-7.3,8.38));
#1836 = VECTOR('',#1837,1.);
#1837 = DIRECTION('',(1.,0.,0.));
#1838 = PLANE('',#1839);
#1839 = AXIS2_PLACEMENT_3D('',#1840,#1841,#1842);
#1840 = CARTESIAN_POINT('',(-0.32,-7.3,-3.));
#1841 = DIRECTION('',(0.,1.,0.));
#1842 = DIRECTION('',(0.,-0.,1.));
#1843 = ADVANCED_FACE('',(#1844),#1862,.F.);
#1844 = FACE_BOUND('',#1845,.F.);
#1845 = EDGE_LOOP('',(#1846,#1854,#1855,#1856));
#1846 = ORIENTED_EDGE('',*,*,#1847,.F.);
#1847 = EDGE_CURVE('',#829,#1848,#1850,.T.);
#1848 = VERTEX_POINT('',#1849);
#1849 = CARTESIAN_POINT('',(-0.32,-7.94,8.38));
#1850 = LINE('',#1851,#1852);
#1851 = CARTESIAN_POINT('',(-0.32,-7.94,-3.));
#1852 = VECTOR('',#1853,1.);
#1853 = DIRECTION('',(0.,0.,1.));
#1854 = ORIENTED_EDGE('',*,*,#836,.T.);
#1855 = ORIENTED_EDGE('',*,*,#1825,.T.);
#1856 = ORIENTED_EDGE('',*,*,#1857,.F.);
#1857 = EDGE_CURVE('',#1848,#1826,#1858,.T.);
#1858 = LINE('',#1859,#1860);
#1859 = CARTESIAN_POINT('',(-0.32,-7.94,8.38));
#1860 = VECTOR('',#1861,1.);
#1861 = DIRECTION('',(0.,1.,0.));
#1862 = PLANE('',#1863);
#1863 = AXIS2_PLACEMENT_3D('',#1864,#1865,#1866);
#1864 = CARTESIAN_POINT('',(-0.32,-7.94,-3.));
#1865 = DIRECTION('',(1.,0.,0.));
#1866 = DIRECTION('',(0.,0.,1.));
#1867 = ADVANCED_FACE('',(#1868),#1879,.F.);
#1868 = FACE_BOUND('',#1869,.F.);
#1869 = EDGE_LOOP('',(#1870,#1871,#1872,#1873));
#1870 = ORIENTED_EDGE('',*,*,#1792,.F.);
#1871 = ORIENTED_EDGE('',*,*,#828,.T.);
#1872 = ORIENTED_EDGE('',*,*,#1847,.T.);
#1873 = ORIENTED_EDGE('',*,*,#1874,.T.);
#1874 = EDGE_CURVE('',#1848,#1793,#1875,.T.);
#1875 = LINE('',#1876,#1877);
#1876 = CARTESIAN_POINT('',(-0.32,-7.94,8.38));
#1877 = VECTOR('',#1878,1.);
#1878 = DIRECTION('',(1.,0.,0.));
#1879 = PLANE('',#1880);
#1880 = AXIS2_PLACEMENT_3D('',#1881,#1882,#1883);
#1881 = CARTESIAN_POINT('',(-0.32,-7.94,-3.));
#1882 = DIRECTION('',(0.,1.,0.));
#1883 = DIRECTION('',(0.,-0.,1.));
#1884 = ADVANCED_FACE('',(#1885),#1910,.T.);
#1885 = FACE_BOUND('',#1886,.T.);
#1886 = EDGE_LOOP('',(#1887,#1895,#1896,#1904));
#1887 = ORIENTED_EDGE('',*,*,#1888,.F.);
#1888 = EDGE_CURVE('',#853,#1889,#1891,.T.);
#1889 = VERTEX_POINT('',#1890);
#1890 = CARTESIAN_POINT('',(0.32,-0.32,8.38));
#1891 = LINE('',#1892,#1893);
#1892 = CARTESIAN_POINT('',(0.32,-0.32,-3.));
#1893 = VECTOR('',#1894,1.);
#1894 = DIRECTION('',(0.,0.,1.));
#1895 = ORIENTED_EDGE('',*,*,#852,.T.);
#1896 = ORIENTED_EDGE('',*,*,#1897,.T.);
#1897 = EDGE_CURVE('',#855,#1898,#1900,.T.);
#1898 = VERTEX_POINT('',#1899);
#1899 = CARTESIAN_POINT('',(0.32,0.32,8.38));
#1900 = LINE('',#1901,#1902);
#1901 = CARTESIAN_POINT('',(0.32,0.32,-3.));
#1902 = VECTOR('',#1903,1.);
#1903 = DIRECTION('',(0.,0.,1.));
#1904 = ORIENTED_EDGE('',*,*,#1905,.F.);
#1905 = EDGE_CURVE('',#1889,#1898,#1906,.T.);
#1906 = LINE('',#1907,#1908);
#1907 = CARTESIAN_POINT('',(0.32,-0.32,8.38));
#1908 = VECTOR('',#1909,1.);
#1909 = DIRECTION('',(0.,1.,0.));
#1910 = PLANE('',#1911);
#1911 = AXIS2_PLACEMENT_3D('',#1912,#1913,#1914);
#1912 = CARTESIAN_POINT('',(0.32,-0.32,-3.));
#1913 = DIRECTION('',(1.,0.,0.));
#1914 = DIRECTION('',(0.,0.,1.));
#1915 = ADVANCED_FACE('',(#1916),#1934,.T.);
#1916 = FACE_BOUND('',#1917,.T.);
#1917 = EDGE_LOOP('',(#1918,#1919,#1920,#1928));
#1918 = ORIENTED_EDGE('',*,*,#1897,.F.);
#1919 = ORIENTED_EDGE('',*,*,#878,.T.);
#1920 = ORIENTED_EDGE('',*,*,#1921,.T.);
#1921 = EDGE_CURVE('',#871,#1922,#1924,.T.);
#1922 = VERTEX_POINT('',#1923);
#1923 = CARTESIAN_POINT('',(-0.32,0.32,8.38));
#1924 = LINE('',#1925,#1926);
#1925 = CARTESIAN_POINT('',(-0.32,0.32,-3.));
#1926 = VECTOR('',#1927,1.);
#1927 = DIRECTION('',(0.,0.,1.));
#1928 = ORIENTED_EDGE('',*,*,#1929,.T.);
#1929 = EDGE_CURVE('',#1922,#1898,#1930,.T.);
#1930 = LINE('',#1931,#1932);
#1931 = CARTESIAN_POINT('',(-0.32,0.32,8.38));
#1932 = VECTOR('',#1933,1.);
#1933 = DIRECTION('',(1.,0.,0.));
#1934 = PLANE('',#1935);
#1935 = AXIS2_PLACEMENT_3D('',#1936,#1937,#1938);
#1936 = CARTESIAN_POINT('',(-0.32,0.32,-3.));
#1937 = DIRECTION('',(0.,1.,0.));
#1938 = DIRECTION('',(0.,-0.,1.));
#1939 = ADVANCED_FACE('',(#1940),#1958,.F.);
#1940 = FACE_BOUND('',#1941,.F.);
#1941 = EDGE_LOOP('',(#1942,#1950,#1951,#1952));
#1942 = ORIENTED_EDGE('',*,*,#1943,.F.);
#1943 = EDGE_CURVE('',#863,#1944,#1946,.T.);
#1944 = VERTEX_POINT('',#1945);
#1945 = CARTESIAN_POINT('',(-0.32,-0.32,8.38));
#1946 = LINE('',#1947,#1948);
#1947 = CARTESIAN_POINT('',(-0.32,-0.32,-3.));
#1948 = VECTOR('',#1949,1.);
#1949 = DIRECTION('',(0.,0.,1.));
#1950 = ORIENTED_EDGE('',*,*,#870,.T.);
#1951 = ORIENTED_EDGE('',*,*,#1921,.T.);
#1952 = ORIENTED_EDGE('',*,*,#1953,.F.);
#1953 = EDGE_CURVE('',#1944,#1922,#1954,.T.);
#1954 = LINE('',#1955,#1956);
#1955 = CARTESIAN_POINT('',(-0.32,-0.32,8.38));
#1956 = VECTOR('',#1957,1.);
#1957 = DIRECTION('',(0.,1.,0.));
#1958 = PLANE('',#1959);
#1959 = AXIS2_PLACEMENT_3D('',#1960,#1961,#1962);
#1960 = CARTESIAN_POINT('',(-0.32,-0.32,-3.));
#1961 = DIRECTION('',(1.,0.,0.));
#1962 = DIRECTION('',(0.,0.,1.));
#1963 = ADVANCED_FACE('',(#1964),#1975,.F.);
#1964 = FACE_BOUND('',#1965,.F.);
#1965 = EDGE_LOOP('',(#1966,#1967,#1968,#1969));
#1966 = ORIENTED_EDGE('',*,*,#1888,.F.);
#1967 = ORIENTED_EDGE('',*,*,#862,.T.);
#1968 = ORIENTED_EDGE('',*,*,#1943,.T.);
#1969 = ORIENTED_EDGE('',*,*,#1970,.T.);
#1970 = EDGE_CURVE('',#1944,#1889,#1971,.T.);
#1971 = LINE('',#1972,#1973);
#1972 = CARTESIAN_POINT('',(-0.32,-0.32,8.38));
#1973 = VECTOR('',#1974,1.);
#1974 = DIRECTION('',(1.,0.,0.));
#1975 = PLANE('',#1976);
#1976 = AXIS2_PLACEMENT_3D('',#1977,#1978,#1979);
#1977 = CARTESIAN_POINT('',(-0.32,-0.32,-3.));
#1978 = DIRECTION('',(0.,1.,0.));
#1979 = DIRECTION('',(0.,-0.,1.));
#1980 = ADVANCED_FACE('',(#1981),#2006,.T.);
#1981 = FACE_BOUND('',#1982,.T.);
#1982 = EDGE_LOOP('',(#1983,#1991,#1992,#2000));
#1983 = ORIENTED_EDGE('',*,*,#1984,.F.);
#1984 = EDGE_CURVE('',#887,#1985,#1987,.T.);
#1985 = VERTEX_POINT('',#1986);
#1986 = CARTESIAN_POINT('',(0.32,-2.22,8.38));
#1987 = LINE('',#1988,#1989);
#1988 = CARTESIAN_POINT('',(0.32,-2.22,-3.));
#1989 = VECTOR('',#1990,1.);
#1990 = DIRECTION('',(0.,0.,1.));
#1991 = ORIENTED_EDGE('',*,*,#886,.T.);
#1992 = ORIENTED_EDGE('',*,*,#1993,.T.);
#1993 = EDGE_CURVE('',#889,#1994,#1996,.T.);
#1994 = VERTEX_POINT('',#1995);
#1995 = CARTESIAN_POINT('',(-0.32,-2.22,8.38));
#1996 = LINE('',#1997,#1998);
#1997 = CARTESIAN_POINT('',(-0.32,-2.22,-3.));
#1998 = VECTOR('',#1999,1.);
#1999 = DIRECTION('',(0.,0.,1.));
#2000 = ORIENTED_EDGE('',*,*,#2001,.T.);
#2001 = EDGE_CURVE('',#1994,#1985,#2002,.T.);
#2002 = LINE('',#2003,#2004);
#2003 = CARTESIAN_POINT('',(-0.32,-2.22,8.38));
#2004 = VECTOR('',#2005,1.);
#2005 = DIRECTION('',(1.,0.,0.));
#2006 = PLANE('',#2007);
#2007 = AXIS2_PLACEMENT_3D('',#2008,#2009,#2010);
#2008 = CARTESIAN_POINT('',(-0.32,-2.22,-3.));
#2009 = DIRECTION('',(0.,1.,0.));
#2010 = DIRECTION('',(0.,-0.,1.));
#2011 = ADVANCED_FACE('',(#2012),#2030,.F.);
#2012 = FACE_BOUND('',#2013,.F.);
#2013 = EDGE_LOOP('',(#2014,#2022,#2023,#2024));
#2014 = ORIENTED_EDGE('',*,*,#2015,.F.);
#2015 = EDGE_CURVE('',#905,#2016,#2018,.T.);
#2016 = VERTEX_POINT('',#2017);
#2017 = CARTESIAN_POINT('',(-0.32,-2.86,8.38));
#2018 = LINE('',#2019,#2020);
#2019 = CARTESIAN_POINT('',(-0.32,-2.86,-3.));
#2020 = VECTOR('',#2021,1.);
#2021 = DIRECTION('',(0.,0.,1.));
#2022 = ORIENTED_EDGE('',*,*,#912,.T.);
#2023 = ORIENTED_EDGE('',*,*,#1993,.T.);
#2024 = ORIENTED_EDGE('',*,*,#2025,.F.);
#2025 = EDGE_CURVE('',#2016,#1994,#2026,.T.);
#2026 = LINE('',#2027,#2028);
#2027 = CARTESIAN_POINT('',(-0.32,-2.86,8.38));
#2028 = VECTOR('',#2029,1.);
#2029 = DIRECTION('',(0.,1.,0.));
#2030 = PLANE('',#2031);
#2031 = AXIS2_PLACEMENT_3D('',#2032,#2033,#2034);
#2032 = CARTESIAN_POINT('',(-0.32,-2.86,-3.));
#2033 = DIRECTION('',(1.,0.,0.));
#2034 = DIRECTION('',(0.,0.,1.));
#2035 = ADVANCED_FACE('',(#2036),#2054,.F.);
#2036 = FACE_BOUND('',#2037,.F.);
#2037 = EDGE_LOOP('',(#2038,#2046,#2047,#2048));
#2038 = ORIENTED_EDGE('',*,*,#2039,.F.);
#2039 = EDGE_CURVE('',#897,#2040,#2042,.T.);
#2040 = VERTEX_POINT('',#2041);
#2041 = CARTESIAN_POINT('',(0.32,-2.86,8.38));
#2042 = LINE('',#2043,#2044);
#2043 = CARTESIAN_POINT('',(0.32,-2.86,-3.));
#2044 = VECTOR('',#2045,1.);
#2045 = DIRECTION('',(0.,0.,1.));
#2046 = ORIENTED_EDGE('',*,*,#904,.T.);
#2047 = ORIENTED_EDGE('',*,*,#2015,.T.);
#2048 = ORIENTED_EDGE('',*,*,#2049,.T.);
#2049 = EDGE_CURVE('',#2016,#2040,#2050,.T.);
#2050 = LINE('',#2051,#2052);
#2051 = CARTESIAN_POINT('',(-0.32,-2.86,8.38));
#2052 = VECTOR('',#2053,1.);
#2053 = DIRECTION('',(1.,0.,0.));
#2054 = PLANE('',#2055);
#2055 = AXIS2_PLACEMENT_3D('',#2056,#2057,#2058);
#2056 = CARTESIAN_POINT('',(-0.32,-2.86,-3.));
#2057 = DIRECTION('',(0.,1.,0.));
#2058 = DIRECTION('',(0.,-0.,1.));
#2059 = ADVANCED_FACE('',(#2060),#2071,.T.);
#2060 = FACE_BOUND('',#2061,.T.);
#2061 = EDGE_LOOP('',(#2062,#2063,#2064,#2065));
#2062 = ORIENTED_EDGE('',*,*,#2039,.F.);
#2063 = ORIENTED_EDGE('',*,*,#896,.T.);
#2064 = ORIENTED_EDGE('',*,*,#1984,.T.);
#2065 = ORIENTED_EDGE('',*,*,#2066,.F.);
#2066 = EDGE_CURVE('',#2040,#1985,#2067,.T.);
#2067 = LINE('',#2068,#2069);
#2068 = CARTESIAN_POINT('',(0.32,-2.86,8.38));
#2069 = VECTOR('',#2070,1.);
#2070 = DIRECTION('',(0.,1.,0.));
#2071 = PLANE('',#2072);
#2072 = AXIS2_PLACEMENT_3D('',#2073,#2074,#2075);
#2073 = CARTESIAN_POINT('',(0.32,-2.86,-3.));
#2074 = DIRECTION('',(1.,0.,0.));
#2075 = DIRECTION('',(0.,0.,1.));
#2076 = ADVANCED_FACE('',(#2077),#2102,.F.);
#2077 = FACE_BOUND('',#2078,.T.);
#2078 = EDGE_LOOP('',(#2079,#2087,#2088,#2096));
#2079 = ORIENTED_EDGE('',*,*,#2080,.F.);
#2080 = EDGE_CURVE('',#1321,#2081,#2083,.T.);
#2081 = VERTEX_POINT('',#2082);
#2082 = CARTESIAN_POINT('',(-0.16,-4.92,-3.));
#2083 = LINE('',#2084,#2085);
#2084 = CARTESIAN_POINT('',(-0.16,-4.92,-3.));
#2085 = VECTOR('',#2086,1.);
#2086 = DIRECTION('',(0.57735026919,-0.57735026919,-0.57735026919));
#2087 = ORIENTED_EDGE('',*,*,#1320,.T.);
#2088 = ORIENTED_EDGE('',*,*,#2089,.T.);
#2089 = EDGE_CURVE('',#1313,#2090,#2092,.T.);
#2090 = VERTEX_POINT('',#2091);
#2091 = CARTESIAN_POINT('',(0.16,-4.92,-3.));
#2092 = LINE('',#2093,#2094);
#2093 = CARTESIAN_POINT('',(5.333333333333E-02,-5.026666666667,
    -3.106666666667));
#2094 = VECTOR('',#2095,1.);
#2095 = DIRECTION('',(-0.57735026919,-0.57735026919,-0.57735026919));
#2096 = ORIENTED_EDGE('',*,*,#2097,.F.);
#2097 = EDGE_CURVE('',#2081,#2090,#2098,.T.);
#2098 = LINE('',#2099,#2100);
#2099 = CARTESIAN_POINT('',(-0.32,-4.92,-3.));
#2100 = VECTOR('',#2101,1.);
#2101 = DIRECTION('',(1.,0.,0.));
#2102 = PLANE('',#2103);
#2103 = AXIS2_PLACEMENT_3D('',#2104,#2105,#2106);
#2104 = CARTESIAN_POINT('',(-0.32,-4.84,-2.92));
#2105 = DIRECTION('',(-1.735167508357E-18,-0.707106781187,0.707106781187
    ));
#2106 = DIRECTION('',(-1.,1.226948711654E-18,-1.226948711654E-18));
#2107 = ADVANCED_FACE('',(#2108),#2126,.T.);
#2108 = FACE_BOUND('',#2109,.T.);
#2109 = EDGE_LOOP('',(#2110,#2118,#2119,#2120));
#2110 = ORIENTED_EDGE('',*,*,#2111,.F.);
#2111 = EDGE_CURVE('',#1344,#2112,#2114,.T.);
#2112 = VERTEX_POINT('',#2113);
#2113 = CARTESIAN_POINT('',(-0.16,-5.24,-3.));
#2114 = LINE('',#2115,#2116);
#2115 = CARTESIAN_POINT('',(-0.266666666667,-5.346666666667,
    -2.893333333333));
#2116 = VECTOR('',#2117,1.);
#2117 = DIRECTION('',(0.57735026919,0.57735026919,-0.57735026919));
#2118 = ORIENTED_EDGE('',*,*,#1351,.T.);
#2119 = ORIENTED_EDGE('',*,*,#2080,.T.);
#2120 = ORIENTED_EDGE('',*,*,#2121,.F.);
#2121 = EDGE_CURVE('',#2112,#2081,#2122,.T.);
#2122 = LINE('',#2123,#2124);
#2123 = CARTESIAN_POINT('',(-0.16,-5.4,-3.));
#2124 = VECTOR('',#2125,1.);
#2125 = DIRECTION('',(0.,1.,0.));
#2126 = PLANE('',#2127);
#2127 = AXIS2_PLACEMENT_3D('',#2128,#2129,#2130);
#2128 = CARTESIAN_POINT('',(-0.24,-5.4,-2.92));
#2129 = DIRECTION('',(-0.707106781187,-1.735167508357E-18,
    -0.707106781187));
#2130 = DIRECTION('',(-1.226948711654E-18,1.,-1.226948711654E-18));
#2131 = ADVANCED_FACE('',(#2132),#2150,.T.);
#2132 = FACE_BOUND('',#2133,.F.);
#2133 = EDGE_LOOP('',(#2134,#2135,#2136,#2144));
#2134 = ORIENTED_EDGE('',*,*,#2111,.F.);
#2135 = ORIENTED_EDGE('',*,*,#1375,.T.);
#2136 = ORIENTED_EDGE('',*,*,#2137,.T.);
#2137 = EDGE_CURVE('',#1368,#2138,#2140,.T.);
#2138 = VERTEX_POINT('',#2139);
#2139 = CARTESIAN_POINT('',(0.16,-5.24,-3.));
#2140 = LINE('',#2141,#2142);
#2141 = CARTESIAN_POINT('',(0.16,-5.24,-3.));
#2142 = VECTOR('',#2143,1.);
#2143 = DIRECTION('',(-0.57735026919,0.57735026919,-0.57735026919));
#2144 = ORIENTED_EDGE('',*,*,#2145,.F.);
#2145 = EDGE_CURVE('',#2112,#2138,#2146,.T.);
#2146 = LINE('',#2147,#2148);
#2147 = CARTESIAN_POINT('',(-0.32,-5.24,-3.));
#2148 = VECTOR('',#2149,1.);
#2149 = DIRECTION('',(1.,0.,0.));
#2150 = PLANE('',#2151);
#2151 = AXIS2_PLACEMENT_3D('',#2152,#2153,#2154);
#2152 = CARTESIAN_POINT('',(-0.32,-5.32,-2.92));
#2153 = DIRECTION('',(1.735167508357E-18,-0.707106781187,-0.707106781187
    ));
#2154 = DIRECTION('',(-1.,-1.226948711654E-18,-1.226948711654E-18));
#2155 = ADVANCED_FACE('',(#2156),#2167,.F.);
#2156 = FACE_BOUND('',#2157,.F.);
#2157 = EDGE_LOOP('',(#2158,#2159,#2160,#2161));
#2158 = ORIENTED_EDGE('',*,*,#2137,.F.);
#2159 = ORIENTED_EDGE('',*,*,#1392,.T.);
#2160 = ORIENTED_EDGE('',*,*,#2089,.T.);
#2161 = ORIENTED_EDGE('',*,*,#2162,.F.);
#2162 = EDGE_CURVE('',#2138,#2090,#2163,.T.);
#2163 = LINE('',#2164,#2165);
#2164 = CARTESIAN_POINT('',(0.16,-5.4,-3.));
#2165 = VECTOR('',#2166,1.);
#2166 = DIRECTION('',(0.,1.,0.));
#2167 = PLANE('',#2168);
#2168 = AXIS2_PLACEMENT_3D('',#2169,#2170,#2171);
#2169 = CARTESIAN_POINT('',(0.24,-5.4,-2.92));
#2170 = DIRECTION('',(-0.707106781187,1.735167508357E-18,0.707106781187)
  );
#2171 = DIRECTION('',(1.226948711654E-18,1.,-1.226948711654E-18));
#2172 = ADVANCED_FACE('',(#2173),#2198,.F.);
#2173 = FACE_BOUND('',#2174,.F.);
#2174 = EDGE_LOOP('',(#2175,#2183,#2184,#2192));
#2175 = ORIENTED_EDGE('',*,*,#2176,.F.);
#2176 = EDGE_CURVE('',#1409,#2177,#2179,.T.);
#2177 = VERTEX_POINT('',#2178);
#2178 = CARTESIAN_POINT('',(0.16,-7.78,-3.));
#2179 = LINE('',#2180,#2181);
#2180 = CARTESIAN_POINT('',(0.16,-7.78,-3.));
#2181 = VECTOR('',#2182,1.);
#2182 = DIRECTION('',(-0.57735026919,0.57735026919,-0.57735026919));
#2183 = ORIENTED_EDGE('',*,*,#1416,.T.);
#2184 = ORIENTED_EDGE('',*,*,#2185,.T.);
#2185 = EDGE_CURVE('',#1417,#2186,#2188,.T.);
#2186 = VERTEX_POINT('',#2187);
#2187 = CARTESIAN_POINT('',(0.16,-7.46,-3.));
#2188 = LINE('',#2189,#2190);
#2189 = CARTESIAN_POINT('',(5.333333333333E-02,-7.566666666667,
    -3.106666666667));
#2190 = VECTOR('',#2191,1.);
#2191 = DIRECTION('',(-0.57735026919,-0.57735026919,-0.57735026919));
#2192 = ORIENTED_EDGE('',*,*,#2193,.F.);
#2193 = EDGE_CURVE('',#2177,#2186,#2194,.T.);
#2194 = LINE('',#2195,#2196);
#2195 = CARTESIAN_POINT('',(0.16,-7.94,-3.));
#2196 = VECTOR('',#2197,1.);
#2197 = DIRECTION('',(0.,1.,0.));
#2198 = PLANE('',#2199);
#2199 = AXIS2_PLACEMENT_3D('',#2200,#2201,#2202);
#2200 = CARTESIAN_POINT('',(0.24,-7.94,-2.92));
#2201 = DIRECTION('',(-0.707106781187,1.735167508357E-18,0.707106781187)
  );
#2202 = DIRECTION('',(1.226948711654E-18,1.,-1.226948711654E-18));
#2203 = ADVANCED_FACE('',(#2204),#2222,.F.);
#2204 = FACE_BOUND('',#2205,.T.);
#2205 = EDGE_LOOP('',(#2206,#2214,#2215,#2216));
#2206 = ORIENTED_EDGE('',*,*,#2207,.F.);
#2207 = EDGE_CURVE('',#1441,#2208,#2210,.T.);
#2208 = VERTEX_POINT('',#2209);
#2209 = CARTESIAN_POINT('',(-0.16,-7.46,-3.));
#2210 = LINE('',#2211,#2212);
#2211 = CARTESIAN_POINT('',(-0.16,-7.46,-3.));
#2212 = VECTOR('',#2213,1.);
#2213 = DIRECTION('',(0.57735026919,-0.57735026919,-0.57735026919));
#2214 = ORIENTED_EDGE('',*,*,#1440,.T.);
#2215 = ORIENTED_EDGE('',*,*,#2185,.T.);
#2216 = ORIENTED_EDGE('',*,*,#2217,.F.);
#2217 = EDGE_CURVE('',#2208,#2186,#2218,.T.);
#2218 = LINE('',#2219,#2220);
#2219 = CARTESIAN_POINT('',(-0.32,-7.46,-3.));
#2220 = VECTOR('',#2221,1.);
#2221 = DIRECTION('',(1.,0.,0.));
#2222 = PLANE('',#2223);
#2223 = AXIS2_PLACEMENT_3D('',#2224,#2225,#2226);
#2224 = CARTESIAN_POINT('',(-0.32,-7.38,-2.92));
#2225 = DIRECTION('',(-1.735167508357E-18,-0.707106781187,0.707106781187
    ));
#2226 = DIRECTION('',(-1.,1.226948711654E-18,-1.226948711654E-18));
#2227 = ADVANCED_FACE('',(#2228),#2246,.T.);
#2228 = FACE_BOUND('',#2229,.T.);
#2229 = EDGE_LOOP('',(#2230,#2238,#2239,#2240));
#2230 = ORIENTED_EDGE('',*,*,#2231,.F.);
#2231 = EDGE_CURVE('',#1464,#2232,#2234,.T.);
#2232 = VERTEX_POINT('',#2233);
#2233 = CARTESIAN_POINT('',(-0.16,-7.78,-3.));
#2234 = LINE('',#2235,#2236);
#2235 = CARTESIAN_POINT('',(-0.266666666667,-7.886666666667,
    -2.893333333333));
#2236 = VECTOR('',#2237,1.);
#2237 = DIRECTION('',(0.57735026919,0.57735026919,-0.57735026919));
#2238 = ORIENTED_EDGE('',*,*,#1471,.T.);
#2239 = ORIENTED_EDGE('',*,*,#2207,.T.);
#2240 = ORIENTED_EDGE('',*,*,#2241,.F.);
#2241 = EDGE_CURVE('',#2232,#2208,#2242,.T.);
#2242 = LINE('',#2243,#2244);
#2243 = CARTESIAN_POINT('',(-0.16,-7.94,-3.));
#2244 = VECTOR('',#2245,1.);
#2245 = DIRECTION('',(0.,1.,0.));
#2246 = PLANE('',#2247);
#2247 = AXIS2_PLACEMENT_3D('',#2248,#2249,#2250);
#2248 = CARTESIAN_POINT('',(-0.24,-7.94,-2.92));
#2249 = DIRECTION('',(-0.707106781187,-1.735167508357E-18,
    -0.707106781187));
#2250 = DIRECTION('',(-1.226948711654E-18,1.,-1.226948711654E-18));
#2251 = ADVANCED_FACE('',(#2252),#2263,.T.);
#2252 = FACE_BOUND('',#2253,.F.);
#2253 = EDGE_LOOP('',(#2254,#2255,#2256,#2257));
#2254 = ORIENTED_EDGE('',*,*,#2231,.F.);
#2255 = ORIENTED_EDGE('',*,*,#1488,.T.);
#2256 = ORIENTED_EDGE('',*,*,#2176,.T.);
#2257 = ORIENTED_EDGE('',*,*,#2258,.F.);
#2258 = EDGE_CURVE('',#2232,#2177,#2259,.T.);
#2259 = LINE('',#2260,#2261);
#2260 = CARTESIAN_POINT('',(-0.32,-7.78,-3.));
#2261 = VECTOR('',#2262,1.);
#2262 = DIRECTION('',(1.,0.,0.));
#2263 = PLANE('',#2264);
#2264 = AXIS2_PLACEMENT_3D('',#2265,#2266,#2267);
#2265 = CARTESIAN_POINT('',(-0.32,-7.86,-2.92));
#2266 = DIRECTION('',(1.735167508357E-18,-0.707106781187,-0.707106781187
    ));
#2267 = DIRECTION('',(-1.,-1.226948711654E-18,-1.226948711654E-18));
#2268 = ADVANCED_FACE('',(#2269),#2294,.F.);
#2269 = FACE_BOUND('',#2270,.F.);
#2270 = EDGE_LOOP('',(#2271,#2279,#2280,#2288));
#2271 = ORIENTED_EDGE('',*,*,#2272,.F.);
#2272 = EDGE_CURVE('',#1505,#2273,#2275,.T.);
#2273 = VERTEX_POINT('',#2274);
#2274 = CARTESIAN_POINT('',(0.16,-0.16,-3.));
#2275 = LINE('',#2276,#2277);
#2276 = CARTESIAN_POINT('',(0.16,-0.16,-3.));
#2277 = VECTOR('',#2278,1.);
#2278 = DIRECTION('',(-0.57735026919,0.57735026919,-0.57735026919));
#2279 = ORIENTED_EDGE('',*,*,#1512,.T.);
#2280 = ORIENTED_EDGE('',*,*,#2281,.T.);
#2281 = EDGE_CURVE('',#1513,#2282,#2284,.T.);
#2282 = VERTEX_POINT('',#2283);
#2283 = CARTESIAN_POINT('',(0.16,0.16,-3.));
#2284 = LINE('',#2285,#2286);
#2285 = CARTESIAN_POINT('',(5.333333333333E-02,5.333333333333E-02,
    -3.106666666667));
#2286 = VECTOR('',#2287,1.);
#2287 = DIRECTION('',(-0.57735026919,-0.57735026919,-0.57735026919));
#2288 = ORIENTED_EDGE('',*,*,#2289,.F.);
#2289 = EDGE_CURVE('',#2273,#2282,#2290,.T.);
#2290 = LINE('',#2291,#2292);
#2291 = CARTESIAN_POINT('',(0.16,-0.32,-3.));
#2292 = VECTOR('',#2293,1.);
#2293 = DIRECTION('',(0.,1.,0.));
#2294 = PLANE('',#2295);
#2295 = AXIS2_PLACEMENT_3D('',#2296,#2297,#2298);
#2296 = CARTESIAN_POINT('',(0.24,-0.32,-2.92));
#2297 = DIRECTION('',(-0.707106781187,1.735167508357E-18,0.707106781187)
  );
#2298 = DIRECTION('',(1.226948711654E-18,1.,-1.226948711654E-18));
#2299 = ADVANCED_FACE('',(#2300),#2318,.F.);
#2300 = FACE_BOUND('',#2301,.T.);
#2301 = EDGE_LOOP('',(#2302,#2310,#2311,#2312));
#2302 = ORIENTED_EDGE('',*,*,#2303,.F.);
#2303 = EDGE_CURVE('',#1537,#2304,#2306,.T.);
#2304 = VERTEX_POINT('',#2305);
#2305 = CARTESIAN_POINT('',(-0.16,0.16,-3.));
#2306 = LINE('',#2307,#2308);
#2307 = CARTESIAN_POINT('',(-0.16,0.16,-3.));
#2308 = VECTOR('',#2309,1.);
#2309 = DIRECTION('',(0.57735026919,-0.57735026919,-0.57735026919));
#2310 = ORIENTED_EDGE('',*,*,#1536,.T.);
#2311 = ORIENTED_EDGE('',*,*,#2281,.T.);
#2312 = ORIENTED_EDGE('',*,*,#2313,.F.);
#2313 = EDGE_CURVE('',#2304,#2282,#2314,.T.);
#2314 = LINE('',#2315,#2316);
#2315 = CARTESIAN_POINT('',(-0.32,0.16,-3.));
#2316 = VECTOR('',#2317,1.);
#2317 = DIRECTION('',(1.,0.,0.));
#2318 = PLANE('',#2319);
#2319 = AXIS2_PLACEMENT_3D('',#2320,#2321,#2322);
#2320 = CARTESIAN_POINT('',(-0.32,0.24,-2.92));
#2321 = DIRECTION('',(-1.735167508357E-18,-0.707106781187,0.707106781187
    ));
#2322 = DIRECTION('',(-1.,1.226948711654E-18,-1.226948711654E-18));
#2323 = ADVANCED_FACE('',(#2324),#2342,.T.);
#2324 = FACE_BOUND('',#2325,.T.);
#2325 = EDGE_LOOP('',(#2326,#2334,#2335,#2336));
#2326 = ORIENTED_EDGE('',*,*,#2327,.F.);
#2327 = EDGE_CURVE('',#1560,#2328,#2330,.T.);
#2328 = VERTEX_POINT('',#2329);
#2329 = CARTESIAN_POINT('',(-0.16,-0.16,-3.));
#2330 = LINE('',#2331,#2332);
#2331 = CARTESIAN_POINT('',(-0.266666666667,-0.266666666667,
    -2.893333333333));
#2332 = VECTOR('',#2333,1.);
#2333 = DIRECTION('',(0.57735026919,0.57735026919,-0.57735026919));
#2334 = ORIENTED_EDGE('',*,*,#1567,.T.);
#2335 = ORIENTED_EDGE('',*,*,#2303,.T.);
#2336 = ORIENTED_EDGE('',*,*,#2337,.F.);
#2337 = EDGE_CURVE('',#2328,#2304,#2338,.T.);
#2338 = LINE('',#2339,#2340);
#2339 = CARTESIAN_POINT('',(-0.16,-0.32,-3.));
#2340 = VECTOR('',#2341,1.);
#2341 = DIRECTION('',(0.,1.,0.));
#2342 = PLANE('',#2343);
#2343 = AXIS2_PLACEMENT_3D('',#2344,#2345,#2346);
#2344 = CARTESIAN_POINT('',(-0.24,-0.32,-2.92));
#2345 = DIRECTION('',(-0.707106781187,-1.735167508357E-18,
    -0.707106781187));
#2346 = DIRECTION('',(-1.226948711654E-18,1.,-1.226948711654E-18));
#2347 = ADVANCED_FACE('',(#2348),#2359,.T.);
#2348 = FACE_BOUND('',#2349,.F.);
#2349 = EDGE_LOOP('',(#2350,#2351,#2352,#2353));
#2350 = ORIENTED_EDGE('',*,*,#2327,.F.);
#2351 = ORIENTED_EDGE('',*,*,#1584,.T.);
#2352 = ORIENTED_EDGE('',*,*,#2272,.T.);
#2353 = ORIENTED_EDGE('',*,*,#2354,.F.);
#2354 = EDGE_CURVE('',#2328,#2273,#2355,.T.);
#2355 = LINE('',#2356,#2357);
#2356 = CARTESIAN_POINT('',(-0.32,-0.16,-3.));
#2357 = VECTOR('',#2358,1.);
#2358 = DIRECTION('',(1.,0.,0.));
#2359 = PLANE('',#2360);
#2360 = AXIS2_PLACEMENT_3D('',#2361,#2362,#2363);
#2361 = CARTESIAN_POINT('',(-0.32,-0.24,-2.92));
#2362 = DIRECTION('',(1.735167508357E-18,-0.707106781187,-0.707106781187
    ));
#2363 = DIRECTION('',(-1.,-1.226948711654E-18,-1.226948711654E-18));
#2364 = ADVANCED_FACE('',(#2365),#2390,.F.);
#2365 = FACE_BOUND('',#2366,.T.);
#2366 = EDGE_LOOP('',(#2367,#2375,#2376,#2384));
#2367 = ORIENTED_EDGE('',*,*,#2368,.F.);
#2368 = EDGE_CURVE('',#1609,#2369,#2371,.T.);
#2369 = VERTEX_POINT('',#2370);
#2370 = CARTESIAN_POINT('',(-0.16,-2.38,-3.));
#2371 = LINE('',#2372,#2373);
#2372 = CARTESIAN_POINT('',(-0.16,-2.38,-3.));
#2373 = VECTOR('',#2374,1.);
#2374 = DIRECTION('',(0.57735026919,-0.57735026919,-0.57735026919));
#2375 = ORIENTED_EDGE('',*,*,#1608,.T.);
#2376 = ORIENTED_EDGE('',*,*,#2377,.T.);
#2377 = EDGE_CURVE('',#1601,#2378,#2380,.T.);
#2378 = VERTEX_POINT('',#2379);
#2379 = CARTESIAN_POINT('',(0.16,-2.38,-3.));
#2380 = LINE('',#2381,#2382);
#2381 = CARTESIAN_POINT('',(5.333333333333E-02,-2.486666666667,
    -3.106666666667));
#2382 = VECTOR('',#2383,1.);
#2383 = DIRECTION('',(-0.57735026919,-0.57735026919,-0.57735026919));
#2384 = ORIENTED_EDGE('',*,*,#2385,.F.);
#2385 = EDGE_CURVE('',#2369,#2378,#2386,.T.);
#2386 = LINE('',#2387,#2388);
#2387 = CARTESIAN_POINT('',(-0.32,-2.38,-3.));
#2388 = VECTOR('',#2389,1.);
#2389 = DIRECTION('',(1.,0.,0.));
#2390 = PLANE('',#2391);
#2391 = AXIS2_PLACEMENT_3D('',#2392,#2393,#2394);
#2392 = CARTESIAN_POINT('',(-0.32,-2.3,-2.92));
#2393 = DIRECTION('',(-1.735167508357E-18,-0.707106781187,0.707106781187
    ));
#2394 = DIRECTION('',(-1.,1.226948711654E-18,-1.226948711654E-18));
#2395 = ADVANCED_FACE('',(#2396),#2414,.T.);
#2396 = FACE_BOUND('',#2397,.T.);
#2397 = EDGE_LOOP('',(#2398,#2406,#2407,#2408));
#2398 = ORIENTED_EDGE('',*,*,#2399,.F.);
#2399 = EDGE_CURVE('',#1632,#2400,#2402,.T.);
#2400 = VERTEX_POINT('',#2401);
#2401 = CARTESIAN_POINT('',(-0.16,-2.7,-3.));
#2402 = LINE('',#2403,#2404);
#2403 = CARTESIAN_POINT('',(-0.266666666667,-2.806666666667,
    -2.893333333333));
#2404 = VECTOR('',#2405,1.);
#2405 = DIRECTION('',(0.57735026919,0.57735026919,-0.57735026919));
#2406 = ORIENTED_EDGE('',*,*,#1639,.T.);
#2407 = ORIENTED_EDGE('',*,*,#2368,.T.);
#2408 = ORIENTED_EDGE('',*,*,#2409,.F.);
#2409 = EDGE_CURVE('',#2400,#2369,#2410,.T.);
#2410 = LINE('',#2411,#2412);
#2411 = CARTESIAN_POINT('',(-0.16,-2.86,-3.));
#2412 = VECTOR('',#2413,1.);
#2413 = DIRECTION('',(0.,1.,0.));
#2414 = PLANE('',#2415);
#2415 = AXIS2_PLACEMENT_3D('',#2416,#2417,#2418);
#2416 = CARTESIAN_POINT('',(-0.24,-2.86,-2.92));
#2417 = DIRECTION('',(-0.707106781187,-1.735167508357E-18,
    -0.707106781187));
#2418 = DIRECTION('',(-1.226948711654E-18,1.,-1.226948711654E-18));
#2419 = ADVANCED_FACE('',(#2420),#2438,.T.);
#2420 = FACE_BOUND('',#2421,.F.);
#2421 = EDGE_LOOP('',(#2422,#2423,#2424,#2432));
#2422 = ORIENTED_EDGE('',*,*,#2399,.F.);
#2423 = ORIENTED_EDGE('',*,*,#1663,.T.);
#2424 = ORIENTED_EDGE('',*,*,#2425,.T.);
#2425 = EDGE_CURVE('',#1656,#2426,#2428,.T.);
#2426 = VERTEX_POINT('',#2427);
#2427 = CARTESIAN_POINT('',(0.16,-2.7,-3.));
#2428 = LINE('',#2429,#2430);
#2429 = CARTESIAN_POINT('',(0.16,-2.7,-3.));
#2430 = VECTOR('',#2431,1.);
#2431 = DIRECTION('',(-0.57735026919,0.57735026919,-0.57735026919));
#2432 = ORIENTED_EDGE('',*,*,#2433,.F.);
#2433 = EDGE_CURVE('',#2400,#2426,#2434,.T.);
#2434 = LINE('',#2435,#2436);
#2435 = CARTESIAN_POINT('',(-0.32,-2.7,-3.));
#2436 = VECTOR('',#2437,1.);
#2437 = DIRECTION('',(1.,0.,0.));
#2438 = PLANE('',#2439);
#2439 = AXIS2_PLACEMENT_3D('',#2440,#2441,#2442);
#2440 = CARTESIAN_POINT('',(-0.32,-2.78,-2.92));
#2441 = DIRECTION('',(1.735167508357E-18,-0.707106781187,-0.707106781187
    ));
#2442 = DIRECTION('',(-1.,-1.226948711654E-18,-1.226948711654E-18));
#2443 = ADVANCED_FACE('',(#2444),#2455,.F.);
#2444 = FACE_BOUND('',#2445,.F.);
#2445 = EDGE_LOOP('',(#2446,#2447,#2448,#2449));
#2446 = ORIENTED_EDGE('',*,*,#2425,.F.);
#2447 = ORIENTED_EDGE('',*,*,#1680,.T.);
#2448 = ORIENTED_EDGE('',*,*,#2377,.T.);
#2449 = ORIENTED_EDGE('',*,*,#2450,.F.);
#2450 = EDGE_CURVE('',#2426,#2378,#2451,.T.);
#2451 = LINE('',#2452,#2453);
#2452 = CARTESIAN_POINT('',(0.16,-2.86,-3.));
#2453 = VECTOR('',#2454,1.);
#2454 = DIRECTION('',(0.,1.,0.));
#2455 = PLANE('',#2456);
#2456 = AXIS2_PLACEMENT_3D('',#2457,#2458,#2459);
#2457 = CARTESIAN_POINT('',(0.24,-2.86,-2.92));
#2458 = DIRECTION('',(-0.707106781187,1.735167508357E-18,0.707106781187)
  );
#2459 = DIRECTION('',(1.226948711654E-18,1.,-1.226948711654E-18));
#2460 = ADVANCED_FACE('',(#2461),#2486,.T.);
#2461 = FACE_BOUND('',#2462,.F.);
#2462 = EDGE_LOOP('',(#2463,#2471,#2472,#2480));
#2463 = ORIENTED_EDGE('',*,*,#2464,.F.);
#2464 = EDGE_CURVE('',#1706,#2465,#2467,.T.);
#2465 = VERTEX_POINT('',#2466);
#2466 = CARTESIAN_POINT('',(-0.16,-4.92,8.54));
#2467 = LINE('',#2468,#2469);
#2468 = CARTESIAN_POINT('',(-0.16,-4.92,8.54));
#2469 = VECTOR('',#2470,1.);
#2470 = DIRECTION('',(0.57735026919,-0.57735026919,0.57735026919));
#2471 = ORIENTED_EDGE('',*,*,#1713,.T.);
#2472 = ORIENTED_EDGE('',*,*,#2473,.T.);
#2473 = EDGE_CURVE('',#1697,#2474,#2476,.T.);
#2474 = VERTEX_POINT('',#2475);
#2475 = CARTESIAN_POINT('',(0.16,-4.92,8.54));
#2476 = LINE('',#2477,#2478);
#2477 = CARTESIAN_POINT('',(5.333333333333E-02,-5.026666666667,
    8.646666666667));
#2478 = VECTOR('',#2479,1.);
#2479 = DIRECTION('',(-0.57735026919,-0.57735026919,0.57735026919));
#2480 = ORIENTED_EDGE('',*,*,#2481,.F.);
#2481 = EDGE_CURVE('',#2465,#2474,#2482,.T.);
#2482 = LINE('',#2483,#2484);
#2483 = CARTESIAN_POINT('',(-0.32,-4.92,8.54));
#2484 = VECTOR('',#2485,1.);
#2485 = DIRECTION('',(1.,0.,0.));
#2486 = PLANE('',#2487);
#2487 = AXIS2_PLACEMENT_3D('',#2488,#2489,#2490);
#2488 = CARTESIAN_POINT('',(-0.32,-4.84,8.46));
#2489 = DIRECTION('',(1.735167508357E-18,0.707106781187,0.707106781187)
  );
#2490 = DIRECTION('',(-1.,1.226948711654E-18,1.226948711654E-18));
#2491 = ADVANCED_FACE('',(#2492),#2510,.F.);
#2492 = FACE_BOUND('',#2493,.F.);
#2493 = EDGE_LOOP('',(#2494,#2502,#2503,#2504));
#2494 = ORIENTED_EDGE('',*,*,#2495,.F.);
#2495 = EDGE_CURVE('',#1728,#2496,#2498,.T.);
#2496 = VERTEX_POINT('',#2497);
#2497 = CARTESIAN_POINT('',(-0.16,-5.24,8.54));
#2498 = LINE('',#2499,#2500);
#2499 = CARTESIAN_POINT('',(-0.266666666667,-5.346666666667,
    8.433333333333));
#2500 = VECTOR('',#2501,1.);
#2501 = DIRECTION('',(0.57735026919,0.57735026919,0.57735026919));
#2502 = ORIENTED_EDGE('',*,*,#1737,.T.);
#2503 = ORIENTED_EDGE('',*,*,#2464,.T.);
#2504 = ORIENTED_EDGE('',*,*,#2505,.F.);
#2505 = EDGE_CURVE('',#2496,#2465,#2506,.T.);
#2506 = LINE('',#2507,#2508);
#2507 = CARTESIAN_POINT('',(-0.16,-5.4,8.54));
#2508 = VECTOR('',#2509,1.);
#2509 = DIRECTION('',(0.,1.,0.));
#2510 = PLANE('',#2511);
#2511 = AXIS2_PLACEMENT_3D('',#2512,#2513,#2514);
#2512 = CARTESIAN_POINT('',(-0.24,-5.4,8.46));
#2513 = DIRECTION('',(0.707106781187,1.735167508357E-18,-0.707106781187)
  );
#2514 = DIRECTION('',(-1.226948711654E-18,1.,1.226948711654E-18));
#2515 = ADVANCED_FACE('',(#2516),#2534,.F.);
#2516 = FACE_BOUND('',#2517,.T.);
#2517 = EDGE_LOOP('',(#2518,#2519,#2520,#2528));
#2518 = ORIENTED_EDGE('',*,*,#2495,.F.);
#2519 = ORIENTED_EDGE('',*,*,#1761,.T.);
#2520 = ORIENTED_EDGE('',*,*,#2521,.T.);
#2521 = EDGE_CURVE('',#1752,#2522,#2524,.T.);
#2522 = VERTEX_POINT('',#2523);
#2523 = CARTESIAN_POINT('',(0.16,-5.24,8.54));
#2524 = LINE('',#2525,#2526);
#2525 = CARTESIAN_POINT('',(0.16,-5.24,8.54));
#2526 = VECTOR('',#2527,1.);
#2527 = DIRECTION('',(-0.57735026919,0.57735026919,0.57735026919));
#2528 = ORIENTED_EDGE('',*,*,#2529,.F.);
#2529 = EDGE_CURVE('',#2496,#2522,#2530,.T.);
#2530 = LINE('',#2531,#2532);
#2531 = CARTESIAN_POINT('',(-0.32,-5.24,8.54));
#2532 = VECTOR('',#2533,1.);
#2533 = DIRECTION('',(1.,0.,0.));
#2534 = PLANE('',#2535);
#2535 = AXIS2_PLACEMENT_3D('',#2536,#2537,#2538);
#2536 = CARTESIAN_POINT('',(-0.32,-5.32,8.46));
#2537 = DIRECTION('',(-1.735167508357E-18,0.707106781187,-0.707106781187
    ));
#2538 = DIRECTION('',(-1.,-1.226948711654E-18,1.226948711654E-18));
#2539 = ADVANCED_FACE('',(#2540),#2551,.T.);
#2540 = FACE_BOUND('',#2541,.T.);
#2541 = EDGE_LOOP('',(#2542,#2543,#2544,#2545));
#2542 = ORIENTED_EDGE('',*,*,#2521,.F.);
#2543 = ORIENTED_EDGE('',*,*,#1778,.T.);
#2544 = ORIENTED_EDGE('',*,*,#2473,.T.);
#2545 = ORIENTED_EDGE('',*,*,#2546,.F.);
#2546 = EDGE_CURVE('',#2522,#2474,#2547,.T.);
#2547 = LINE('',#2548,#2549);
#2548 = CARTESIAN_POINT('',(0.16,-5.4,8.54));
#2549 = VECTOR('',#2550,1.);
#2550 = DIRECTION('',(0.,1.,0.));
#2551 = PLANE('',#2552);
#2552 = AXIS2_PLACEMENT_3D('',#2553,#2554,#2555);
#2553 = CARTESIAN_POINT('',(0.24,-5.4,8.46));
#2554 = DIRECTION('',(0.707106781187,-1.735167508357E-18,0.707106781187)
  );
#2555 = DIRECTION('',(1.226948711654E-18,1.,1.226948711654E-18));
#2556 = ADVANCED_FACE('',(#2557),#2582,.T.);
#2557 = FACE_BOUND('',#2558,.T.);
#2558 = EDGE_LOOP('',(#2559,#2567,#2568,#2576));
#2559 = ORIENTED_EDGE('',*,*,#2560,.F.);
#2560 = EDGE_CURVE('',#1793,#2561,#2563,.T.);
#2561 = VERTEX_POINT('',#2562);
#2562 = CARTESIAN_POINT('',(0.16,-7.78,8.54));
#2563 = LINE('',#2564,#2565);
#2564 = CARTESIAN_POINT('',(0.16,-7.78,8.54));
#2565 = VECTOR('',#2566,1.);
#2566 = DIRECTION('',(-0.57735026919,0.57735026919,0.57735026919));
#2567 = ORIENTED_EDGE('',*,*,#1809,.T.);
#2568 = ORIENTED_EDGE('',*,*,#2569,.T.);
#2569 = EDGE_CURVE('',#1802,#2570,#2572,.T.);
#2570 = VERTEX_POINT('',#2571);
#2571 = CARTESIAN_POINT('',(0.16,-7.46,8.54));
#2572 = LINE('',#2573,#2574);
#2573 = CARTESIAN_POINT('',(5.333333333333E-02,-7.566666666667,
    8.646666666667));
#2574 = VECTOR('',#2575,1.);
#2575 = DIRECTION('',(-0.57735026919,-0.57735026919,0.57735026919));
#2576 = ORIENTED_EDGE('',*,*,#2577,.F.);
#2577 = EDGE_CURVE('',#2561,#2570,#2578,.T.);
#2578 = LINE('',#2579,#2580);
#2579 = CARTESIAN_POINT('',(0.16,-7.94,8.54));
#2580 = VECTOR('',#2581,1.);
#2581 = DIRECTION('',(0.,1.,0.));
#2582 = PLANE('',#2583);
#2583 = AXIS2_PLACEMENT_3D('',#2584,#2585,#2586);
#2584 = CARTESIAN_POINT('',(0.24,-7.94,8.46));
#2585 = DIRECTION('',(0.707106781187,-1.735167508357E-18,0.707106781187)
  );
#2586 = DIRECTION('',(1.226948711654E-18,1.,1.226948711654E-18));
#2587 = ADVANCED_FACE('',(#2588),#2606,.T.);
#2588 = FACE_BOUND('',#2589,.F.);
#2589 = EDGE_LOOP('',(#2590,#2598,#2599,#2600));
#2590 = ORIENTED_EDGE('',*,*,#2591,.F.);
#2591 = EDGE_CURVE('',#1826,#2592,#2594,.T.);
#2592 = VERTEX_POINT('',#2593);
#2593 = CARTESIAN_POINT('',(-0.16,-7.46,8.54));
#2594 = LINE('',#2595,#2596);
#2595 = CARTESIAN_POINT('',(-0.16,-7.46,8.54));
#2596 = VECTOR('',#2597,1.);
#2597 = DIRECTION('',(0.57735026919,-0.57735026919,0.57735026919));
#2598 = ORIENTED_EDGE('',*,*,#1833,.T.);
#2599 = ORIENTED_EDGE('',*,*,#2569,.T.);
#2600 = ORIENTED_EDGE('',*,*,#2601,.F.);
#2601 = EDGE_CURVE('',#2592,#2570,#2602,.T.);
#2602 = LINE('',#2603,#2604);
#2603 = CARTESIAN_POINT('',(-0.32,-7.46,8.54));
#2604 = VECTOR('',#2605,1.);
#2605 = DIRECTION('',(1.,0.,0.));
#2606 = PLANE('',#2607);
#2607 = AXIS2_PLACEMENT_3D('',#2608,#2609,#2610);
#2608 = CARTESIAN_POINT('',(-0.32,-7.38,8.46));
#2609 = DIRECTION('',(1.735167508357E-18,0.707106781187,0.707106781187)
  );
#2610 = DIRECTION('',(-1.,1.226948711654E-18,1.226948711654E-18));
#2611 = ADVANCED_FACE('',(#2612),#2630,.F.);
#2612 = FACE_BOUND('',#2613,.F.);
#2613 = EDGE_LOOP('',(#2614,#2622,#2623,#2624));
#2614 = ORIENTED_EDGE('',*,*,#2615,.F.);
#2615 = EDGE_CURVE('',#1848,#2616,#2618,.T.);
#2616 = VERTEX_POINT('',#2617);
#2617 = CARTESIAN_POINT('',(-0.16,-7.78,8.54));
#2618 = LINE('',#2619,#2620);
#2619 = CARTESIAN_POINT('',(-0.266666666667,-7.886666666667,
    8.433333333333));
#2620 = VECTOR('',#2621,1.);
#2621 = DIRECTION('',(0.57735026919,0.57735026919,0.57735026919));
#2622 = ORIENTED_EDGE('',*,*,#1857,.T.);
#2623 = ORIENTED_EDGE('',*,*,#2591,.T.);
#2624 = ORIENTED_EDGE('',*,*,#2625,.F.);
#2625 = EDGE_CURVE('',#2616,#2592,#2626,.T.);
#2626 = LINE('',#2627,#2628);
#2627 = CARTESIAN_POINT('',(-0.16,-7.94,8.54));
#2628 = VECTOR('',#2629,1.);
#2629 = DIRECTION('',(0.,1.,0.));
#2630 = PLANE('',#2631);
#2631 = AXIS2_PLACEMENT_3D('',#2632,#2633,#2634);
#2632 = CARTESIAN_POINT('',(-0.24,-7.94,8.46));
#2633 = DIRECTION('',(0.707106781187,1.735167508357E-18,-0.707106781187)
  );
#2634 = DIRECTION('',(-1.226948711654E-18,1.,1.226948711654E-18));
#2635 = ADVANCED_FACE('',(#2636),#2647,.F.);
#2636 = FACE_BOUND('',#2637,.T.);
#2637 = EDGE_LOOP('',(#2638,#2639,#2640,#2641));
#2638 = ORIENTED_EDGE('',*,*,#2615,.F.);
#2639 = ORIENTED_EDGE('',*,*,#1874,.T.);
#2640 = ORIENTED_EDGE('',*,*,#2560,.T.);
#2641 = ORIENTED_EDGE('',*,*,#2642,.F.);
#2642 = EDGE_CURVE('',#2616,#2561,#2643,.T.);
#2643 = LINE('',#2644,#2645);
#2644 = CARTESIAN_POINT('',(-0.32,-7.78,8.54));
#2645 = VECTOR('',#2646,1.);
#2646 = DIRECTION('',(1.,0.,0.));
#2647 = PLANE('',#2648);
#2648 = AXIS2_PLACEMENT_3D('',#2649,#2650,#2651);
#2649 = CARTESIAN_POINT('',(-0.32,-7.86,8.46));
#2650 = DIRECTION('',(-1.735167508357E-18,0.707106781187,-0.707106781187
    ));
#2651 = DIRECTION('',(-1.,-1.226948711654E-18,1.226948711654E-18));
#2652 = ADVANCED_FACE('',(#2653),#2678,.T.);
#2653 = FACE_BOUND('',#2654,.T.);
#2654 = EDGE_LOOP('',(#2655,#2663,#2664,#2672));
#2655 = ORIENTED_EDGE('',*,*,#2656,.F.);
#2656 = EDGE_CURVE('',#1889,#2657,#2659,.T.);
#2657 = VERTEX_POINT('',#2658);
#2658 = CARTESIAN_POINT('',(0.16,-0.16,8.54));
#2659 = LINE('',#2660,#2661);
#2660 = CARTESIAN_POINT('',(0.16,-0.16,8.54));
#2661 = VECTOR('',#2662,1.);
#2662 = DIRECTION('',(-0.57735026919,0.57735026919,0.57735026919));
#2663 = ORIENTED_EDGE('',*,*,#1905,.T.);
#2664 = ORIENTED_EDGE('',*,*,#2665,.T.);
#2665 = EDGE_CURVE('',#1898,#2666,#2668,.T.);
#2666 = VERTEX_POINT('',#2667);
#2667 = CARTESIAN_POINT('',(0.16,0.16,8.54));
#2668 = LINE('',#2669,#2670);
#2669 = CARTESIAN_POINT('',(5.333333333333E-02,5.333333333333E-02,
    8.646666666667));
#2670 = VECTOR('',#2671,1.);
#2671 = DIRECTION('',(-0.57735026919,-0.57735026919,0.57735026919));
#2672 = ORIENTED_EDGE('',*,*,#2673,.F.);
#2673 = EDGE_CURVE('',#2657,#2666,#2674,.T.);
#2674 = LINE('',#2675,#2676);
#2675 = CARTESIAN_POINT('',(0.16,-0.32,8.54));
#2676 = VECTOR('',#2677,1.);
#2677 = DIRECTION('',(0.,1.,0.));
#2678 = PLANE('',#2679);
#2679 = AXIS2_PLACEMENT_3D('',#2680,#2681,#2682);
#2680 = CARTESIAN_POINT('',(0.24,-0.32,8.46));
#2681 = DIRECTION('',(0.707106781187,-1.735167508357E-18,0.707106781187)
  );
#2682 = DIRECTION('',(1.226948711654E-18,1.,1.226948711654E-18));
#2683 = ADVANCED_FACE('',(#2684),#2702,.T.);
#2684 = FACE_BOUND('',#2685,.F.);
#2685 = EDGE_LOOP('',(#2686,#2694,#2695,#2696));
#2686 = ORIENTED_EDGE('',*,*,#2687,.F.);
#2687 = EDGE_CURVE('',#1922,#2688,#2690,.T.);
#2688 = VERTEX_POINT('',#2689);
#2689 = CARTESIAN_POINT('',(-0.16,0.16,8.54));
#2690 = LINE('',#2691,#2692);
#2691 = CARTESIAN_POINT('',(-0.16,0.16,8.54));
#2692 = VECTOR('',#2693,1.);
#2693 = DIRECTION('',(0.57735026919,-0.57735026919,0.57735026919));
#2694 = ORIENTED_EDGE('',*,*,#1929,.T.);
#2695 = ORIENTED_EDGE('',*,*,#2665,.T.);
#2696 = ORIENTED_EDGE('',*,*,#2697,.F.);
#2697 = EDGE_CURVE('',#2688,#2666,#2698,.T.);
#2698 = LINE('',#2699,#2700);
#2699 = CARTESIAN_POINT('',(-0.32,0.16,8.54));
#2700 = VECTOR('',#2701,1.);
#2701 = DIRECTION('',(1.,0.,0.));
#2702 = PLANE('',#2703);
#2703 = AXIS2_PLACEMENT_3D('',#2704,#2705,#2706);
#2704 = CARTESIAN_POINT('',(-0.32,0.24,8.46));
#2705 = DIRECTION('',(1.735167508357E-18,0.707106781187,0.707106781187)
  );
#2706 = DIRECTION('',(-1.,1.226948711654E-18,1.226948711654E-18));
#2707 = ADVANCED_FACE('',(#2708),#2726,.F.);
#2708 = FACE_BOUND('',#2709,.F.);
#2709 = EDGE_LOOP('',(#2710,#2718,#2719,#2720));
#2710 = ORIENTED_EDGE('',*,*,#2711,.F.);
#2711 = EDGE_CURVE('',#1944,#2712,#2714,.T.);
#2712 = VERTEX_POINT('',#2713);
#2713 = CARTESIAN_POINT('',(-0.16,-0.16,8.54));
#2714 = LINE('',#2715,#2716);
#2715 = CARTESIAN_POINT('',(-0.266666666667,-0.266666666667,
    8.433333333333));
#2716 = VECTOR('',#2717,1.);
#2717 = DIRECTION('',(0.57735026919,0.57735026919,0.57735026919));
#2718 = ORIENTED_EDGE('',*,*,#1953,.T.);
#2719 = ORIENTED_EDGE('',*,*,#2687,.T.);
#2720 = ORIENTED_EDGE('',*,*,#2721,.F.);
#2721 = EDGE_CURVE('',#2712,#2688,#2722,.T.);
#2722 = LINE('',#2723,#2724);
#2723 = CARTESIAN_POINT('',(-0.16,-0.32,8.54));
#2724 = VECTOR('',#2725,1.);
#2725 = DIRECTION('',(0.,1.,0.));
#2726 = PLANE('',#2727);
#2727 = AXIS2_PLACEMENT_3D('',#2728,#2729,#2730);
#2728 = CARTESIAN_POINT('',(-0.24,-0.32,8.46));
#2729 = DIRECTION('',(0.707106781187,1.735167508357E-18,-0.707106781187)
  );
#2730 = DIRECTION('',(-1.226948711654E-18,1.,1.226948711654E-18));
#2731 = ADVANCED_FACE('',(#2732),#2743,.F.);
#2732 = FACE_BOUND('',#2733,.T.);
#2733 = EDGE_LOOP('',(#2734,#2735,#2736,#2737));
#2734 = ORIENTED_EDGE('',*,*,#2711,.F.);
#2735 = ORIENTED_EDGE('',*,*,#1970,.T.);
#2736 = ORIENTED_EDGE('',*,*,#2656,.T.);
#2737 = ORIENTED_EDGE('',*,*,#2738,.F.);
#2738 = EDGE_CURVE('',#2712,#2657,#2739,.T.);
#2739 = LINE('',#2740,#2741);
#2740 = CARTESIAN_POINT('',(-0.32,-0.16,8.54));
#2741 = VECTOR('',#2742,1.);
#2742 = DIRECTION('',(1.,0.,0.));
#2743 = PLANE('',#2744);
#2744 = AXIS2_PLACEMENT_3D('',#2745,#2746,#2747);
#2745 = CARTESIAN_POINT('',(-0.32,-0.24,8.46));
#2746 = DIRECTION('',(-1.735167508357E-18,0.707106781187,-0.707106781187
    ));
#2747 = DIRECTION('',(-1.,-1.226948711654E-18,1.226948711654E-18));
#2748 = ADVANCED_FACE('',(#2749),#2774,.T.);
#2749 = FACE_BOUND('',#2750,.F.);
#2750 = EDGE_LOOP('',(#2751,#2759,#2760,#2768));
#2751 = ORIENTED_EDGE('',*,*,#2752,.F.);
#2752 = EDGE_CURVE('',#1994,#2753,#2755,.T.);
#2753 = VERTEX_POINT('',#2754);
#2754 = CARTESIAN_POINT('',(-0.16,-2.38,8.54));
#2755 = LINE('',#2756,#2757);
#2756 = CARTESIAN_POINT('',(-0.16,-2.38,8.54));
#2757 = VECTOR('',#2758,1.);
#2758 = DIRECTION('',(0.57735026919,-0.57735026919,0.57735026919));
#2759 = ORIENTED_EDGE('',*,*,#2001,.T.);
#2760 = ORIENTED_EDGE('',*,*,#2761,.T.);
#2761 = EDGE_CURVE('',#1985,#2762,#2764,.T.);
#2762 = VERTEX_POINT('',#2763);
#2763 = CARTESIAN_POINT('',(0.16,-2.38,8.54));
#2764 = LINE('',#2765,#2766);
#2765 = CARTESIAN_POINT('',(5.333333333333E-02,-2.486666666667,
    8.646666666667));
#2766 = VECTOR('',#2767,1.);
#2767 = DIRECTION('',(-0.57735026919,-0.57735026919,0.57735026919));
#2768 = ORIENTED_EDGE('',*,*,#2769,.F.);
#2769 = EDGE_CURVE('',#2753,#2762,#2770,.T.);
#2770 = LINE('',#2771,#2772);
#2771 = CARTESIAN_POINT('',(-0.32,-2.38,8.54));
#2772 = VECTOR('',#2773,1.);
#2773 = DIRECTION('',(1.,0.,0.));
#2774 = PLANE('',#2775);
#2775 = AXIS2_PLACEMENT_3D('',#2776,#2777,#2778);
#2776 = CARTESIAN_POINT('',(-0.32,-2.3,8.46));
#2777 = DIRECTION('',(1.735167508357E-18,0.707106781187,0.707106781187)
  );
#2778 = DIRECTION('',(-1.,1.226948711654E-18,1.226948711654E-18));
#2779 = ADVANCED_FACE('',(#2780),#2798,.F.);
#2780 = FACE_BOUND('',#2781,.F.);
#2781 = EDGE_LOOP('',(#2782,#2790,#2791,#2792));
#2782 = ORIENTED_EDGE('',*,*,#2783,.F.);
#2783 = EDGE_CURVE('',#2016,#2784,#2786,.T.);
#2784 = VERTEX_POINT('',#2785);
#2785 = CARTESIAN_POINT('',(-0.16,-2.7,8.54));
#2786 = LINE('',#2787,#2788);
#2787 = CARTESIAN_POINT('',(-0.266666666667,-2.806666666667,
    8.433333333333));
#2788 = VECTOR('',#2789,1.);
#2789 = DIRECTION('',(0.57735026919,0.57735026919,0.57735026919));
#2790 = ORIENTED_EDGE('',*,*,#2025,.T.);
#2791 = ORIENTED_EDGE('',*,*,#2752,.T.);
#2792 = ORIENTED_EDGE('',*,*,#2793,.F.);
#2793 = EDGE_CURVE('',#2784,#2753,#2794,.T.);
#2794 = LINE('',#2795,#2796);
#2795 = CARTESIAN_POINT('',(-0.16,-2.86,8.54));
#2796 = VECTOR('',#2797,1.);
#2797 = DIRECTION('',(0.,1.,0.));
#2798 = PLANE('',#2799);
#2799 = AXIS2_PLACEMENT_3D('',#2800,#2801,#2802);
#2800 = CARTESIAN_POINT('',(-0.24,-2.86,8.46));
#2801 = DIRECTION('',(0.707106781187,1.735167508357E-18,-0.707106781187)
  );
#2802 = DIRECTION('',(-1.226948711654E-18,1.,1.226948711654E-18));
#2803 = ADVANCED_FACE('',(#2804),#2822,.F.);
#2804 = FACE_BOUND('',#2805,.T.);
#2805 = EDGE_LOOP('',(#2806,#2807,#2808,#2816));
#2806 = ORIENTED_EDGE('',*,*,#2783,.F.);
#2807 = ORIENTED_EDGE('',*,*,#2049,.T.);
#2808 = ORIENTED_EDGE('',*,*,#2809,.T.);
#2809 = EDGE_CURVE('',#2040,#2810,#2812,.T.);
#2810 = VERTEX_POINT('',#2811);
#2811 = CARTESIAN_POINT('',(0.16,-2.7,8.54));
#2812 = LINE('',#2813,#2814);
#2813 = CARTESIAN_POINT('',(0.16,-2.7,8.54));
#2814 = VECTOR('',#2815,1.);
#2815 = DIRECTION('',(-0.57735026919,0.57735026919,0.57735026919));
#2816 = ORIENTED_EDGE('',*,*,#2817,.F.);
#2817 = EDGE_CURVE('',#2784,#2810,#2818,.T.);
#2818 = LINE('',#2819,#2820);
#2819 = CARTESIAN_POINT('',(-0.32,-2.7,8.54));
#2820 = VECTOR('',#2821,1.);
#2821 = DIRECTION('',(1.,0.,0.));
#2822 = PLANE('',#2823);
#2823 = AXIS2_PLACEMENT_3D('',#2824,#2825,#2826);
#2824 = CARTESIAN_POINT('',(-0.32,-2.78,8.46));
#2825 = DIRECTION('',(-1.735167508357E-18,0.707106781187,-0.707106781187
    ));
#2826 = DIRECTION('',(-1.,-1.226948711654E-18,1.226948711654E-18));
#2827 = ADVANCED_FACE('',(#2828),#2839,.T.);
#2828 = FACE_BOUND('',#2829,.T.);
#2829 = EDGE_LOOP('',(#2830,#2831,#2832,#2833));
#2830 = ORIENTED_EDGE('',*,*,#2809,.F.);
#2831 = ORIENTED_EDGE('',*,*,#2066,.T.);
#2832 = ORIENTED_EDGE('',*,*,#2761,.T.);
#2833 = ORIENTED_EDGE('',*,*,#2834,.F.);
#2834 = EDGE_CURVE('',#2810,#2762,#2835,.T.);
#2835 = LINE('',#2836,#2837);
#2836 = CARTESIAN_POINT('',(0.16,-2.86,8.54));
#2837 = VECTOR('',#2838,1.);
#2838 = DIRECTION('',(0.,1.,0.));
#2839 = PLANE('',#2840);
#2840 = AXIS2_PLACEMENT_3D('',#2841,#2842,#2843);
#2841 = CARTESIAN_POINT('',(0.24,-2.86,8.46));
#2842 = DIRECTION('',(0.707106781187,-1.735167508357E-18,0.707106781187)
  );
#2843 = DIRECTION('',(1.226948711654E-18,1.,1.226948711654E-18));
#2844 = ADVANCED_FACE('',(#2845),#2851,.F.);
#2845 = FACE_BOUND('',#2846,.F.);
#2846 = EDGE_LOOP('',(#2847,#2848,#2849,#2850));
#2847 = ORIENTED_EDGE('',*,*,#2162,.T.);
#2848 = ORIENTED_EDGE('',*,*,#2097,.F.);
#2849 = ORIENTED_EDGE('',*,*,#2121,.F.);
#2850 = ORIENTED_EDGE('',*,*,#2145,.T.);
#2851 = PLANE('',#2852);
#2852 = AXIS2_PLACEMENT_3D('',#2853,#2854,#2855);
#2853 = CARTESIAN_POINT('',(-0.32,-5.4,-3.));
#2854 = DIRECTION('',(0.,0.,1.));
#2855 = DIRECTION('',(1.,0.,-0.));
#2856 = ADVANCED_FACE('',(#2857),#2863,.F.);
#2857 = FACE_BOUND('',#2858,.F.);
#2858 = EDGE_LOOP('',(#2859,#2860,#2861,#2862));
#2859 = ORIENTED_EDGE('',*,*,#2193,.T.);
#2860 = ORIENTED_EDGE('',*,*,#2217,.F.);
#2861 = ORIENTED_EDGE('',*,*,#2241,.F.);
#2862 = ORIENTED_EDGE('',*,*,#2258,.T.);
#2863 = PLANE('',#2864);
#2864 = AXIS2_PLACEMENT_3D('',#2865,#2866,#2867);
#2865 = CARTESIAN_POINT('',(-0.32,-7.94,-3.));
#2866 = DIRECTION('',(0.,0.,1.));
#2867 = DIRECTION('',(1.,0.,-0.));
#2868 = ADVANCED_FACE('',(#2869),#2875,.F.);
#2869 = FACE_BOUND('',#2870,.F.);
#2870 = EDGE_LOOP('',(#2871,#2872,#2873,#2874));
#2871 = ORIENTED_EDGE('',*,*,#2289,.T.);
#2872 = ORIENTED_EDGE('',*,*,#2313,.F.);
#2873 = ORIENTED_EDGE('',*,*,#2337,.F.);
#2874 = ORIENTED_EDGE('',*,*,#2354,.T.);
#2875 = PLANE('',#2876);
#2876 = AXIS2_PLACEMENT_3D('',#2877,#2878,#2879);
#2877 = CARTESIAN_POINT('',(-0.32,-0.32,-3.));
#2878 = DIRECTION('',(0.,0.,1.));
#2879 = DIRECTION('',(1.,0.,-0.));
#2880 = ADVANCED_FACE('',(#2881),#2887,.F.);
#2881 = FACE_BOUND('',#2882,.F.);
#2882 = EDGE_LOOP('',(#2883,#2884,#2885,#2886));
#2883 = ORIENTED_EDGE('',*,*,#2450,.T.);
#2884 = ORIENTED_EDGE('',*,*,#2385,.F.);
#2885 = ORIENTED_EDGE('',*,*,#2409,.F.);
#2886 = ORIENTED_EDGE('',*,*,#2433,.T.);
#2887 = PLANE('',#2888);
#2888 = AXIS2_PLACEMENT_3D('',#2889,#2890,#2891);
#2889 = CARTESIAN_POINT('',(-0.32,-2.86,-3.));
#2890 = DIRECTION('',(0.,0.,1.));
#2891 = DIRECTION('',(1.,0.,-0.));
#2892 = ADVANCED_FACE('',(#2893),#2899,.T.);
#2893 = FACE_BOUND('',#2894,.T.);
#2894 = EDGE_LOOP('',(#2895,#2896,#2897,#2898));
#2895 = ORIENTED_EDGE('',*,*,#2546,.T.);
#2896 = ORIENTED_EDGE('',*,*,#2481,.F.);
#2897 = ORIENTED_EDGE('',*,*,#2505,.F.);
#2898 = ORIENTED_EDGE('',*,*,#2529,.T.);
#2899 = PLANE('',#2900);
#2900 = AXIS2_PLACEMENT_3D('',#2901,#2902,#2903);
#2901 = CARTESIAN_POINT('',(-0.32,-5.4,8.54));
#2902 = DIRECTION('',(0.,0.,1.));
#2903 = DIRECTION('',(1.,0.,-0.));
#2904 = ADVANCED_FACE('',(#2905),#2911,.T.);
#2905 = FACE_BOUND('',#2906,.T.);
#2906 = EDGE_LOOP('',(#2907,#2908,#2909,#2910));
#2907 = ORIENTED_EDGE('',*,*,#2577,.T.);
#2908 = ORIENTED_EDGE('',*,*,#2601,.F.);
#2909 = ORIENTED_EDGE('',*,*,#2625,.F.);
#2910 = ORIENTED_EDGE('',*,*,#2642,.T.);
#2911 = PLANE('',#2912);
#2912 = AXIS2_PLACEMENT_3D('',#2913,#2914,#2915);
#2913 = CARTESIAN_POINT('',(-0.32,-7.94,8.54));
#2914 = DIRECTION('',(0.,0.,1.));
#2915 = DIRECTION('',(1.,0.,-0.));
#2916 = ADVANCED_FACE('',(#2917),#2923,.T.);
#2917 = FACE_BOUND('',#2918,.T.);
#2918 = EDGE_LOOP('',(#2919,#2920,#2921,#2922));
#2919 = ORIENTED_EDGE('',*,*,#2673,.T.);
#2920 = ORIENTED_EDGE('',*,*,#2697,.F.);
#2921 = ORIENTED_EDGE('',*,*,#2721,.F.);
#2922 = ORIENTED_EDGE('',*,*,#2738,.T.);
#2923 = PLANE('',#2924);
#2924 = AXIS2_PLACEMENT_3D('',#2925,#2926,#2927);
#2925 = CARTESIAN_POINT('',(-0.32,-0.32,8.54));
#2926 = DIRECTION('',(0.,0.,1.));
#2927 = DIRECTION('',(1.,0.,-0.));
#2928 = ADVANCED_FACE('',(#2929),#2935,.T.);
#2929 = FACE_BOUND('',#2930,.T.);
#2930 = EDGE_LOOP('',(#2931,#2932,#2933,#2934));
#2931 = ORIENTED_EDGE('',*,*,#2834,.T.);
#2932 = ORIENTED_EDGE('',*,*,#2769,.F.);
#2933 = ORIENTED_EDGE('',*,*,#2793,.F.);
#2934 = ORIENTED_EDGE('',*,*,#2817,.T.);
#2935 = PLANE('',#2936);
#2936 = AXIS2_PLACEMENT_3D('',#2937,#2938,#2939);
#2937 = CARTESIAN_POINT('',(-0.32,-2.86,8.54));
#2938 = DIRECTION('',(0.,0.,1.));
#2939 = DIRECTION('',(1.,0.,-0.));
#2940 = ( GEOMETRIC_REPRESENTATION_CONTEXT(3) 
GLOBAL_UNCERTAINTY_ASSIGNED_CONTEXT((#2944)) 
GLOBAL_UNIT_ASSIGNED_CONTEXT((#2941,#2942,#2943)) REPRESENTATION_CONTEXT
('Context #1','3D Context with UNIT and UNCERTAINTY') );
#2941 = ( LENGTH_UNIT() NAMED_UNIT(*) SI_UNIT(.MILLI.,.METRE.) );
#2942 = ( NAMED_UNIT(*) PLANE_ANGLE_UNIT() SI_UNIT($,.RADIAN.) );
#2943 = ( NAMED_UNIT(*) SI_UNIT($,.STERADIAN.) SOLID_ANGLE_UNIT() );
#2944 = UNCERTAINTY_MEASURE_WITH_UNIT(LENGTH_MEASURE(1.E-07),#2941,
  'distance_accuracy_value','confusion accuracy');
#2945 = CONTEXT_DEPENDENT_SHAPE_REPRESENTATION(#2946,#2948);
#2946 = ( REPRESENTATION_RELATIONSHIP('','',#159,#136) 
REPRESENTATION_RELATIONSHIP_WITH_TRANSFORMATION(#2947) 
SHAPE_REPRESENTATION_RELATIONSHIP() );
#2947 = ITEM_DEFINED_TRANSFORMATION('','',#11,#137);
#2948 = PRODUCT_DEFINITION_SHAPE('Placement','Placement of an item',
  #2949);
#2949 = NEXT_ASSEMBLY_USAGE_OCCURRENCE('1','=>[0:1:1:3]','',#131,#154,$
  );
#2950 = PRODUCT_RELATED_PRODUCT_CATEGORY('part',$,(#156));
#2951 = SHAPE_DEFINITION_REPRESENTATION(#2952,#2958);
#2952 = PRODUCT_DEFINITION_SHAPE('','',#2953);
#2953 = PRODUCT_DEFINITION('design','',#2954,#2957);
#2954 = PRODUCT_DEFINITION_FORMATION('','',#2955);
#2955 = PRODUCT('C_0805_2012Metric','C_0805_2012Metric','',(#2956));
#2956 = PRODUCT_CONTEXT('',#2,'mechanical');
#2957 = PRODUCT_DEFINITION_CONTEXT('part definition',#2,'design');
#2958 = SHAPE_REPRESENTATION('',(#11,#2959),#2963);
#2959 = AXIS2_PLACEMENT_3D('',#2960,#2961,#2962);
#2960 = CARTESIAN_POINT('',(0.,0.,0.));
#2961 = DIRECTION('',(0.,0.,1.));
#2962 = DIRECTION('',(1.,0.,-0.));
#2963 = ( GEOMETRIC_REPRESENTATION_CONTEXT(3) 
GLOBAL_UNCERTAINTY_ASSIGNED_CONTEXT((#2967)) 
GLOBAL_UNIT_ASSIGNED_CONTEXT((#2964,#2965,#2966)) REPRESENTATION_CONTEXT
('Context #1','3D Context with UNIT and UNCERTAINTY') );
#2964 = ( LENGTH_UNIT() NAMED_UNIT(*) SI_UNIT(.MILLI.,.METRE.) );
#2965 = ( NAMED_UNIT(*) PLANE_ANGLE_UNIT() SI_UNIT($,.RADIAN.) );
#2966 = ( NAMED_UNIT(*) SI_UNIT($,.STERADIAN.) SOLID_ANGLE_UNIT() );
#2967 = UNCERTAINTY_MEASURE_WITH_UNIT(LENGTH_MEASURE(1.E-07),#2964,
  'distance_accuracy_value','confusion accuracy');
#2968 = CONTEXT_DEPENDENT_SHAPE_REPRESENTATION(#2969,#2971);
#2969 = ( REPRESENTATION_RELATIONSHIP('','',#2958,#10) 
REPRESENTATION_RELATIONSHIP_WITH_TRANSFORMATION(#2970) 
SHAPE_REPRESENTATION_RELATIONSHIP() );
#2970 = ITEM_DEFINED_TRANSFORMATION('','',#11,#19);
#2971 = PRODUCT_DEFINITION_SHAPE('Placement','Placement of an item',
  #2972);
#2972 = NEXT_ASSEMBLY_USAGE_OCCURRENCE('4','C7','',#5,#2953,$);
#2973 = PRODUCT_RELATED_PRODUCT_CATEGORY('part',$,(#2955));
#2974 = SHAPE_DEFINITION_REPRESENTATION(#2975,#2981);
#2975 = PRODUCT_DEFINITION_SHAPE('','',#2976);
#2976 = PRODUCT_DEFINITION('design','',#2977,#2980);
#2977 = PRODUCT_DEFINITION_FORMATION('','',#2978);
#2978 = PRODUCT('C_0805_2012Metric','C_0805_2012Metric','',(#2979));
#2979 = PRODUCT_CONTEXT('',#2,'mechanical');
#2980 = PRODUCT_DEFINITION_CONTEXT('part definition',#2,'design');
#2981 = ADVANCED_BREP_SHAPE_REPRESENTATION('',(#11,#2982),#3836);
#2982 = MANIFOLD_SOLID_BREP('',#2983);
#2983 = CLOSED_SHELL('',(#2984,#3060,#3091,#3116,#3141,#3165,#3189,#3214
    ,#3239,#3256,#3342,#3374,#3398,#3423,#3447,#3472,#3496,#3521,#3538,
    #3624,#3655,#3680,#3705,#3729,#3753,#3778,#3803,#3820));
#2984 = ADVANCED_FACE('',(#2985),#3055,.F.);
#2985 = FACE_BOUND('',#2986,.F.);
#2986 = EDGE_LOOP('',(#2987,#2997,#3006,#3014,#3023,#3031,#3040,#3048));
#2987 = ORIENTED_EDGE('',*,*,#2988,.F.);
#2988 = EDGE_CURVE('',#2989,#2991,#2993,.T.);
#2989 = VERTEX_POINT('',#2990);
#2990 = CARTESIAN_POINT('',(-1.,-0.625,4.E-02));
#2991 = VERTEX_POINT('',#2992);
#2992 = CARTESIAN_POINT('',(-1.,-0.625,1.21));
#2993 = LINE('',#2994,#2995);
#2994 = CARTESIAN_POINT('',(-1.,-0.625,0.));
#2995 = VECTOR('',#2996,1.);
#2996 = DIRECTION('',(0.,0.,1.));
#2997 = ORIENTED_EDGE('',*,*,#2998,.T.);
#2998 = EDGE_CURVE('',#2989,#2999,#3001,.T.);
#2999 = VERTEX_POINT('',#3000);
#3000 = CARTESIAN_POINT('',(-1.,-0.585,0.));
#3001 = CIRCLE('',#3002,4.E-02);
#3002 = AXIS2_PLACEMENT_3D('',#3003,#3004,#3005);
#3003 = CARTESIAN_POINT('',(-1.,-0.585,4.E-02));
#3004 = DIRECTION('',(1.,0.,-0.));
#3005 = DIRECTION('',(0.,0.,1.));
#3006 = ORIENTED_EDGE('',*,*,#3007,.T.);
#3007 = EDGE_CURVE('',#2999,#3008,#3010,.T.);
#3008 = VERTEX_POINT('',#3009);
#3009 = CARTESIAN_POINT('',(-1.,0.585,0.));
#3010 = LINE('',#3011,#3012);
#3011 = CARTESIAN_POINT('',(-1.,-0.625,0.));
#3012 = VECTOR('',#3013,1.);
#3013 = DIRECTION('',(0.,1.,0.));
#3014 = ORIENTED_EDGE('',*,*,#3015,.F.);
#3015 = EDGE_CURVE('',#3016,#3008,#3018,.T.);
#3016 = VERTEX_POINT('',#3017);
#3017 = CARTESIAN_POINT('',(-1.,0.625,4.E-02));
#3018 = CIRCLE('',#3019,4.E-02);
#3019 = AXIS2_PLACEMENT_3D('',#3020,#3021,#3022);
#3020 = CARTESIAN_POINT('',(-1.,0.585,4.E-02));
#3021 = DIRECTION('',(-1.,0.,0.));
#3022 = DIRECTION('',(0.,0.,1.));
#3023 = ORIENTED_EDGE('',*,*,#3024,.T.);
#3024 = EDGE_CURVE('',#3016,#3025,#3027,.T.);
#3025 = VERTEX_POINT('',#3026);
#3026 = CARTESIAN_POINT('',(-1.,0.625,1.21));
#3027 = LINE('',#3028,#3029);
#3028 = CARTESIAN_POINT('',(-1.,0.625,0.));
#3029 = VECTOR('',#3030,1.);
#3030 = DIRECTION('',(0.,0.,1.));
#3031 = ORIENTED_EDGE('',*,*,#3032,.T.);
#3032 = EDGE_CURVE('',#3025,#3033,#3035,.T.);
#3033 = VERTEX_POINT('',#3034);
#3034 = CARTESIAN_POINT('',(-1.,0.585,1.25));
#3035 = CIRCLE('',#3036,4.E-02);
#3036 = AXIS2_PLACEMENT_3D('',#3037,#3038,#3039);
#3037 = CARTESIAN_POINT('',(-1.,0.585,1.21));
#3038 = DIRECTION('',(1.,0.,-0.));
#3039 = DIRECTION('',(0.,0.,1.));
#3040 = ORIENTED_EDGE('',*,*,#3041,.F.);
#3041 = EDGE_CURVE('',#3042,#3033,#3044,.T.);
#3042 = VERTEX_POINT('',#3043);
#3043 = CARTESIAN_POINT('',(-1.,-0.585,1.25));
#3044 = LINE('',#3045,#3046);
#3045 = CARTESIAN_POINT('',(-1.,-0.625,1.25));
#3046 = VECTOR('',#3047,1.);
#3047 = DIRECTION('',(0.,1.,0.));
#3048 = ORIENTED_EDGE('',*,*,#3049,.F.);
#3049 = EDGE_CURVE('',#2991,#3042,#3050,.T.);
#3050 = CIRCLE('',#3051,4.E-02);
#3051 = AXIS2_PLACEMENT_3D('',#3052,#3053,#3054);
#3052 = CARTESIAN_POINT('',(-1.,-0.585,1.21));
#3053 = DIRECTION('',(-1.,0.,0.));
#3054 = DIRECTION('',(0.,0.,1.));
#3055 = PLANE('',#3056);
#3056 = AXIS2_PLACEMENT_3D('',#3057,#3058,#3059);
#3057 = CARTESIAN_POINT('',(-1.,-0.625,0.));
#3058 = DIRECTION('',(1.,0.,0.));
#3059 = DIRECTION('',(0.,0.,1.));
#3060 = ADVANCED_FACE('',(#3061),#3086,.F.);
#3061 = FACE_BOUND('',#3062,.F.);
#3062 = EDGE_LOOP('',(#3063,#3073,#3079,#3080));
#3063 = ORIENTED_EDGE('',*,*,#3064,.F.);
#3064 = EDGE_CURVE('',#3065,#3067,#3069,.T.);
#3065 = VERTEX_POINT('',#3066);
#3066 = CARTESIAN_POINT('',(-0.6,-0.625,4.E-02));
#3067 = VERTEX_POINT('',#3068);
#3068 = CARTESIAN_POINT('',(-0.6,-0.625,1.21));
#3069 = LINE('',#3070,#3071);
#3070 = CARTESIAN_POINT('',(-0.6,-0.625,0.));
#3071 = VECTOR('',#3072,1.);
#3072 = DIRECTION('',(0.,0.,1.));
#3073 = ORIENTED_EDGE('',*,*,#3074,.F.);
#3074 = EDGE_CURVE('',#2989,#3065,#3075,.T.);
#3075 = LINE('',#3076,#3077);
#3076 = CARTESIAN_POINT('',(-1.,-0.625,4.E-02));
#3077 = VECTOR('',#3078,1.);
#3078 = DIRECTION('',(1.,0.,0.));
#3079 = ORIENTED_EDGE('',*,*,#2988,.T.);
#3080 = ORIENTED_EDGE('',*,*,#3081,.T.);
#3081 = EDGE_CURVE('',#2991,#3067,#3082,.T.);
#3082 = LINE('',#3083,#3084);
#3083 = CARTESIAN_POINT('',(-1.,-0.625,1.21));
#3084 = VECTOR('',#3085,1.);
#3085 = DIRECTION('',(1.,0.,0.));
#3086 = PLANE('',#3087);
#3087 = AXIS2_PLACEMENT_3D('',#3088,#3089,#3090);
#3088 = CARTESIAN_POINT('',(-1.,-0.625,0.));
#3089 = DIRECTION('',(0.,1.,0.));
#3090 = DIRECTION('',(0.,-0.,1.));
#3091 = ADVANCED_FACE('',(#3092),#3111,.T.);
#3092 = FACE_BOUND('',#3093,.T.);
#3093 = EDGE_LOOP('',(#3094,#3095,#3103,#3110));
#3094 = ORIENTED_EDGE('',*,*,#2998,.T.);
#3095 = ORIENTED_EDGE('',*,*,#3096,.T.);
#3096 = EDGE_CURVE('',#2999,#3097,#3099,.T.);
#3097 = VERTEX_POINT('',#3098);
#3098 = CARTESIAN_POINT('',(-0.6,-0.585,0.));
#3099 = LINE('',#3100,#3101);
#3100 = CARTESIAN_POINT('',(-1.,-0.585,0.));
#3101 = VECTOR('',#3102,1.);
#3102 = DIRECTION('',(1.,0.,0.));
#3103 = ORIENTED_EDGE('',*,*,#3104,.F.);
#3104 = EDGE_CURVE('',#3065,#3097,#3105,.T.);
#3105 = CIRCLE('',#3106,4.E-02);
#3106 = AXIS2_PLACEMENT_3D('',#3107,#3108,#3109);
#3107 = CARTESIAN_POINT('',(-0.6,-0.585,4.E-02));
#3108 = DIRECTION('',(1.,0.,-0.));
#3109 = DIRECTION('',(0.,0.,1.));
#3110 = ORIENTED_EDGE('',*,*,#3074,.F.);
#3111 = CYLINDRICAL_SURFACE('',#3112,4.E-02);
#3112 = AXIS2_PLACEMENT_3D('',#3113,#3114,#3115);
#3113 = CARTESIAN_POINT('',(-1.,-0.585,4.E-02));
#3114 = DIRECTION('',(1.,0.,0.));
#3115 = DIRECTION('',(0.,-1.,0.));
#3116 = ADVANCED_FACE('',(#3117),#3136,.T.);
#3117 = FACE_BOUND('',#3118,.T.);
#3118 = EDGE_LOOP('',(#3119,#3120,#3129,#3135));
#3119 = ORIENTED_EDGE('',*,*,#3081,.T.);
#3120 = ORIENTED_EDGE('',*,*,#3121,.T.);
#3121 = EDGE_CURVE('',#3067,#3122,#3124,.T.);
#3122 = VERTEX_POINT('',#3123);
#3123 = CARTESIAN_POINT('',(-0.6,-0.585,1.25));
#3124 = CIRCLE('',#3125,4.E-02);
#3125 = AXIS2_PLACEMENT_3D('',#3126,#3127,#3128);
#3126 = CARTESIAN_POINT('',(-0.6,-0.585,1.21));
#3127 = DIRECTION('',(-1.,0.,0.));
#3128 = DIRECTION('',(0.,0.,1.));
#3129 = ORIENTED_EDGE('',*,*,#3130,.F.);
#3130 = EDGE_CURVE('',#3042,#3122,#3131,.T.);
#3131 = LINE('',#3132,#3133);
#3132 = CARTESIAN_POINT('',(-1.,-0.585,1.25));
#3133 = VECTOR('',#3134,1.);
#3134 = DIRECTION('',(1.,0.,0.));
#3135 = ORIENTED_EDGE('',*,*,#3049,.F.);
#3136 = CYLINDRICAL_SURFACE('',#3137,4.E-02);
#3137 = AXIS2_PLACEMENT_3D('',#3138,#3139,#3140);
#3138 = CARTESIAN_POINT('',(-1.,-0.585,1.21));
#3139 = DIRECTION('',(1.,0.,0.));
#3140 = DIRECTION('',(0.,-1.,0.));
#3141 = ADVANCED_FACE('',(#3142),#3160,.F.);
#3142 = FACE_BOUND('',#3143,.F.);
#3143 = EDGE_LOOP('',(#3144,#3145,#3146,#3154));
#3144 = ORIENTED_EDGE('',*,*,#3007,.F.);
#3145 = ORIENTED_EDGE('',*,*,#3096,.T.);
#3146 = ORIENTED_EDGE('',*,*,#3147,.T.);
#3147 = EDGE_CURVE('',#3097,#3148,#3150,.T.);
#3148 = VERTEX_POINT('',#3149);
#3149 = CARTESIAN_POINT('',(-0.6,0.585,0.));
#3150 = LINE('',#3151,#3152);
#3151 = CARTESIAN_POINT('',(-0.6,-0.625,0.));
#3152 = VECTOR('',#3153,1.);
#3153 = DIRECTION('',(0.,1.,0.));
#3154 = ORIENTED_EDGE('',*,*,#3155,.F.);
#3155 = EDGE_CURVE('',#3008,#3148,#3156,.T.);
#3156 = LINE('',#3157,#3158);
#3157 = CARTESIAN_POINT('',(-1.,0.585,0.));
#3158 = VECTOR('',#3159,1.);
#3159 = DIRECTION('',(1.,0.,0.));
#3160 = PLANE('',#3161);
#3161 = AXIS2_PLACEMENT_3D('',#3162,#3163,#3164);
#3162 = CARTESIAN_POINT('',(-1.,-0.625,0.));
#3163 = DIRECTION('',(0.,0.,1.));
#3164 = DIRECTION('',(1.,0.,-0.));
#3165 = ADVANCED_FACE('',(#3166),#3184,.T.);
#3166 = FACE_BOUND('',#3167,.T.);
#3167 = EDGE_LOOP('',(#3168,#3169,#3170,#3178));
#3168 = ORIENTED_EDGE('',*,*,#3041,.F.);
#3169 = ORIENTED_EDGE('',*,*,#3130,.T.);
#3170 = ORIENTED_EDGE('',*,*,#3171,.T.);
#3171 = EDGE_CURVE('',#3122,#3172,#3174,.T.);
#3172 = VERTEX_POINT('',#3173);
#3173 = CARTESIAN_POINT('',(-0.6,0.585,1.25));
#3174 = LINE('',#3175,#3176);
#3175 = CARTESIAN_POINT('',(-0.6,-0.625,1.25));
#3176 = VECTOR('',#3177,1.);
#3177 = DIRECTION('',(0.,1.,0.));
#3178 = ORIENTED_EDGE('',*,*,#3179,.F.);
#3179 = EDGE_CURVE('',#3033,#3172,#3180,.T.);
#3180 = LINE('',#3181,#3182);
#3181 = CARTESIAN_POINT('',(-1.,0.585,1.25));
#3182 = VECTOR('',#3183,1.);
#3183 = DIRECTION('',(1.,0.,0.));
#3184 = PLANE('',#3185);
#3185 = AXIS2_PLACEMENT_3D('',#3186,#3187,#3188);
#3186 = CARTESIAN_POINT('',(-1.,-0.625,1.25));
#3187 = DIRECTION('',(0.,0.,1.));
#3188 = DIRECTION('',(1.,0.,-0.));
#3189 = ADVANCED_FACE('',(#3190),#3209,.T.);
#3190 = FACE_BOUND('',#3191,.T.);
#3191 = EDGE_LOOP('',(#3192,#3200,#3207,#3208));
#3192 = ORIENTED_EDGE('',*,*,#3193,.T.);
#3193 = EDGE_CURVE('',#3016,#3194,#3196,.T.);
#3194 = VERTEX_POINT('',#3195);
#3195 = CARTESIAN_POINT('',(-0.6,0.625,4.E-02));
#3196 = LINE('',#3197,#3198);
#3197 = CARTESIAN_POINT('',(-1.,0.625,4.E-02));
#3198 = VECTOR('',#3199,1.);
#3199 = DIRECTION('',(1.,0.,0.));
#3200 = ORIENTED_EDGE('',*,*,#3201,.T.);
#3201 = EDGE_CURVE('',#3194,#3148,#3202,.T.);
#3202 = CIRCLE('',#3203,4.E-02);
#3203 = AXIS2_PLACEMENT_3D('',#3204,#3205,#3206);
#3204 = CARTESIAN_POINT('',(-0.6,0.585,4.E-02));
#3205 = DIRECTION('',(-1.,0.,0.));
#3206 = DIRECTION('',(0.,0.,1.));
#3207 = ORIENTED_EDGE('',*,*,#3155,.F.);
#3208 = ORIENTED_EDGE('',*,*,#3015,.F.);
#3209 = CYLINDRICAL_SURFACE('',#3210,4.E-02);
#3210 = AXIS2_PLACEMENT_3D('',#3211,#3212,#3213);
#3211 = CARTESIAN_POINT('',(-1.,0.585,4.E-02));
#3212 = DIRECTION('',(1.,0.,0.));
#3213 = DIRECTION('',(-0.,1.,0.));
#3214 = ADVANCED_FACE('',(#3215),#3234,.T.);
#3215 = FACE_BOUND('',#3216,.T.);
#3216 = EDGE_LOOP('',(#3217,#3218,#3219,#3228));
#3217 = ORIENTED_EDGE('',*,*,#3032,.T.);
#3218 = ORIENTED_EDGE('',*,*,#3179,.T.);
#3219 = ORIENTED_EDGE('',*,*,#3220,.F.);
#3220 = EDGE_CURVE('',#3221,#3172,#3223,.T.);
#3221 = VERTEX_POINT('',#3222);
#3222 = CARTESIAN_POINT('',(-0.6,0.625,1.21));
#3223 = CIRCLE('',#3224,4.E-02);
#3224 = AXIS2_PLACEMENT_3D('',#3225,#3226,#3227);
#3225 = CARTESIAN_POINT('',(-0.6,0.585,1.21));
#3226 = DIRECTION('',(1.,0.,-0.));
#3227 = DIRECTION('',(0.,0.,1.));
#3228 = ORIENTED_EDGE('',*,*,#3229,.F.);
#3229 = EDGE_CURVE('',#3025,#3221,#3230,.T.);
#3230 = LINE('',#3231,#3232);
#3231 = CARTESIAN_POINT('',(-1.,0.625,1.21));
#3232 = VECTOR('',#3233,1.);
#3233 = DIRECTION('',(1.,0.,0.));
#3234 = CYLINDRICAL_SURFACE('',#3235,4.E-02);
#3235 = AXIS2_PLACEMENT_3D('',#3236,#3237,#3238);
#3236 = CARTESIAN_POINT('',(-1.,0.585,1.21));
#3237 = DIRECTION('',(1.,0.,0.));
#3238 = DIRECTION('',(-0.,1.,0.));
#3239 = ADVANCED_FACE('',(#3240),#3251,.T.);
#3240 = FACE_BOUND('',#3241,.T.);
#3241 = EDGE_LOOP('',(#3242,#3248,#3249,#3250));
#3242 = ORIENTED_EDGE('',*,*,#3243,.F.);
#3243 = EDGE_CURVE('',#3194,#3221,#3244,.T.);
#3244 = LINE('',#3245,#3246);
#3245 = CARTESIAN_POINT('',(-0.6,0.625,0.));
#3246 = VECTOR('',#3247,1.);
#3247 = DIRECTION('',(0.,0.,1.));
#3248 = ORIENTED_EDGE('',*,*,#3193,.F.);
#3249 = ORIENTED_EDGE('',*,*,#3024,.T.);
#3250 = ORIENTED_EDGE('',*,*,#3229,.T.);
#3251 = PLANE('',#3252);
#3252 = AXIS2_PLACEMENT_3D('',#3253,#3254,#3255);
#3253 = CARTESIAN_POINT('',(-1.,0.625,0.));
#3254 = DIRECTION('',(0.,1.,0.));
#3255 = DIRECTION('',(0.,-0.,1.));
#3256 = ADVANCED_FACE('',(#3257,#3267),#3337,.T.);
#3257 = FACE_BOUND('',#3258,.T.);
#3258 = EDGE_LOOP('',(#3259,#3260,#3261,#3262,#3263,#3264,#3265,#3266));
#3259 = ORIENTED_EDGE('',*,*,#3064,.F.);
#3260 = ORIENTED_EDGE('',*,*,#3104,.T.);
#3261 = ORIENTED_EDGE('',*,*,#3147,.T.);
#3262 = ORIENTED_EDGE('',*,*,#3201,.F.);
#3263 = ORIENTED_EDGE('',*,*,#3243,.T.);
#3264 = ORIENTED_EDGE('',*,*,#3220,.T.);
#3265 = ORIENTED_EDGE('',*,*,#3171,.F.);
#3266 = ORIENTED_EDGE('',*,*,#3121,.F.);
#3267 = FACE_BOUND('',#3268,.T.);
#3268 = EDGE_LOOP('',(#3269,#3280,#3288,#3297,#3305,#3314,#3322,#3331));
#3269 = ORIENTED_EDGE('',*,*,#3270,.F.);
#3270 = EDGE_CURVE('',#3271,#3273,#3275,.T.);
#3271 = VERTEX_POINT('',#3272);
#3272 = CARTESIAN_POINT('',(-0.6,-0.585,8.E-02));
#3273 = VERTEX_POINT('',#3274);
#3274 = CARTESIAN_POINT('',(-0.6,-0.545,4.E-02));
#3275 = CIRCLE('',#3276,4.E-02);
#3276 = AXIS2_PLACEMENT_3D('',#3277,#3278,#3279);
#3277 = CARTESIAN_POINT('',(-0.6,-0.545,8.E-02));
#3278 = DIRECTION('',(1.,0.,-0.));
#3279 = DIRECTION('',(0.,0.,1.));
#3280 = ORIENTED_EDGE('',*,*,#3281,.T.);
#3281 = EDGE_CURVE('',#3271,#3282,#3284,.T.);
#3282 = VERTEX_POINT('',#3283);
#3283 = CARTESIAN_POINT('',(-0.6,-0.585,1.17));
#3284 = LINE('',#3285,#3286);
#3285 = CARTESIAN_POINT('',(-0.6,-0.585,4.E-02));
#3286 = VECTOR('',#3287,1.);
#3287 = DIRECTION('',(0.,0.,1.));
#3288 = ORIENTED_EDGE('',*,*,#3289,.T.);
#3289 = EDGE_CURVE('',#3282,#3290,#3292,.T.);
#3290 = VERTEX_POINT('',#3291);
#3291 = CARTESIAN_POINT('',(-0.6,-0.545,1.21));
#3292 = CIRCLE('',#3293,4.E-02);
#3293 = AXIS2_PLACEMENT_3D('',#3294,#3295,#3296);
#3294 = CARTESIAN_POINT('',(-0.6,-0.545,1.17));
#3295 = DIRECTION('',(-1.,0.,0.));
#3296 = DIRECTION('',(0.,0.,1.));
#3297 = ORIENTED_EDGE('',*,*,#3298,.T.);
#3298 = EDGE_CURVE('',#3290,#3299,#3301,.T.);
#3299 = VERTEX_POINT('',#3300);
#3300 = CARTESIAN_POINT('',(-0.6,0.545,1.21));
#3301 = LINE('',#3302,#3303);
#3302 = CARTESIAN_POINT('',(-0.6,-0.585,1.21));
#3303 = VECTOR('',#3304,1.);
#3304 = DIRECTION('',(0.,1.,0.));
#3305 = ORIENTED_EDGE('',*,*,#3306,.F.);
#3306 = EDGE_CURVE('',#3307,#3299,#3309,.T.);
#3307 = VERTEX_POINT('',#3308);
#3308 = CARTESIAN_POINT('',(-0.6,0.585,1.17));
#3309 = CIRCLE('',#3310,4.E-02);
#3310 = AXIS2_PLACEMENT_3D('',#3311,#3312,#3313);
#3311 = CARTESIAN_POINT('',(-0.6,0.545,1.17));
#3312 = DIRECTION('',(1.,0.,-0.));
#3313 = DIRECTION('',(0.,0.,1.));
#3314 = ORIENTED_EDGE('',*,*,#3315,.F.);
#3315 = EDGE_CURVE('',#3316,#3307,#3318,.T.);
#3316 = VERTEX_POINT('',#3317);
#3317 = CARTESIAN_POINT('',(-0.6,0.585,8.E-02));
#3318 = LINE('',#3319,#3320);
#3319 = CARTESIAN_POINT('',(-0.6,0.585,4.E-02));
#3320 = VECTOR('',#3321,1.);
#3321 = DIRECTION('',(0.,0.,1.));
#3322 = ORIENTED_EDGE('',*,*,#3323,.T.);
#3323 = EDGE_CURVE('',#3316,#3324,#3326,.T.);
#3324 = VERTEX_POINT('',#3325);
#3325 = CARTESIAN_POINT('',(-0.6,0.545,4.E-02));
#3326 = CIRCLE('',#3327,4.E-02);
#3327 = AXIS2_PLACEMENT_3D('',#3328,#3329,#3330);
#3328 = CARTESIAN_POINT('',(-0.6,0.545,8.E-02));
#3329 = DIRECTION('',(-1.,0.,0.));
#3330 = DIRECTION('',(0.,0.,1.));
#3331 = ORIENTED_EDGE('',*,*,#3332,.F.);
#3332 = EDGE_CURVE('',#3273,#3324,#3333,.T.);
#3333 = LINE('',#3334,#3335);
#3334 = CARTESIAN_POINT('',(-0.6,-0.585,4.E-02));
#3335 = VECTOR('',#3336,1.);
#3336 = DIRECTION('',(0.,1.,0.));
#3337 = PLANE('',#3338);
#3338 = AXIS2_PLACEMENT_3D('',#3339,#3340,#3341);
#3339 = CARTESIAN_POINT('',(-0.6,-0.625,0.));
#3340 = DIRECTION('',(1.,0.,0.));
#3341 = DIRECTION('',(0.,0.,1.));
#3342 = ADVANCED_FACE('',(#3343),#3369,.T.);
#3343 = FACE_BOUND('',#3344,.T.);
#3344 = EDGE_LOOP('',(#3345,#3346,#3354,#3363));
#3345 = ORIENTED_EDGE('',*,*,#3270,.T.);
#3346 = ORIENTED_EDGE('',*,*,#3347,.T.);
#3347 = EDGE_CURVE('',#3273,#3348,#3350,.T.);
#3348 = VERTEX_POINT('',#3349);
#3349 = CARTESIAN_POINT('',(0.6,-0.545,4.E-02));
#3350 = LINE('',#3351,#3352);
#3351 = CARTESIAN_POINT('',(-0.6,-0.545,4.E-02));
#3352 = VECTOR('',#3353,1.);
#3353 = DIRECTION('',(1.,0.,0.));
#3354 = ORIENTED_EDGE('',*,*,#3355,.F.);
#3355 = EDGE_CURVE('',#3356,#3348,#3358,.T.);
#3356 = VERTEX_POINT('',#3357);
#3357 = CARTESIAN_POINT('',(0.6,-0.585,8.E-02));
#3358 = CIRCLE('',#3359,4.E-02);
#3359 = AXIS2_PLACEMENT_3D('',#3360,#3361,#3362);
#3360 = CARTESIAN_POINT('',(0.6,-0.545,8.E-02));
#3361 = DIRECTION('',(1.,0.,-0.));
#3362 = DIRECTION('',(0.,0.,1.));
#3363 = ORIENTED_EDGE('',*,*,#3364,.F.);
#3364 = EDGE_CURVE('',#3271,#3356,#3365,.T.);
#3365 = LINE('',#3366,#3367);
#3366 = CARTESIAN_POINT('',(-0.6,-0.585,8.E-02));
#3367 = VECTOR('',#3368,1.);
#3368 = DIRECTION('',(1.,0.,0.));
#3369 = CYLINDRICAL_SURFACE('',#3370,4.E-02);
#3370 = AXIS2_PLACEMENT_3D('',#3371,#3372,#3373);
#3371 = CARTESIAN_POINT('',(-0.6,-0.545,8.E-02));
#3372 = DIRECTION('',(1.,0.,0.));
#3373 = DIRECTION('',(0.,-1.,0.));
#3374 = ADVANCED_FACE('',(#3375),#3393,.F.);
#3375 = FACE_BOUND('',#3376,.F.);
#3376 = EDGE_LOOP('',(#3377,#3378,#3379,#3387));
#3377 = ORIENTED_EDGE('',*,*,#3332,.F.);
#3378 = ORIENTED_EDGE('',*,*,#3347,.T.);
#3379 = ORIENTED_EDGE('',*,*,#3380,.T.);
#3380 = EDGE_CURVE('',#3348,#3381,#3383,.T.);
#3381 = VERTEX_POINT('',#3382);
#3382 = CARTESIAN_POINT('',(0.6,0.545,4.E-02));
#3383 = LINE('',#3384,#3385);
#3384 = CARTESIAN_POINT('',(0.6,-0.585,4.E-02));
#3385 = VECTOR('',#3386,1.);
#3386 = DIRECTION('',(0.,1.,0.));
#3387 = ORIENTED_EDGE('',*,*,#3388,.F.);
#3388 = EDGE_CURVE('',#3324,#3381,#3389,.T.);
#3389 = LINE('',#3390,#3391);
#3390 = CARTESIAN_POINT('',(-0.6,0.545,4.E-02));
#3391 = VECTOR('',#3392,1.);
#3392 = DIRECTION('',(1.,0.,0.));
#3393 = PLANE('',#3394);
#3394 = AXIS2_PLACEMENT_3D('',#3395,#3396,#3397);
#3395 = CARTESIAN_POINT('',(-0.6,-0.585,4.E-02));
#3396 = DIRECTION('',(0.,0.,1.));
#3397 = DIRECTION('',(1.,0.,-0.));
#3398 = ADVANCED_FACE('',(#3399),#3418,.T.);
#3399 = FACE_BOUND('',#3400,.T.);
#3400 = EDGE_LOOP('',(#3401,#3409,#3416,#3417));
#3401 = ORIENTED_EDGE('',*,*,#3402,.T.);
#3402 = EDGE_CURVE('',#3316,#3403,#3405,.T.);
#3403 = VERTEX_POINT('',#3404);
#3404 = CARTESIAN_POINT('',(0.6,0.585,8.E-02));
#3405 = LINE('',#3406,#3407);
#3406 = CARTESIAN_POINT('',(-0.6,0.585,8.E-02));
#3407 = VECTOR('',#3408,1.);
#3408 = DIRECTION('',(1.,0.,0.));
#3409 = ORIENTED_EDGE('',*,*,#3410,.T.);
#3410 = EDGE_CURVE('',#3403,#3381,#3411,.T.);
#3411 = CIRCLE('',#3412,4.E-02);
#3412 = AXIS2_PLACEMENT_3D('',#3413,#3414,#3415);
#3413 = CARTESIAN_POINT('',(0.6,0.545,8.E-02));
#3414 = DIRECTION('',(-1.,0.,0.));
#3415 = DIRECTION('',(0.,0.,1.));
#3416 = ORIENTED_EDGE('',*,*,#3388,.F.);
#3417 = ORIENTED_EDGE('',*,*,#3323,.F.);
#3418 = CYLINDRICAL_SURFACE('',#3419,4.E-02);
#3419 = AXIS2_PLACEMENT_3D('',#3420,#3421,#3422);
#3420 = CARTESIAN_POINT('',(-0.6,0.545,8.E-02));
#3421 = DIRECTION('',(1.,0.,0.));
#3422 = DIRECTION('',(-0.,1.,0.));
#3423 = ADVANCED_FACE('',(#3424),#3442,.T.);
#3424 = FACE_BOUND('',#3425,.T.);
#3425 = EDGE_LOOP('',(#3426,#3434,#3435,#3436));
#3426 = ORIENTED_EDGE('',*,*,#3427,.F.);
#3427 = EDGE_CURVE('',#3403,#3428,#3430,.T.);
#3428 = VERTEX_POINT('',#3429);
#3429 = CARTESIAN_POINT('',(0.6,0.585,1.17));
#3430 = LINE('',#3431,#3432);
#3431 = CARTESIAN_POINT('',(0.6,0.585,4.E-02));
#3432 = VECTOR('',#3433,1.);
#3433 = DIRECTION('',(0.,0.,1.));
#3434 = ORIENTED_EDGE('',*,*,#3402,.F.);
#3435 = ORIENTED_EDGE('',*,*,#3315,.T.);
#3436 = ORIENTED_EDGE('',*,*,#3437,.T.);
#3437 = EDGE_CURVE('',#3307,#3428,#3438,.T.);
#3438 = LINE('',#3439,#3440);
#3439 = CARTESIAN_POINT('',(-0.6,0.585,1.17));
#3440 = VECTOR('',#3441,1.);
#3441 = DIRECTION('',(1.,0.,0.));
#3442 = PLANE('',#3443);
#3443 = AXIS2_PLACEMENT_3D('',#3444,#3445,#3446);
#3444 = CARTESIAN_POINT('',(-0.6,0.585,4.E-02));
#3445 = DIRECTION('',(0.,1.,0.));
#3446 = DIRECTION('',(0.,-0.,1.));
#3447 = ADVANCED_FACE('',(#3448),#3467,.T.);
#3448 = FACE_BOUND('',#3449,.T.);
#3449 = EDGE_LOOP('',(#3450,#3451,#3459,#3466));
#3450 = ORIENTED_EDGE('',*,*,#3306,.T.);
#3451 = ORIENTED_EDGE('',*,*,#3452,.T.);
#3452 = EDGE_CURVE('',#3299,#3453,#3455,.T.);
#3453 = VERTEX_POINT('',#3454);
#3454 = CARTESIAN_POINT('',(0.6,0.545,1.21));
#3455 = LINE('',#3456,#3457);
#3456 = CARTESIAN_POINT('',(-0.6,0.545,1.21));
#3457 = VECTOR('',#3458,1.);
#3458 = DIRECTION('',(1.,0.,0.));
#3459 = ORIENTED_EDGE('',*,*,#3460,.F.);
#3460 = EDGE_CURVE('',#3428,#3453,#3461,.T.);
#3461 = CIRCLE('',#3462,4.E-02);
#3462 = AXIS2_PLACEMENT_3D('',#3463,#3464,#3465);
#3463 = CARTESIAN_POINT('',(0.6,0.545,1.17));
#3464 = DIRECTION('',(1.,0.,-0.));
#3465 = DIRECTION('',(0.,0.,1.));
#3466 = ORIENTED_EDGE('',*,*,#3437,.F.);
#3467 = CYLINDRICAL_SURFACE('',#3468,4.E-02);
#3468 = AXIS2_PLACEMENT_3D('',#3469,#3470,#3471);
#3469 = CARTESIAN_POINT('',(-0.6,0.545,1.17));
#3470 = DIRECTION('',(1.,0.,0.));
#3471 = DIRECTION('',(-0.,1.,0.));
#3472 = ADVANCED_FACE('',(#3473),#3491,.T.);
#3473 = FACE_BOUND('',#3474,.T.);
#3474 = EDGE_LOOP('',(#3475,#3476,#3484,#3490));
#3475 = ORIENTED_EDGE('',*,*,#3298,.F.);
#3476 = ORIENTED_EDGE('',*,*,#3477,.T.);
#3477 = EDGE_CURVE('',#3290,#3478,#3480,.T.);
#3478 = VERTEX_POINT('',#3479);
#3479 = CARTESIAN_POINT('',(0.6,-0.545,1.21));
#3480 = LINE('',#3481,#3482);
#3481 = CARTESIAN_POINT('',(-0.6,-0.545,1.21));
#3482 = VECTOR('',#3483,1.);
#3483 = DIRECTION('',(1.,0.,0.));
#3484 = ORIENTED_EDGE('',*,*,#3485,.T.);
#3485 = EDGE_CURVE('',#3478,#3453,#3486,.T.);
#3486 = LINE('',#3487,#3488);
#3487 = CARTESIAN_POINT('',(0.6,-0.585,1.21));
#3488 = VECTOR('',#3489,1.);
#3489 = DIRECTION('',(0.,1.,0.));
#3490 = ORIENTED_EDGE('',*,*,#3452,.F.);
#3491 = PLANE('',#3492);
#3492 = AXIS2_PLACEMENT_3D('',#3493,#3494,#3495);
#3493 = CARTESIAN_POINT('',(-0.6,-0.585,1.21));
#3494 = DIRECTION('',(0.,0.,1.));
#3495 = DIRECTION('',(1.,0.,-0.));
#3496 = ADVANCED_FACE('',(#3497),#3516,.T.);
#3497 = FACE_BOUND('',#3498,.T.);
#3498 = EDGE_LOOP('',(#3499,#3507,#3514,#3515));
#3499 = ORIENTED_EDGE('',*,*,#3500,.T.);
#3500 = EDGE_CURVE('',#3282,#3501,#3503,.T.);
#3501 = VERTEX_POINT('',#3502);
#3502 = CARTESIAN_POINT('',(0.6,-0.585,1.17));
#3503 = LINE('',#3504,#3505);
#3504 = CARTESIAN_POINT('',(-0.6,-0.585,1.17));
#3505 = VECTOR('',#3506,1.);
#3506 = DIRECTION('',(1.,0.,0.));
#3507 = ORIENTED_EDGE('',*,*,#3508,.T.);
#3508 = EDGE_CURVE('',#3501,#3478,#3509,.T.);
#3509 = CIRCLE('',#3510,4.E-02);
#3510 = AXIS2_PLACEMENT_3D('',#3511,#3512,#3513);
#3511 = CARTESIAN_POINT('',(0.6,-0.545,1.17));
#3512 = DIRECTION('',(-1.,0.,0.));
#3513 = DIRECTION('',(0.,0.,1.));
#3514 = ORIENTED_EDGE('',*,*,#3477,.F.);
#3515 = ORIENTED_EDGE('',*,*,#3289,.F.);
#3516 = CYLINDRICAL_SURFACE('',#3517,4.E-02);
#3517 = AXIS2_PLACEMENT_3D('',#3518,#3519,#3520);
#3518 = CARTESIAN_POINT('',(-0.6,-0.545,1.17));
#3519 = DIRECTION('',(1.,0.,0.));
#3520 = DIRECTION('',(0.,-1.,0.));
#3521 = ADVANCED_FACE('',(#3522),#3533,.F.);
#3522 = FACE_BOUND('',#3523,.F.);
#3523 = EDGE_LOOP('',(#3524,#3530,#3531,#3532));
#3524 = ORIENTED_EDGE('',*,*,#3525,.F.);
#3525 = EDGE_CURVE('',#3356,#3501,#3526,.T.);
#3526 = LINE('',#3527,#3528);
#3527 = CARTESIAN_POINT('',(0.6,-0.585,4.E-02));
#3528 = VECTOR('',#3529,1.);
#3529 = DIRECTION('',(0.,0.,1.));
#3530 = ORIENTED_EDGE('',*,*,#3364,.F.);
#3531 = ORIENTED_EDGE('',*,*,#3281,.T.);
#3532 = ORIENTED_EDGE('',*,*,#3500,.T.);
#3533 = PLANE('',#3534);
#3534 = AXIS2_PLACEMENT_3D('',#3535,#3536,#3537);
#3535 = CARTESIAN_POINT('',(-0.6,-0.585,4.E-02));
#3536 = DIRECTION('',(0.,1.,0.));
#3537 = DIRECTION('',(0.,-0.,1.));
#3538 = ADVANCED_FACE('',(#3539,#3609),#3619,.F.);
#3539 = FACE_BOUND('',#3540,.F.);
#3540 = EDGE_LOOP('',(#3541,#3551,#3560,#3568,#3577,#3585,#3594,#3602));
#3541 = ORIENTED_EDGE('',*,*,#3542,.F.);
#3542 = EDGE_CURVE('',#3543,#3545,#3547,.T.);
#3543 = VERTEX_POINT('',#3544);
#3544 = CARTESIAN_POINT('',(0.6,-0.625,4.E-02));
#3545 = VERTEX_POINT('',#3546);
#3546 = CARTESIAN_POINT('',(0.6,-0.625,1.21));
#3547 = LINE('',#3548,#3549);
#3548 = CARTESIAN_POINT('',(0.6,-0.625,0.));
#3549 = VECTOR('',#3550,1.);
#3550 = DIRECTION('',(0.,0.,1.));
#3551 = ORIENTED_EDGE('',*,*,#3552,.T.);
#3552 = EDGE_CURVE('',#3543,#3553,#3555,.T.);
#3553 = VERTEX_POINT('',#3554);
#3554 = CARTESIAN_POINT('',(0.6,-0.585,0.));
#3555 = CIRCLE('',#3556,4.E-02);
#3556 = AXIS2_PLACEMENT_3D('',#3557,#3558,#3559);
#3557 = CARTESIAN_POINT('',(0.6,-0.585,4.E-02));
#3558 = DIRECTION('',(1.,0.,-0.));
#3559 = DIRECTION('',(0.,0.,1.));
#3560 = ORIENTED_EDGE('',*,*,#3561,.T.);
#3561 = EDGE_CURVE('',#3553,#3562,#3564,.T.);
#3562 = VERTEX_POINT('',#3563);
#3563 = CARTESIAN_POINT('',(0.6,0.585,0.));
#3564 = LINE('',#3565,#3566);
#3565 = CARTESIAN_POINT('',(0.6,-0.625,0.));
#3566 = VECTOR('',#3567,1.);
#3567 = DIRECTION('',(0.,1.,0.));
#3568 = ORIENTED_EDGE('',*,*,#3569,.F.);
#3569 = EDGE_CURVE('',#3570,#3562,#3572,.T.);
#3570 = VERTEX_POINT('',#3571);
#3571 = CARTESIAN_POINT('',(0.6,0.625,4.E-02));
#3572 = CIRCLE('',#3573,4.E-02);
#3573 = AXIS2_PLACEMENT_3D('',#3574,#3575,#3576);
#3574 = CARTESIAN_POINT('',(0.6,0.585,4.E-02));
#3575 = DIRECTION('',(-1.,0.,0.));
#3576 = DIRECTION('',(0.,0.,1.));
#3577 = ORIENTED_EDGE('',*,*,#3578,.T.);
#3578 = EDGE_CURVE('',#3570,#3579,#3581,.T.);
#3579 = VERTEX_POINT('',#3580);
#3580 = CARTESIAN_POINT('',(0.6,0.625,1.21));
#3581 = LINE('',#3582,#3583);
#3582 = CARTESIAN_POINT('',(0.6,0.625,0.));
#3583 = VECTOR('',#3584,1.);
#3584 = DIRECTION('',(0.,0.,1.));
#3585 = ORIENTED_EDGE('',*,*,#3586,.T.);
#3586 = EDGE_CURVE('',#3579,#3587,#3589,.T.);
#3587 = VERTEX_POINT('',#3588);
#3588 = CARTESIAN_POINT('',(0.6,0.585,1.25));
#3589 = CIRCLE('',#3590,4.E-02);
#3590 = AXIS2_PLACEMENT_3D('',#3591,#3592,#3593);
#3591 = CARTESIAN_POINT('',(0.6,0.585,1.21));
#3592 = DIRECTION('',(1.,0.,-0.));
#3593 = DIRECTION('',(0.,0.,1.));
#3594 = ORIENTED_EDGE('',*,*,#3595,.F.);
#3595 = EDGE_CURVE('',#3596,#3587,#3598,.T.);
#3596 = VERTEX_POINT('',#3597);
#3597 = CARTESIAN_POINT('',(0.6,-0.585,1.25));
#3598 = LINE('',#3599,#3600);
#3599 = CARTESIAN_POINT('',(0.6,-0.625,1.25));
#3600 = VECTOR('',#3601,1.);
#3601 = DIRECTION('',(0.,1.,0.));
#3602 = ORIENTED_EDGE('',*,*,#3603,.F.);
#3603 = EDGE_CURVE('',#3545,#3596,#3604,.T.);
#3604 = CIRCLE('',#3605,4.E-02);
#3605 = AXIS2_PLACEMENT_3D('',#3606,#3607,#3608);
#3606 = CARTESIAN_POINT('',(0.6,-0.585,1.21));
#3607 = DIRECTION('',(-1.,0.,0.));
#3608 = DIRECTION('',(0.,0.,1.));
#3609 = FACE_BOUND('',#3610,.F.);
#3610 = EDGE_LOOP('',(#3611,#3612,#3613,#3614,#3615,#3616,#3617,#3618));
#3611 = ORIENTED_EDGE('',*,*,#3355,.F.);
#3612 = ORIENTED_EDGE('',*,*,#3525,.T.);
#3613 = ORIENTED_EDGE('',*,*,#3508,.T.);
#3614 = ORIENTED_EDGE('',*,*,#3485,.T.);
#3615 = ORIENTED_EDGE('',*,*,#3460,.F.);
#3616 = ORIENTED_EDGE('',*,*,#3427,.F.);
#3617 = ORIENTED_EDGE('',*,*,#3410,.T.);
#3618 = ORIENTED_EDGE('',*,*,#3380,.F.);
#3619 = PLANE('',#3620);
#3620 = AXIS2_PLACEMENT_3D('',#3621,#3622,#3623);
#3621 = CARTESIAN_POINT('',(0.6,-0.625,0.));
#3622 = DIRECTION('',(1.,0.,0.));
#3623 = DIRECTION('',(0.,0.,1.));
#3624 = ADVANCED_FACE('',(#3625),#3650,.F.);
#3625 = FACE_BOUND('',#3626,.F.);
#3626 = EDGE_LOOP('',(#3627,#3637,#3643,#3644));
#3627 = ORIENTED_EDGE('',*,*,#3628,.F.);
#3628 = EDGE_CURVE('',#3629,#3631,#3633,.T.);
#3629 = VERTEX_POINT('',#3630);
#3630 = CARTESIAN_POINT('',(1.,-0.625,4.E-02));
#3631 = VERTEX_POINT('',#3632);
#3632 = CARTESIAN_POINT('',(1.,-0.625,1.21));
#3633 = LINE('',#3634,#3635);
#3634 = CARTESIAN_POINT('',(1.,-0.625,0.));
#3635 = VECTOR('',#3636,1.);
#3636 = DIRECTION('',(0.,0.,1.));
#3637 = ORIENTED_EDGE('',*,*,#3638,.F.);
#3638 = EDGE_CURVE('',#3543,#3629,#3639,.T.);
#3639 = LINE('',#3640,#3641);
#3640 = CARTESIAN_POINT('',(0.6,-0.625,4.E-02));
#3641 = VECTOR('',#3642,1.);
#3642 = DIRECTION('',(1.,0.,0.));
#3643 = ORIENTED_EDGE('',*,*,#3542,.T.);
#3644 = ORIENTED_EDGE('',*,*,#3645,.T.);
#3645 = EDGE_CURVE('',#3545,#3631,#3646,.T.);
#3646 = LINE('',#3647,#3648);
#3647 = CARTESIAN_POINT('',(0.6,-0.625,1.21));
#3648 = VECTOR('',#3649,1.);
#3649 = DIRECTION('',(1.,0.,0.));
#3650 = PLANE('',#3651);
#3651 = AXIS2_PLACEMENT_3D('',#3652,#3653,#3654);
#3652 = CARTESIAN_POINT('',(0.6,-0.625,0.));
#3653 = DIRECTION('',(0.,1.,0.));
#3654 = DIRECTION('',(0.,-0.,1.));
#3655 = ADVANCED_FACE('',(#3656),#3675,.T.);
#3656 = FACE_BOUND('',#3657,.T.);
#3657 = EDGE_LOOP('',(#3658,#3659,#3667,#3674));
#3658 = ORIENTED_EDGE('',*,*,#3552,.T.);
#3659 = ORIENTED_EDGE('',*,*,#3660,.T.);
#3660 = EDGE_CURVE('',#3553,#3661,#3663,.T.);
#3661 = VERTEX_POINT('',#3662);
#3662 = CARTESIAN_POINT('',(1.,-0.585,0.));
#3663 = LINE('',#3664,#3665);
#3664 = CARTESIAN_POINT('',(0.6,-0.585,0.));
#3665 = VECTOR('',#3666,1.);
#3666 = DIRECTION('',(1.,0.,0.));
#3667 = ORIENTED_EDGE('',*,*,#3668,.F.);
#3668 = EDGE_CURVE('',#3629,#3661,#3669,.T.);
#3669 = CIRCLE('',#3670,4.E-02);
#3670 = AXIS2_PLACEMENT_3D('',#3671,#3672,#3673);
#3671 = CARTESIAN_POINT('',(1.,-0.585,4.E-02));
#3672 = DIRECTION('',(1.,0.,-0.));
#3673 = DIRECTION('',(0.,0.,1.));
#3674 = ORIENTED_EDGE('',*,*,#3638,.F.);
#3675 = CYLINDRICAL_SURFACE('',#3676,4.E-02);
#3676 = AXIS2_PLACEMENT_3D('',#3677,#3678,#3679);
#3677 = CARTESIAN_POINT('',(0.6,-0.585,4.E-02));
#3678 = DIRECTION('',(1.,0.,0.));
#3679 = DIRECTION('',(0.,-1.,0.));
#3680 = ADVANCED_FACE('',(#3681),#3700,.T.);
#3681 = FACE_BOUND('',#3682,.T.);
#3682 = EDGE_LOOP('',(#3683,#3684,#3693,#3699));
#3683 = ORIENTED_EDGE('',*,*,#3645,.T.);
#3684 = ORIENTED_EDGE('',*,*,#3685,.T.);
#3685 = EDGE_CURVE('',#3631,#3686,#3688,.T.);
#3686 = VERTEX_POINT('',#3687);
#3687 = CARTESIAN_POINT('',(1.,-0.585,1.25));
#3688 = CIRCLE('',#3689,4.E-02);
#3689 = AXIS2_PLACEMENT_3D('',#3690,#3691,#3692);
#3690 = CARTESIAN_POINT('',(1.,-0.585,1.21));
#3691 = DIRECTION('',(-1.,0.,0.));
#3692 = DIRECTION('',(0.,0.,1.));
#3693 = ORIENTED_EDGE('',*,*,#3694,.F.);
#3694 = EDGE_CURVE('',#3596,#3686,#3695,.T.);
#3695 = LINE('',#3696,#3697);
#3696 = CARTESIAN_POINT('',(0.6,-0.585,1.25));
#3697 = VECTOR('',#3698,1.);
#3698 = DIRECTION('',(1.,0.,0.));
#3699 = ORIENTED_EDGE('',*,*,#3603,.F.);
#3700 = CYLINDRICAL_SURFACE('',#3701,4.E-02);
#3701 = AXIS2_PLACEMENT_3D('',#3702,#3703,#3704);
#3702 = CARTESIAN_POINT('',(0.6,-0.585,1.21));
#3703 = DIRECTION('',(1.,0.,0.));
#3704 = DIRECTION('',(0.,-1.,0.));
#3705 = ADVANCED_FACE('',(#3706),#3724,.F.);
#3706 = FACE_BOUND('',#3707,.F.);
#3707 = EDGE_LOOP('',(#3708,#3709,#3710,#3718));
#3708 = ORIENTED_EDGE('',*,*,#3561,.F.);
#3709 = ORIENTED_EDGE('',*,*,#3660,.T.);
#3710 = ORIENTED_EDGE('',*,*,#3711,.T.);
#3711 = EDGE_CURVE('',#3661,#3712,#3714,.T.);
#3712 = VERTEX_POINT('',#3713);
#3713 = CARTESIAN_POINT('',(1.,0.585,0.));
#3714 = LINE('',#3715,#3716);
#3715 = CARTESIAN_POINT('',(1.,-0.625,0.));
#3716 = VECTOR('',#3717,1.);
#3717 = DIRECTION('',(0.,1.,0.));
#3718 = ORIENTED_EDGE('',*,*,#3719,.F.);
#3719 = EDGE_CURVE('',#3562,#3712,#3720,.T.);
#3720 = LINE('',#3721,#3722);
#3721 = CARTESIAN_POINT('',(0.6,0.585,0.));
#3722 = VECTOR('',#3723,1.);
#3723 = DIRECTION('',(1.,0.,0.));
#3724 = PLANE('',#3725);
#3725 = AXIS2_PLACEMENT_3D('',#3726,#3727,#3728);
#3726 = CARTESIAN_POINT('',(0.6,-0.625,0.));
#3727 = DIRECTION('',(0.,0.,1.));
#3728 = DIRECTION('',(1.,0.,-0.));
#3729 = ADVANCED_FACE('',(#3730),#3748,.T.);
#3730 = FACE_BOUND('',#3731,.T.);
#3731 = EDGE_LOOP('',(#3732,#3733,#3734,#3742));
#3732 = ORIENTED_EDGE('',*,*,#3595,.F.);
#3733 = ORIENTED_EDGE('',*,*,#3694,.T.);
#3734 = ORIENTED_EDGE('',*,*,#3735,.T.);
#3735 = EDGE_CURVE('',#3686,#3736,#3738,.T.);
#3736 = VERTEX_POINT('',#3737);
#3737 = CARTESIAN_POINT('',(1.,0.585,1.25));
#3738 = LINE('',#3739,#3740);
#3739 = CARTESIAN_POINT('',(1.,-0.625,1.25));
#3740 = VECTOR('',#3741,1.);
#3741 = DIRECTION('',(0.,1.,0.));
#3742 = ORIENTED_EDGE('',*,*,#3743,.F.);
#3743 = EDGE_CURVE('',#3587,#3736,#3744,.T.);
#3744 = LINE('',#3745,#3746);
#3745 = CARTESIAN_POINT('',(0.6,0.585,1.25));
#3746 = VECTOR('',#3747,1.);
#3747 = DIRECTION('',(1.,0.,0.));
#3748 = PLANE('',#3749);
#3749 = AXIS2_PLACEMENT_3D('',#3750,#3751,#3752);
#3750 = CARTESIAN_POINT('',(0.6,-0.625,1.25));
#3751 = DIRECTION('',(0.,0.,1.));
#3752 = DIRECTION('',(1.,0.,-0.));
#3753 = ADVANCED_FACE('',(#3754),#3773,.T.);
#3754 = FACE_BOUND('',#3755,.T.);
#3755 = EDGE_LOOP('',(#3756,#3764,#3771,#3772));
#3756 = ORIENTED_EDGE('',*,*,#3757,.T.);
#3757 = EDGE_CURVE('',#3570,#3758,#3760,.T.);
#3758 = VERTEX_POINT('',#3759);
#3759 = CARTESIAN_POINT('',(1.,0.625,4.E-02));
#3760 = LINE('',#3761,#3762);
#3761 = CARTESIAN_POINT('',(0.6,0.625,4.E-02));
#3762 = VECTOR('',#3763,1.);
#3763 = DIRECTION('',(1.,0.,0.));
#3764 = ORIENTED_EDGE('',*,*,#3765,.T.);
#3765 = EDGE_CURVE('',#3758,#3712,#3766,.T.);
#3766 = CIRCLE('',#3767,4.E-02);
#3767 = AXIS2_PLACEMENT_3D('',#3768,#3769,#3770);
#3768 = CARTESIAN_POINT('',(1.,0.585,4.E-02));
#3769 = DIRECTION('',(-1.,0.,0.));
#3770 = DIRECTION('',(0.,0.,1.));
#3771 = ORIENTED_EDGE('',*,*,#3719,.F.);
#3772 = ORIENTED_EDGE('',*,*,#3569,.F.);
#3773 = CYLINDRICAL_SURFACE('',#3774,4.E-02);
#3774 = AXIS2_PLACEMENT_3D('',#3775,#3776,#3777);
#3775 = CARTESIAN_POINT('',(0.6,0.585,4.E-02));
#3776 = DIRECTION('',(1.,0.,0.));
#3777 = DIRECTION('',(-0.,1.,0.));
#3778 = ADVANCED_FACE('',(#3779),#3798,.T.);
#3779 = FACE_BOUND('',#3780,.T.);
#3780 = EDGE_LOOP('',(#3781,#3782,#3783,#3792));
#3781 = ORIENTED_EDGE('',*,*,#3586,.T.);
#3782 = ORIENTED_EDGE('',*,*,#3743,.T.);
#3783 = ORIENTED_EDGE('',*,*,#3784,.F.);
#3784 = EDGE_CURVE('',#3785,#3736,#3787,.T.);
#3785 = VERTEX_POINT('',#3786);
#3786 = CARTESIAN_POINT('',(1.,0.625,1.21));
#3787 = CIRCLE('',#3788,4.E-02);
#3788 = AXIS2_PLACEMENT_3D('',#3789,#3790,#3791);
#3789 = CARTESIAN_POINT('',(1.,0.585,1.21));
#3790 = DIRECTION('',(1.,0.,-0.));
#3791 = DIRECTION('',(0.,0.,1.));
#3792 = ORIENTED_EDGE('',*,*,#3793,.F.);
#3793 = EDGE_CURVE('',#3579,#3785,#3794,.T.);
#3794 = LINE('',#3795,#3796);
#3795 = CARTESIAN_POINT('',(0.6,0.625,1.21));
#3796 = VECTOR('',#3797,1.);
#3797 = DIRECTION('',(1.,0.,0.));
#3798 = CYLINDRICAL_SURFACE('',#3799,4.E-02);
#3799 = AXIS2_PLACEMENT_3D('',#3800,#3801,#3802);
#3800 = CARTESIAN_POINT('',(0.6,0.585,1.21));
#3801 = DIRECTION('',(1.,0.,0.));
#3802 = DIRECTION('',(-0.,1.,0.));
#3803 = ADVANCED_FACE('',(#3804),#3815,.T.);
#3804 = FACE_BOUND('',#3805,.T.);
#3805 = EDGE_LOOP('',(#3806,#3812,#3813,#3814));
#3806 = ORIENTED_EDGE('',*,*,#3807,.F.);
#3807 = EDGE_CURVE('',#3758,#3785,#3808,.T.);
#3808 = LINE('',#3809,#3810);
#3809 = CARTESIAN_POINT('',(1.,0.625,0.));
#3810 = VECTOR('',#3811,1.);
#3811 = DIRECTION('',(0.,0.,1.));
#3812 = ORIENTED_EDGE('',*,*,#3757,.F.);
#3813 = ORIENTED_EDGE('',*,*,#3578,.T.);
#3814 = ORIENTED_EDGE('',*,*,#3793,.T.);
#3815 = PLANE('',#3816);
#3816 = AXIS2_PLACEMENT_3D('',#3817,#3818,#3819);
#3817 = CARTESIAN_POINT('',(0.6,0.625,0.));
#3818 = DIRECTION('',(0.,1.,0.));
#3819 = DIRECTION('',(0.,-0.,1.));
#3820 = ADVANCED_FACE('',(#3821),#3831,.T.);
#3821 = FACE_BOUND('',#3822,.T.);
#3822 = EDGE_LOOP('',(#3823,#3824,#3825,#3826,#3827,#3828,#3829,#3830));
#3823 = ORIENTED_EDGE('',*,*,#3628,.F.);
#3824 = ORIENTED_EDGE('',*,*,#3668,.T.);
#3825 = ORIENTED_EDGE('',*,*,#3711,.T.);
#3826 = ORIENTED_EDGE('',*,*,#3765,.F.);
#3827 = ORIENTED_EDGE('',*,*,#3807,.T.);
#3828 = ORIENTED_EDGE('',*,*,#3784,.T.);
#3829 = ORIENTED_EDGE('',*,*,#3735,.F.);
#3830 = ORIENTED_EDGE('',*,*,#3685,.F.);
#3831 = PLANE('',#3832);
#3832 = AXIS2_PLACEMENT_3D('',#3833,#3834,#3835);
#3833 = CARTESIAN_POINT('',(1.,-0.625,0.));
#3834 = DIRECTION('',(1.,0.,0.));
#3835 = DIRECTION('',(0.,0.,1.));
#3836 = ( GEOMETRIC_REPRESENTATION_CONTEXT(3) 
GLOBAL_UNCERTAINTY_ASSIGNED_CONTEXT((#3840)) 
GLOBAL_UNIT_ASSIGNED_CONTEXT((#3837,#3838,#3839)) REPRESENTATION_CONTEXT
('Context #1','3D Context with UNIT and UNCERTAINTY') );
#3837 = ( LENGTH_UNIT() NAMED_UNIT(*) SI_UNIT(.MILLI.,.METRE.) );
#3838 = ( NAMED_UNIT(*) PLANE_ANGLE_UNIT() SI_UNIT($,.RADIAN.) );
#3839 = ( NAMED_UNIT(*) SI_UNIT($,.STERADIAN.) SOLID_ANGLE_UNIT() );
#3840 = UNCERTAINTY_MEASURE_WITH_UNIT(LENGTH_MEASURE(1.E-07),#3837,
  'distance_accuracy_value','confusion accuracy');
#3841 = CONTEXT_DEPENDENT_SHAPE_REPRESENTATION(#3842,#3844);
#3842 = ( REPRESENTATION_RELATIONSHIP('','',#2981,#2958) 
REPRESENTATION_RELATIONSHIP_WITH_TRANSFORMATION(#3843) 
SHAPE_REPRESENTATION_RELATIONSHIP() );
#3843 = ITEM_DEFINED_TRANSFORMATION('','',#11,#2959);
#3844 = PRODUCT_DEFINITION_SHAPE('Placement','Placement of an item',
  #3845);
#3845 = NEXT_ASSEMBLY_USAGE_OCCURRENCE('3','=>[0:1:1:5]','',#2953,#2976,
  $);
#3846 = PRODUCT_RELATED_PRODUCT_CATEGORY('part',$,(#2978));
#3847 = CONTEXT_DEPENDENT_SHAPE_REPRESENTATION(#3848,#3850);
#3848 = ( REPRESENTATION_RELATIONSHIP('','',#2958,#10) 
REPRESENTATION_RELATIONSHIP_WITH_TRANSFORMATION(#3849) 
SHAPE_REPRESENTATION_RELATIONSHIP() );
#3849 = ITEM_DEFINED_TRANSFORMATION('','',#11,#23);
#3850 = PRODUCT_DEFINITION_SHAPE('Placement','Placement of an item',
  #3851);
#3851 = NEXT_ASSEMBLY_USAGE_OCCURRENCE('5','C13','',#5,#2953,$);
#3852 = CONTEXT_DEPENDENT_SHAPE_REPRESENTATION(#3853,#3855);
#3853 = ( REPRESENTATION_RELATIONSHIP('','',#2958,#10) 
REPRESENTATION_RELATIONSHIP_WITH_TRANSFORMATION(#3854) 
SHAPE_REPRESENTATION_RELATIONSHIP() );
#3854 = ITEM_DEFINED_TRANSFORMATION('','',#11,#27);
#3855 = PRODUCT_DEFINITION_SHAPE('Placement','Placement of an item',
  #3856);
#3856 = NEXT_ASSEMBLY_USAGE_OCCURRENCE('6','C2','',#5,#2953,$);
#3857 = CONTEXT_DEPENDENT_SHAPE_REPRESENTATION(#3858,#3860);
#3858 = ( REPRESENTATION_RELATIONSHIP('','',#2958,#10) 
REPRESENTATION_RELATIONSHIP_WITH_TRANSFORMATION(#3859) 
SHAPE_REPRESENTATION_RELATIONSHIP() );
#3859 = ITEM_DEFINED_TRANSFORMATION('','',#11,#31);
#3860 = PRODUCT_DEFINITION_SHAPE('Placement','Placement of an item',
  #3861);
#3861 = NEXT_ASSEMBLY_USAGE_OCCURRENCE('7','C1','',#5,#2953,$);
#3862 = CONTEXT_DEPENDENT_SHAPE_REPRESENTATION(#3863,#3865);
#3863 = ( REPRESENTATION_RELATIONSHIP('','',#2958,#10) 
REPRESENTATION_RELATIONSHIP_WITH_TRANSFORMATION(#3864) 
SHAPE_REPRESENTATION_RELATIONSHIP() );
#3864 = ITEM_DEFINED_TRANSFORMATION('','',#11,#35);
#3865 = PRODUCT_DEFINITION_SHAPE('Placement','Placement of an item',
  #3866);
#3866 = NEXT_ASSEMBLY_USAGE_OCCURRENCE('8','C5','',#5,#2953,$);
#3867 = SHAPE_DEFINITION_REPRESENTATION(#3868,#3874);
#3868 = PRODUCT_DEFINITION_SHAPE('','',#3869);
#3869 = PRODUCT_DEFINITION('design','',#3870,#3873);
#3870 = PRODUCT_DEFINITION_FORMATION('','',#3871);
#3871 = PRODUCT('R_0402_1005Metric','R_0402_1005Metric','',(#3872));
#3872 = PRODUCT_CONTEXT('',#2,'mechanical');
#3873 = PRODUCT_DEFINITION_CONTEXT('part definition',#2,'design');
#3874 = SHAPE_REPRESENTATION('',(#11,#3875),#3879);
#3875 = AXIS2_PLACEMENT_3D('',#3876,#3877,#3878);
#3876 = CARTESIAN_POINT('',(0.,0.,0.));
#3877 = DIRECTION('',(0.,0.,1.));
#3878 = DIRECTION('',(1.,0.,-0.));
#3879 = ( GEOMETRIC_REPRESENTATION_CONTEXT(3) 
GLOBAL_UNCERTAINTY_ASSIGNED_CONTEXT((#3883)) 
GLOBAL_UNIT_ASSIGNED_CONTEXT((#3880,#3881,#3882)) REPRESENTATION_CONTEXT
('Context #1','3D Context with UNIT and UNCERTAINTY') );
#3880 = ( LENGTH_UNIT() NAMED_UNIT(*) SI_UNIT(.MILLI.,.METRE.) );
#3881 = ( NAMED_UNIT(*) PLANE_ANGLE_UNIT() SI_UNIT($,.RADIAN.) );
#3882 = ( NAMED_UNIT(*) SI_UNIT($,.STERADIAN.) SOLID_ANGLE_UNIT() );
#3883 = UNCERTAINTY_MEASURE_WITH_UNIT(LENGTH_MEASURE(1.E-07),#3880,
  'distance_accuracy_value','confusion accuracy');
#3884 = CONTEXT_DEPENDENT_SHAPE_REPRESENTATION(#3885,#3887);
#3885 = ( REPRESENTATION_RELATIONSHIP('','',#3874,#10) 
REPRESENTATION_RELATIONSHIP_WITH_TRANSFORMATION(#3886) 
SHAPE_REPRESENTATION_RELATIONSHIP() );
#3886 = ITEM_DEFINED_TRANSFORMATION('','',#11,#39);
#3887 = PRODUCT_DEFINITION_SHAPE('Placement','Placement of an item',
  #3888);
#3888 = NEXT_ASSEMBLY_USAGE_OCCURRENCE('10','R3','',#5,#3869,$);
#3889 = PRODUCT_RELATED_PRODUCT_CATEGORY('part',$,(#3871));
#3890 = SHAPE_DEFINITION_REPRESENTATION(#3891,#3897);
#3891 = PRODUCT_DEFINITION_SHAPE('','',#3892);
#3892 = PRODUCT_DEFINITION('design','',#3893,#3896);
#3893 = PRODUCT_DEFINITION_FORMATION('','',#3894);
#3894 = PRODUCT('R_0402_1005Metric','R_0402_1005Metric','',(#3895));
#3895 = PRODUCT_CONTEXT('',#2,'mechanical');
#3896 = PRODUCT_DEFINITION_CONTEXT('part definition',#2,'design');
#3897 = ADVANCED_BREP_SHAPE_REPRESENTATION('',(#11,#3898),#4688);
#3898 = MANIFOLD_SOLID_BREP('',#3899);
#3899 = CLOSED_SHELL('',(#3900,#3940,#4023,#4048,#4073,#4140,#4157,#4174
    ,#4223,#4240,#4257,#4306,#4323,#4392,#4423,#4447,#4516,#4540,#4557,
    #4574,#4591,#4608,#4625,#4642,#4659,#4676));
#3900 = ADVANCED_FACE('',(#3901),#3935,.F.);
#3901 = FACE_BOUND('',#3902,.F.);
#3902 = EDGE_LOOP('',(#3903,#3913,#3921,#3929));
#3903 = ORIENTED_EDGE('',*,*,#3904,.F.);
#3904 = EDGE_CURVE('',#3905,#3907,#3909,.T.);
#3905 = VERTEX_POINT('',#3906);
#3906 = CARTESIAN_POINT('',(-0.5,-0.25,3.5E-02));
#3907 = VERTEX_POINT('',#3908);
#3908 = CARTESIAN_POINT('',(-0.5,-0.25,0.315));
#3909 = LINE('',#3910,#3911);
#3910 = CARTESIAN_POINT('',(-0.5,-0.25,0.));
#3911 = VECTOR('',#3912,1.);
#3912 = DIRECTION('',(0.,0.,1.));
#3913 = ORIENTED_EDGE('',*,*,#3914,.T.);
#3914 = EDGE_CURVE('',#3905,#3915,#3917,.T.);
#3915 = VERTEX_POINT('',#3916);
#3916 = CARTESIAN_POINT('',(-0.5,0.25,3.5E-02));
#3917 = LINE('',#3918,#3919);
#3918 = CARTESIAN_POINT('',(-0.5,-0.25,3.5E-02));
#3919 = VECTOR('',#3920,1.);
#3920 = DIRECTION('',(0.,1.,0.));
#3921 = ORIENTED_EDGE('',*,*,#3922,.T.);
#3922 = EDGE_CURVE('',#3915,#3923,#3925,.T.);
#3923 = VERTEX_POINT('',#3924);
#3924 = CARTESIAN_POINT('',(-0.5,0.25,0.315));
#3925 = LINE('',#3926,#3927);
#3926 = CARTESIAN_POINT('',(-0.5,0.25,0.));
#3927 = VECTOR('',#3928,1.);
#3928 = DIRECTION('',(0.,0.,1.));
#3929 = ORIENTED_EDGE('',*,*,#3930,.F.);
#3930 = EDGE_CURVE('',#3907,#3923,#3931,.T.);
#3931 = LINE('',#3932,#3933);
#3932 = CARTESIAN_POINT('',(-0.5,-0.25,0.315));
#3933 = VECTOR('',#3934,1.);
#3934 = DIRECTION('',(0.,1.,0.));
#3935 = PLANE('',#3936);
#3936 = AXIS2_PLACEMENT_3D('',#3937,#3938,#3939);
#3937 = CARTESIAN_POINT('',(-0.5,-0.25,0.));
#3938 = DIRECTION('',(1.,0.,0.));
#3939 = DIRECTION('',(0.,0.,1.));
#3940 = ADVANCED_FACE('',(#3941),#4018,.F.);
#3941 = FACE_BOUND('',#3942,.F.);
#3942 = EDGE_LOOP('',(#3943,#3953,#3960,#3961,#3970,#3978,#3987,#3995,
    #4003,#4011));
#3943 = ORIENTED_EDGE('',*,*,#3944,.F.);
#3944 = EDGE_CURVE('',#3945,#3947,#3949,.T.);
#3945 = VERTEX_POINT('',#3946);
#3946 = CARTESIAN_POINT('',(-0.465,-0.25,-2.775557561563E-17));
#3947 = VERTEX_POINT('',#3948);
#3948 = CARTESIAN_POINT('',(-0.335,-0.25,-2.775557561563E-17));
#3949 = LINE('',#3950,#3951);
#3950 = CARTESIAN_POINT('',(-0.5,-0.25,0.));
#3951 = VECTOR('',#3952,1.);
#3952 = DIRECTION('',(1.,0.,0.));
#3953 = ORIENTED_EDGE('',*,*,#3954,.F.);
#3954 = EDGE_CURVE('',#3905,#3945,#3955,.T.);
#3955 = CIRCLE('',#3956,3.5E-02);
#3956 = AXIS2_PLACEMENT_3D('',#3957,#3958,#3959);
#3957 = CARTESIAN_POINT('',(-0.465,-0.25,3.5E-02));
#3958 = DIRECTION('',(0.,-1.,0.));
#3959 = DIRECTION('',(0.,0.,1.));
#3960 = ORIENTED_EDGE('',*,*,#3904,.T.);
#3961 = ORIENTED_EDGE('',*,*,#3962,.T.);
#3962 = EDGE_CURVE('',#3907,#3963,#3965,.T.);
#3963 = VERTEX_POINT('',#3964);
#3964 = CARTESIAN_POINT('',(-0.465,-0.25,0.35));
#3965 = CIRCLE('',#3966,3.5E-02);
#3966 = AXIS2_PLACEMENT_3D('',#3967,#3968,#3969);
#3967 = CARTESIAN_POINT('',(-0.465,-0.25,0.315));
#3968 = DIRECTION('',(0.,1.,0.));
#3969 = DIRECTION('',(0.,-0.,1.));
#3970 = ORIENTED_EDGE('',*,*,#3971,.T.);
#3971 = EDGE_CURVE('',#3963,#3972,#3974,.T.);
#3972 = VERTEX_POINT('',#3973);
#3973 = CARTESIAN_POINT('',(-0.335,-0.25,0.35));
#3974 = LINE('',#3975,#3976);
#3975 = CARTESIAN_POINT('',(-0.5,-0.25,0.35));
#3976 = VECTOR('',#3977,1.);
#3977 = DIRECTION('',(1.,0.,0.));
#3978 = ORIENTED_EDGE('',*,*,#3979,.F.);
#3979 = EDGE_CURVE('',#3980,#3972,#3982,.T.);
#3980 = VERTEX_POINT('',#3981);
#3981 = CARTESIAN_POINT('',(-0.3,-0.25,0.315));
#3982 = CIRCLE('',#3983,3.5E-02);
#3983 = AXIS2_PLACEMENT_3D('',#3984,#3985,#3986);
#3984 = CARTESIAN_POINT('',(-0.335,-0.25,0.315));
#3985 = DIRECTION('',(0.,-1.,0.));
#3986 = DIRECTION('',(0.,0.,1.));
#3987 = ORIENTED_EDGE('',*,*,#3988,.F.);
#3988 = EDGE_CURVE('',#3989,#3980,#3991,.T.);
#3989 = VERTEX_POINT('',#3990);
#3990 = CARTESIAN_POINT('',(-0.465,-0.25,0.315));
#3991 = LINE('',#3992,#3993);
#3992 = CARTESIAN_POINT('',(-0.465,-0.25,0.315));
#3993 = VECTOR('',#3994,1.);
#3994 = DIRECTION('',(1.,0.,0.));
#3995 = ORIENTED_EDGE('',*,*,#3996,.F.);
#3996 = EDGE_CURVE('',#3997,#3989,#3999,.T.);
#3997 = VERTEX_POINT('',#3998);
#3998 = CARTESIAN_POINT('',(-0.465,-0.25,3.5E-02));
#3999 = LINE('',#4000,#4001);
#4000 = CARTESIAN_POINT('',(-0.465,-0.25,3.5E-02));
#4001 = VECTOR('',#4002,1.);
#4002 = DIRECTION('',(0.,0.,1.));
#4003 = ORIENTED_EDGE('',*,*,#4004,.T.);
#4004 = EDGE_CURVE('',#3997,#4005,#4007,.T.);
#4005 = VERTEX_POINT('',#4006);
#4006 = CARTESIAN_POINT('',(-0.3,-0.25,3.5E-02));
#4007 = LINE('',#4008,#4009);
#4008 = CARTESIAN_POINT('',(-0.465,-0.25,3.5E-02));
#4009 = VECTOR('',#4010,1.);
#4010 = DIRECTION('',(1.,0.,0.));
#4011 = ORIENTED_EDGE('',*,*,#4012,.T.);
#4012 = EDGE_CURVE('',#4005,#3947,#4013,.T.);
#4013 = CIRCLE('',#4014,3.5E-02);
#4014 = AXIS2_PLACEMENT_3D('',#4015,#4016,#4017);
#4015 = CARTESIAN_POINT('',(-0.335,-0.25,3.5E-02));
#4016 = DIRECTION('',(0.,1.,0.));
#4017 = DIRECTION('',(0.,-0.,1.));
#4018 = PLANE('',#4019);
#4019 = AXIS2_PLACEMENT_3D('',#4020,#4021,#4022);
#4020 = CARTESIAN_POINT('',(-0.5,-0.25,0.));
#4021 = DIRECTION('',(0.,1.,0.));
#4022 = DIRECTION('',(0.,-0.,1.));
#4023 = ADVANCED_FACE('',(#4024),#4043,.T.);
#4024 = FACE_BOUND('',#4025,.T.);
#4025 = EDGE_LOOP('',(#4026,#4027,#4036,#4042));
#4026 = ORIENTED_EDGE('',*,*,#3914,.T.);
#4027 = ORIENTED_EDGE('',*,*,#4028,.T.);
#4028 = EDGE_CURVE('',#3915,#4029,#4031,.T.);
#4029 = VERTEX_POINT('',#4030);
#4030 = CARTESIAN_POINT('',(-0.465,0.25,-2.775557561563E-17));
#4031 = CIRCLE('',#4032,3.5E-02);
#4032 = AXIS2_PLACEMENT_3D('',#4033,#4034,#4035);
#4033 = CARTESIAN_POINT('',(-0.465,0.25,3.5E-02));
#4034 = DIRECTION('',(0.,-1.,0.));
#4035 = DIRECTION('',(0.,0.,1.));
#4036 = ORIENTED_EDGE('',*,*,#4037,.F.);
#4037 = EDGE_CURVE('',#3945,#4029,#4038,.T.);
#4038 = LINE('',#4039,#4040);
#4039 = CARTESIAN_POINT('',(-0.465,-0.25,-2.775557561563E-17));
#4040 = VECTOR('',#4041,1.);
#4041 = DIRECTION('',(0.,1.,0.));
#4042 = ORIENTED_EDGE('',*,*,#3954,.F.);
#4043 = CYLINDRICAL_SURFACE('',#4044,3.5E-02);
#4044 = AXIS2_PLACEMENT_3D('',#4045,#4046,#4047);
#4045 = CARTESIAN_POINT('',(-0.465,-0.25,3.5E-02));
#4046 = DIRECTION('',(0.,1.,0.));
#4047 = DIRECTION('',(-1.,0.,0.));
#4048 = ADVANCED_FACE('',(#4049),#4068,.T.);
#4049 = FACE_BOUND('',#4050,.T.);
#4050 = EDGE_LOOP('',(#4051,#4052,#4060,#4067));
#4051 = ORIENTED_EDGE('',*,*,#3962,.T.);
#4052 = ORIENTED_EDGE('',*,*,#4053,.T.);
#4053 = EDGE_CURVE('',#3963,#4054,#4056,.T.);
#4054 = VERTEX_POINT('',#4055);
#4055 = CARTESIAN_POINT('',(-0.465,0.25,0.35));
#4056 = LINE('',#4057,#4058);
#4057 = CARTESIAN_POINT('',(-0.465,-0.25,0.35));
#4058 = VECTOR('',#4059,1.);
#4059 = DIRECTION('',(0.,1.,0.));
#4060 = ORIENTED_EDGE('',*,*,#4061,.F.);
#4061 = EDGE_CURVE('',#3923,#4054,#4062,.T.);
#4062 = CIRCLE('',#4063,3.5E-02);
#4063 = AXIS2_PLACEMENT_3D('',#4064,#4065,#4066);
#4064 = CARTESIAN_POINT('',(-0.465,0.25,0.315));
#4065 = DIRECTION('',(0.,1.,0.));
#4066 = DIRECTION('',(0.,-0.,1.));
#4067 = ORIENTED_EDGE('',*,*,#3930,.F.);
#4068 = CYLINDRICAL_SURFACE('',#4069,3.5E-02);
#4069 = AXIS2_PLACEMENT_3D('',#4070,#4071,#4072);
#4070 = CARTESIAN_POINT('',(-0.465,-0.25,0.315));
#4071 = DIRECTION('',(0.,1.,0.));
#4072 = DIRECTION('',(-1.,0.,0.));
#4073 = ADVANCED_FACE('',(#4074),#4135,.T.);
#4074 = FACE_BOUND('',#4075,.T.);
#4075 = EDGE_LOOP('',(#4076,#4084,#4085,#4086,#4087,#4095,#4104,#4112,
    #4120,#4128));
#4076 = ORIENTED_EDGE('',*,*,#4077,.F.);
#4077 = EDGE_CURVE('',#4029,#4078,#4080,.T.);
#4078 = VERTEX_POINT('',#4079);
#4079 = CARTESIAN_POINT('',(-0.335,0.25,-2.775557561563E-17));
#4080 = LINE('',#4081,#4082);
#4081 = CARTESIAN_POINT('',(-0.5,0.25,0.));
#4082 = VECTOR('',#4083,1.);
#4083 = DIRECTION('',(1.,0.,0.));
#4084 = ORIENTED_EDGE('',*,*,#4028,.F.);
#4085 = ORIENTED_EDGE('',*,*,#3922,.T.);
#4086 = ORIENTED_EDGE('',*,*,#4061,.T.);
#4087 = ORIENTED_EDGE('',*,*,#4088,.T.);
#4088 = EDGE_CURVE('',#4054,#4089,#4091,.T.);
#4089 = VERTEX_POINT('',#4090);
#4090 = CARTESIAN_POINT('',(-0.335,0.25,0.35));
#4091 = LINE('',#4092,#4093);
#4092 = CARTESIAN_POINT('',(-0.5,0.25,0.35));
#4093 = VECTOR('',#4094,1.);
#4094 = DIRECTION('',(1.,0.,0.));
#4095 = ORIENTED_EDGE('',*,*,#4096,.F.);
#4096 = EDGE_CURVE('',#4097,#4089,#4099,.T.);
#4097 = VERTEX_POINT('',#4098);
#4098 = CARTESIAN_POINT('',(-0.3,0.25,0.315));
#4099 = CIRCLE('',#4100,3.5E-02);
#4100 = AXIS2_PLACEMENT_3D('',#4101,#4102,#4103);
#4101 = CARTESIAN_POINT('',(-0.335,0.25,0.315));
#4102 = DIRECTION('',(0.,-1.,0.));
#4103 = DIRECTION('',(0.,0.,1.));
#4104 = ORIENTED_EDGE('',*,*,#4105,.F.);
#4105 = EDGE_CURVE('',#4106,#4097,#4108,.T.);
#4106 = VERTEX_POINT('',#4107);
#4107 = CARTESIAN_POINT('',(-0.465,0.25,0.315));
#4108 = LINE('',#4109,#4110);
#4109 = CARTESIAN_POINT('',(-0.465,0.25,0.315));
#4110 = VECTOR('',#4111,1.);
#4111 = DIRECTION('',(1.,0.,0.));
#4112 = ORIENTED_EDGE('',*,*,#4113,.F.);
#4113 = EDGE_CURVE('',#4114,#4106,#4116,.T.);
#4114 = VERTEX_POINT('',#4115);
#4115 = CARTESIAN_POINT('',(-0.465,0.25,3.5E-02));
#4116 = LINE('',#4117,#4118);
#4117 = CARTESIAN_POINT('',(-0.465,0.25,3.5E-02));
#4118 = VECTOR('',#4119,1.);
#4119 = DIRECTION('',(0.,0.,1.));
#4120 = ORIENTED_EDGE('',*,*,#4121,.T.);
#4121 = EDGE_CURVE('',#4114,#4122,#4124,.T.);
#4122 = VERTEX_POINT('',#4123);
#4123 = CARTESIAN_POINT('',(-0.3,0.25,3.5E-02));
#4124 = LINE('',#4125,#4126);
#4125 = CARTESIAN_POINT('',(-0.465,0.25,3.5E-02));
#4126 = VECTOR('',#4127,1.);
#4127 = DIRECTION('',(1.,0.,0.));
#4128 = ORIENTED_EDGE('',*,*,#4129,.T.);
#4129 = EDGE_CURVE('',#4122,#4078,#4130,.T.);
#4130 = CIRCLE('',#4131,3.5E-02);
#4131 = AXIS2_PLACEMENT_3D('',#4132,#4133,#4134);
#4132 = CARTESIAN_POINT('',(-0.335,0.25,3.5E-02));
#4133 = DIRECTION('',(0.,1.,0.));
#4134 = DIRECTION('',(0.,-0.,1.));
#4135 = PLANE('',#4136);
#4136 = AXIS2_PLACEMENT_3D('',#4137,#4138,#4139);
#4137 = CARTESIAN_POINT('',(-0.5,0.25,0.));
#4138 = DIRECTION('',(0.,1.,0.));
#4139 = DIRECTION('',(0.,-0.,1.));
#4140 = ADVANCED_FACE('',(#4141),#4152,.F.);
#4141 = FACE_BOUND('',#4142,.F.);
#4142 = EDGE_LOOP('',(#4143,#4144,#4145,#4146));
#4143 = ORIENTED_EDGE('',*,*,#4077,.F.);
#4144 = ORIENTED_EDGE('',*,*,#4037,.F.);
#4145 = ORIENTED_EDGE('',*,*,#3944,.T.);
#4146 = ORIENTED_EDGE('',*,*,#4147,.T.);
#4147 = EDGE_CURVE('',#3947,#4078,#4148,.T.);
#4148 = LINE('',#4149,#4150);
#4149 = CARTESIAN_POINT('',(-0.335,-0.25,-2.775557561563E-17));
#4150 = VECTOR('',#4151,1.);
#4151 = DIRECTION('',(0.,1.,0.));
#4152 = PLANE('',#4153);
#4153 = AXIS2_PLACEMENT_3D('',#4154,#4155,#4156);
#4154 = CARTESIAN_POINT('',(-0.5,-0.25,0.));
#4155 = DIRECTION('',(0.,0.,1.));
#4156 = DIRECTION('',(1.,0.,-0.));
#4157 = ADVANCED_FACE('',(#4158),#4169,.T.);
#4158 = FACE_BOUND('',#4159,.T.);
#4159 = EDGE_LOOP('',(#4160,#4161,#4162,#4163));
#4160 = ORIENTED_EDGE('',*,*,#4012,.T.);
#4161 = ORIENTED_EDGE('',*,*,#4147,.T.);
#4162 = ORIENTED_EDGE('',*,*,#4129,.F.);
#4163 = ORIENTED_EDGE('',*,*,#4164,.F.);
#4164 = EDGE_CURVE('',#4005,#4122,#4165,.T.);
#4165 = LINE('',#4166,#4167);
#4166 = CARTESIAN_POINT('',(-0.3,-0.25,3.5E-02));
#4167 = VECTOR('',#4168,1.);
#4168 = DIRECTION('',(0.,1.,0.));
#4169 = CYLINDRICAL_SURFACE('',#4170,3.5E-02);
#4170 = AXIS2_PLACEMENT_3D('',#4171,#4172,#4173);
#4171 = CARTESIAN_POINT('',(-0.335,-0.25,3.5E-02));
#4172 = DIRECTION('',(0.,1.,0.));
#4173 = DIRECTION('',(1.,0.,0.));
#4174 = ADVANCED_FACE('',(#4175),#4218,.F.);
#4175 = FACE_BOUND('',#4176,.F.);
#4176 = EDGE_LOOP('',(#4177,#4178,#4179,#4180,#4188,#4196,#4204,#4212));
#4177 = ORIENTED_EDGE('',*,*,#4004,.F.);
#4178 = ORIENTED_EDGE('',*,*,#3996,.T.);
#4179 = ORIENTED_EDGE('',*,*,#3988,.T.);
#4180 = ORIENTED_EDGE('',*,*,#4181,.T.);
#4181 = EDGE_CURVE('',#3980,#4182,#4184,.T.);
#4182 = VERTEX_POINT('',#4183);
#4183 = CARTESIAN_POINT('',(0.3,-0.25,0.315));
#4184 = LINE('',#4185,#4186);
#4185 = CARTESIAN_POINT('',(-0.3,-0.25,0.315));
#4186 = VECTOR('',#4187,1.);
#4187 = DIRECTION('',(1.,0.,0.));
#4188 = ORIENTED_EDGE('',*,*,#4189,.T.);
#4189 = EDGE_CURVE('',#4182,#4190,#4192,.T.);
#4190 = VERTEX_POINT('',#4191);
#4191 = CARTESIAN_POINT('',(0.465,-0.25,0.315));
#4192 = LINE('',#4193,#4194);
#4193 = CARTESIAN_POINT('',(-0.465,-0.25,0.315));
#4194 = VECTOR('',#4195,1.);
#4195 = DIRECTION('',(1.,0.,0.));
#4196 = ORIENTED_EDGE('',*,*,#4197,.F.);
#4197 = EDGE_CURVE('',#4198,#4190,#4200,.T.);
#4198 = VERTEX_POINT('',#4199);
#4199 = CARTESIAN_POINT('',(0.465,-0.25,3.5E-02));
#4200 = LINE('',#4201,#4202);
#4201 = CARTESIAN_POINT('',(0.465,-0.25,3.5E-02));
#4202 = VECTOR('',#4203,1.);
#4203 = DIRECTION('',(0.,0.,1.));
#4204 = ORIENTED_EDGE('',*,*,#4205,.F.);
#4205 = EDGE_CURVE('',#4206,#4198,#4208,.T.);
#4206 = VERTEX_POINT('',#4207);
#4207 = CARTESIAN_POINT('',(0.3,-0.25,3.5E-02));
#4208 = LINE('',#4209,#4210);
#4209 = CARTESIAN_POINT('',(-0.465,-0.25,3.5E-02));
#4210 = VECTOR('',#4211,1.);
#4211 = DIRECTION('',(1.,0.,0.));
#4212 = ORIENTED_EDGE('',*,*,#4213,.F.);
#4213 = EDGE_CURVE('',#4005,#4206,#4214,.T.);
#4214 = LINE('',#4215,#4216);
#4215 = CARTESIAN_POINT('',(-0.465,-0.25,3.5E-02));
#4216 = VECTOR('',#4217,1.);
#4217 = DIRECTION('',(1.,0.,0.));
#4218 = PLANE('',#4219);
#4219 = AXIS2_PLACEMENT_3D('',#4220,#4221,#4222);
#4220 = CARTESIAN_POINT('',(-0.465,-0.25,3.5E-02));
#4221 = DIRECTION('',(0.,1.,0.));
#4222 = DIRECTION('',(0.,-0.,1.));
#4223 = ADVANCED_FACE('',(#4224),#4235,.T.);
#4224 = FACE_BOUND('',#4225,.T.);
#4225 = EDGE_LOOP('',(#4226,#4227,#4228,#4229));
#4226 = ORIENTED_EDGE('',*,*,#4088,.F.);
#4227 = ORIENTED_EDGE('',*,*,#4053,.F.);
#4228 = ORIENTED_EDGE('',*,*,#3971,.T.);
#4229 = ORIENTED_EDGE('',*,*,#4230,.T.);
#4230 = EDGE_CURVE('',#3972,#4089,#4231,.T.);
#4231 = LINE('',#4232,#4233);
#4232 = CARTESIAN_POINT('',(-0.335,-0.25,0.35));
#4233 = VECTOR('',#4234,1.);
#4234 = DIRECTION('',(0.,1.,0.));
#4235 = PLANE('',#4236);
#4236 = AXIS2_PLACEMENT_3D('',#4237,#4238,#4239);
#4237 = CARTESIAN_POINT('',(-0.5,-0.25,0.35));
#4238 = DIRECTION('',(0.,0.,1.));
#4239 = DIRECTION('',(1.,0.,-0.));
#4240 = ADVANCED_FACE('',(#4241),#4252,.T.);
#4241 = FACE_BOUND('',#4242,.T.);
#4242 = EDGE_LOOP('',(#4243,#4249,#4250,#4251));
#4243 = ORIENTED_EDGE('',*,*,#4244,.T.);
#4244 = EDGE_CURVE('',#3980,#4097,#4245,.T.);
#4245 = LINE('',#4246,#4247);
#4246 = CARTESIAN_POINT('',(-0.3,-0.25,0.315));
#4247 = VECTOR('',#4248,1.);
#4248 = DIRECTION('',(0.,1.,0.));
#4249 = ORIENTED_EDGE('',*,*,#4096,.T.);
#4250 = ORIENTED_EDGE('',*,*,#4230,.F.);
#4251 = ORIENTED_EDGE('',*,*,#3979,.F.);
#4252 = CYLINDRICAL_SURFACE('',#4253,3.5E-02);
#4253 = AXIS2_PLACEMENT_3D('',#4254,#4255,#4256);
#4254 = CARTESIAN_POINT('',(-0.335,-0.25,0.315));
#4255 = DIRECTION('',(0.,1.,0.));
#4256 = DIRECTION('',(1.,0.,0.));
#4257 = ADVANCED_FACE('',(#4258),#4301,.T.);
#4258 = FACE_BOUND('',#4259,.T.);
#4259 = EDGE_LOOP('',(#4260,#4261,#4262,#4263,#4271,#4279,#4287,#4295));
#4260 = ORIENTED_EDGE('',*,*,#4121,.F.);
#4261 = ORIENTED_EDGE('',*,*,#4113,.T.);
#4262 = ORIENTED_EDGE('',*,*,#4105,.T.);
#4263 = ORIENTED_EDGE('',*,*,#4264,.T.);
#4264 = EDGE_CURVE('',#4097,#4265,#4267,.T.);
#4265 = VERTEX_POINT('',#4266);
#4266 = CARTESIAN_POINT('',(0.3,0.25,0.315));
#4267 = LINE('',#4268,#4269);
#4268 = CARTESIAN_POINT('',(-0.3,0.25,0.315));
#4269 = VECTOR('',#4270,1.);
#4270 = DIRECTION('',(1.,0.,0.));
#4271 = ORIENTED_EDGE('',*,*,#4272,.T.);
#4272 = EDGE_CURVE('',#4265,#4273,#4275,.T.);
#4273 = VERTEX_POINT('',#4274);
#4274 = CARTESIAN_POINT('',(0.465,0.25,0.315));
#4275 = LINE('',#4276,#4277);
#4276 = CARTESIAN_POINT('',(-0.465,0.25,0.315));
#4277 = VECTOR('',#4278,1.);
#4278 = DIRECTION('',(1.,0.,0.));
#4279 = ORIENTED_EDGE('',*,*,#4280,.F.);
#4280 = EDGE_CURVE('',#4281,#4273,#4283,.T.);
#4281 = VERTEX_POINT('',#4282);
#4282 = CARTESIAN_POINT('',(0.465,0.25,3.5E-02));
#4283 = LINE('',#4284,#4285);
#4284 = CARTESIAN_POINT('',(0.465,0.25,3.5E-02));
#4285 = VECTOR('',#4286,1.);
#4286 = DIRECTION('',(0.,0.,1.));
#4287 = ORIENTED_EDGE('',*,*,#4288,.F.);
#4288 = EDGE_CURVE('',#4289,#4281,#4291,.T.);
#4289 = VERTEX_POINT('',#4290);
#4290 = CARTESIAN_POINT('',(0.3,0.25,3.5E-02));
#4291 = LINE('',#4292,#4293);
#4292 = CARTESIAN_POINT('',(-0.465,0.25,3.5E-02));
#4293 = VECTOR('',#4294,1.);
#4294 = DIRECTION('',(1.,0.,0.));
#4295 = ORIENTED_EDGE('',*,*,#4296,.F.);
#4296 = EDGE_CURVE('',#4122,#4289,#4297,.T.);
#4297 = LINE('',#4298,#4299);
#4298 = CARTESIAN_POINT('',(-0.465,0.25,3.5E-02));
#4299 = VECTOR('',#4300,1.);
#4300 = DIRECTION('',(1.,0.,0.));
#4301 = PLANE('',#4302);
#4302 = AXIS2_PLACEMENT_3D('',#4303,#4304,#4305);
#4303 = CARTESIAN_POINT('',(-0.465,0.25,3.5E-02));
#4304 = DIRECTION('',(0.,1.,0.));
#4305 = DIRECTION('',(0.,-0.,1.));
#4306 = ADVANCED_FACE('',(#4307),#4318,.F.);
#4307 = FACE_BOUND('',#4308,.F.);
#4308 = EDGE_LOOP('',(#4309,#4310,#4311,#4317));
#4309 = ORIENTED_EDGE('',*,*,#4164,.F.);
#4310 = ORIENTED_EDGE('',*,*,#4213,.T.);
#4311 = ORIENTED_EDGE('',*,*,#4312,.T.);
#4312 = EDGE_CURVE('',#4206,#4289,#4313,.T.);
#4313 = LINE('',#4314,#4315);
#4314 = CARTESIAN_POINT('',(0.3,-0.25,3.5E-02));
#4315 = VECTOR('',#4316,1.);
#4316 = DIRECTION('',(0.,1.,0.));
#4317 = ORIENTED_EDGE('',*,*,#4296,.F.);
#4318 = PLANE('',#4319);
#4319 = AXIS2_PLACEMENT_3D('',#4320,#4321,#4322);
#4320 = CARTESIAN_POINT('',(-0.465,-0.25,3.5E-02));
#4321 = DIRECTION('',(0.,0.,1.));
#4322 = DIRECTION('',(1.,0.,-0.));
#4323 = ADVANCED_FACE('',(#4324),#4387,.F.);
#4324 = FACE_BOUND('',#4325,.F.);
#4325 = EDGE_LOOP('',(#4326,#4336,#4343,#4344,#4345,#4346,#4355,#4363,
    #4372,#4380));
#4326 = ORIENTED_EDGE('',*,*,#4327,.F.);
#4327 = EDGE_CURVE('',#4328,#4330,#4332,.T.);
#4328 = VERTEX_POINT('',#4329);
#4329 = CARTESIAN_POINT('',(0.335,-0.25,-2.775557561563E-17));
#4330 = VERTEX_POINT('',#4331);
#4331 = CARTESIAN_POINT('',(0.465,-0.25,-2.775557561563E-17));
#4332 = LINE('',#4333,#4334);
#4333 = CARTESIAN_POINT('',(0.3,-0.25,0.));
#4334 = VECTOR('',#4335,1.);
#4335 = DIRECTION('',(1.,0.,0.));
#4336 = ORIENTED_EDGE('',*,*,#4337,.F.);
#4337 = EDGE_CURVE('',#4206,#4328,#4338,.T.);
#4338 = CIRCLE('',#4339,3.5E-02);
#4339 = AXIS2_PLACEMENT_3D('',#4340,#4341,#4342);
#4340 = CARTESIAN_POINT('',(0.335,-0.25,3.5E-02));
#4341 = DIRECTION('',(0.,-1.,0.));
#4342 = DIRECTION('',(0.,0.,1.));
#4343 = ORIENTED_EDGE('',*,*,#4205,.T.);
#4344 = ORIENTED_EDGE('',*,*,#4197,.T.);
#4345 = ORIENTED_EDGE('',*,*,#4189,.F.);
#4346 = ORIENTED_EDGE('',*,*,#4347,.T.);
#4347 = EDGE_CURVE('',#4182,#4348,#4350,.T.);
#4348 = VERTEX_POINT('',#4349);
#4349 = CARTESIAN_POINT('',(0.335,-0.25,0.35));
#4350 = CIRCLE('',#4351,3.5E-02);
#4351 = AXIS2_PLACEMENT_3D('',#4352,#4353,#4354);
#4352 = CARTESIAN_POINT('',(0.335,-0.25,0.315));
#4353 = DIRECTION('',(0.,1.,0.));
#4354 = DIRECTION('',(0.,-0.,1.));
#4355 = ORIENTED_EDGE('',*,*,#4356,.T.);
#4356 = EDGE_CURVE('',#4348,#4357,#4359,.T.);
#4357 = VERTEX_POINT('',#4358);
#4358 = CARTESIAN_POINT('',(0.465,-0.25,0.35));
#4359 = LINE('',#4360,#4361);
#4360 = CARTESIAN_POINT('',(0.3,-0.25,0.35));
#4361 = VECTOR('',#4362,1.);
#4362 = DIRECTION('',(1.,0.,0.));
#4363 = ORIENTED_EDGE('',*,*,#4364,.F.);
#4364 = EDGE_CURVE('',#4365,#4357,#4367,.T.);
#4365 = VERTEX_POINT('',#4366);
#4366 = CARTESIAN_POINT('',(0.5,-0.25,0.315));
#4367 = CIRCLE('',#4368,3.5E-02);
#4368 = AXIS2_PLACEMENT_3D('',#4369,#4370,#4371);
#4369 = CARTESIAN_POINT('',(0.465,-0.25,0.315));
#4370 = DIRECTION('',(0.,-1.,0.));
#4371 = DIRECTION('',(0.,0.,1.));
#4372 = ORIENTED_EDGE('',*,*,#4373,.F.);
#4373 = EDGE_CURVE('',#4374,#4365,#4376,.T.);
#4374 = VERTEX_POINT('',#4375);
#4375 = CARTESIAN_POINT('',(0.5,-0.25,3.5E-02));
#4376 = LINE('',#4377,#4378);
#4377 = CARTESIAN_POINT('',(0.5,-0.25,0.));
#4378 = VECTOR('',#4379,1.);
#4379 = DIRECTION('',(0.,0.,1.));
#4380 = ORIENTED_EDGE('',*,*,#4381,.T.);
#4381 = EDGE_CURVE('',#4374,#4330,#4382,.T.);
#4382 = CIRCLE('',#4383,3.5E-02);
#4383 = AXIS2_PLACEMENT_3D('',#4384,#4385,#4386);
#4384 = CARTESIAN_POINT('',(0.465,-0.25,3.5E-02));
#4385 = DIRECTION('',(0.,1.,0.));
#4386 = DIRECTION('',(0.,-0.,1.));
#4387 = PLANE('',#4388);
#4388 = AXIS2_PLACEMENT_3D('',#4389,#4390,#4391);
#4389 = CARTESIAN_POINT('',(0.3,-0.25,0.));
#4390 = DIRECTION('',(0.,1.,0.));
#4391 = DIRECTION('',(0.,-0.,1.));
#4392 = ADVANCED_FACE('',(#4393),#4418,.F.);
#4393 = FACE_BOUND('',#4394,.F.);
#4394 = EDGE_LOOP('',(#4395,#4396,#4404,#4412));
#4395 = ORIENTED_EDGE('',*,*,#4181,.F.);
#4396 = ORIENTED_EDGE('',*,*,#4397,.T.);
#4397 = EDGE_CURVE('',#3980,#4398,#4400,.T.);
#4398 = VERTEX_POINT('',#4399);
#4399 = CARTESIAN_POINT('',(-0.3,-0.25,0.35));
#4400 = LINE('',#4401,#4402);
#4401 = CARTESIAN_POINT('',(-0.3,-0.25,0.315));
#4402 = VECTOR('',#4403,1.);
#4403 = DIRECTION('',(0.,0.,1.));
#4404 = ORIENTED_EDGE('',*,*,#4405,.T.);
#4405 = EDGE_CURVE('',#4398,#4406,#4408,.T.);
#4406 = VERTEX_POINT('',#4407);
#4407 = CARTESIAN_POINT('',(0.3,-0.25,0.35));
#4408 = LINE('',#4409,#4410);
#4409 = CARTESIAN_POINT('',(-0.3,-0.25,0.35));
#4410 = VECTOR('',#4411,1.);
#4411 = DIRECTION('',(1.,0.,0.));
#4412 = ORIENTED_EDGE('',*,*,#4413,.F.);
#4413 = EDGE_CURVE('',#4182,#4406,#4414,.T.);
#4414 = LINE('',#4415,#4416);
#4415 = CARTESIAN_POINT('',(0.3,-0.25,0.315));
#4416 = VECTOR('',#4417,1.);
#4417 = DIRECTION('',(0.,0.,1.));
#4418 = PLANE('',#4419);
#4419 = AXIS2_PLACEMENT_3D('',#4420,#4421,#4422);
#4420 = CARTESIAN_POINT('',(-0.3,-0.25,0.315));
#4421 = DIRECTION('',(0.,1.,0.));
#4422 = DIRECTION('',(0.,-0.,1.));
#4423 = ADVANCED_FACE('',(#4424),#4442,.F.);
#4424 = FACE_BOUND('',#4425,.F.);
#4425 = EDGE_LOOP('',(#4426,#4427,#4428,#4436));
#4426 = ORIENTED_EDGE('',*,*,#4397,.F.);
#4427 = ORIENTED_EDGE('',*,*,#4244,.T.);
#4428 = ORIENTED_EDGE('',*,*,#4429,.T.);
#4429 = EDGE_CURVE('',#4097,#4430,#4432,.T.);
#4430 = VERTEX_POINT('',#4431);
#4431 = CARTESIAN_POINT('',(-0.3,0.25,0.35));
#4432 = LINE('',#4433,#4434);
#4433 = CARTESIAN_POINT('',(-0.3,0.25,0.315));
#4434 = VECTOR('',#4435,1.);
#4435 = DIRECTION('',(0.,0.,1.));
#4436 = ORIENTED_EDGE('',*,*,#4437,.F.);
#4437 = EDGE_CURVE('',#4398,#4430,#4438,.T.);
#4438 = LINE('',#4439,#4440);
#4439 = CARTESIAN_POINT('',(-0.3,-0.25,0.35));
#4440 = VECTOR('',#4441,1.);
#4441 = DIRECTION('',(0.,1.,0.));
#4442 = PLANE('',#4443);
#4443 = AXIS2_PLACEMENT_3D('',#4444,#4445,#4446);
#4444 = CARTESIAN_POINT('',(-0.3,-0.25,0.315));
#4445 = DIRECTION('',(1.,0.,0.));
#4446 = DIRECTION('',(0.,0.,1.));
#4447 = ADVANCED_FACE('',(#4448),#4511,.T.);
#4448 = FACE_BOUND('',#4449,.T.);
#4449 = EDGE_LOOP('',(#4450,#4460,#4467,#4468,#4469,#4470,#4479,#4487,
    #4496,#4504));
#4450 = ORIENTED_EDGE('',*,*,#4451,.F.);
#4451 = EDGE_CURVE('',#4452,#4454,#4456,.T.);
#4452 = VERTEX_POINT('',#4453);
#4453 = CARTESIAN_POINT('',(0.335,0.25,-2.775557561563E-17));
#4454 = VERTEX_POINT('',#4455);
#4455 = CARTESIAN_POINT('',(0.465,0.25,-2.775557561563E-17));
#4456 = LINE('',#4457,#4458);
#4457 = CARTESIAN_POINT('',(0.3,0.25,0.));
#4458 = VECTOR('',#4459,1.);
#4459 = DIRECTION('',(1.,0.,0.));
#4460 = ORIENTED_EDGE('',*,*,#4461,.F.);
#4461 = EDGE_CURVE('',#4289,#4452,#4462,.T.);
#4462 = CIRCLE('',#4463,3.5E-02);
#4463 = AXIS2_PLACEMENT_3D('',#4464,#4465,#4466);
#4464 = CARTESIAN_POINT('',(0.335,0.25,3.5E-02));
#4465 = DIRECTION('',(0.,-1.,0.));
#4466 = DIRECTION('',(0.,0.,1.));
#4467 = ORIENTED_EDGE('',*,*,#4288,.T.);
#4468 = ORIENTED_EDGE('',*,*,#4280,.T.);
#4469 = ORIENTED_EDGE('',*,*,#4272,.F.);
#4470 = ORIENTED_EDGE('',*,*,#4471,.T.);
#4471 = EDGE_CURVE('',#4265,#4472,#4474,.T.);
#4472 = VERTEX_POINT('',#4473);
#4473 = CARTESIAN_POINT('',(0.335,0.25,0.35));
#4474 = CIRCLE('',#4475,3.5E-02);
#4475 = AXIS2_PLACEMENT_3D('',#4476,#4477,#4478);
#4476 = CARTESIAN_POINT('',(0.335,0.25,0.315));
#4477 = DIRECTION('',(0.,1.,0.));
#4478 = DIRECTION('',(0.,-0.,1.));
#4479 = ORIENTED_EDGE('',*,*,#4480,.T.);
#4480 = EDGE_CURVE('',#4472,#4481,#4483,.T.);
#4481 = VERTEX_POINT('',#4482);
#4482 = CARTESIAN_POINT('',(0.465,0.25,0.35));
#4483 = LINE('',#4484,#4485);
#4484 = CARTESIAN_POINT('',(0.3,0.25,0.35));
#4485 = VECTOR('',#4486,1.);
#4486 = DIRECTION('',(1.,0.,0.));
#4487 = ORIENTED_EDGE('',*,*,#4488,.F.);
#4488 = EDGE_CURVE('',#4489,#4481,#4491,.T.);
#4489 = VERTEX_POINT('',#4490);
#4490 = CARTESIAN_POINT('',(0.5,0.25,0.315));
#4491 = CIRCLE('',#4492,3.5E-02);
#4492 = AXIS2_PLACEMENT_3D('',#4493,#4494,#4495);
#4493 = CARTESIAN_POINT('',(0.465,0.25,0.315));
#4494 = DIRECTION('',(0.,-1.,0.));
#4495 = DIRECTION('',(0.,0.,1.));
#4496 = ORIENTED_EDGE('',*,*,#4497,.F.);
#4497 = EDGE_CURVE('',#4498,#4489,#4500,.T.);
#4498 = VERTEX_POINT('',#4499);
#4499 = CARTESIAN_POINT('',(0.5,0.25,3.5E-02));
#4500 = LINE('',#4501,#4502);
#4501 = CARTESIAN_POINT('',(0.5,0.25,0.));
#4502 = VECTOR('',#4503,1.);
#4503 = DIRECTION('',(0.,0.,1.));
#4504 = ORIENTED_EDGE('',*,*,#4505,.T.);
#4505 = EDGE_CURVE('',#4498,#4454,#4506,.T.);
#4506 = CIRCLE('',#4507,3.5E-02);
#4507 = AXIS2_PLACEMENT_3D('',#4508,#4509,#4510);
#4508 = CARTESIAN_POINT('',(0.465,0.25,3.5E-02));
#4509 = DIRECTION('',(0.,1.,0.));
#4510 = DIRECTION('',(0.,-0.,1.));
#4511 = PLANE('',#4512);
#4512 = AXIS2_PLACEMENT_3D('',#4513,#4514,#4515);
#4513 = CARTESIAN_POINT('',(0.3,0.25,0.));
#4514 = DIRECTION('',(0.,1.,0.));
#4515 = DIRECTION('',(0.,-0.,1.));
#4516 = ADVANCED_FACE('',(#4517),#4535,.T.);
#4517 = FACE_BOUND('',#4518,.T.);
#4518 = EDGE_LOOP('',(#4519,#4520,#4521,#4529));
#4519 = ORIENTED_EDGE('',*,*,#4264,.F.);
#4520 = ORIENTED_EDGE('',*,*,#4429,.T.);
#4521 = ORIENTED_EDGE('',*,*,#4522,.T.);
#4522 = EDGE_CURVE('',#4430,#4523,#4525,.T.);
#4523 = VERTEX_POINT('',#4524);
#4524 = CARTESIAN_POINT('',(0.3,0.25,0.35));
#4525 = LINE('',#4526,#4527);
#4526 = CARTESIAN_POINT('',(-0.3,0.25,0.35));
#4527 = VECTOR('',#4528,1.);
#4528 = DIRECTION('',(1.,0.,0.));
#4529 = ORIENTED_EDGE('',*,*,#4530,.F.);
#4530 = EDGE_CURVE('',#4265,#4523,#4531,.T.);
#4531 = LINE('',#4532,#4533);
#4532 = CARTESIAN_POINT('',(0.3,0.25,0.315));
#4533 = VECTOR('',#4534,1.);
#4534 = DIRECTION('',(0.,0.,1.));
#4535 = PLANE('',#4536);
#4536 = AXIS2_PLACEMENT_3D('',#4537,#4538,#4539);
#4537 = CARTESIAN_POINT('',(-0.3,0.25,0.315));
#4538 = DIRECTION('',(0.,1.,0.));
#4539 = DIRECTION('',(0.,-0.,1.));
#4540 = ADVANCED_FACE('',(#4541),#4552,.T.);
#4541 = FACE_BOUND('',#4542,.T.);
#4542 = EDGE_LOOP('',(#4543,#4544,#4545,#4551));
#4543 = ORIENTED_EDGE('',*,*,#4312,.T.);
#4544 = ORIENTED_EDGE('',*,*,#4461,.T.);
#4545 = ORIENTED_EDGE('',*,*,#4546,.F.);
#4546 = EDGE_CURVE('',#4328,#4452,#4547,.T.);
#4547 = LINE('',#4548,#4549);
#4548 = CARTESIAN_POINT('',(0.335,-0.25,-2.775557561563E-17));
#4549 = VECTOR('',#4550,1.);
#4550 = DIRECTION('',(0.,1.,0.));
#4551 = ORIENTED_EDGE('',*,*,#4337,.F.);
#4552 = CYLINDRICAL_SURFACE('',#4553,3.5E-02);
#4553 = AXIS2_PLACEMENT_3D('',#4554,#4555,#4556);
#4554 = CARTESIAN_POINT('',(0.335,-0.25,3.5E-02));
#4555 = DIRECTION('',(0.,1.,0.));
#4556 = DIRECTION('',(-1.,0.,0.));
#4557 = ADVANCED_FACE('',(#4558),#4569,.F.);
#4558 = FACE_BOUND('',#4559,.F.);
#4559 = EDGE_LOOP('',(#4560,#4561,#4562,#4563));
#4560 = ORIENTED_EDGE('',*,*,#4451,.F.);
#4561 = ORIENTED_EDGE('',*,*,#4546,.F.);
#4562 = ORIENTED_EDGE('',*,*,#4327,.T.);
#4563 = ORIENTED_EDGE('',*,*,#4564,.T.);
#4564 = EDGE_CURVE('',#4330,#4454,#4565,.T.);
#4565 = LINE('',#4566,#4567);
#4566 = CARTESIAN_POINT('',(0.465,-0.25,-2.775557561563E-17));
#4567 = VECTOR('',#4568,1.);
#4568 = DIRECTION('',(0.,1.,0.));
#4569 = PLANE('',#4570);
#4570 = AXIS2_PLACEMENT_3D('',#4571,#4572,#4573);
#4571 = CARTESIAN_POINT('',(0.3,-0.25,0.));
#4572 = DIRECTION('',(0.,0.,1.));
#4573 = DIRECTION('',(1.,0.,-0.));
#4574 = ADVANCED_FACE('',(#4575),#4586,.T.);
#4575 = FACE_BOUND('',#4576,.T.);
#4576 = EDGE_LOOP('',(#4577,#4578,#4579,#4580));
#4577 = ORIENTED_EDGE('',*,*,#4381,.T.);
#4578 = ORIENTED_EDGE('',*,*,#4564,.T.);
#4579 = ORIENTED_EDGE('',*,*,#4505,.F.);
#4580 = ORIENTED_EDGE('',*,*,#4581,.F.);
#4581 = EDGE_CURVE('',#4374,#4498,#4582,.T.);
#4582 = LINE('',#4583,#4584);
#4583 = CARTESIAN_POINT('',(0.5,-0.25,3.5E-02));
#4584 = VECTOR('',#4585,1.);
#4585 = DIRECTION('',(0.,1.,0.));
#4586 = CYLINDRICAL_SURFACE('',#4587,3.5E-02);
#4587 = AXIS2_PLACEMENT_3D('',#4588,#4589,#4590);
#4588 = CARTESIAN_POINT('',(0.465,-0.25,3.5E-02));
#4589 = DIRECTION('',(0.,1.,0.));
#4590 = DIRECTION('',(1.,0.,0.));
#4591 = ADVANCED_FACE('',(#4592),#4603,.T.);
#4592 = FACE_BOUND('',#4593,.T.);
#4593 = EDGE_LOOP('',(#4594,#4595,#4596,#4597));
#4594 = ORIENTED_EDGE('',*,*,#4373,.F.);
#4595 = ORIENTED_EDGE('',*,*,#4581,.T.);
#4596 = ORIENTED_EDGE('',*,*,#4497,.T.);
#4597 = ORIENTED_EDGE('',*,*,#4598,.F.);
#4598 = EDGE_CURVE('',#4365,#4489,#4599,.T.);
#4599 = LINE('',#4600,#4601);
#4600 = CARTESIAN_POINT('',(0.5,-0.25,0.315));
#4601 = VECTOR('',#4602,1.);
#4602 = DIRECTION('',(0.,1.,0.));
#4603 = PLANE('',#4604);
#4604 = AXIS2_PLACEMENT_3D('',#4605,#4606,#4607);
#4605 = CARTESIAN_POINT('',(0.5,-0.25,0.));
#4606 = DIRECTION('',(1.,0.,0.));
#4607 = DIRECTION('',(0.,0.,1.));
#4608 = ADVANCED_FACE('',(#4609),#4620,.T.);
#4609 = FACE_BOUND('',#4610,.T.);
#4610 = EDGE_LOOP('',(#4611,#4612,#4613,#4619));
#4611 = ORIENTED_EDGE('',*,*,#4598,.T.);
#4612 = ORIENTED_EDGE('',*,*,#4488,.T.);
#4613 = ORIENTED_EDGE('',*,*,#4614,.F.);
#4614 = EDGE_CURVE('',#4357,#4481,#4615,.T.);
#4615 = LINE('',#4616,#4617);
#4616 = CARTESIAN_POINT('',(0.465,-0.25,0.35));
#4617 = VECTOR('',#4618,1.);
#4618 = DIRECTION('',(0.,1.,0.));
#4619 = ORIENTED_EDGE('',*,*,#4364,.F.);
#4620 = CYLINDRICAL_SURFACE('',#4621,3.5E-02);
#4621 = AXIS2_PLACEMENT_3D('',#4622,#4623,#4624);
#4622 = CARTESIAN_POINT('',(0.465,-0.25,0.315));
#4623 = DIRECTION('',(0.,1.,0.));
#4624 = DIRECTION('',(1.,0.,0.));
#4625 = ADVANCED_FACE('',(#4626),#4637,.T.);
#4626 = FACE_BOUND('',#4627,.T.);
#4627 = EDGE_LOOP('',(#4628,#4629,#4635,#4636));
#4628 = ORIENTED_EDGE('',*,*,#4480,.F.);
#4629 = ORIENTED_EDGE('',*,*,#4630,.F.);
#4630 = EDGE_CURVE('',#4348,#4472,#4631,.T.);
#4631 = LINE('',#4632,#4633);
#4632 = CARTESIAN_POINT('',(0.335,-0.25,0.35));
#4633 = VECTOR('',#4634,1.);
#4634 = DIRECTION('',(0.,1.,0.));
#4635 = ORIENTED_EDGE('',*,*,#4356,.T.);
#4636 = ORIENTED_EDGE('',*,*,#4614,.T.);
#4637 = PLANE('',#4638);
#4638 = AXIS2_PLACEMENT_3D('',#4639,#4640,#4641);
#4639 = CARTESIAN_POINT('',(0.3,-0.25,0.35));
#4640 = DIRECTION('',(0.,0.,1.));
#4641 = DIRECTION('',(1.,0.,-0.));
#4642 = ADVANCED_FACE('',(#4643),#4654,.T.);
#4643 = FACE_BOUND('',#4644,.T.);
#4644 = EDGE_LOOP('',(#4645,#4646,#4647,#4648));
#4645 = ORIENTED_EDGE('',*,*,#4347,.T.);
#4646 = ORIENTED_EDGE('',*,*,#4630,.T.);
#4647 = ORIENTED_EDGE('',*,*,#4471,.F.);
#4648 = ORIENTED_EDGE('',*,*,#4649,.F.);
#4649 = EDGE_CURVE('',#4182,#4265,#4650,.T.);
#4650 = LINE('',#4651,#4652);
#4651 = CARTESIAN_POINT('',(0.3,-0.25,0.315));
#4652 = VECTOR('',#4653,1.);
#4653 = DIRECTION('',(0.,1.,0.));
#4654 = CYLINDRICAL_SURFACE('',#4655,3.5E-02);
#4655 = AXIS2_PLACEMENT_3D('',#4656,#4657,#4658);
#4656 = CARTESIAN_POINT('',(0.335,-0.25,0.315));
#4657 = DIRECTION('',(0.,1.,0.));
#4658 = DIRECTION('',(-1.,0.,0.));
#4659 = ADVANCED_FACE('',(#4660),#4671,.T.);
#4660 = FACE_BOUND('',#4661,.T.);
#4661 = EDGE_LOOP('',(#4662,#4663,#4664,#4665));
#4662 = ORIENTED_EDGE('',*,*,#4413,.F.);
#4663 = ORIENTED_EDGE('',*,*,#4649,.T.);
#4664 = ORIENTED_EDGE('',*,*,#4530,.T.);
#4665 = ORIENTED_EDGE('',*,*,#4666,.F.);
#4666 = EDGE_CURVE('',#4406,#4523,#4667,.T.);
#4667 = LINE('',#4668,#4669);
#4668 = CARTESIAN_POINT('',(0.3,-0.25,0.35));
#4669 = VECTOR('',#4670,1.);
#4670 = DIRECTION('',(0.,1.,0.));
#4671 = PLANE('',#4672);
#4672 = AXIS2_PLACEMENT_3D('',#4673,#4674,#4675);
#4673 = CARTESIAN_POINT('',(0.3,-0.25,0.315));
#4674 = DIRECTION('',(1.,0.,0.));
#4675 = DIRECTION('',(0.,0.,1.));
#4676 = ADVANCED_FACE('',(#4677),#4683,.T.);
#4677 = FACE_BOUND('',#4678,.T.);
#4678 = EDGE_LOOP('',(#4679,#4680,#4681,#4682));
#4679 = ORIENTED_EDGE('',*,*,#4437,.F.);
#4680 = ORIENTED_EDGE('',*,*,#4405,.T.);
#4681 = ORIENTED_EDGE('',*,*,#4666,.T.);
#4682 = ORIENTED_EDGE('',*,*,#4522,.F.);
#4683 = PLANE('',#4684);
#4684 = AXIS2_PLACEMENT_3D('',#4685,#4686,#4687);
#4685 = CARTESIAN_POINT('',(-0.3,-0.25,0.35));
#4686 = DIRECTION('',(0.,0.,1.));
#4687 = DIRECTION('',(1.,0.,-0.));
#4688 = ( GEOMETRIC_REPRESENTATION_CONTEXT(3) 
GLOBAL_UNCERTAINTY_ASSIGNED_CONTEXT((#4692)) 
GLOBAL_UNIT_ASSIGNED_CONTEXT((#4689,#4690,#4691)) REPRESENTATION_CONTEXT
('Context #1','3D Context with UNIT and UNCERTAINTY') );
#4689 = ( LENGTH_UNIT() NAMED_UNIT(*) SI_UNIT(.MILLI.,.METRE.) );
#4690 = ( NAMED_UNIT(*) PLANE_ANGLE_UNIT() SI_UNIT($,.RADIAN.) );
#4691 = ( NAMED_UNIT(*) SI_UNIT($,.STERADIAN.) SOLID_ANGLE_UNIT() );
#4692 = UNCERTAINTY_MEASURE_WITH_UNIT(LENGTH_MEASURE(1.E-07),#4689,
  'distance_accuracy_value','confusion accuracy');
#4693 = CONTEXT_DEPENDENT_SHAPE_REPRESENTATION(#4694,#4696);
#4694 = ( REPRESENTATION_RELATIONSHIP('','',#3897,#3874) 
REPRESENTATION_RELATIONSHIP_WITH_TRANSFORMATION(#4695) 
SHAPE_REPRESENTATION_RELATIONSHIP() );
#4695 = ITEM_DEFINED_TRANSFORMATION('','',#11,#3875);
#4696 = PRODUCT_DEFINITION_SHAPE('Placement','Placement of an item',
  #4697);
#4697 = NEXT_ASSEMBLY_USAGE_OCCURRENCE('9','=>[0:1:1:7]','',#3869,#3892,
  $);
#4698 = PRODUCT_RELATED_PRODUCT_CATEGORY('part',$,(#3894));
#4699 = CONTEXT_DEPENDENT_SHAPE_REPRESENTATION(#4700,#4702);
#4700 = ( REPRESENTATION_RELATIONSHIP('','',#2958,#10) 
REPRESENTATION_RELATIONSHIP_WITH_TRANSFORMATION(#4701) 
SHAPE_REPRESENTATION_RELATIONSHIP() );
#4701 = ITEM_DEFINED_TRANSFORMATION('','',#11,#43);
#4702 = PRODUCT_DEFINITION_SHAPE('Placement','Placement of an item',
  #4703);
#4703 = NEXT_ASSEMBLY_USAGE_OCCURRENCE('11','C9','',#5,#2953,$);
#4704 = SHAPE_DEFINITION_REPRESENTATION(#4705,#4711);
#4705 = PRODUCT_DEFINITION_SHAPE('','',#4706);
#4706 = PRODUCT_DEFINITION('design','',#4707,#4710);
#4707 = PRODUCT_DEFINITION_FORMATION('','',#4708);
#4708 = PRODUCT('WSON-6-1EP_2x2mm_P0.65mm_EP1x1.6mm',
  'WSON-6-1EP_2x2mm_P0.65mm_EP1x1.6mm','',(#4709));
#4709 = PRODUCT_CONTEXT('',#2,'mechanical');
#4710 = PRODUCT_DEFINITION_CONTEXT('part definition',#2,'design');
#4711 = SHAPE_REPRESENTATION('',(#11,#4712),#4716);
#4712 = AXIS2_PLACEMENT_3D('',#4713,#4714,#4715);
#4713 = CARTESIAN_POINT('',(0.,0.,0.));
#4714 = DIRECTION('',(0.,0.,1.));
#4715 = DIRECTION('',(1.,0.,-0.));
#4716 = ( GEOMETRIC_REPRESENTATION_CONTEXT(3) 
GLOBAL_UNCERTAINTY_ASSIGNED_CONTEXT((#4720)) 
GLOBAL_UNIT_ASSIGNED_CONTEXT((#4717,#4718,#4719)) REPRESENTATION_CONTEXT
('Context #1','3D Context with UNIT and UNCERTAINTY') );
#4717 = ( LENGTH_UNIT() NAMED_UNIT(*) SI_UNIT(.MILLI.,.METRE.) );
#4718 = ( NAMED_UNIT(*) PLANE_ANGLE_UNIT() SI_UNIT($,.RADIAN.) );
#4719 = ( NAMED_UNIT(*) SI_UNIT($,.STERADIAN.) SOLID_ANGLE_UNIT() );
#4720 = UNCERTAINTY_MEASURE_WITH_UNIT(LENGTH_MEASURE(1.E-07),#4717,
  'distance_accuracy_value','confusion accuracy');
#4721 = CONTEXT_DEPENDENT_SHAPE_REPRESENTATION(#4722,#4724);
#4722 = ( REPRESENTATION_RELATIONSHIP('','',#4711,#10) 
REPRESENTATION_RELATIONSHIP_WITH_TRANSFORMATION(#4723) 
SHAPE_REPRESENTATION_RELATIONSHIP() );
#4723 = ITEM_DEFINED_TRANSFORMATION('','',#11,#47);
#4724 = PRODUCT_DEFINITION_SHAPE('Placement','Placement of an item',
  #4725);
#4725 = NEXT_ASSEMBLY_USAGE_OCCURRENCE('13','U2','',#5,#4706,$);
#4726 = PRODUCT_RELATED_PRODUCT_CATEGORY('part',$,(#4708));
#4727 = SHAPE_DEFINITION_REPRESENTATION(#4728,#4734);
#4728 = PRODUCT_DEFINITION_SHAPE('','',#4729);
#4729 = PRODUCT_DEFINITION('design','',#4730,#4733);
#4730 = PRODUCT_DEFINITION_FORMATION('','',#4731);
#4731 = PRODUCT('WSON_6_1EP_2x2mm_P065mm_EP1x16mm',
  'WSON_6_1EP_2x2mm_P065mm_EP1x16mm','',(#4732));
#4732 = PRODUCT_CONTEXT('',#2,'mechanical');
#4733 = PRODUCT_DEFINITION_CONTEXT('part definition',#2,'design');
#4734 = ADVANCED_BREP_SHAPE_REPRESENTATION('',(#11,#4735),#6293);
#4735 = MANIFOLD_SOLID_BREP('',#4736);
#4736 = CLOSED_SHELL('',(#4737,#4777,#4816,#4840,#5098,#5115,#5132,#5144
    ,#5244,#5284,#5308,#5341,#5381,#5405,#5438,#5478,#5502,#5535,#5559,
    #5652,#5692,#5716,#5749,#5789,#5813,#5846,#5886,#5910,#5943,#5960,
    #5977,#5994,#6011,#6034,#6051,#6063,#6080,#6092,#6109,#6121,#6138,
    #6155,#6172,#6189,#6201,#6218,#6230,#6247,#6259,#6284));
#4737 = ADVANCED_FACE('',(#4738),#4772,.F.);
#4738 = FACE_BOUND('',#4739,.F.);
#4739 = EDGE_LOOP('',(#4740,#4750,#4758,#4766));
#4740 = ORIENTED_EDGE('',*,*,#4741,.F.);
#4741 = EDGE_CURVE('',#4742,#4744,#4746,.T.);
#4742 = VERTEX_POINT('',#4743);
#4743 = CARTESIAN_POINT('',(-0.5,0.55,0.));
#4744 = VERTEX_POINT('',#4745);
#4745 = CARTESIAN_POINT('',(-0.5,-0.8,0.));
#4746 = LINE('',#4747,#4748);
#4747 = CARTESIAN_POINT('',(-0.5,0.55,0.));
#4748 = VECTOR('',#4749,1.);
#4749 = DIRECTION('',(-2.22044604925E-16,-1.,0.));
#4750 = ORIENTED_EDGE('',*,*,#4751,.T.);
#4751 = EDGE_CURVE('',#4742,#4752,#4754,.T.);
#4752 = VERTEX_POINT('',#4753);
#4753 = CARTESIAN_POINT('',(-0.5,0.55,2.E-02));
#4754 = LINE('',#4755,#4756);
#4755 = CARTESIAN_POINT('',(-0.5,0.55,0.));
#4756 = VECTOR('',#4757,1.);
#4757 = DIRECTION('',(0.,0.,1.));
#4758 = ORIENTED_EDGE('',*,*,#4759,.F.);
#4759 = EDGE_CURVE('',#4760,#4752,#4762,.T.);
#4760 = VERTEX_POINT('',#4761);
#4761 = CARTESIAN_POINT('',(-0.5,-0.8,2.E-02));
#4762 = LINE('',#4763,#4764);
#4763 = CARTESIAN_POINT('',(-0.5,0.77,2.E-02));
#4764 = VECTOR('',#4765,1.);
#4765 = DIRECTION('',(2.22044604925E-16,1.,0.));
#4766 = ORIENTED_EDGE('',*,*,#4767,.F.);
#4767 = EDGE_CURVE('',#4744,#4760,#4768,.T.);
#4768 = LINE('',#4769,#4770);
#4769 = CARTESIAN_POINT('',(-0.5,-0.8,0.));
#4770 = VECTOR('',#4771,1.);
#4771 = DIRECTION('',(0.,0.,1.));
#4772 = PLANE('',#4773);
#4773 = AXIS2_PLACEMENT_3D('',#4774,#4775,#4776);
#4774 = CARTESIAN_POINT('',(-0.5,0.55,0.));
#4775 = DIRECTION('',(1.,-2.22044604925E-16,0.));
#4776 = DIRECTION('',(-2.22044604925E-16,-1.,0.));
#4777 = ADVANCED_FACE('',(#4778),#4811,.F.);
#4778 = FACE_BOUND('',#4779,.F.);
#4779 = EDGE_LOOP('',(#4780,#4781,#4789,#4797,#4805));
#4780 = ORIENTED_EDGE('',*,*,#4741,.T.);
#4781 = ORIENTED_EDGE('',*,*,#4782,.T.);
#4782 = EDGE_CURVE('',#4744,#4783,#4785,.T.);
#4783 = VERTEX_POINT('',#4784);
#4784 = CARTESIAN_POINT('',(0.5,-0.8,0.));
#4785 = LINE('',#4786,#4787);
#4786 = CARTESIAN_POINT('',(-0.5,-0.8,0.));
#4787 = VECTOR('',#4788,1.);
#4788 = DIRECTION('',(1.,-2.22044604925E-16,0.));
#4789 = ORIENTED_EDGE('',*,*,#4790,.T.);
#4790 = EDGE_CURVE('',#4783,#4791,#4793,.T.);
#4791 = VERTEX_POINT('',#4792);
#4792 = CARTESIAN_POINT('',(0.5,0.8,0.));
#4793 = LINE('',#4794,#4795);
#4794 = CARTESIAN_POINT('',(0.5,-0.8,0.));
#4795 = VECTOR('',#4796,1.);
#4796 = DIRECTION('',(2.22044604925E-16,1.,0.));
#4797 = ORIENTED_EDGE('',*,*,#4798,.T.);
#4798 = EDGE_CURVE('',#4791,#4799,#4801,.T.);
#4799 = VERTEX_POINT('',#4800);
#4800 = CARTESIAN_POINT('',(-0.25,0.8,0.));
#4801 = LINE('',#4802,#4803);
#4802 = CARTESIAN_POINT('',(0.5,0.8,0.));
#4803 = VECTOR('',#4804,1.);
#4804 = DIRECTION('',(-1.,2.22044604925E-16,0.));
#4805 = ORIENTED_EDGE('',*,*,#4806,.T.);
#4806 = EDGE_CURVE('',#4799,#4742,#4807,.T.);
#4807 = LINE('',#4808,#4809);
#4808 = CARTESIAN_POINT('',(-0.25,0.8,0.));
#4809 = VECTOR('',#4810,1.);
#4810 = DIRECTION('',(-0.707106781187,-0.707106781187,0.));
#4811 = PLANE('',#4812);
#4812 = AXIS2_PLACEMENT_3D('',#4813,#4814,#4815);
#4813 = CARTESIAN_POINT('',(1.705086933244E-02,-2.574455067433E-02,0.));
#4814 = DIRECTION('',(0.,0.,1.));
#4815 = DIRECTION('',(-2.22044604925E-16,-1.,0.));
#4816 = ADVANCED_FACE('',(#4817),#4835,.F.);
#4817 = FACE_BOUND('',#4818,.F.);
#4818 = EDGE_LOOP('',(#4819,#4820,#4821,#4829));
#4819 = ORIENTED_EDGE('',*,*,#4782,.F.);
#4820 = ORIENTED_EDGE('',*,*,#4767,.T.);
#4821 = ORIENTED_EDGE('',*,*,#4822,.F.);
#4822 = EDGE_CURVE('',#4823,#4760,#4825,.T.);
#4823 = VERTEX_POINT('',#4824);
#4824 = CARTESIAN_POINT('',(0.5,-0.8,2.E-02));
#4825 = LINE('',#4826,#4827);
#4826 = CARTESIAN_POINT('',(-0.745,-0.8,2.E-02));
#4827 = VECTOR('',#4828,1.);
#4828 = DIRECTION('',(-1.,2.22044604925E-16,0.));
#4829 = ORIENTED_EDGE('',*,*,#4830,.F.);
#4830 = EDGE_CURVE('',#4783,#4823,#4831,.T.);
#4831 = LINE('',#4832,#4833);
#4832 = CARTESIAN_POINT('',(0.5,-0.8,0.));
#4833 = VECTOR('',#4834,1.);
#4834 = DIRECTION('',(0.,0.,1.));
#4835 = PLANE('',#4836);
#4836 = AXIS2_PLACEMENT_3D('',#4837,#4838,#4839);
#4837 = CARTESIAN_POINT('',(-0.5,-0.8,0.));
#4838 = DIRECTION('',(2.22044604925E-16,1.,0.));
#4839 = DIRECTION('',(1.,-2.22044604925E-16,0.));
#4840 = ADVANCED_FACE('',(#4841,#5067),#5093,.F.);
#4841 = FACE_BOUND('',#4842,.F.);
#4842 = EDGE_LOOP('',(#4843,#4853,#4861,#4869,#4877,#4885,#4893,#4901,
    #4909,#4917,#4925,#4933,#4941,#4949,#4957,#4965,#4973,#4981,#4989,
    #4997,#5005,#5013,#5021,#5029,#5037,#5045,#5053,#5061));
#4843 = ORIENTED_EDGE('',*,*,#4844,.F.);
#4844 = EDGE_CURVE('',#4845,#4847,#4849,.T.);
#4845 = VERTEX_POINT('',#4846);
#4846 = CARTESIAN_POINT('',(0.99,0.99,2.E-02));
#4847 = VERTEX_POINT('',#4848);
#4848 = CARTESIAN_POINT('',(0.99,0.8,2.E-02));
#4849 = LINE('',#4850,#4851);
#4850 = CARTESIAN_POINT('',(0.99,0.99,2.E-02));
#4851 = VECTOR('',#4852,1.);
#4852 = DIRECTION('',(-2.22044604925E-16,-1.,0.));
#4853 = ORIENTED_EDGE('',*,*,#4854,.F.);
#4854 = EDGE_CURVE('',#4855,#4845,#4857,.T.);
#4855 = VERTEX_POINT('',#4856);
#4856 = CARTESIAN_POINT('',(-0.99,0.99,2.E-02));
#4857 = LINE('',#4858,#4859);
#4858 = CARTESIAN_POINT('',(-0.99,0.99,2.E-02));
#4859 = VECTOR('',#4860,1.);
#4860 = DIRECTION('',(1.,-2.22044604925E-16,0.));
#4861 = ORIENTED_EDGE('',*,*,#4862,.T.);
#4862 = EDGE_CURVE('',#4855,#4863,#4865,.T.);
#4863 = VERTEX_POINT('',#4864);
#4864 = CARTESIAN_POINT('',(-0.99,0.8,2.E-02));
#4865 = LINE('',#4866,#4867);
#4866 = CARTESIAN_POINT('',(-0.99,0.99,2.E-02));
#4867 = VECTOR('',#4868,1.);
#4868 = DIRECTION('',(-2.22044604925E-16,-1.,0.));
#4869 = ORIENTED_EDGE('',*,*,#4870,.T.);
#4870 = EDGE_CURVE('',#4863,#4871,#4873,.T.);
#4871 = VERTEX_POINT('',#4872);
#4872 = CARTESIAN_POINT('',(-0.75,0.8,2.E-02));
#4873 = LINE('',#4874,#4875);
#4874 = CARTESIAN_POINT('',(-0.87,0.8,2.E-02));
#4875 = VECTOR('',#4876,1.);
#4876 = DIRECTION('',(1.,-4.669739647545E-16,0.));
#4877 = ORIENTED_EDGE('',*,*,#4878,.T.);
#4878 = EDGE_CURVE('',#4871,#4879,#4881,.T.);
#4879 = VERTEX_POINT('',#4880);
#4880 = CARTESIAN_POINT('',(-0.75,0.5,2.E-02));
#4881 = LINE('',#4882,#4883);
#4882 = CARTESIAN_POINT('',(-0.75,0.745,2.E-02));
#4883 = VECTOR('',#4884,1.);
#4884 = DIRECTION('',(-4.669739647545E-16,-1.,0.));
#4885 = ORIENTED_EDGE('',*,*,#4886,.T.);
#4886 = EDGE_CURVE('',#4879,#4887,#4889,.T.);
#4887 = VERTEX_POINT('',#4888);
#4888 = CARTESIAN_POINT('',(-0.99,0.5,2.E-02));
#4889 = LINE('',#4890,#4891);
#4890 = CARTESIAN_POINT('',(-0.995,0.5,2.E-02));
#4891 = VECTOR('',#4892,1.);
#4892 = DIRECTION('',(-1.,4.669739647545E-16,0.));
#4893 = ORIENTED_EDGE('',*,*,#4894,.T.);
#4894 = EDGE_CURVE('',#4887,#4895,#4897,.T.);
#4895 = VERTEX_POINT('',#4896);
#4896 = CARTESIAN_POINT('',(-0.99,0.15,2.E-02));
#4897 = LINE('',#4898,#4899);
#4898 = CARTESIAN_POINT('',(-0.99,0.99,2.E-02));
#4899 = VECTOR('',#4900,1.);
#4900 = DIRECTION('',(-2.22044604925E-16,-1.,0.));
#4901 = ORIENTED_EDGE('',*,*,#4902,.T.);
#4902 = EDGE_CURVE('',#4895,#4903,#4905,.T.);
#4903 = VERTEX_POINT('',#4904);
#4904 = CARTESIAN_POINT('',(-0.75,0.15,2.E-02));
#4905 = LINE('',#4906,#4907);
#4906 = CARTESIAN_POINT('',(-0.87,0.15,2.E-02));
#4907 = VECTOR('',#4908,1.);
#4908 = DIRECTION('',(1.,-4.669739647545E-16,0.));
#4909 = ORIENTED_EDGE('',*,*,#4910,.T.);
#4910 = EDGE_CURVE('',#4903,#4911,#4913,.T.);
#4911 = VERTEX_POINT('',#4912);
#4912 = CARTESIAN_POINT('',(-0.75,-0.15,2.E-02));
#4913 = LINE('',#4914,#4915);
#4914 = CARTESIAN_POINT('',(-0.75,0.42,2.E-02));
#4915 = VECTOR('',#4916,1.);
#4916 = DIRECTION('',(-4.669739647545E-16,-1.,0.));
#4917 = ORIENTED_EDGE('',*,*,#4918,.T.);
#4918 = EDGE_CURVE('',#4911,#4919,#4921,.T.);
#4919 = VERTEX_POINT('',#4920);
#4920 = CARTESIAN_POINT('',(-0.99,-0.15,2.E-02));
#4921 = LINE('',#4922,#4923);
#4922 = CARTESIAN_POINT('',(-0.995,-0.15,2.E-02));
#4923 = VECTOR('',#4924,1.);
#4924 = DIRECTION('',(-1.,4.669739647545E-16,0.));
#4925 = ORIENTED_EDGE('',*,*,#4926,.T.);
#4926 = EDGE_CURVE('',#4919,#4927,#4929,.T.);
#4927 = VERTEX_POINT('',#4928);
#4928 = CARTESIAN_POINT('',(-0.99,-0.5,2.E-02));
#4929 = LINE('',#4930,#4931);
#4930 = CARTESIAN_POINT('',(-0.99,0.99,2.E-02));
#4931 = VECTOR('',#4932,1.);
#4932 = DIRECTION('',(-2.22044604925E-16,-1.,0.));
#4933 = ORIENTED_EDGE('',*,*,#4934,.T.);
#4934 = EDGE_CURVE('',#4927,#4935,#4937,.T.);
#4935 = VERTEX_POINT('',#4936);
#4936 = CARTESIAN_POINT('',(-0.75,-0.5,2.E-02));
#4937 = LINE('',#4938,#4939);
#4938 = CARTESIAN_POINT('',(-0.87,-0.5,2.E-02));
#4939 = VECTOR('',#4940,1.);
#4940 = DIRECTION('',(1.,-4.669739647545E-16,0.));
#4941 = ORIENTED_EDGE('',*,*,#4942,.T.);
#4942 = EDGE_CURVE('',#4935,#4943,#4945,.T.);
#4943 = VERTEX_POINT('',#4944);
#4944 = CARTESIAN_POINT('',(-0.75,-0.8,2.E-02));
#4945 = LINE('',#4946,#4947);
#4946 = CARTESIAN_POINT('',(-0.75,9.5E-02,2.E-02));
#4947 = VECTOR('',#4948,1.);
#4948 = DIRECTION('',(-4.669739647545E-16,-1.,0.));
#4949 = ORIENTED_EDGE('',*,*,#4950,.T.);
#4950 = EDGE_CURVE('',#4943,#4951,#4953,.T.);
#4951 = VERTEX_POINT('',#4952);
#4952 = CARTESIAN_POINT('',(-0.99,-0.8,2.E-02));
#4953 = LINE('',#4954,#4955);
#4954 = CARTESIAN_POINT('',(-0.995,-0.8,2.E-02));
#4955 = VECTOR('',#4956,1.);
#4956 = DIRECTION('',(-1.,4.669739647545E-16,0.));
#4957 = ORIENTED_EDGE('',*,*,#4958,.T.);
#4958 = EDGE_CURVE('',#4951,#4959,#4961,.T.);
#4959 = VERTEX_POINT('',#4960);
#4960 = CARTESIAN_POINT('',(-0.99,-0.99,2.E-02));
#4961 = LINE('',#4962,#4963);
#4962 = CARTESIAN_POINT('',(-0.99,0.99,2.E-02));
#4963 = VECTOR('',#4964,1.);
#4964 = DIRECTION('',(-2.22044604925E-16,-1.,0.));
#4965 = ORIENTED_EDGE('',*,*,#4966,.T.);
#4966 = EDGE_CURVE('',#4959,#4967,#4969,.T.);
#4967 = VERTEX_POINT('',#4968);
#4968 = CARTESIAN_POINT('',(0.99,-0.99,2.E-02));
#4969 = LINE('',#4970,#4971);
#4970 = CARTESIAN_POINT('',(-0.99,-0.99,2.E-02));
#4971 = VECTOR('',#4972,1.);
#4972 = DIRECTION('',(1.,-2.22044604925E-16,0.));
#4973 = ORIENTED_EDGE('',*,*,#4974,.F.);
#4974 = EDGE_CURVE('',#4975,#4967,#4977,.T.);
#4975 = VERTEX_POINT('',#4976);
#4976 = CARTESIAN_POINT('',(0.99,-0.8,2.E-02));
#4977 = LINE('',#4978,#4979);
#4978 = CARTESIAN_POINT('',(0.99,0.99,2.E-02));
#4979 = VECTOR('',#4980,1.);
#4980 = DIRECTION('',(-2.22044604925E-16,-1.,0.));
#4981 = ORIENTED_EDGE('',*,*,#4982,.T.);
#4982 = EDGE_CURVE('',#4975,#4983,#4985,.T.);
#4983 = VERTEX_POINT('',#4984);
#4984 = CARTESIAN_POINT('',(0.75,-0.8,2.E-02));
#4985 = LINE('',#4986,#4987);
#4986 = CARTESIAN_POINT('',(-0.12,-0.8,2.E-02));
#4987 = VECTOR('',#4988,1.);
#4988 = DIRECTION('',(-1.,3.445092848398E-16,0.));
#4989 = ORIENTED_EDGE('',*,*,#4990,.T.);
#4990 = EDGE_CURVE('',#4983,#4991,#4993,.T.);
#4991 = VERTEX_POINT('',#4992);
#4992 = CARTESIAN_POINT('',(0.75,-0.5,2.E-02));
#4993 = LINE('',#4994,#4995);
#4994 = CARTESIAN_POINT('',(0.75,0.245,2.E-02));
#4995 = VECTOR('',#4996,1.);
#4996 = DIRECTION('',(3.445092848398E-16,1.,0.));
#4997 = ORIENTED_EDGE('',*,*,#4998,.T.);
#4998 = EDGE_CURVE('',#4991,#4999,#5001,.T.);
#4999 = VERTEX_POINT('',#5000);
#5000 = CARTESIAN_POINT('',(0.99,-0.5,2.E-02));
#5001 = LINE('',#5002,#5003);
#5002 = CARTESIAN_POINT('',(5.E-03,-0.5,2.E-02));
#5003 = VECTOR('',#5004,1.);
#5004 = DIRECTION('',(1.,-3.445092848398E-16,0.));
#5005 = ORIENTED_EDGE('',*,*,#5006,.F.);
#5006 = EDGE_CURVE('',#5007,#4999,#5009,.T.);
#5007 = VERTEX_POINT('',#5008);
#5008 = CARTESIAN_POINT('',(0.99,-0.15,2.E-02));
#5009 = LINE('',#5010,#5011);
#5010 = CARTESIAN_POINT('',(0.99,0.99,2.E-02));
#5011 = VECTOR('',#5012,1.);
#5012 = DIRECTION('',(-2.22044604925E-16,-1.,0.));
#5013 = ORIENTED_EDGE('',*,*,#5014,.T.);
#5014 = EDGE_CURVE('',#5007,#5015,#5017,.T.);
#5015 = VERTEX_POINT('',#5016);
#5016 = CARTESIAN_POINT('',(0.75,-0.15,2.E-02));
#5017 = LINE('',#5018,#5019);
#5018 = CARTESIAN_POINT('',(-0.12,-0.15,2.E-02));
#5019 = VECTOR('',#5020,1.);
#5020 = DIRECTION('',(-1.,3.445092848398E-16,0.));
#5021 = ORIENTED_EDGE('',*,*,#5022,.T.);
#5022 = EDGE_CURVE('',#5015,#5023,#5025,.T.);
#5023 = VERTEX_POINT('',#5024);
#5024 = CARTESIAN_POINT('',(0.75,0.15,2.E-02));
#5025 = LINE('',#5026,#5027);
#5026 = CARTESIAN_POINT('',(0.75,0.57,2.E-02));
#5027 = VECTOR('',#5028,1.);
#5028 = DIRECTION('',(3.445092848398E-16,1.,0.));
#5029 = ORIENTED_EDGE('',*,*,#5030,.T.);
#5030 = EDGE_CURVE('',#5023,#5031,#5033,.T.);
#5031 = VERTEX_POINT('',#5032);
#5032 = CARTESIAN_POINT('',(0.99,0.15,2.E-02));
#5033 = LINE('',#5034,#5035);
#5034 = CARTESIAN_POINT('',(5.E-03,0.15,2.E-02));
#5035 = VECTOR('',#5036,1.);
#5036 = DIRECTION('',(1.,-3.445092848398E-16,0.));
#5037 = ORIENTED_EDGE('',*,*,#5038,.F.);
#5038 = EDGE_CURVE('',#5039,#5031,#5041,.T.);
#5039 = VERTEX_POINT('',#5040);
#5040 = CARTESIAN_POINT('',(0.99,0.5,2.E-02));
#5041 = LINE('',#5042,#5043);
#5042 = CARTESIAN_POINT('',(0.99,0.99,2.E-02));
#5043 = VECTOR('',#5044,1.);
#5044 = DIRECTION('',(-2.22044604925E-16,-1.,0.));
#5045 = ORIENTED_EDGE('',*,*,#5046,.T.);
#5046 = EDGE_CURVE('',#5039,#5047,#5049,.T.);
#5047 = VERTEX_POINT('',#5048);
#5048 = CARTESIAN_POINT('',(0.75,0.5,2.E-02));
#5049 = LINE('',#5050,#5051);
#5050 = CARTESIAN_POINT('',(-0.12,0.5,2.E-02));
#5051 = VECTOR('',#5052,1.);
#5052 = DIRECTION('',(-1.,3.445092848398E-16,0.));
#5053 = ORIENTED_EDGE('',*,*,#5054,.T.);
#5054 = EDGE_CURVE('',#5047,#5055,#5057,.T.);
#5055 = VERTEX_POINT('',#5056);
#5056 = CARTESIAN_POINT('',(0.75,0.8,2.E-02));
#5057 = LINE('',#5058,#5059);
#5058 = CARTESIAN_POINT('',(0.75,0.895,2.E-02));
#5059 = VECTOR('',#5060,1.);
#5060 = DIRECTION('',(3.445092848398E-16,1.,0.));
#5061 = ORIENTED_EDGE('',*,*,#5062,.T.);
#5062 = EDGE_CURVE('',#5055,#4847,#5063,.T.);
#5063 = LINE('',#5064,#5065);
#5064 = CARTESIAN_POINT('',(5.E-03,0.8,2.E-02));
#5065 = VECTOR('',#5066,1.);
#5066 = DIRECTION('',(1.,-3.445092848398E-16,0.));
#5067 = FACE_BOUND('',#5068,.F.);
#5068 = EDGE_LOOP('',(#5069,#5070,#5071,#5079,#5087));
#5069 = ORIENTED_EDGE('',*,*,#4822,.T.);
#5070 = ORIENTED_EDGE('',*,*,#4759,.T.);
#5071 = ORIENTED_EDGE('',*,*,#5072,.T.);
#5072 = EDGE_CURVE('',#4752,#5073,#5075,.T.);
#5073 = VERTEX_POINT('',#5074);
#5074 = CARTESIAN_POINT('',(-0.25,0.8,2.E-02));
#5075 = LINE('',#5076,#5077);
#5076 = CARTESIAN_POINT('',(-0.3875,0.6625,2.E-02));
#5077 = VECTOR('',#5078,1.);
#5078 = DIRECTION('',(0.707106781187,0.707106781187,0.));
#5079 = ORIENTED_EDGE('',*,*,#5080,.T.);
#5080 = EDGE_CURVE('',#5073,#5081,#5083,.T.);
#5081 = VERTEX_POINT('',#5082);
#5082 = CARTESIAN_POINT('',(0.5,0.8,2.E-02));
#5083 = LINE('',#5084,#5085);
#5084 = CARTESIAN_POINT('',(-0.245,0.8,2.E-02));
#5085 = VECTOR('',#5086,1.);
#5086 = DIRECTION('',(1.,-2.22044604925E-16,0.));
#5087 = ORIENTED_EDGE('',*,*,#5088,.T.);
#5088 = EDGE_CURVE('',#5081,#4823,#5089,.T.);
#5089 = LINE('',#5090,#5091);
#5090 = CARTESIAN_POINT('',(0.5,9.5E-02,2.E-02));
#5091 = VECTOR('',#5092,1.);
#5092 = DIRECTION('',(-2.22044604925E-16,-1.,0.));
#5093 = PLANE('',#5094);
#5094 = AXIS2_PLACEMENT_3D('',#5095,#5096,#5097);
#5095 = CARTESIAN_POINT('',(-0.99,0.99,2.E-02));
#5096 = DIRECTION('',(0.,0.,1.));
#5097 = DIRECTION('',(-2.22044604925E-16,-1.,0.));
#5098 = ADVANCED_FACE('',(#5099),#5110,.F.);
#5099 = FACE_BOUND('',#5100,.F.);
#5100 = EDGE_LOOP('',(#5101,#5102,#5108,#5109));
#5101 = ORIENTED_EDGE('',*,*,#4806,.F.);
#5102 = ORIENTED_EDGE('',*,*,#5103,.T.);
#5103 = EDGE_CURVE('',#4799,#5073,#5104,.T.);
#5104 = LINE('',#5105,#5106);
#5105 = CARTESIAN_POINT('',(-0.25,0.8,0.));
#5106 = VECTOR('',#5107,1.);
#5107 = DIRECTION('',(0.,0.,1.));
#5108 = ORIENTED_EDGE('',*,*,#5072,.F.);
#5109 = ORIENTED_EDGE('',*,*,#4751,.F.);
#5110 = PLANE('',#5111);
#5111 = AXIS2_PLACEMENT_3D('',#5112,#5113,#5114);
#5112 = CARTESIAN_POINT('',(-0.25,0.8,0.));
#5113 = DIRECTION('',(0.707106781187,-0.707106781187,0.));
#5114 = DIRECTION('',(-0.707106781187,-0.707106781187,0.));
#5115 = ADVANCED_FACE('',(#5116),#5127,.F.);
#5116 = FACE_BOUND('',#5117,.F.);
#5117 = EDGE_LOOP('',(#5118,#5119,#5120,#5121));
#5118 = ORIENTED_EDGE('',*,*,#4790,.F.);
#5119 = ORIENTED_EDGE('',*,*,#4830,.T.);
#5120 = ORIENTED_EDGE('',*,*,#5088,.F.);
#5121 = ORIENTED_EDGE('',*,*,#5122,.F.);
#5122 = EDGE_CURVE('',#4791,#5081,#5123,.T.);
#5123 = LINE('',#5124,#5125);
#5124 = CARTESIAN_POINT('',(0.5,0.8,0.));
#5125 = VECTOR('',#5126,1.);
#5126 = DIRECTION('',(0.,0.,1.));
#5127 = PLANE('',#5128);
#5128 = AXIS2_PLACEMENT_3D('',#5129,#5130,#5131);
#5129 = CARTESIAN_POINT('',(0.5,-0.8,0.));
#5130 = DIRECTION('',(-1.,2.22044604925E-16,0.));
#5131 = DIRECTION('',(2.22044604925E-16,1.,0.));
#5132 = ADVANCED_FACE('',(#5133),#5139,.F.);
#5133 = FACE_BOUND('',#5134,.F.);
#5134 = EDGE_LOOP('',(#5135,#5136,#5137,#5138));
#5135 = ORIENTED_EDGE('',*,*,#4798,.F.);
#5136 = ORIENTED_EDGE('',*,*,#5122,.T.);
#5137 = ORIENTED_EDGE('',*,*,#5080,.F.);
#5138 = ORIENTED_EDGE('',*,*,#5103,.F.);
#5139 = PLANE('',#5140);
#5140 = AXIS2_PLACEMENT_3D('',#5141,#5142,#5143);
#5141 = CARTESIAN_POINT('',(0.5,0.8,0.));
#5142 = DIRECTION('',(-2.22044604925E-16,-1.,0.));
#5143 = DIRECTION('',(-1.,2.22044604925E-16,0.));
#5144 = ADVANCED_FACE('',(#5145),#5239,.T.);
#5145 = FACE_BOUND('',#5146,.T.);
#5146 = EDGE_LOOP('',(#5147,#5148,#5156,#5164,#5170,#5171,#5179,#5187,
    #5193,#5194,#5202,#5210,#5216,#5217,#5225,#5233));
#5147 = ORIENTED_EDGE('',*,*,#4844,.F.);
#5148 = ORIENTED_EDGE('',*,*,#5149,.T.);
#5149 = EDGE_CURVE('',#4845,#5150,#5152,.T.);
#5150 = VERTEX_POINT('',#5151);
#5151 = CARTESIAN_POINT('',(0.99,0.99,0.82));
#5152 = LINE('',#5153,#5154);
#5153 = CARTESIAN_POINT('',(0.99,0.99,2.E-02));
#5154 = VECTOR('',#5155,1.);
#5155 = DIRECTION('',(0.,0.,1.));
#5156 = ORIENTED_EDGE('',*,*,#5157,.T.);
#5157 = EDGE_CURVE('',#5150,#5158,#5160,.T.);
#5158 = VERTEX_POINT('',#5159);
#5159 = CARTESIAN_POINT('',(0.99,-0.99,0.82));
#5160 = LINE('',#5161,#5162);
#5161 = CARTESIAN_POINT('',(0.99,0.99,0.82));
#5162 = VECTOR('',#5163,1.);
#5163 = DIRECTION('',(-2.22044604925E-16,-1.,0.));
#5164 = ORIENTED_EDGE('',*,*,#5165,.F.);
#5165 = EDGE_CURVE('',#4967,#5158,#5166,.T.);
#5166 = LINE('',#5167,#5168);
#5167 = CARTESIAN_POINT('',(0.99,-0.99,2.E-02));
#5168 = VECTOR('',#5169,1.);
#5169 = DIRECTION('',(0.,0.,1.));
#5170 = ORIENTED_EDGE('',*,*,#4974,.F.);
#5171 = ORIENTED_EDGE('',*,*,#5172,.T.);
#5172 = EDGE_CURVE('',#4975,#5173,#5175,.T.);
#5173 = VERTEX_POINT('',#5174);
#5174 = CARTESIAN_POINT('',(0.99,-0.8,0.2));
#5175 = LINE('',#5176,#5177);
#5176 = CARTESIAN_POINT('',(0.99,-0.8,1.E-02));
#5177 = VECTOR('',#5178,1.);
#5178 = DIRECTION('',(0.,0.,1.));
#5179 = ORIENTED_EDGE('',*,*,#5180,.F.);
#5180 = EDGE_CURVE('',#5181,#5173,#5183,.T.);
#5181 = VERTEX_POINT('',#5182);
#5182 = CARTESIAN_POINT('',(0.99,-0.5,0.2));
#5183 = LINE('',#5184,#5185);
#5184 = CARTESIAN_POINT('',(0.99,0.17,0.2));
#5185 = VECTOR('',#5186,1.);
#5186 = DIRECTION('',(-2.22044604925E-16,-1.,0.));
#5187 = ORIENTED_EDGE('',*,*,#5188,.T.);
#5188 = EDGE_CURVE('',#5181,#4999,#5189,.T.);
#5189 = LINE('',#5190,#5191);
#5190 = CARTESIAN_POINT('',(0.99,-0.5,1.E-02));
#5191 = VECTOR('',#5192,1.);
#5192 = DIRECTION('',(0.,-0.,-1.));
#5193 = ORIENTED_EDGE('',*,*,#5006,.F.);
#5194 = ORIENTED_EDGE('',*,*,#5195,.T.);
#5195 = EDGE_CURVE('',#5007,#5196,#5198,.T.);
#5196 = VERTEX_POINT('',#5197);
#5197 = CARTESIAN_POINT('',(0.99,-0.15,0.2));
#5198 = LINE('',#5199,#5200);
#5199 = CARTESIAN_POINT('',(0.99,-0.15,1.E-02));
#5200 = VECTOR('',#5201,1.);
#5201 = DIRECTION('',(0.,0.,1.));
#5202 = ORIENTED_EDGE('',*,*,#5203,.F.);
#5203 = EDGE_CURVE('',#5204,#5196,#5206,.T.);
#5204 = VERTEX_POINT('',#5205);
#5205 = CARTESIAN_POINT('',(0.99,0.15,0.2));
#5206 = LINE('',#5207,#5208);
#5207 = CARTESIAN_POINT('',(0.99,0.495,0.2));
#5208 = VECTOR('',#5209,1.);
#5209 = DIRECTION('',(-2.22044604925E-16,-1.,0.));
#5210 = ORIENTED_EDGE('',*,*,#5211,.T.);
#5211 = EDGE_CURVE('',#5204,#5031,#5212,.T.);
#5212 = LINE('',#5213,#5214);
#5213 = CARTESIAN_POINT('',(0.99,0.15,1.E-02));
#5214 = VECTOR('',#5215,1.);
#5215 = DIRECTION('',(0.,-0.,-1.));
#5216 = ORIENTED_EDGE('',*,*,#5038,.F.);
#5217 = ORIENTED_EDGE('',*,*,#5218,.T.);
#5218 = EDGE_CURVE('',#5039,#5219,#5221,.T.);
#5219 = VERTEX_POINT('',#5220);
#5220 = CARTESIAN_POINT('',(0.99,0.5,0.2));
#5221 = LINE('',#5222,#5223);
#5222 = CARTESIAN_POINT('',(0.99,0.5,1.E-02));
#5223 = VECTOR('',#5224,1.);
#5224 = DIRECTION('',(0.,0.,1.));
#5225 = ORIENTED_EDGE('',*,*,#5226,.F.);
#5226 = EDGE_CURVE('',#5227,#5219,#5229,.T.);
#5227 = VERTEX_POINT('',#5228);
#5228 = CARTESIAN_POINT('',(0.99,0.8,0.2));
#5229 = LINE('',#5230,#5231);
#5230 = CARTESIAN_POINT('',(0.99,0.82,0.2));
#5231 = VECTOR('',#5232,1.);
#5232 = DIRECTION('',(-2.22044604925E-16,-1.,0.));
#5233 = ORIENTED_EDGE('',*,*,#5234,.T.);
#5234 = EDGE_CURVE('',#5227,#4847,#5235,.T.);
#5235 = LINE('',#5236,#5237);
#5236 = CARTESIAN_POINT('',(0.99,0.8,1.E-02));
#5237 = VECTOR('',#5238,1.);
#5238 = DIRECTION('',(0.,-0.,-1.));
#5239 = PLANE('',#5240);
#5240 = AXIS2_PLACEMENT_3D('',#5241,#5242,#5243);
#5241 = CARTESIAN_POINT('',(0.99,0.99,2.E-02));
#5242 = DIRECTION('',(1.,-2.22044604925E-16,0.));
#5243 = DIRECTION('',(0.,0.,1.));
#5244 = ADVANCED_FACE('',(#5245),#5279,.F.);
#5245 = FACE_BOUND('',#5246,.F.);
#5246 = EDGE_LOOP('',(#5247,#5257,#5265,#5271,#5272,#5273));
#5247 = ORIENTED_EDGE('',*,*,#5248,.F.);
#5248 = EDGE_CURVE('',#5249,#5251,#5253,.T.);
#5249 = VERTEX_POINT('',#5250);
#5250 = CARTESIAN_POINT('',(1.,0.8,0.));
#5251 = VERTEX_POINT('',#5252);
#5252 = CARTESIAN_POINT('',(0.75,0.8,0.));
#5253 = LINE('',#5254,#5255);
#5254 = CARTESIAN_POINT('',(1.,0.8,0.));
#5255 = VECTOR('',#5256,1.);
#5256 = DIRECTION('',(-1.,3.445092848398E-16,0.));
#5257 = ORIENTED_EDGE('',*,*,#5258,.T.);
#5258 = EDGE_CURVE('',#5249,#5259,#5261,.T.);
#5259 = VERTEX_POINT('',#5260);
#5260 = CARTESIAN_POINT('',(1.,0.8,0.2));
#5261 = LINE('',#5262,#5263);
#5262 = CARTESIAN_POINT('',(1.,0.8,0.));
#5263 = VECTOR('',#5264,1.);
#5264 = DIRECTION('',(0.,0.,1.));
#5265 = ORIENTED_EDGE('',*,*,#5266,.T.);
#5266 = EDGE_CURVE('',#5259,#5227,#5267,.T.);
#5267 = LINE('',#5268,#5269);
#5268 = CARTESIAN_POINT('',(1.,0.8,0.2));
#5269 = VECTOR('',#5270,1.);
#5270 = DIRECTION('',(-1.,3.445092848398E-16,0.));
#5271 = ORIENTED_EDGE('',*,*,#5234,.T.);
#5272 = ORIENTED_EDGE('',*,*,#5062,.F.);
#5273 = ORIENTED_EDGE('',*,*,#5274,.F.);
#5274 = EDGE_CURVE('',#5251,#5055,#5275,.T.);
#5275 = LINE('',#5276,#5277);
#5276 = CARTESIAN_POINT('',(0.75,0.8,0.));
#5277 = VECTOR('',#5278,1.);
#5278 = DIRECTION('',(0.,0.,1.));
#5279 = PLANE('',#5280);
#5280 = AXIS2_PLACEMENT_3D('',#5281,#5282,#5283);
#5281 = CARTESIAN_POINT('',(1.,0.8,0.));
#5282 = DIRECTION('',(-3.445092848398E-16,-1.,0.));
#5283 = DIRECTION('',(-1.,3.445092848398E-16,0.));
#5284 = ADVANCED_FACE('',(#5285),#5303,.F.);
#5285 = FACE_BOUND('',#5286,.F.);
#5286 = EDGE_LOOP('',(#5287,#5295,#5296,#5297));
#5287 = ORIENTED_EDGE('',*,*,#5288,.F.);
#5288 = EDGE_CURVE('',#5251,#5289,#5291,.T.);
#5289 = VERTEX_POINT('',#5290);
#5290 = CARTESIAN_POINT('',(0.75,0.5,0.));
#5291 = LINE('',#5292,#5293);
#5292 = CARTESIAN_POINT('',(0.75,0.8,0.));
#5293 = VECTOR('',#5294,1.);
#5294 = DIRECTION('',(-3.445092848398E-16,-1.,0.));
#5295 = ORIENTED_EDGE('',*,*,#5274,.T.);
#5296 = ORIENTED_EDGE('',*,*,#5054,.F.);
#5297 = ORIENTED_EDGE('',*,*,#5298,.F.);
#5298 = EDGE_CURVE('',#5289,#5047,#5299,.T.);
#5299 = LINE('',#5300,#5301);
#5300 = CARTESIAN_POINT('',(0.75,0.5,0.));
#5301 = VECTOR('',#5302,1.);
#5302 = DIRECTION('',(0.,0.,1.));
#5303 = PLANE('',#5304);
#5304 = AXIS2_PLACEMENT_3D('',#5305,#5306,#5307);
#5305 = CARTESIAN_POINT('',(0.75,0.8,0.));
#5306 = DIRECTION('',(1.,-3.445092848398E-16,0.));
#5307 = DIRECTION('',(-3.445092848398E-16,-1.,0.));
#5308 = ADVANCED_FACE('',(#5309),#5336,.F.);
#5309 = FACE_BOUND('',#5310,.F.);
#5310 = EDGE_LOOP('',(#5311,#5319,#5320,#5321,#5322,#5330));
#5311 = ORIENTED_EDGE('',*,*,#5312,.F.);
#5312 = EDGE_CURVE('',#5289,#5313,#5315,.T.);
#5313 = VERTEX_POINT('',#5314);
#5314 = CARTESIAN_POINT('',(1.,0.5,0.));
#5315 = LINE('',#5316,#5317);
#5316 = CARTESIAN_POINT('',(0.75,0.5,0.));
#5317 = VECTOR('',#5318,1.);
#5318 = DIRECTION('',(1.,-3.445092848398E-16,0.));
#5319 = ORIENTED_EDGE('',*,*,#5298,.T.);
#5320 = ORIENTED_EDGE('',*,*,#5046,.F.);
#5321 = ORIENTED_EDGE('',*,*,#5218,.T.);
#5322 = ORIENTED_EDGE('',*,*,#5323,.T.);
#5323 = EDGE_CURVE('',#5219,#5324,#5326,.T.);
#5324 = VERTEX_POINT('',#5325);
#5325 = CARTESIAN_POINT('',(1.,0.5,0.2));
#5326 = LINE('',#5327,#5328);
#5327 = CARTESIAN_POINT('',(0.75,0.5,0.2));
#5328 = VECTOR('',#5329,1.);
#5329 = DIRECTION('',(1.,-3.445092848398E-16,0.));
#5330 = ORIENTED_EDGE('',*,*,#5331,.F.);
#5331 = EDGE_CURVE('',#5313,#5324,#5332,.T.);
#5332 = LINE('',#5333,#5334);
#5333 = CARTESIAN_POINT('',(1.,0.5,0.));
#5334 = VECTOR('',#5335,1.);
#5335 = DIRECTION('',(0.,0.,1.));
#5336 = PLANE('',#5337);
#5337 = AXIS2_PLACEMENT_3D('',#5338,#5339,#5340);
#5338 = CARTESIAN_POINT('',(0.75,0.5,0.));
#5339 = DIRECTION('',(3.445092848398E-16,1.,0.));
#5340 = DIRECTION('',(1.,-3.445092848398E-16,0.));
#5341 = ADVANCED_FACE('',(#5342),#5376,.F.);
#5342 = FACE_BOUND('',#5343,.F.);
#5343 = EDGE_LOOP('',(#5344,#5354,#5362,#5368,#5369,#5370));
#5344 = ORIENTED_EDGE('',*,*,#5345,.F.);
#5345 = EDGE_CURVE('',#5346,#5348,#5350,.T.);
#5346 = VERTEX_POINT('',#5347);
#5347 = CARTESIAN_POINT('',(1.,0.15,0.));
#5348 = VERTEX_POINT('',#5349);
#5349 = CARTESIAN_POINT('',(0.75,0.15,0.));
#5350 = LINE('',#5351,#5352);
#5351 = CARTESIAN_POINT('',(1.,0.15,0.));
#5352 = VECTOR('',#5353,1.);
#5353 = DIRECTION('',(-1.,3.445092848398E-16,0.));
#5354 = ORIENTED_EDGE('',*,*,#5355,.T.);
#5355 = EDGE_CURVE('',#5346,#5356,#5358,.T.);
#5356 = VERTEX_POINT('',#5357);
#5357 = CARTESIAN_POINT('',(1.,0.15,0.2));
#5358 = LINE('',#5359,#5360);
#5359 = CARTESIAN_POINT('',(1.,0.15,0.));
#5360 = VECTOR('',#5361,1.);
#5361 = DIRECTION('',(0.,0.,1.));
#5362 = ORIENTED_EDGE('',*,*,#5363,.T.);
#5363 = EDGE_CURVE('',#5356,#5204,#5364,.T.);
#5364 = LINE('',#5365,#5366);
#5365 = CARTESIAN_POINT('',(1.,0.15,0.2));
#5366 = VECTOR('',#5367,1.);
#5367 = DIRECTION('',(-1.,3.445092848398E-16,0.));
#5368 = ORIENTED_EDGE('',*,*,#5211,.T.);
#5369 = ORIENTED_EDGE('',*,*,#5030,.F.);
#5370 = ORIENTED_EDGE('',*,*,#5371,.F.);
#5371 = EDGE_CURVE('',#5348,#5023,#5372,.T.);
#5372 = LINE('',#5373,#5374);
#5373 = CARTESIAN_POINT('',(0.75,0.15,0.));
#5374 = VECTOR('',#5375,1.);
#5375 = DIRECTION('',(0.,0.,1.));
#5376 = PLANE('',#5377);
#5377 = AXIS2_PLACEMENT_3D('',#5378,#5379,#5380);
#5378 = CARTESIAN_POINT('',(1.,0.15,0.));
#5379 = DIRECTION('',(-3.445092848398E-16,-1.,0.));
#5380 = DIRECTION('',(-1.,3.445092848398E-16,0.));
#5381 = ADVANCED_FACE('',(#5382),#5400,.F.);
#5382 = FACE_BOUND('',#5383,.F.);
#5383 = EDGE_LOOP('',(#5384,#5392,#5393,#5394));
#5384 = ORIENTED_EDGE('',*,*,#5385,.F.);
#5385 = EDGE_CURVE('',#5348,#5386,#5388,.T.);
#5386 = VERTEX_POINT('',#5387);
#5387 = CARTESIAN_POINT('',(0.75,-0.15,0.));
#5388 = LINE('',#5389,#5390);
#5389 = CARTESIAN_POINT('',(0.75,0.15,0.));
#5390 = VECTOR('',#5391,1.);
#5391 = DIRECTION('',(-3.445092848398E-16,-1.,0.));
#5392 = ORIENTED_EDGE('',*,*,#5371,.T.);
#5393 = ORIENTED_EDGE('',*,*,#5022,.F.);
#5394 = ORIENTED_EDGE('',*,*,#5395,.F.);
#5395 = EDGE_CURVE('',#5386,#5015,#5396,.T.);
#5396 = LINE('',#5397,#5398);
#5397 = CARTESIAN_POINT('',(0.75,-0.15,0.));
#5398 = VECTOR('',#5399,1.);
#5399 = DIRECTION('',(0.,0.,1.));
#5400 = PLANE('',#5401);
#5401 = AXIS2_PLACEMENT_3D('',#5402,#5403,#5404);
#5402 = CARTESIAN_POINT('',(0.75,0.15,0.));
#5403 = DIRECTION('',(1.,-3.445092848398E-16,0.));
#5404 = DIRECTION('',(-3.445092848398E-16,-1.,0.));
#5405 = ADVANCED_FACE('',(#5406),#5433,.F.);
#5406 = FACE_BOUND('',#5407,.F.);
#5407 = EDGE_LOOP('',(#5408,#5416,#5417,#5418,#5419,#5427));
#5408 = ORIENTED_EDGE('',*,*,#5409,.F.);
#5409 = EDGE_CURVE('',#5386,#5410,#5412,.T.);
#5410 = VERTEX_POINT('',#5411);
#5411 = CARTESIAN_POINT('',(1.,-0.15,0.));
#5412 = LINE('',#5413,#5414);
#5413 = CARTESIAN_POINT('',(0.75,-0.15,0.));
#5414 = VECTOR('',#5415,1.);
#5415 = DIRECTION('',(1.,-3.445092848398E-16,0.));
#5416 = ORIENTED_EDGE('',*,*,#5395,.T.);
#5417 = ORIENTED_EDGE('',*,*,#5014,.F.);
#5418 = ORIENTED_EDGE('',*,*,#5195,.T.);
#5419 = ORIENTED_EDGE('',*,*,#5420,.T.);
#5420 = EDGE_CURVE('',#5196,#5421,#5423,.T.);
#5421 = VERTEX_POINT('',#5422);
#5422 = CARTESIAN_POINT('',(1.,-0.15,0.2));
#5423 = LINE('',#5424,#5425);
#5424 = CARTESIAN_POINT('',(0.75,-0.15,0.2));
#5425 = VECTOR('',#5426,1.);
#5426 = DIRECTION('',(1.,-3.445092848398E-16,0.));
#5427 = ORIENTED_EDGE('',*,*,#5428,.F.);
#5428 = EDGE_CURVE('',#5410,#5421,#5429,.T.);
#5429 = LINE('',#5430,#5431);
#5430 = CARTESIAN_POINT('',(1.,-0.15,0.));
#5431 = VECTOR('',#5432,1.);
#5432 = DIRECTION('',(0.,0.,1.));
#5433 = PLANE('',#5434);
#5434 = AXIS2_PLACEMENT_3D('',#5435,#5436,#5437);
#5435 = CARTESIAN_POINT('',(0.75,-0.15,0.));
#5436 = DIRECTION('',(3.445092848398E-16,1.,0.));
#5437 = DIRECTION('',(1.,-3.445092848398E-16,0.));
#5438 = ADVANCED_FACE('',(#5439),#5473,.F.);
#5439 = FACE_BOUND('',#5440,.F.);
#5440 = EDGE_LOOP('',(#5441,#5451,#5459,#5465,#5466,#5467));
#5441 = ORIENTED_EDGE('',*,*,#5442,.F.);
#5442 = EDGE_CURVE('',#5443,#5445,#5447,.T.);
#5443 = VERTEX_POINT('',#5444);
#5444 = CARTESIAN_POINT('',(1.,-0.5,0.));
#5445 = VERTEX_POINT('',#5446);
#5446 = CARTESIAN_POINT('',(0.75,-0.5,0.));
#5447 = LINE('',#5448,#5449);
#5448 = CARTESIAN_POINT('',(1.,-0.5,0.));
#5449 = VECTOR('',#5450,1.);
#5450 = DIRECTION('',(-1.,3.445092848398E-16,0.));
#5451 = ORIENTED_EDGE('',*,*,#5452,.T.);
#5452 = EDGE_CURVE('',#5443,#5453,#5455,.T.);
#5453 = VERTEX_POINT('',#5454);
#5454 = CARTESIAN_POINT('',(1.,-0.5,0.2));
#5455 = LINE('',#5456,#5457);
#5456 = CARTESIAN_POINT('',(1.,-0.5,0.));
#5457 = VECTOR('',#5458,1.);
#5458 = DIRECTION('',(0.,0.,1.));
#5459 = ORIENTED_EDGE('',*,*,#5460,.T.);
#5460 = EDGE_CURVE('',#5453,#5181,#5461,.T.);
#5461 = LINE('',#5462,#5463);
#5462 = CARTESIAN_POINT('',(1.,-0.5,0.2));
#5463 = VECTOR('',#5464,1.);
#5464 = DIRECTION('',(-1.,3.445092848398E-16,0.));
#5465 = ORIENTED_EDGE('',*,*,#5188,.T.);
#5466 = ORIENTED_EDGE('',*,*,#4998,.F.);
#5467 = ORIENTED_EDGE('',*,*,#5468,.F.);
#5468 = EDGE_CURVE('',#5445,#4991,#5469,.T.);
#5469 = LINE('',#5470,#5471);
#5470 = CARTESIAN_POINT('',(0.75,-0.5,0.));
#5471 = VECTOR('',#5472,1.);
#5472 = DIRECTION('',(0.,0.,1.));
#5473 = PLANE('',#5474);
#5474 = AXIS2_PLACEMENT_3D('',#5475,#5476,#5477);
#5475 = CARTESIAN_POINT('',(1.,-0.5,0.));
#5476 = DIRECTION('',(-3.445092848398E-16,-1.,0.));
#5477 = DIRECTION('',(-1.,3.445092848398E-16,0.));
#5478 = ADVANCED_FACE('',(#5479),#5497,.F.);
#5479 = FACE_BOUND('',#5480,.F.);
#5480 = EDGE_LOOP('',(#5481,#5489,#5490,#5491));
#5481 = ORIENTED_EDGE('',*,*,#5482,.F.);
#5482 = EDGE_CURVE('',#5445,#5483,#5485,.T.);
#5483 = VERTEX_POINT('',#5484);
#5484 = CARTESIAN_POINT('',(0.75,-0.8,0.));
#5485 = LINE('',#5486,#5487);
#5486 = CARTESIAN_POINT('',(0.75,-0.5,0.));
#5487 = VECTOR('',#5488,1.);
#5488 = DIRECTION('',(-3.445092848398E-16,-1.,0.));
#5489 = ORIENTED_EDGE('',*,*,#5468,.T.);
#5490 = ORIENTED_EDGE('',*,*,#4990,.F.);
#5491 = ORIENTED_EDGE('',*,*,#5492,.F.);
#5492 = EDGE_CURVE('',#5483,#4983,#5493,.T.);
#5493 = LINE('',#5494,#5495);
#5494 = CARTESIAN_POINT('',(0.75,-0.8,0.));
#5495 = VECTOR('',#5496,1.);
#5496 = DIRECTION('',(0.,0.,1.));
#5497 = PLANE('',#5498);
#5498 = AXIS2_PLACEMENT_3D('',#5499,#5500,#5501);
#5499 = CARTESIAN_POINT('',(0.75,-0.5,0.));
#5500 = DIRECTION('',(1.,-3.445092848398E-16,0.));
#5501 = DIRECTION('',(-3.445092848398E-16,-1.,0.));
#5502 = ADVANCED_FACE('',(#5503),#5530,.F.);
#5503 = FACE_BOUND('',#5504,.F.);
#5504 = EDGE_LOOP('',(#5505,#5513,#5514,#5515,#5516,#5524));
#5505 = ORIENTED_EDGE('',*,*,#5506,.F.);
#5506 = EDGE_CURVE('',#5483,#5507,#5509,.T.);
#5507 = VERTEX_POINT('',#5508);
#5508 = CARTESIAN_POINT('',(1.,-0.8,0.));
#5509 = LINE('',#5510,#5511);
#5510 = CARTESIAN_POINT('',(0.75,-0.8,0.));
#5511 = VECTOR('',#5512,1.);
#5512 = DIRECTION('',(1.,-3.445092848398E-16,0.));
#5513 = ORIENTED_EDGE('',*,*,#5492,.T.);
#5514 = ORIENTED_EDGE('',*,*,#4982,.F.);
#5515 = ORIENTED_EDGE('',*,*,#5172,.T.);
#5516 = ORIENTED_EDGE('',*,*,#5517,.T.);
#5517 = EDGE_CURVE('',#5173,#5518,#5520,.T.);
#5518 = VERTEX_POINT('',#5519);
#5519 = CARTESIAN_POINT('',(1.,-0.8,0.2));
#5520 = LINE('',#5521,#5522);
#5521 = CARTESIAN_POINT('',(0.75,-0.8,0.2));
#5522 = VECTOR('',#5523,1.);
#5523 = DIRECTION('',(1.,-3.445092848398E-16,0.));
#5524 = ORIENTED_EDGE('',*,*,#5525,.F.);
#5525 = EDGE_CURVE('',#5507,#5518,#5526,.T.);
#5526 = LINE('',#5527,#5528);
#5527 = CARTESIAN_POINT('',(1.,-0.8,0.));
#5528 = VECTOR('',#5529,1.);
#5529 = DIRECTION('',(0.,0.,1.));
#5530 = PLANE('',#5531);
#5531 = AXIS2_PLACEMENT_3D('',#5532,#5533,#5534);
#5532 = CARTESIAN_POINT('',(0.75,-0.8,0.));
#5533 = DIRECTION('',(3.445092848398E-16,1.,0.));
#5534 = DIRECTION('',(1.,-3.445092848398E-16,0.));
#5535 = ADVANCED_FACE('',(#5536),#5554,.T.);
#5536 = FACE_BOUND('',#5537,.T.);
#5537 = EDGE_LOOP('',(#5538,#5546,#5547,#5548));
#5538 = ORIENTED_EDGE('',*,*,#5539,.F.);
#5539 = EDGE_CURVE('',#4959,#5540,#5542,.T.);
#5540 = VERTEX_POINT('',#5541);
#5541 = CARTESIAN_POINT('',(-0.99,-0.99,0.82));
#5542 = LINE('',#5543,#5544);
#5543 = CARTESIAN_POINT('',(-0.99,-0.99,2.E-02));
#5544 = VECTOR('',#5545,1.);
#5545 = DIRECTION('',(0.,0.,1.));
#5546 = ORIENTED_EDGE('',*,*,#4966,.T.);
#5547 = ORIENTED_EDGE('',*,*,#5165,.T.);
#5548 = ORIENTED_EDGE('',*,*,#5549,.F.);
#5549 = EDGE_CURVE('',#5540,#5158,#5550,.T.);
#5550 = LINE('',#5551,#5552);
#5551 = CARTESIAN_POINT('',(-0.99,-0.99,0.82));
#5552 = VECTOR('',#5553,1.);
#5553 = DIRECTION('',(1.,-2.22044604925E-16,0.));
#5554 = PLANE('',#5555);
#5555 = AXIS2_PLACEMENT_3D('',#5556,#5557,#5558);
#5556 = CARTESIAN_POINT('',(-0.99,-0.99,2.E-02));
#5557 = DIRECTION('',(-2.22044604925E-16,-1.,0.));
#5558 = DIRECTION('',(0.,0.,1.));
#5559 = ADVANCED_FACE('',(#5560),#5647,.F.);
#5560 = FACE_BOUND('',#5561,.F.);
#5561 = EDGE_LOOP('',(#5562,#5563,#5571,#5577,#5578,#5579,#5587,#5595,
    #5601,#5602,#5610,#5618,#5624,#5625,#5633,#5641));
#5562 = ORIENTED_EDGE('',*,*,#4862,.F.);
#5563 = ORIENTED_EDGE('',*,*,#5564,.T.);
#5564 = EDGE_CURVE('',#4855,#5565,#5567,.T.);
#5565 = VERTEX_POINT('',#5566);
#5566 = CARTESIAN_POINT('',(-0.99,0.99,0.82));
#5567 = LINE('',#5568,#5569);
#5568 = CARTESIAN_POINT('',(-0.99,0.99,2.E-02));
#5569 = VECTOR('',#5570,1.);
#5570 = DIRECTION('',(0.,0.,1.));
#5571 = ORIENTED_EDGE('',*,*,#5572,.T.);
#5572 = EDGE_CURVE('',#5565,#5540,#5573,.T.);
#5573 = LINE('',#5574,#5575);
#5574 = CARTESIAN_POINT('',(-0.99,0.99,0.82));
#5575 = VECTOR('',#5576,1.);
#5576 = DIRECTION('',(-2.22044604925E-16,-1.,0.));
#5577 = ORIENTED_EDGE('',*,*,#5539,.F.);
#5578 = ORIENTED_EDGE('',*,*,#4958,.F.);
#5579 = ORIENTED_EDGE('',*,*,#5580,.T.);
#5580 = EDGE_CURVE('',#4951,#5581,#5583,.T.);
#5581 = VERTEX_POINT('',#5582);
#5582 = CARTESIAN_POINT('',(-0.99,-0.8,0.2));
#5583 = LINE('',#5584,#5585);
#5584 = CARTESIAN_POINT('',(-0.99,-0.8,1.E-02));
#5585 = VECTOR('',#5586,1.);
#5586 = DIRECTION('',(0.,0.,1.));
#5587 = ORIENTED_EDGE('',*,*,#5588,.F.);
#5588 = EDGE_CURVE('',#5589,#5581,#5591,.T.);
#5589 = VERTEX_POINT('',#5590);
#5590 = CARTESIAN_POINT('',(-0.99,-0.5,0.2));
#5591 = LINE('',#5592,#5593);
#5592 = CARTESIAN_POINT('',(-0.99,0.17,0.2));
#5593 = VECTOR('',#5594,1.);
#5594 = DIRECTION('',(-2.22044604925E-16,-1.,0.));
#5595 = ORIENTED_EDGE('',*,*,#5596,.T.);
#5596 = EDGE_CURVE('',#5589,#4927,#5597,.T.);
#5597 = LINE('',#5598,#5599);
#5598 = CARTESIAN_POINT('',(-0.99,-0.5,1.E-02));
#5599 = VECTOR('',#5600,1.);
#5600 = DIRECTION('',(0.,-0.,-1.));
#5601 = ORIENTED_EDGE('',*,*,#4926,.F.);
#5602 = ORIENTED_EDGE('',*,*,#5603,.T.);
#5603 = EDGE_CURVE('',#4919,#5604,#5606,.T.);
#5604 = VERTEX_POINT('',#5605);
#5605 = CARTESIAN_POINT('',(-0.99,-0.15,0.2));
#5606 = LINE('',#5607,#5608);
#5607 = CARTESIAN_POINT('',(-0.99,-0.15,1.E-02));
#5608 = VECTOR('',#5609,1.);
#5609 = DIRECTION('',(0.,0.,1.));
#5610 = ORIENTED_EDGE('',*,*,#5611,.F.);
#5611 = EDGE_CURVE('',#5612,#5604,#5614,.T.);
#5612 = VERTEX_POINT('',#5613);
#5613 = CARTESIAN_POINT('',(-0.99,0.15,0.2));
#5614 = LINE('',#5615,#5616);
#5615 = CARTESIAN_POINT('',(-0.99,0.495,0.2));
#5616 = VECTOR('',#5617,1.);
#5617 = DIRECTION('',(-2.22044604925E-16,-1.,0.));
#5618 = ORIENTED_EDGE('',*,*,#5619,.T.);
#5619 = EDGE_CURVE('',#5612,#4895,#5620,.T.);
#5620 = LINE('',#5621,#5622);
#5621 = CARTESIAN_POINT('',(-0.99,0.15,1.E-02));
#5622 = VECTOR('',#5623,1.);
#5623 = DIRECTION('',(0.,-0.,-1.));
#5624 = ORIENTED_EDGE('',*,*,#4894,.F.);
#5625 = ORIENTED_EDGE('',*,*,#5626,.T.);
#5626 = EDGE_CURVE('',#4887,#5627,#5629,.T.);
#5627 = VERTEX_POINT('',#5628);
#5628 = CARTESIAN_POINT('',(-0.99,0.5,0.2));
#5629 = LINE('',#5630,#5631);
#5630 = CARTESIAN_POINT('',(-0.99,0.5,1.E-02));
#5631 = VECTOR('',#5632,1.);
#5632 = DIRECTION('',(0.,0.,1.));
#5633 = ORIENTED_EDGE('',*,*,#5634,.F.);
#5634 = EDGE_CURVE('',#5635,#5627,#5637,.T.);
#5635 = VERTEX_POINT('',#5636);
#5636 = CARTESIAN_POINT('',(-0.99,0.8,0.2));
#5637 = LINE('',#5638,#5639);
#5638 = CARTESIAN_POINT('',(-0.99,0.82,0.2));
#5639 = VECTOR('',#5640,1.);
#5640 = DIRECTION('',(-2.22044604925E-16,-1.,0.));
#5641 = ORIENTED_EDGE('',*,*,#5642,.T.);
#5642 = EDGE_CURVE('',#5635,#4863,#5643,.T.);
#5643 = LINE('',#5644,#5645);
#5644 = CARTESIAN_POINT('',(-0.99,0.8,1.E-02));
#5645 = VECTOR('',#5646,1.);
#5646 = DIRECTION('',(0.,-0.,-1.));
#5647 = PLANE('',#5648);
#5648 = AXIS2_PLACEMENT_3D('',#5649,#5650,#5651);
#5649 = CARTESIAN_POINT('',(-0.99,0.99,2.E-02));
#5650 = DIRECTION('',(1.,-2.22044604925E-16,0.));
#5651 = DIRECTION('',(0.,0.,1.));
#5652 = ADVANCED_FACE('',(#5653),#5687,.F.);
#5653 = FACE_BOUND('',#5654,.F.);
#5654 = EDGE_LOOP('',(#5655,#5665,#5673,#5679,#5680,#5681));
#5655 = ORIENTED_EDGE('',*,*,#5656,.F.);
#5656 = EDGE_CURVE('',#5657,#5659,#5661,.T.);
#5657 = VERTEX_POINT('',#5658);
#5658 = CARTESIAN_POINT('',(-1.,-0.8,0.));
#5659 = VERTEX_POINT('',#5660);
#5660 = CARTESIAN_POINT('',(-0.75,-0.8,0.));
#5661 = LINE('',#5662,#5663);
#5662 = CARTESIAN_POINT('',(-1.,-0.8,0.));
#5663 = VECTOR('',#5664,1.);
#5664 = DIRECTION('',(1.,-4.669739647545E-16,0.));
#5665 = ORIENTED_EDGE('',*,*,#5666,.T.);
#5666 = EDGE_CURVE('',#5657,#5667,#5669,.T.);
#5667 = VERTEX_POINT('',#5668);
#5668 = CARTESIAN_POINT('',(-1.,-0.8,0.2));
#5669 = LINE('',#5670,#5671);
#5670 = CARTESIAN_POINT('',(-1.,-0.8,0.));
#5671 = VECTOR('',#5672,1.);
#5672 = DIRECTION('',(0.,0.,1.));
#5673 = ORIENTED_EDGE('',*,*,#5674,.T.);
#5674 = EDGE_CURVE('',#5667,#5581,#5675,.T.);
#5675 = LINE('',#5676,#5677);
#5676 = CARTESIAN_POINT('',(-1.,-0.8,0.2));
#5677 = VECTOR('',#5678,1.);
#5678 = DIRECTION('',(1.,-4.669739647545E-16,0.));
#5679 = ORIENTED_EDGE('',*,*,#5580,.F.);
#5680 = ORIENTED_EDGE('',*,*,#4950,.F.);
#5681 = ORIENTED_EDGE('',*,*,#5682,.F.);
#5682 = EDGE_CURVE('',#5659,#4943,#5683,.T.);
#5683 = LINE('',#5684,#5685);
#5684 = CARTESIAN_POINT('',(-0.75,-0.8,0.));
#5685 = VECTOR('',#5686,1.);
#5686 = DIRECTION('',(0.,0.,1.));
#5687 = PLANE('',#5688);
#5688 = AXIS2_PLACEMENT_3D('',#5689,#5690,#5691);
#5689 = CARTESIAN_POINT('',(-1.,-0.8,0.));
#5690 = DIRECTION('',(4.669739647545E-16,1.,0.));
#5691 = DIRECTION('',(1.,-4.669739647545E-16,0.));
#5692 = ADVANCED_FACE('',(#5693),#5711,.F.);
#5693 = FACE_BOUND('',#5694,.F.);
#5694 = EDGE_LOOP('',(#5695,#5703,#5704,#5705));
#5695 = ORIENTED_EDGE('',*,*,#5696,.F.);
#5696 = EDGE_CURVE('',#5659,#5697,#5699,.T.);
#5697 = VERTEX_POINT('',#5698);
#5698 = CARTESIAN_POINT('',(-0.75,-0.5,0.));
#5699 = LINE('',#5700,#5701);
#5700 = CARTESIAN_POINT('',(-0.75,-0.8,0.));
#5701 = VECTOR('',#5702,1.);
#5702 = DIRECTION('',(4.669739647545E-16,1.,0.));
#5703 = ORIENTED_EDGE('',*,*,#5682,.T.);
#5704 = ORIENTED_EDGE('',*,*,#4942,.F.);
#5705 = ORIENTED_EDGE('',*,*,#5706,.F.);
#5706 = EDGE_CURVE('',#5697,#4935,#5707,.T.);
#5707 = LINE('',#5708,#5709);
#5708 = CARTESIAN_POINT('',(-0.75,-0.5,0.));
#5709 = VECTOR('',#5710,1.);
#5710 = DIRECTION('',(0.,0.,1.));
#5711 = PLANE('',#5712);
#5712 = AXIS2_PLACEMENT_3D('',#5713,#5714,#5715);
#5713 = CARTESIAN_POINT('',(-0.75,-0.8,0.));
#5714 = DIRECTION('',(-1.,4.669739647545E-16,0.));
#5715 = DIRECTION('',(4.669739647545E-16,1.,0.));
#5716 = ADVANCED_FACE('',(#5717),#5744,.F.);
#5717 = FACE_BOUND('',#5718,.F.);
#5718 = EDGE_LOOP('',(#5719,#5727,#5728,#5729,#5730,#5738));
#5719 = ORIENTED_EDGE('',*,*,#5720,.F.);
#5720 = EDGE_CURVE('',#5697,#5721,#5723,.T.);
#5721 = VERTEX_POINT('',#5722);
#5722 = CARTESIAN_POINT('',(-1.,-0.5,0.));
#5723 = LINE('',#5724,#5725);
#5724 = CARTESIAN_POINT('',(-0.75,-0.5,0.));
#5725 = VECTOR('',#5726,1.);
#5726 = DIRECTION('',(-1.,4.669739647545E-16,0.));
#5727 = ORIENTED_EDGE('',*,*,#5706,.T.);
#5728 = ORIENTED_EDGE('',*,*,#4934,.F.);
#5729 = ORIENTED_EDGE('',*,*,#5596,.F.);
#5730 = ORIENTED_EDGE('',*,*,#5731,.T.);
#5731 = EDGE_CURVE('',#5589,#5732,#5734,.T.);
#5732 = VERTEX_POINT('',#5733);
#5733 = CARTESIAN_POINT('',(-1.,-0.5,0.2));
#5734 = LINE('',#5735,#5736);
#5735 = CARTESIAN_POINT('',(-0.75,-0.5,0.2));
#5736 = VECTOR('',#5737,1.);
#5737 = DIRECTION('',(-1.,4.669739647545E-16,0.));
#5738 = ORIENTED_EDGE('',*,*,#5739,.F.);
#5739 = EDGE_CURVE('',#5721,#5732,#5740,.T.);
#5740 = LINE('',#5741,#5742);
#5741 = CARTESIAN_POINT('',(-1.,-0.5,0.));
#5742 = VECTOR('',#5743,1.);
#5743 = DIRECTION('',(0.,0.,1.));
#5744 = PLANE('',#5745);
#5745 = AXIS2_PLACEMENT_3D('',#5746,#5747,#5748);
#5746 = CARTESIAN_POINT('',(-0.75,-0.5,0.));
#5747 = DIRECTION('',(-4.669739647545E-16,-1.,0.));
#5748 = DIRECTION('',(-1.,4.669739647545E-16,0.));
#5749 = ADVANCED_FACE('',(#5750),#5784,.F.);
#5750 = FACE_BOUND('',#5751,.F.);
#5751 = EDGE_LOOP('',(#5752,#5762,#5770,#5776,#5777,#5778));
#5752 = ORIENTED_EDGE('',*,*,#5753,.F.);
#5753 = EDGE_CURVE('',#5754,#5756,#5758,.T.);
#5754 = VERTEX_POINT('',#5755);
#5755 = CARTESIAN_POINT('',(-1.,-0.15,0.));
#5756 = VERTEX_POINT('',#5757);
#5757 = CARTESIAN_POINT('',(-0.75,-0.15,0.));
#5758 = LINE('',#5759,#5760);
#5759 = CARTESIAN_POINT('',(-1.,-0.15,0.));
#5760 = VECTOR('',#5761,1.);
#5761 = DIRECTION('',(1.,-4.669739647545E-16,0.));
#5762 = ORIENTED_EDGE('',*,*,#5763,.T.);
#5763 = EDGE_CURVE('',#5754,#5764,#5766,.T.);
#5764 = VERTEX_POINT('',#5765);
#5765 = CARTESIAN_POINT('',(-1.,-0.15,0.2));
#5766 = LINE('',#5767,#5768);
#5767 = CARTESIAN_POINT('',(-1.,-0.15,0.));
#5768 = VECTOR('',#5769,1.);
#5769 = DIRECTION('',(0.,0.,1.));
#5770 = ORIENTED_EDGE('',*,*,#5771,.T.);
#5771 = EDGE_CURVE('',#5764,#5604,#5772,.T.);
#5772 = LINE('',#5773,#5774);
#5773 = CARTESIAN_POINT('',(-1.,-0.15,0.2));
#5774 = VECTOR('',#5775,1.);
#5775 = DIRECTION('',(1.,-4.669739647545E-16,0.));
#5776 = ORIENTED_EDGE('',*,*,#5603,.F.);
#5777 = ORIENTED_EDGE('',*,*,#4918,.F.);
#5778 = ORIENTED_EDGE('',*,*,#5779,.F.);
#5779 = EDGE_CURVE('',#5756,#4911,#5780,.T.);
#5780 = LINE('',#5781,#5782);
#5781 = CARTESIAN_POINT('',(-0.75,-0.15,0.));
#5782 = VECTOR('',#5783,1.);
#5783 = DIRECTION('',(0.,0.,1.));
#5784 = PLANE('',#5785);
#5785 = AXIS2_PLACEMENT_3D('',#5786,#5787,#5788);
#5786 = CARTESIAN_POINT('',(-1.,-0.15,0.));
#5787 = DIRECTION('',(4.669739647545E-16,1.,0.));
#5788 = DIRECTION('',(1.,-4.669739647545E-16,0.));
#5789 = ADVANCED_FACE('',(#5790),#5808,.F.);
#5790 = FACE_BOUND('',#5791,.F.);
#5791 = EDGE_LOOP('',(#5792,#5800,#5801,#5802));
#5792 = ORIENTED_EDGE('',*,*,#5793,.F.);
#5793 = EDGE_CURVE('',#5756,#5794,#5796,.T.);
#5794 = VERTEX_POINT('',#5795);
#5795 = CARTESIAN_POINT('',(-0.75,0.15,0.));
#5796 = LINE('',#5797,#5798);
#5797 = CARTESIAN_POINT('',(-0.75,-0.15,0.));
#5798 = VECTOR('',#5799,1.);
#5799 = DIRECTION('',(4.669739647545E-16,1.,0.));
#5800 = ORIENTED_EDGE('',*,*,#5779,.T.);
#5801 = ORIENTED_EDGE('',*,*,#4910,.F.);
#5802 = ORIENTED_EDGE('',*,*,#5803,.F.);
#5803 = EDGE_CURVE('',#5794,#4903,#5804,.T.);
#5804 = LINE('',#5805,#5806);
#5805 = CARTESIAN_POINT('',(-0.75,0.15,0.));
#5806 = VECTOR('',#5807,1.);
#5807 = DIRECTION('',(0.,0.,1.));
#5808 = PLANE('',#5809);
#5809 = AXIS2_PLACEMENT_3D('',#5810,#5811,#5812);
#5810 = CARTESIAN_POINT('',(-0.75,-0.15,0.));
#5811 = DIRECTION('',(-1.,4.669739647545E-16,0.));
#5812 = DIRECTION('',(4.669739647545E-16,1.,0.));
#5813 = ADVANCED_FACE('',(#5814),#5841,.F.);
#5814 = FACE_BOUND('',#5815,.F.);
#5815 = EDGE_LOOP('',(#5816,#5824,#5825,#5826,#5827,#5835));
#5816 = ORIENTED_EDGE('',*,*,#5817,.F.);
#5817 = EDGE_CURVE('',#5794,#5818,#5820,.T.);
#5818 = VERTEX_POINT('',#5819);
#5819 = CARTESIAN_POINT('',(-1.,0.15,0.));
#5820 = LINE('',#5821,#5822);
#5821 = CARTESIAN_POINT('',(-0.75,0.15,0.));
#5822 = VECTOR('',#5823,1.);
#5823 = DIRECTION('',(-1.,4.669739647545E-16,0.));
#5824 = ORIENTED_EDGE('',*,*,#5803,.T.);
#5825 = ORIENTED_EDGE('',*,*,#4902,.F.);
#5826 = ORIENTED_EDGE('',*,*,#5619,.F.);
#5827 = ORIENTED_EDGE('',*,*,#5828,.T.);
#5828 = EDGE_CURVE('',#5612,#5829,#5831,.T.);
#5829 = VERTEX_POINT('',#5830);
#5830 = CARTESIAN_POINT('',(-1.,0.15,0.2));
#5831 = LINE('',#5832,#5833);
#5832 = CARTESIAN_POINT('',(-0.75,0.15,0.2));
#5833 = VECTOR('',#5834,1.);
#5834 = DIRECTION('',(-1.,4.669739647545E-16,0.));
#5835 = ORIENTED_EDGE('',*,*,#5836,.F.);
#5836 = EDGE_CURVE('',#5818,#5829,#5837,.T.);
#5837 = LINE('',#5838,#5839);
#5838 = CARTESIAN_POINT('',(-1.,0.15,0.));
#5839 = VECTOR('',#5840,1.);
#5840 = DIRECTION('',(0.,0.,1.));
#5841 = PLANE('',#5842);
#5842 = AXIS2_PLACEMENT_3D('',#5843,#5844,#5845);
#5843 = CARTESIAN_POINT('',(-0.75,0.15,0.));
#5844 = DIRECTION('',(-4.669739647545E-16,-1.,0.));
#5845 = DIRECTION('',(-1.,4.669739647545E-16,0.));
#5846 = ADVANCED_FACE('',(#5847),#5881,.F.);
#5847 = FACE_BOUND('',#5848,.F.);
#5848 = EDGE_LOOP('',(#5849,#5859,#5867,#5873,#5874,#5875));
#5849 = ORIENTED_EDGE('',*,*,#5850,.F.);
#5850 = EDGE_CURVE('',#5851,#5853,#5855,.T.);
#5851 = VERTEX_POINT('',#5852);
#5852 = CARTESIAN_POINT('',(-1.,0.5,0.));
#5853 = VERTEX_POINT('',#5854);
#5854 = CARTESIAN_POINT('',(-0.75,0.5,0.));
#5855 = LINE('',#5856,#5857);
#5856 = CARTESIAN_POINT('',(-1.,0.5,0.));
#5857 = VECTOR('',#5858,1.);
#5858 = DIRECTION('',(1.,-4.669739647545E-16,0.));
#5859 = ORIENTED_EDGE('',*,*,#5860,.T.);
#5860 = EDGE_CURVE('',#5851,#5861,#5863,.T.);
#5861 = VERTEX_POINT('',#5862);
#5862 = CARTESIAN_POINT('',(-1.,0.5,0.2));
#5863 = LINE('',#5864,#5865);
#5864 = CARTESIAN_POINT('',(-1.,0.5,0.));
#5865 = VECTOR('',#5866,1.);
#5866 = DIRECTION('',(0.,0.,1.));
#5867 = ORIENTED_EDGE('',*,*,#5868,.T.);
#5868 = EDGE_CURVE('',#5861,#5627,#5869,.T.);
#5869 = LINE('',#5870,#5871);
#5870 = CARTESIAN_POINT('',(-1.,0.5,0.2));
#5871 = VECTOR('',#5872,1.);
#5872 = DIRECTION('',(1.,-4.669739647545E-16,0.));
#5873 = ORIENTED_EDGE('',*,*,#5626,.F.);
#5874 = ORIENTED_EDGE('',*,*,#4886,.F.);
#5875 = ORIENTED_EDGE('',*,*,#5876,.F.);
#5876 = EDGE_CURVE('',#5853,#4879,#5877,.T.);
#5877 = LINE('',#5878,#5879);
#5878 = CARTESIAN_POINT('',(-0.75,0.5,0.));
#5879 = VECTOR('',#5880,1.);
#5880 = DIRECTION('',(0.,0.,1.));
#5881 = PLANE('',#5882);
#5882 = AXIS2_PLACEMENT_3D('',#5883,#5884,#5885);
#5883 = CARTESIAN_POINT('',(-1.,0.5,0.));
#5884 = DIRECTION('',(4.669739647545E-16,1.,0.));
#5885 = DIRECTION('',(1.,-4.669739647545E-16,0.));
#5886 = ADVANCED_FACE('',(#5887),#5905,.F.);
#5887 = FACE_BOUND('',#5888,.F.);
#5888 = EDGE_LOOP('',(#5889,#5897,#5898,#5899));
#5889 = ORIENTED_EDGE('',*,*,#5890,.F.);
#5890 = EDGE_CURVE('',#5853,#5891,#5893,.T.);
#5891 = VERTEX_POINT('',#5892);
#5892 = CARTESIAN_POINT('',(-0.75,0.8,0.));
#5893 = LINE('',#5894,#5895);
#5894 = CARTESIAN_POINT('',(-0.75,0.5,0.));
#5895 = VECTOR('',#5896,1.);
#5896 = DIRECTION('',(4.669739647545E-16,1.,0.));
#5897 = ORIENTED_EDGE('',*,*,#5876,.T.);
#5898 = ORIENTED_EDGE('',*,*,#4878,.F.);
#5899 = ORIENTED_EDGE('',*,*,#5900,.F.);
#5900 = EDGE_CURVE('',#5891,#4871,#5901,.T.);
#5901 = LINE('',#5902,#5903);
#5902 = CARTESIAN_POINT('',(-0.75,0.8,0.));
#5903 = VECTOR('',#5904,1.);
#5904 = DIRECTION('',(0.,0.,1.));
#5905 = PLANE('',#5906);
#5906 = AXIS2_PLACEMENT_3D('',#5907,#5908,#5909);
#5907 = CARTESIAN_POINT('',(-0.75,0.5,0.));
#5908 = DIRECTION('',(-1.,4.669739647545E-16,0.));
#5909 = DIRECTION('',(4.669739647545E-16,1.,0.));
#5910 = ADVANCED_FACE('',(#5911),#5938,.F.);
#5911 = FACE_BOUND('',#5912,.F.);
#5912 = EDGE_LOOP('',(#5913,#5921,#5922,#5923,#5924,#5932));
#5913 = ORIENTED_EDGE('',*,*,#5914,.F.);
#5914 = EDGE_CURVE('',#5891,#5915,#5917,.T.);
#5915 = VERTEX_POINT('',#5916);
#5916 = CARTESIAN_POINT('',(-1.,0.8,0.));
#5917 = LINE('',#5918,#5919);
#5918 = CARTESIAN_POINT('',(-0.75,0.8,0.));
#5919 = VECTOR('',#5920,1.);
#5920 = DIRECTION('',(-1.,4.669739647545E-16,0.));
#5921 = ORIENTED_EDGE('',*,*,#5900,.T.);
#5922 = ORIENTED_EDGE('',*,*,#4870,.F.);
#5923 = ORIENTED_EDGE('',*,*,#5642,.F.);
#5924 = ORIENTED_EDGE('',*,*,#5925,.T.);
#5925 = EDGE_CURVE('',#5635,#5926,#5928,.T.);
#5926 = VERTEX_POINT('',#5927);
#5927 = CARTESIAN_POINT('',(-1.,0.8,0.2));
#5928 = LINE('',#5929,#5930);
#5929 = CARTESIAN_POINT('',(-0.75,0.8,0.2));
#5930 = VECTOR('',#5931,1.);
#5931 = DIRECTION('',(-1.,4.669739647545E-16,0.));
#5932 = ORIENTED_EDGE('',*,*,#5933,.F.);
#5933 = EDGE_CURVE('',#5915,#5926,#5934,.T.);
#5934 = LINE('',#5935,#5936);
#5935 = CARTESIAN_POINT('',(-1.,0.8,0.));
#5936 = VECTOR('',#5937,1.);
#5937 = DIRECTION('',(0.,0.,1.));
#5938 = PLANE('',#5939);
#5939 = AXIS2_PLACEMENT_3D('',#5940,#5941,#5942);
#5940 = CARTESIAN_POINT('',(-0.75,0.8,0.));
#5941 = DIRECTION('',(-4.669739647545E-16,-1.,0.));
#5942 = DIRECTION('',(-1.,4.669739647545E-16,0.));
#5943 = ADVANCED_FACE('',(#5944),#5955,.F.);
#5944 = FACE_BOUND('',#5945,.F.);
#5945 = EDGE_LOOP('',(#5946,#5947,#5948,#5949));
#5946 = ORIENTED_EDGE('',*,*,#5564,.F.);
#5947 = ORIENTED_EDGE('',*,*,#4854,.T.);
#5948 = ORIENTED_EDGE('',*,*,#5149,.T.);
#5949 = ORIENTED_EDGE('',*,*,#5950,.F.);
#5950 = EDGE_CURVE('',#5565,#5150,#5951,.T.);
#5951 = LINE('',#5952,#5953);
#5952 = CARTESIAN_POINT('',(-0.99,0.99,0.82));
#5953 = VECTOR('',#5954,1.);
#5954 = DIRECTION('',(1.,-2.22044604925E-16,0.));
#5955 = PLANE('',#5956);
#5956 = AXIS2_PLACEMENT_3D('',#5957,#5958,#5959);
#5957 = CARTESIAN_POINT('',(-0.99,0.99,2.E-02));
#5958 = DIRECTION('',(-2.22044604925E-16,-1.,0.));
#5959 = DIRECTION('',(0.,0.,1.));
#5960 = ADVANCED_FACE('',(#5961),#5972,.T.);
#5961 = FACE_BOUND('',#5962,.T.);
#5962 = EDGE_LOOP('',(#5963,#5969,#5970,#5971));
#5963 = ORIENTED_EDGE('',*,*,#5964,.T.);
#5964 = EDGE_CURVE('',#5324,#5259,#5965,.T.);
#5965 = LINE('',#5966,#5967);
#5966 = CARTESIAN_POINT('',(1.,0.5,0.2));
#5967 = VECTOR('',#5968,1.);
#5968 = DIRECTION('',(3.445092848398E-16,1.,0.));
#5969 = ORIENTED_EDGE('',*,*,#5266,.T.);
#5970 = ORIENTED_EDGE('',*,*,#5226,.T.);
#5971 = ORIENTED_EDGE('',*,*,#5323,.T.);
#5972 = PLANE('',#5973);
#5973 = AXIS2_PLACEMENT_3D('',#5974,#5975,#5976);
#5974 = CARTESIAN_POINT('',(0.875,0.65,0.2));
#5975 = DIRECTION('',(0.,0.,1.));
#5976 = DIRECTION('',(3.445092848398E-16,1.,-0.));
#5977 = ADVANCED_FACE('',(#5978),#5989,.T.);
#5978 = FACE_BOUND('',#5979,.T.);
#5979 = EDGE_LOOP('',(#5980,#5986,#5987,#5988));
#5980 = ORIENTED_EDGE('',*,*,#5981,.T.);
#5981 = EDGE_CURVE('',#5421,#5356,#5982,.T.);
#5982 = LINE('',#5983,#5984);
#5983 = CARTESIAN_POINT('',(1.,-0.15,0.2));
#5984 = VECTOR('',#5985,1.);
#5985 = DIRECTION('',(3.445092848398E-16,1.,0.));
#5986 = ORIENTED_EDGE('',*,*,#5363,.T.);
#5987 = ORIENTED_EDGE('',*,*,#5203,.T.);
#5988 = ORIENTED_EDGE('',*,*,#5420,.T.);
#5989 = PLANE('',#5990);
#5990 = AXIS2_PLACEMENT_3D('',#5991,#5992,#5993);
#5991 = CARTESIAN_POINT('',(0.875,-1.942890293094E-16,0.2));
#5992 = DIRECTION('',(0.,0.,1.));
#5993 = DIRECTION('',(3.445092848398E-16,1.,-0.));
#5994 = ADVANCED_FACE('',(#5995),#6006,.T.);
#5995 = FACE_BOUND('',#5996,.T.);
#5996 = EDGE_LOOP('',(#5997,#6003,#6004,#6005));
#5997 = ORIENTED_EDGE('',*,*,#5998,.T.);
#5998 = EDGE_CURVE('',#5518,#5453,#5999,.T.);
#5999 = LINE('',#6000,#6001);
#6000 = CARTESIAN_POINT('',(1.,-0.8,0.2));
#6001 = VECTOR('',#6002,1.);
#6002 = DIRECTION('',(3.445092848398E-16,1.,0.));
#6003 = ORIENTED_EDGE('',*,*,#5460,.T.);
#6004 = ORIENTED_EDGE('',*,*,#5180,.T.);
#6005 = ORIENTED_EDGE('',*,*,#5517,.T.);
#6006 = PLANE('',#6007);
#6007 = AXIS2_PLACEMENT_3D('',#6008,#6009,#6010);
#6008 = CARTESIAN_POINT('',(0.875,-0.65,0.2));
#6009 = DIRECTION('',(0.,0.,1.));
#6010 = DIRECTION('',(3.445092848398E-16,1.,-0.));
#6011 = ADVANCED_FACE('',(#6012,#6018),#6029,.T.);
#6012 = FACE_BOUND('',#6013,.T.);
#6013 = EDGE_LOOP('',(#6014,#6015,#6016,#6017));
#6014 = ORIENTED_EDGE('',*,*,#5950,.F.);
#6015 = ORIENTED_EDGE('',*,*,#5572,.T.);
#6016 = ORIENTED_EDGE('',*,*,#5549,.T.);
#6017 = ORIENTED_EDGE('',*,*,#5157,.F.);
#6018 = FACE_BOUND('',#6019,.T.);
#6019 = EDGE_LOOP('',(#6020));
#6020 = ORIENTED_EDGE('',*,*,#6021,.T.);
#6021 = EDGE_CURVE('',#6022,#6022,#6024,.T.);
#6022 = VERTEX_POINT('',#6023);
#6023 = CARTESIAN_POINT('',(-0.65,0.525,0.82));
#6024 = CIRCLE('',#6025,0.125);
#6025 = AXIS2_PLACEMENT_3D('',#6026,#6027,#6028);
#6026 = CARTESIAN_POINT('',(-0.65,0.65,0.82));
#6027 = DIRECTION('',(-0.,0.,-1.));
#6028 = DIRECTION('',(-2.22044604925E-16,-1.,0.));
#6029 = PLANE('',#6030);
#6030 = AXIS2_PLACEMENT_3D('',#6031,#6032,#6033);
#6031 = CARTESIAN_POINT('',(-0.99,0.99,0.82));
#6032 = DIRECTION('',(0.,0.,1.));
#6033 = DIRECTION('',(-2.22044604925E-16,-1.,0.));
#6034 = ADVANCED_FACE('',(#6035),#6046,.F.);
#6035 = FACE_BOUND('',#6036,.F.);
#6036 = EDGE_LOOP('',(#6037,#6038,#6039,#6040));
#6037 = ORIENTED_EDGE('',*,*,#5248,.T.);
#6038 = ORIENTED_EDGE('',*,*,#5288,.T.);
#6039 = ORIENTED_EDGE('',*,*,#5312,.T.);
#6040 = ORIENTED_EDGE('',*,*,#6041,.T.);
#6041 = EDGE_CURVE('',#5313,#5249,#6042,.T.);
#6042 = LINE('',#6043,#6044);
#6043 = CARTESIAN_POINT('',(1.,0.5,0.));
#6044 = VECTOR('',#6045,1.);
#6045 = DIRECTION('',(3.445092848398E-16,1.,0.));
#6046 = PLANE('',#6047);
#6047 = AXIS2_PLACEMENT_3D('',#6048,#6049,#6050);
#6048 = CARTESIAN_POINT('',(0.875,0.65,0.));
#6049 = DIRECTION('',(0.,0.,1.));
#6050 = DIRECTION('',(3.445092848398E-16,1.,-0.));
#6051 = ADVANCED_FACE('',(#6052),#6058,.F.);
#6052 = FACE_BOUND('',#6053,.F.);
#6053 = EDGE_LOOP('',(#6054,#6055,#6056,#6057));
#6054 = ORIENTED_EDGE('',*,*,#5331,.T.);
#6055 = ORIENTED_EDGE('',*,*,#5964,.T.);
#6056 = ORIENTED_EDGE('',*,*,#5258,.F.);
#6057 = ORIENTED_EDGE('',*,*,#6041,.F.);
#6058 = PLANE('',#6059);
#6059 = AXIS2_PLACEMENT_3D('',#6060,#6061,#6062);
#6060 = CARTESIAN_POINT('',(1.,0.5,0.));
#6061 = DIRECTION('',(-1.,3.445092848398E-16,0.));
#6062 = DIRECTION('',(3.445092848398E-16,1.,0.));
#6063 = ADVANCED_FACE('',(#6064),#6075,.F.);
#6064 = FACE_BOUND('',#6065,.F.);
#6065 = EDGE_LOOP('',(#6066,#6067,#6068,#6069));
#6066 = ORIENTED_EDGE('',*,*,#5345,.T.);
#6067 = ORIENTED_EDGE('',*,*,#5385,.T.);
#6068 = ORIENTED_EDGE('',*,*,#5409,.T.);
#6069 = ORIENTED_EDGE('',*,*,#6070,.T.);
#6070 = EDGE_CURVE('',#5410,#5346,#6071,.T.);
#6071 = LINE('',#6072,#6073);
#6072 = CARTESIAN_POINT('',(1.,-0.15,0.));
#6073 = VECTOR('',#6074,1.);
#6074 = DIRECTION('',(3.445092848398E-16,1.,0.));
#6075 = PLANE('',#6076);
#6076 = AXIS2_PLACEMENT_3D('',#6077,#6078,#6079);
#6077 = CARTESIAN_POINT('',(0.875,-1.942890293094E-16,0.));
#6078 = DIRECTION('',(0.,0.,1.));
#6079 = DIRECTION('',(3.445092848398E-16,1.,-0.));
#6080 = ADVANCED_FACE('',(#6081),#6087,.F.);
#6081 = FACE_BOUND('',#6082,.F.);
#6082 = EDGE_LOOP('',(#6083,#6084,#6085,#6086));
#6083 = ORIENTED_EDGE('',*,*,#5428,.T.);
#6084 = ORIENTED_EDGE('',*,*,#5981,.T.);
#6085 = ORIENTED_EDGE('',*,*,#5355,.F.);
#6086 = ORIENTED_EDGE('',*,*,#6070,.F.);
#6087 = PLANE('',#6088);
#6088 = AXIS2_PLACEMENT_3D('',#6089,#6090,#6091);
#6089 = CARTESIAN_POINT('',(1.,-0.15,0.));
#6090 = DIRECTION('',(-1.,3.445092848398E-16,0.));
#6091 = DIRECTION('',(3.445092848398E-16,1.,0.));
#6092 = ADVANCED_FACE('',(#6093),#6104,.F.);
#6093 = FACE_BOUND('',#6094,.F.);
#6094 = EDGE_LOOP('',(#6095,#6096,#6097,#6098));
#6095 = ORIENTED_EDGE('',*,*,#5442,.T.);
#6096 = ORIENTED_EDGE('',*,*,#5482,.T.);
#6097 = ORIENTED_EDGE('',*,*,#5506,.T.);
#6098 = ORIENTED_EDGE('',*,*,#6099,.T.);
#6099 = EDGE_CURVE('',#5507,#5443,#6100,.T.);
#6100 = LINE('',#6101,#6102);
#6101 = CARTESIAN_POINT('',(1.,-0.8,0.));
#6102 = VECTOR('',#6103,1.);
#6103 = DIRECTION('',(3.445092848398E-16,1.,0.));
#6104 = PLANE('',#6105);
#6105 = AXIS2_PLACEMENT_3D('',#6106,#6107,#6108);
#6106 = CARTESIAN_POINT('',(0.875,-0.65,0.));
#6107 = DIRECTION('',(0.,0.,1.));
#6108 = DIRECTION('',(3.445092848398E-16,1.,-0.));
#6109 = ADVANCED_FACE('',(#6110),#6116,.F.);
#6110 = FACE_BOUND('',#6111,.F.);
#6111 = EDGE_LOOP('',(#6112,#6113,#6114,#6115));
#6112 = ORIENTED_EDGE('',*,*,#5525,.T.);
#6113 = ORIENTED_EDGE('',*,*,#5998,.T.);
#6114 = ORIENTED_EDGE('',*,*,#5452,.F.);
#6115 = ORIENTED_EDGE('',*,*,#6099,.F.);
#6116 = PLANE('',#6117);
#6117 = AXIS2_PLACEMENT_3D('',#6118,#6119,#6120);
#6118 = CARTESIAN_POINT('',(1.,-0.8,0.));
#6119 = DIRECTION('',(-1.,3.445092848398E-16,0.));
#6120 = DIRECTION('',(3.445092848398E-16,1.,0.));
#6121 = ADVANCED_FACE('',(#6122),#6133,.T.);
#6122 = FACE_BOUND('',#6123,.T.);
#6123 = EDGE_LOOP('',(#6124,#6130,#6131,#6132));
#6124 = ORIENTED_EDGE('',*,*,#6125,.T.);
#6125 = EDGE_CURVE('',#5926,#5861,#6126,.T.);
#6126 = LINE('',#6127,#6128);
#6127 = CARTESIAN_POINT('',(-1.,0.8,0.2));
#6128 = VECTOR('',#6129,1.);
#6129 = DIRECTION('',(-4.669739647545E-16,-1.,0.));
#6130 = ORIENTED_EDGE('',*,*,#5868,.T.);
#6131 = ORIENTED_EDGE('',*,*,#5634,.F.);
#6132 = ORIENTED_EDGE('',*,*,#5925,.T.);
#6133 = PLANE('',#6134);
#6134 = AXIS2_PLACEMENT_3D('',#6135,#6136,#6137);
#6135 = CARTESIAN_POINT('',(-0.875,0.65,0.2));
#6136 = DIRECTION('',(0.,0.,1.));
#6137 = DIRECTION('',(-4.669739647545E-16,-1.,0.));
#6138 = ADVANCED_FACE('',(#6139),#6150,.T.);
#6139 = FACE_BOUND('',#6140,.T.);
#6140 = EDGE_LOOP('',(#6141,#6147,#6148,#6149));
#6141 = ORIENTED_EDGE('',*,*,#6142,.T.);
#6142 = EDGE_CURVE('',#5829,#5764,#6143,.T.);
#6143 = LINE('',#6144,#6145);
#6144 = CARTESIAN_POINT('',(-1.,0.15,0.2));
#6145 = VECTOR('',#6146,1.);
#6146 = DIRECTION('',(-4.669739647545E-16,-1.,0.));
#6147 = ORIENTED_EDGE('',*,*,#5771,.T.);
#6148 = ORIENTED_EDGE('',*,*,#5611,.F.);
#6149 = ORIENTED_EDGE('',*,*,#5828,.T.);
#6150 = PLANE('',#6151);
#6151 = AXIS2_PLACEMENT_3D('',#6152,#6153,#6154);
#6152 = CARTESIAN_POINT('',(-0.875,2.775557561563E-16,0.2));
#6153 = DIRECTION('',(0.,0.,1.));
#6154 = DIRECTION('',(-4.669739647545E-16,-1.,0.));
#6155 = ADVANCED_FACE('',(#6156),#6167,.T.);
#6156 = FACE_BOUND('',#6157,.T.);
#6157 = EDGE_LOOP('',(#6158,#6164,#6165,#6166));
#6158 = ORIENTED_EDGE('',*,*,#6159,.T.);
#6159 = EDGE_CURVE('',#5732,#5667,#6160,.T.);
#6160 = LINE('',#6161,#6162);
#6161 = CARTESIAN_POINT('',(-1.,-0.5,0.2));
#6162 = VECTOR('',#6163,1.);
#6163 = DIRECTION('',(-4.669739647545E-16,-1.,0.));
#6164 = ORIENTED_EDGE('',*,*,#5674,.T.);
#6165 = ORIENTED_EDGE('',*,*,#5588,.F.);
#6166 = ORIENTED_EDGE('',*,*,#5731,.T.);
#6167 = PLANE('',#6168);
#6168 = AXIS2_PLACEMENT_3D('',#6169,#6170,#6171);
#6169 = CARTESIAN_POINT('',(-0.875,-0.65,0.2));
#6170 = DIRECTION('',(0.,0.,1.));
#6171 = DIRECTION('',(-4.669739647545E-16,-1.,0.));
#6172 = ADVANCED_FACE('',(#6173),#6184,.F.);
#6173 = FACE_BOUND('',#6174,.F.);
#6174 = EDGE_LOOP('',(#6175,#6176,#6177,#6178));
#6175 = ORIENTED_EDGE('',*,*,#5656,.T.);
#6176 = ORIENTED_EDGE('',*,*,#5696,.T.);
#6177 = ORIENTED_EDGE('',*,*,#5720,.T.);
#6178 = ORIENTED_EDGE('',*,*,#6179,.T.);
#6179 = EDGE_CURVE('',#5721,#5657,#6180,.T.);
#6180 = LINE('',#6181,#6182);
#6181 = CARTESIAN_POINT('',(-1.,-0.5,0.));
#6182 = VECTOR('',#6183,1.);
#6183 = DIRECTION('',(-4.669739647545E-16,-1.,0.));
#6184 = PLANE('',#6185);
#6185 = AXIS2_PLACEMENT_3D('',#6186,#6187,#6188);
#6186 = CARTESIAN_POINT('',(-0.875,-0.65,0.));
#6187 = DIRECTION('',(0.,0.,1.));
#6188 = DIRECTION('',(-4.669739647545E-16,-1.,0.));
#6189 = ADVANCED_FACE('',(#6190),#6196,.F.);
#6190 = FACE_BOUND('',#6191,.F.);
#6191 = EDGE_LOOP('',(#6192,#6193,#6194,#6195));
#6192 = ORIENTED_EDGE('',*,*,#5739,.T.);
#6193 = ORIENTED_EDGE('',*,*,#6159,.T.);
#6194 = ORIENTED_EDGE('',*,*,#5666,.F.);
#6195 = ORIENTED_EDGE('',*,*,#6179,.F.);
#6196 = PLANE('',#6197);
#6197 = AXIS2_PLACEMENT_3D('',#6198,#6199,#6200);
#6198 = CARTESIAN_POINT('',(-1.,-0.5,0.));
#6199 = DIRECTION('',(1.,-4.669739647545E-16,0.));
#6200 = DIRECTION('',(-4.669739647545E-16,-1.,0.));
#6201 = ADVANCED_FACE('',(#6202),#6213,.F.);
#6202 = FACE_BOUND('',#6203,.F.);
#6203 = EDGE_LOOP('',(#6204,#6205,#6206,#6207));
#6204 = ORIENTED_EDGE('',*,*,#5753,.T.);
#6205 = ORIENTED_EDGE('',*,*,#5793,.T.);
#6206 = ORIENTED_EDGE('',*,*,#5817,.T.);
#6207 = ORIENTED_EDGE('',*,*,#6208,.T.);
#6208 = EDGE_CURVE('',#5818,#5754,#6209,.T.);
#6209 = LINE('',#6210,#6211);
#6210 = CARTESIAN_POINT('',(-1.,0.15,0.));
#6211 = VECTOR('',#6212,1.);
#6212 = DIRECTION('',(-4.669739647545E-16,-1.,0.));
#6213 = PLANE('',#6214);
#6214 = AXIS2_PLACEMENT_3D('',#6215,#6216,#6217);
#6215 = CARTESIAN_POINT('',(-0.875,2.775557561563E-16,0.));
#6216 = DIRECTION('',(0.,0.,1.));
#6217 = DIRECTION('',(-4.669739647545E-16,-1.,0.));
#6218 = ADVANCED_FACE('',(#6219),#6225,.F.);
#6219 = FACE_BOUND('',#6220,.F.);
#6220 = EDGE_LOOP('',(#6221,#6222,#6223,#6224));
#6221 = ORIENTED_EDGE('',*,*,#5836,.T.);
#6222 = ORIENTED_EDGE('',*,*,#6142,.T.);
#6223 = ORIENTED_EDGE('',*,*,#5763,.F.);
#6224 = ORIENTED_EDGE('',*,*,#6208,.F.);
#6225 = PLANE('',#6226);
#6226 = AXIS2_PLACEMENT_3D('',#6227,#6228,#6229);
#6227 = CARTESIAN_POINT('',(-1.,0.15,0.));
#6228 = DIRECTION('',(1.,-4.669739647545E-16,0.));
#6229 = DIRECTION('',(-4.669739647545E-16,-1.,0.));
#6230 = ADVANCED_FACE('',(#6231),#6242,.F.);
#6231 = FACE_BOUND('',#6232,.F.);
#6232 = EDGE_LOOP('',(#6233,#6234,#6235,#6236));
#6233 = ORIENTED_EDGE('',*,*,#5850,.T.);
#6234 = ORIENTED_EDGE('',*,*,#5890,.T.);
#6235 = ORIENTED_EDGE('',*,*,#5914,.T.);
#6236 = ORIENTED_EDGE('',*,*,#6237,.T.);
#6237 = EDGE_CURVE('',#5915,#5851,#6238,.T.);
#6238 = LINE('',#6239,#6240);
#6239 = CARTESIAN_POINT('',(-1.,0.8,0.));
#6240 = VECTOR('',#6241,1.);
#6241 = DIRECTION('',(-4.669739647545E-16,-1.,0.));
#6242 = PLANE('',#6243);
#6243 = AXIS2_PLACEMENT_3D('',#6244,#6245,#6246);
#6244 = CARTESIAN_POINT('',(-0.875,0.65,0.));
#6245 = DIRECTION('',(0.,0.,1.));
#6246 = DIRECTION('',(-4.669739647545E-16,-1.,0.));
#6247 = ADVANCED_FACE('',(#6248),#6254,.F.);
#6248 = FACE_BOUND('',#6249,.F.);
#6249 = EDGE_LOOP('',(#6250,#6251,#6252,#6253));
#6250 = ORIENTED_EDGE('',*,*,#5933,.T.);
#6251 = ORIENTED_EDGE('',*,*,#6125,.T.);
#6252 = ORIENTED_EDGE('',*,*,#5860,.F.);
#6253 = ORIENTED_EDGE('',*,*,#6237,.F.);
#6254 = PLANE('',#6255);
#6255 = AXIS2_PLACEMENT_3D('',#6256,#6257,#6258);
#6256 = CARTESIAN_POINT('',(-1.,0.8,0.));
#6257 = DIRECTION('',(1.,-4.669739647545E-16,0.));
#6258 = DIRECTION('',(-4.669739647545E-16,-1.,0.));
#6259 = ADVANCED_FACE('',(#6260),#6279,.F.);
#6260 = FACE_BOUND('',#6261,.F.);
#6261 = EDGE_LOOP('',(#6262,#6270,#6277,#6278));
#6262 = ORIENTED_EDGE('',*,*,#6263,.T.);
#6263 = EDGE_CURVE('',#6022,#6264,#6266,.T.);
#6264 = VERTEX_POINT('',#6265);
#6265 = CARTESIAN_POINT('',(-0.65,0.525,0.81));
#6266 = LINE('',#6267,#6268);
#6267 = CARTESIAN_POINT('',(-0.65,0.525,0.83));
#6268 = VECTOR('',#6269,1.);
#6269 = DIRECTION('',(-0.,0.,-1.));
#6270 = ORIENTED_EDGE('',*,*,#6271,.T.);
#6271 = EDGE_CURVE('',#6264,#6264,#6272,.T.);
#6272 = CIRCLE('',#6273,0.125);
#6273 = AXIS2_PLACEMENT_3D('',#6274,#6275,#6276);
#6274 = CARTESIAN_POINT('',(-0.65,0.65,0.81));
#6275 = DIRECTION('',(0.,0.,1.));
#6276 = DIRECTION('',(-2.22044604925E-16,-1.,0.));
#6277 = ORIENTED_EDGE('',*,*,#6263,.F.);
#6278 = ORIENTED_EDGE('',*,*,#6021,.T.);
#6279 = CYLINDRICAL_SURFACE('',#6280,0.125);
#6280 = AXIS2_PLACEMENT_3D('',#6281,#6282,#6283);
#6281 = CARTESIAN_POINT('',(-0.65,0.65,0.83));
#6282 = DIRECTION('',(0.,0.,-1.));
#6283 = DIRECTION('',(-2.22044604925E-16,-1.,-0.));
#6284 = ADVANCED_FACE('',(#6285),#6288,.T.);
#6285 = FACE_BOUND('',#6286,.T.);
#6286 = EDGE_LOOP('',(#6287));
#6287 = ORIENTED_EDGE('',*,*,#6271,.T.);
#6288 = PLANE('',#6289);
#6289 = AXIS2_PLACEMENT_3D('',#6290,#6291,#6292);
#6290 = CARTESIAN_POINT('',(-0.65,0.65,0.81));
#6291 = DIRECTION('',(0.,0.,1.));
#6292 = DIRECTION('',(-2.22044604925E-16,-1.,0.));
#6293 = ( GEOMETRIC_REPRESENTATION_CONTEXT(3) 
GLOBAL_UNCERTAINTY_ASSIGNED_CONTEXT((#6297)) 
GLOBAL_UNIT_ASSIGNED_CONTEXT((#6294,#6295,#6296)) REPRESENTATION_CONTEXT
('Context #1','3D Context with UNIT and UNCERTAINTY') );
#6294 = ( LENGTH_UNIT() NAMED_UNIT(*) SI_UNIT(.MILLI.,.METRE.) );
#6295 = ( NAMED_UNIT(*) PLANE_ANGLE_UNIT() SI_UNIT($,.RADIAN.) );
#6296 = ( NAMED_UNIT(*) SI_UNIT($,.STERADIAN.) SOLID_ANGLE_UNIT() );
#6297 = UNCERTAINTY_MEASURE_WITH_UNIT(LENGTH_MEASURE(1.E-07),#6294,
  'distance_accuracy_value','confusion accuracy');
#6298 = CONTEXT_DEPENDENT_SHAPE_REPRESENTATION(#6299,#6301);
#6299 = ( REPRESENTATION_RELATIONSHIP('','',#4734,#4711) 
REPRESENTATION_RELATIONSHIP_WITH_TRANSFORMATION(#6300) 
SHAPE_REPRESENTATION_RELATIONSHIP() );
#6300 = ITEM_DEFINED_TRANSFORMATION('','',#11,#4712);
#6301 = PRODUCT_DEFINITION_SHAPE('Placement','Placement of an item',
  #6302);
#6302 = NEXT_ASSEMBLY_USAGE_OCCURRENCE('12','=>[0:1:1:9]','',#4706,#4729
  ,$);
#6303 = PRODUCT_RELATED_PRODUCT_CATEGORY('part',$,(#4731));
#6304 = CONTEXT_DEPENDENT_SHAPE_REPRESENTATION(#6305,#6307);
#6305 = ( REPRESENTATION_RELATIONSHIP('','',#3874,#10) 
REPRESENTATION_RELATIONSHIP_WITH_TRANSFORMATION(#6306) 
SHAPE_REPRESENTATION_RELATIONSHIP() );
#6306 = ITEM_DEFINED_TRANSFORMATION('','',#11,#51);
#6307 = PRODUCT_DEFINITION_SHAPE('Placement','Placement of an item',
  #6308);
#6308 = NEXT_ASSEMBLY_USAGE_OCCURRENCE('14','R1','',#5,#3869,$);
#6309 = CONTEXT_DEPENDENT_SHAPE_REPRESENTATION(#6310,#6312);
#6310 = ( REPRESENTATION_RELATIONSHIP('','',#3874,#10) 
REPRESENTATION_RELATIONSHIP_WITH_TRANSFORMATION(#6311) 
SHAPE_REPRESENTATION_RELATIONSHIP() );
#6311 = ITEM_DEFINED_TRANSFORMATION('','',#11,#55);
#6312 = PRODUCT_DEFINITION_SHAPE('Placement','Placement of an item',
  #6313);
#6313 = NEXT_ASSEMBLY_USAGE_OCCURRENCE('15','R7','',#5,#3869,$);
#6314 = SHAPE_DEFINITION_REPRESENTATION(#6315,#6321);
#6315 = PRODUCT_DEFINITION_SHAPE('','',#6316);
#6316 = PRODUCT_DEFINITION('design','',#6317,#6320);
#6317 = PRODUCT_DEFINITION_FORMATION('','',#6318);
#6318 = PRODUCT('D_DO-41_SOD81_P10.16mm_Horizontal',
  'D_DO-41_SOD81_P10.16mm_Horizontal','',(#6319));
#6319 = PRODUCT_CONTEXT('',#2,'mechanical');
#6320 = PRODUCT_DEFINITION_CONTEXT('part definition',#2,'design');
#6321 = SHAPE_REPRESENTATION('',(#11,#6322),#6326);
#6322 = AXIS2_PLACEMENT_3D('',#6323,#6324,#6325);
#6323 = CARTESIAN_POINT('',(0.,0.,0.));
#6324 = DIRECTION('',(0.,0.,1.));
#6325 = DIRECTION('',(1.,0.,-0.));
#6326 = ( GEOMETRIC_REPRESENTATION_CONTEXT(3) 
GLOBAL_UNCERTAINTY_ASSIGNED_CONTEXT((#6330)) 
GLOBAL_UNIT_ASSIGNED_CONTEXT((#6327,#6328,#6329)) REPRESENTATION_CONTEXT
('Context #1','3D Context with UNIT and UNCERTAINTY') );
#6327 = ( LENGTH_UNIT() NAMED_UNIT(*) SI_UNIT(.MILLI.,.METRE.) );
#6328 = ( NAMED_UNIT(*) PLANE_ANGLE_UNIT() SI_UNIT($,.RADIAN.) );
#6329 = ( NAMED_UNIT(*) SI_UNIT($,.STERADIAN.) SOLID_ANGLE_UNIT() );
#6330 = UNCERTAINTY_MEASURE_WITH_UNIT(LENGTH_MEASURE(1.E-07),#6327,
  'distance_accuracy_value','confusion accuracy');
#6331 = CONTEXT_DEPENDENT_SHAPE_REPRESENTATION(#6332,#6334);
#6332 = ( REPRESENTATION_RELATIONSHIP('','',#6321,#10) 
REPRESENTATION_RELATIONSHIP_WITH_TRANSFORMATION(#6333) 
SHAPE_REPRESENTATION_RELATIONSHIP() );
#6333 = ITEM_DEFINED_TRANSFORMATION('','',#11,#59);
#6334 = PRODUCT_DEFINITION_SHAPE('Placement','Placement of an item',
  #6335);
#6335 = NEXT_ASSEMBLY_USAGE_OCCURRENCE('17','D5','',#5,#6316,$);
#6336 = PRODUCT_RELATED_PRODUCT_CATEGORY('part',$,(#6318));
#6337 = SHAPE_DEFINITION_REPRESENTATION(#6338,#6344);
#6338 = PRODUCT_DEFINITION_SHAPE('','',#6339);
#6339 = PRODUCT_DEFINITION('design','',#6340,#6343);
#6340 = PRODUCT_DEFINITION_FORMATION('','',#6341);
#6341 = PRODUCT('D_DO-41_SOD81_P10.16mm_Horizontal',
  'D_DO-41_SOD81_P10.16mm_Horizontal','',(#6342));
#6342 = PRODUCT_CONTEXT('',#2,'mechanical');
#6343 = PRODUCT_DEFINITION_CONTEXT('part definition',#2,'design');
#6344 = ADVANCED_BREP_SHAPE_REPRESENTATION('',(#11,#6345),#6680);
#6345 = MANIFOLD_SOLID_BREP('',#6346);
#6346 = CLOSED_SHELL('',(#6347,#6380,#6400,#6420,#6445,#6470,#6490,#6510
    ,#6535,#6560,#6586,#6612,#6637,#6662,#6671));
#6347 = ADVANCED_FACE('',(#6348),#6375,.T.);
#6348 = FACE_BOUND('',#6349,.T.);
#6349 = EDGE_LOOP('',(#6350,#6359,#6367,#6374));
#6350 = ORIENTED_EDGE('',*,*,#6351,.T.);
#6351 = EDGE_CURVE('',#6352,#6352,#6354,.T.);
#6352 = VERTEX_POINT('',#6353);
#6353 = CARTESIAN_POINT('',(3.26,2.138289545428E-15,3.21));
#6354 = CIRCLE('',#6355,1.36);
#6355 = AXIS2_PLACEMENT_3D('',#6356,#6357,#6358);
#6356 = CARTESIAN_POINT('',(3.26,8.215650382226E-16,1.85));
#6357 = DIRECTION('',(1.,0.,-0.));
#6358 = DIRECTION('',(0.,9.681797847099E-16,1.));
#6359 = ORIENTED_EDGE('',*,*,#6360,.T.);
#6360 = EDGE_CURVE('',#6352,#6361,#6363,.T.);
#6361 = VERTEX_POINT('',#6362);
#6362 = CARTESIAN_POINT('',(4.56,2.138289545428E-15,3.21));
#6363 = LINE('',#6364,#6365);
#6364 = CARTESIAN_POINT('',(3.26,2.138289545428E-15,3.21));
#6365 = VECTOR('',#6366,1.);
#6366 = DIRECTION('',(1.,0.,0.));
#6367 = ORIENTED_EDGE('',*,*,#6368,.F.);
#6368 = EDGE_CURVE('',#6361,#6361,#6369,.T.);
#6369 = CIRCLE('',#6370,1.36);
#6370 = AXIS2_PLACEMENT_3D('',#6371,#6372,#6373);
#6371 = CARTESIAN_POINT('',(4.56,8.215650382226E-16,1.85));
#6372 = DIRECTION('',(1.,0.,-0.));
#6373 = DIRECTION('',(0.,9.681797847099E-16,1.));
#6374 = ORIENTED_EDGE('',*,*,#6360,.F.);
#6375 = CYLINDRICAL_SURFACE('',#6376,1.36);
#6376 = AXIS2_PLACEMENT_3D('',#6377,#6378,#6379);
#6377 = CARTESIAN_POINT('',(3.26,8.215650382226E-16,1.85));
#6378 = DIRECTION('',(1.,0.,0.));
#6379 = DIRECTION('',(-0.,9.681797847099E-16,1.));
#6380 = ADVANCED_FACE('',(#6381,#6384),#6395,.F.);
#6381 = FACE_BOUND('',#6382,.T.);
#6382 = EDGE_LOOP('',(#6383));
#6383 = ORIENTED_EDGE('',*,*,#6351,.F.);
#6384 = FACE_BOUND('',#6385,.T.);
#6385 = EDGE_LOOP('',(#6386));
#6386 = ORIENTED_EDGE('',*,*,#6387,.T.);
#6387 = EDGE_CURVE('',#6388,#6388,#6390,.T.);
#6388 = VERTEX_POINT('',#6389);
#6389 = CARTESIAN_POINT('',(3.26,2.13162820728E-15,3.2));
#6390 = CIRCLE('',#6391,1.35);
#6391 = AXIS2_PLACEMENT_3D('',#6392,#6393,#6394);
#6392 = CARTESIAN_POINT('',(3.26,8.215650382226E-16,1.85));
#6393 = DIRECTION('',(1.,0.,-0.));
#6394 = DIRECTION('',(0.,9.70417162265E-16,1.));
#6395 = PLANE('',#6396);
#6396 = AXIS2_PLACEMENT_3D('',#6397,#6398,#6399);
#6397 = CARTESIAN_POINT('',(3.26,8.215650382226E-16,1.85));
#6398 = DIRECTION('',(1.,0.,0.));
#6399 = DIRECTION('',(-0.,9.726879335149E-16,1.));
#6400 = ADVANCED_FACE('',(#6401,#6404),#6415,.T.);
#6401 = FACE_BOUND('',#6402,.T.);
#6402 = EDGE_LOOP('',(#6403));
#6403 = ORIENTED_EDGE('',*,*,#6368,.T.);
#6404 = FACE_BOUND('',#6405,.T.);
#6405 = EDGE_LOOP('',(#6406));
#6406 = ORIENTED_EDGE('',*,*,#6407,.F.);
#6407 = EDGE_CURVE('',#6408,#6408,#6410,.T.);
#6408 = VERTEX_POINT('',#6409);
#6409 = CARTESIAN_POINT('',(4.56,2.13162820728E-15,3.2));
#6410 = CIRCLE('',#6411,1.35);
#6411 = AXIS2_PLACEMENT_3D('',#6412,#6413,#6414);
#6412 = CARTESIAN_POINT('',(4.56,8.215650382226E-16,1.85));
#6413 = DIRECTION('',(1.,0.,-0.));
#6414 = DIRECTION('',(0.,9.70417162265E-16,1.));
#6415 = PLANE('',#6416);
#6416 = AXIS2_PLACEMENT_3D('',#6417,#6418,#6419);
#6417 = CARTESIAN_POINT('',(4.56,8.215650382226E-16,1.85));
#6418 = DIRECTION('',(1.,0.,0.));
#6419 = DIRECTION('',(-0.,9.681797847099E-16,1.));
#6420 = ADVANCED_FACE('',(#6421),#6440,.T.);
#6421 = FACE_BOUND('',#6422,.T.);
#6422 = EDGE_LOOP('',(#6423,#6431,#6438,#6439));
#6423 = ORIENTED_EDGE('',*,*,#6424,.F.);
#6424 = EDGE_CURVE('',#6425,#6388,#6427,.T.);
#6425 = VERTEX_POINT('',#6426);
#6426 = CARTESIAN_POINT('',(2.48,2.13162820728E-15,3.2));
#6427 = LINE('',#6428,#6429);
#6428 = CARTESIAN_POINT('',(2.48,2.13162820728E-15,3.2));
#6429 = VECTOR('',#6430,1.);
#6430 = DIRECTION('',(1.,0.,0.));
#6431 = ORIENTED_EDGE('',*,*,#6432,.T.);
#6432 = EDGE_CURVE('',#6425,#6425,#6433,.T.);
#6433 = CIRCLE('',#6434,1.35);
#6434 = AXIS2_PLACEMENT_3D('',#6435,#6436,#6437);
#6435 = CARTESIAN_POINT('',(2.48,8.215650382226E-16,1.85));
#6436 = DIRECTION('',(1.,0.,-0.));
#6437 = DIRECTION('',(0.,9.70417162265E-16,1.));
#6438 = ORIENTED_EDGE('',*,*,#6424,.T.);
#6439 = ORIENTED_EDGE('',*,*,#6387,.F.);
#6440 = CYLINDRICAL_SURFACE('',#6441,1.35);
#6441 = AXIS2_PLACEMENT_3D('',#6442,#6443,#6444);
#6442 = CARTESIAN_POINT('',(2.48,8.215650382226E-16,1.85));
#6443 = DIRECTION('',(1.,0.,0.));
#6444 = DIRECTION('',(-0.,9.70417162265E-16,1.));
#6445 = ADVANCED_FACE('',(#6446),#6465,.T.);
#6446 = FACE_BOUND('',#6447,.T.);
#6447 = EDGE_LOOP('',(#6448,#6449,#6457,#6464));
#6448 = ORIENTED_EDGE('',*,*,#6407,.T.);
#6449 = ORIENTED_EDGE('',*,*,#6450,.T.);
#6450 = EDGE_CURVE('',#6408,#6451,#6453,.T.);
#6451 = VERTEX_POINT('',#6452);
#6452 = CARTESIAN_POINT('',(7.68,2.13162820728E-15,3.2));
#6453 = LINE('',#6454,#6455);
#6454 = CARTESIAN_POINT('',(2.48,2.13162820728E-15,3.2));
#6455 = VECTOR('',#6456,1.);
#6456 = DIRECTION('',(1.,0.,0.));
#6457 = ORIENTED_EDGE('',*,*,#6458,.F.);
#6458 = EDGE_CURVE('',#6451,#6451,#6459,.T.);
#6459 = CIRCLE('',#6460,1.35);
#6460 = AXIS2_PLACEMENT_3D('',#6461,#6462,#6463);
#6461 = CARTESIAN_POINT('',(7.68,8.215650382226E-16,1.85));
#6462 = DIRECTION('',(1.,0.,-0.));
#6463 = DIRECTION('',(0.,9.70417162265E-16,1.));
#6464 = ORIENTED_EDGE('',*,*,#6450,.F.);
#6465 = CYLINDRICAL_SURFACE('',#6466,1.35);
#6466 = AXIS2_PLACEMENT_3D('',#6467,#6468,#6469);
#6467 = CARTESIAN_POINT('',(2.48,8.215650382226E-16,1.85));
#6468 = DIRECTION('',(1.,0.,0.));
#6469 = DIRECTION('',(-0.,9.70417162265E-16,1.));
#6470 = ADVANCED_FACE('',(#6471,#6474),#6485,.F.);
#6471 = FACE_BOUND('',#6472,.T.);
#6472 = EDGE_LOOP('',(#6473));
#6473 = ORIENTED_EDGE('',*,*,#6432,.F.);
#6474 = FACE_BOUND('',#6475,.T.);
#6475 = EDGE_LOOP('',(#6476));
#6476 = ORIENTED_EDGE('',*,*,#6477,.T.);
#6477 = EDGE_CURVE('',#6478,#6478,#6480,.T.);
#6478 = VERTEX_POINT('',#6479);
#6479 = CARTESIAN_POINT('',(2.48,7.660538869914E-16,1.45));
#6480 = CIRCLE('',#6481,0.4);
#6481 = AXIS2_PLACEMENT_3D('',#6482,#6483,#6484);
#6482 = CARTESIAN_POINT('',(2.48,8.548717289614E-16,1.85));
#6483 = DIRECTION('',(1.,0.,0.));
#6484 = DIRECTION('',(0.,-2.22044604925E-16,-1.));
#6485 = PLANE('',#6486);
#6486 = AXIS2_PLACEMENT_3D('',#6487,#6488,#6489);
#6487 = CARTESIAN_POINT('',(2.48,8.215650382226E-16,1.85));
#6488 = DIRECTION('',(1.,0.,0.));
#6489 = DIRECTION('',(-0.,9.70417162265E-16,1.));
#6490 = ADVANCED_FACE('',(#6491,#6494),#6505,.T.);
#6491 = FACE_BOUND('',#6492,.F.);
#6492 = EDGE_LOOP('',(#6493));
#6493 = ORIENTED_EDGE('',*,*,#6458,.F.);
#6494 = FACE_BOUND('',#6495,.F.);
#6495 = EDGE_LOOP('',(#6496));
#6496 = ORIENTED_EDGE('',*,*,#6497,.T.);
#6497 = EDGE_CURVE('',#6498,#6498,#6500,.T.);
#6498 = VERTEX_POINT('',#6499);
#6499 = CARTESIAN_POINT('',(7.68,7.660538869914E-16,1.45));
#6500 = CIRCLE('',#6501,0.4);
#6501 = AXIS2_PLACEMENT_3D('',#6502,#6503,#6504);
#6502 = CARTESIAN_POINT('',(7.68,8.548717289614E-16,1.85));
#6503 = DIRECTION('',(1.,0.,0.));
#6504 = DIRECTION('',(0.,-2.22044604925E-16,-1.));
#6505 = PLANE('',#6506);
#6506 = AXIS2_PLACEMENT_3D('',#6507,#6508,#6509);
#6507 = CARTESIAN_POINT('',(7.68,8.215650382226E-16,1.85));
#6508 = DIRECTION('',(1.,0.,0.));
#6509 = DIRECTION('',(-0.,9.70417162265E-16,1.));
#6510 = ADVANCED_FACE('',(#6511),#6530,.T.);
#6511 = FACE_BOUND('',#6512,.T.);
#6512 = EDGE_LOOP('',(#6513,#6522,#6528,#6529));
#6513 = ORIENTED_EDGE('',*,*,#6514,.F.);
#6514 = EDGE_CURVE('',#6515,#6515,#6517,.T.);
#6515 = VERTEX_POINT('',#6516);
#6516 = CARTESIAN_POINT('',(0.8,7.660538869914E-16,1.45));
#6517 = CIRCLE('',#6518,0.4);
#6518 = AXIS2_PLACEMENT_3D('',#6519,#6520,#6521);
#6519 = CARTESIAN_POINT('',(0.8,8.548717289614E-16,1.85));
#6520 = DIRECTION('',(-1.,-4.078893220341E-32,-1.836970198721E-16));
#6521 = DIRECTION('',(-1.836970198721E-16,2.22044604925E-16,1.));
#6522 = ORIENTED_EDGE('',*,*,#6523,.T.);
#6523 = EDGE_CURVE('',#6515,#6478,#6524,.T.);
#6524 = LINE('',#6525,#6526);
#6525 = CARTESIAN_POINT('',(0.8,7.660538869914E-16,1.45));
#6526 = VECTOR('',#6527,1.);
#6527 = DIRECTION('',(1.,0.,0.));
#6528 = ORIENTED_EDGE('',*,*,#6477,.F.);
#6529 = ORIENTED_EDGE('',*,*,#6523,.F.);
#6530 = CYLINDRICAL_SURFACE('',#6531,0.4);
#6531 = AXIS2_PLACEMENT_3D('',#6532,#6533,#6534);
#6532 = CARTESIAN_POINT('',(0.8,8.548717289614E-16,1.85));
#6533 = DIRECTION('',(1.,0.,0.));
#6534 = DIRECTION('',(0.,-2.22044604925E-16,-1.));
#6535 = ADVANCED_FACE('',(#6536),#6555,.T.);
#6536 = FACE_BOUND('',#6537,.T.);
#6537 = EDGE_LOOP('',(#6538,#6539,#6547,#6554));
#6538 = ORIENTED_EDGE('',*,*,#6497,.T.);
#6539 = ORIENTED_EDGE('',*,*,#6540,.T.);
#6540 = EDGE_CURVE('',#6498,#6541,#6543,.T.);
#6541 = VERTEX_POINT('',#6542);
#6542 = CARTESIAN_POINT('',(9.36,7.660538869914E-16,1.45));
#6543 = LINE('',#6544,#6545);
#6544 = CARTESIAN_POINT('',(0.8,7.660538869914E-16,1.45));
#6545 = VECTOR('',#6546,1.);
#6546 = DIRECTION('',(1.,0.,0.));
#6547 = ORIENTED_EDGE('',*,*,#6548,.F.);
#6548 = EDGE_CURVE('',#6541,#6541,#6549,.T.);
#6549 = CIRCLE('',#6550,0.4);
#6550 = AXIS2_PLACEMENT_3D('',#6551,#6552,#6553);
#6551 = CARTESIAN_POINT('',(9.36,8.548717289614E-16,1.85));
#6552 = DIRECTION('',(1.,0.,0.));
#6553 = DIRECTION('',(0.,-2.22044604925E-16,-1.));
#6554 = ORIENTED_EDGE('',*,*,#6540,.F.);
#6555 = CYLINDRICAL_SURFACE('',#6556,0.4);
#6556 = AXIS2_PLACEMENT_3D('',#6557,#6558,#6559);
#6557 = CARTESIAN_POINT('',(0.8,8.548717289614E-16,1.85));
#6558 = DIRECTION('',(1.,0.,0.));
#6559 = DIRECTION('',(0.,-2.22044604925E-16,-1.));
#6560 = ADVANCED_FACE('',(#6561),#6581,.T.);
#6561 = FACE_BOUND('',#6562,.T.);
#6562 = EDGE_LOOP('',(#6563,#6572,#6573,#6574));
#6563 = ORIENTED_EDGE('',*,*,#6564,.T.);
#6564 = EDGE_CURVE('',#6565,#6515,#6567,.T.);
#6565 = VERTEX_POINT('',#6566);
#6566 = CARTESIAN_POINT('',(0.4,6.772360450213E-16,1.05));
#6567 = CIRCLE('',#6568,0.4);
#6568 = AXIS2_PLACEMENT_3D('',#6569,#6570,#6571);
#6569 = CARTESIAN_POINT('',(0.8,8.24193660919E-16,1.05));
#6570 = DIRECTION('',(0.,1.,-2.22044604925E-16));
#6571 = DIRECTION('',(1.,0.,0.));
#6572 = ORIENTED_EDGE('',*,*,#6514,.T.);
#6573 = ORIENTED_EDGE('',*,*,#6564,.F.);
#6574 = ORIENTED_EDGE('',*,*,#6575,.T.);
#6575 = EDGE_CURVE('',#6565,#6565,#6576,.T.);
#6576 = CIRCLE('',#6577,0.4);
#6577 = AXIS2_PLACEMENT_3D('',#6578,#6579,#6580);
#6578 = CARTESIAN_POINT('',(0.,6.772360450213E-16,1.05));
#6579 = DIRECTION('',(-0.,2.22044604925E-16,1.));
#6580 = DIRECTION('',(1.,0.,0.));
#6581 = TOROIDAL_SURFACE('',#6582,0.8,0.4);
#6582 = AXIS2_PLACEMENT_3D('',#6583,#6584,#6585);
#6583 = CARTESIAN_POINT('',(0.8,6.772360450213E-16,1.05));
#6584 = DIRECTION('',(0.,1.,-2.22044604925E-16));
#6585 = DIRECTION('',(1.,0.,0.));
#6586 = ADVANCED_FACE('',(#6587),#6607,.T.);
#6587 = FACE_BOUND('',#6588,.T.);
#6588 = EDGE_LOOP('',(#6589,#6598,#6605,#6606));
#6589 = ORIENTED_EDGE('',*,*,#6590,.T.);
#6590 = EDGE_CURVE('',#6541,#6591,#6593,.T.);
#6591 = VERTEX_POINT('',#6592);
#6592 = CARTESIAN_POINT('',(9.76,6.772360450213E-16,1.05));
#6593 = CIRCLE('',#6594,0.4);
#6594 = AXIS2_PLACEMENT_3D('',#6595,#6596,#6597);
#6595 = CARTESIAN_POINT('',(9.36,8.24193660919E-16,1.05));
#6596 = DIRECTION('',(0.,1.,-2.22044604925E-16));
#6597 = DIRECTION('',(1.,0.,0.));
#6598 = ORIENTED_EDGE('',*,*,#6599,.T.);
#6599 = EDGE_CURVE('',#6591,#6591,#6600,.T.);
#6600 = CIRCLE('',#6601,0.4);
#6601 = AXIS2_PLACEMENT_3D('',#6602,#6603,#6604);
#6602 = CARTESIAN_POINT('',(10.16,6.772360450213E-16,1.05));
#6603 = DIRECTION('',(-2.449293598295E-16,2.22044604925E-16,1.));
#6604 = DIRECTION('',(1.,5.438524293788E-32,2.449293598295E-16));
#6605 = ORIENTED_EDGE('',*,*,#6590,.F.);
#6606 = ORIENTED_EDGE('',*,*,#6548,.T.);
#6607 = TOROIDAL_SURFACE('',#6608,0.8,0.4);
#6608 = AXIS2_PLACEMENT_3D('',#6609,#6610,#6611);
#6609 = CARTESIAN_POINT('',(9.36,6.772360450213E-16,1.05));
#6610 = DIRECTION('',(0.,1.,-2.22044604925E-16));
#6611 = DIRECTION('',(1.,0.,0.));
#6612 = ADVANCED_FACE('',(#6613),#6632,.T.);
#6613 = FACE_BOUND('',#6614,.T.);
#6614 = EDGE_LOOP('',(#6615,#6623,#6624,#6625));
#6615 = ORIENTED_EDGE('',*,*,#6616,.T.);
#6616 = EDGE_CURVE('',#6617,#6565,#6619,.T.);
#6617 = VERTEX_POINT('',#6618);
#6618 = CARTESIAN_POINT('',(0.4,-2.089940463943E-16,-2.5));
#6619 = LINE('',#6620,#6621);
#6620 = CARTESIAN_POINT('',(0.4,6.772360450213E-16,1.05));
#6621 = VECTOR('',#6622,1.);
#6622 = DIRECTION('',(0.,2.22044604925E-16,1.));
#6623 = ORIENTED_EDGE('',*,*,#6575,.F.);
#6624 = ORIENTED_EDGE('',*,*,#6616,.F.);
#6625 = ORIENTED_EDGE('',*,*,#6626,.T.);
#6626 = EDGE_CURVE('',#6617,#6617,#6627,.T.);
#6627 = CIRCLE('',#6628,0.4);
#6628 = AXIS2_PLACEMENT_3D('',#6629,#6630,#6631);
#6629 = CARTESIAN_POINT('',(0.,-1.110223024625E-16,-2.5));
#6630 = DIRECTION('',(-0.,2.22044604925E-16,1.));
#6631 = DIRECTION('',(1.,0.,0.));
#6632 = CYLINDRICAL_SURFACE('',#6633,0.4);
#6633 = AXIS2_PLACEMENT_3D('',#6634,#6635,#6636);
#6634 = CARTESIAN_POINT('',(0.,6.772360450213E-16,1.05));
#6635 = DIRECTION('',(0.,2.22044604925E-16,1.));
#6636 = DIRECTION('',(1.,0.,-0.));
#6637 = ADVANCED_FACE('',(#6638),#6657,.T.);
#6638 = FACE_BOUND('',#6639,.T.);
#6639 = EDGE_LOOP('',(#6640,#6648,#6655,#6656));
#6640 = ORIENTED_EDGE('',*,*,#6641,.T.);
#6641 = EDGE_CURVE('',#6591,#6642,#6644,.T.);
#6642 = VERTEX_POINT('',#6643);
#6643 = CARTESIAN_POINT('',(9.76,-2.089940463943E-16,-2.5));
#6644 = LINE('',#6645,#6646);
#6645 = CARTESIAN_POINT('',(9.76,6.772360450213E-16,1.05));
#6646 = VECTOR('',#6647,1.);
#6647 = DIRECTION('',(0.,-2.22044604925E-16,-1.));
#6648 = ORIENTED_EDGE('',*,*,#6649,.F.);
#6649 = EDGE_CURVE('',#6642,#6642,#6650,.T.);
#6650 = CIRCLE('',#6651,0.4);
#6651 = AXIS2_PLACEMENT_3D('',#6652,#6653,#6654);
#6652 = CARTESIAN_POINT('',(10.16,-1.110223024625E-16,-2.5));
#6653 = DIRECTION('',(-0.,-2.22044604925E-16,-1.));
#6654 = DIRECTION('',(-1.,0.,0.));
#6655 = ORIENTED_EDGE('',*,*,#6641,.F.);
#6656 = ORIENTED_EDGE('',*,*,#6599,.F.);
#6657 = CYLINDRICAL_SURFACE('',#6658,0.4);
#6658 = AXIS2_PLACEMENT_3D('',#6659,#6660,#6661);
#6659 = CARTESIAN_POINT('',(10.16,6.772360450213E-16,1.05));
#6660 = DIRECTION('',(0.,-2.22044604925E-16,-1.));
#6661 = DIRECTION('',(-1.,-0.,0.));
#6662 = ADVANCED_FACE('',(#6663),#6666,.T.);
#6663 = FACE_BOUND('',#6664,.F.);
#6664 = EDGE_LOOP('',(#6665));
#6665 = ORIENTED_EDGE('',*,*,#6626,.T.);
#6666 = PLANE('',#6667);
#6667 = AXIS2_PLACEMENT_3D('',#6668,#6669,#6670);
#6668 = CARTESIAN_POINT('',(0.4,-1.110223024625E-16,-2.5));
#6669 = DIRECTION('',(0.,0.,-1.));
#6670 = DIRECTION('',(-1.,0.,0.));
#6671 = ADVANCED_FACE('',(#6672),#6675,.F.);
#6672 = FACE_BOUND('',#6673,.T.);
#6673 = EDGE_LOOP('',(#6674));
#6674 = ORIENTED_EDGE('',*,*,#6649,.T.);
#6675 = PLANE('',#6676);
#6676 = AXIS2_PLACEMENT_3D('',#6677,#6678,#6679);
#6677 = CARTESIAN_POINT('',(9.76,-1.110223024625E-16,-2.5));
#6678 = DIRECTION('',(0.,0.,1.));
#6679 = DIRECTION('',(1.,0.,-0.));
#6680 = ( GEOMETRIC_REPRESENTATION_CONTEXT(3) 
GLOBAL_UNCERTAINTY_ASSIGNED_CONTEXT((#6684)) 
GLOBAL_UNIT_ASSIGNED_CONTEXT((#6681,#6682,#6683)) REPRESENTATION_CONTEXT
('Context #1','3D Context with UNIT and UNCERTAINTY') );
#6681 = ( LENGTH_UNIT() NAMED_UNIT(*) SI_UNIT(.MILLI.,.METRE.) );
#6682 = ( NAMED_UNIT(*) PLANE_ANGLE_UNIT() SI_UNIT($,.RADIAN.) );
#6683 = ( NAMED_UNIT(*) SI_UNIT($,.STERADIAN.) SOLID_ANGLE_UNIT() );
#6684 = UNCERTAINTY_MEASURE_WITH_UNIT(LENGTH_MEASURE(1.E-07),#6681,
  'distance_accuracy_value','confusion accuracy');
#6685 = CONTEXT_DEPENDENT_SHAPE_REPRESENTATION(#6686,#6688);
#6686 = ( REPRESENTATION_RELATIONSHIP('','',#6344,#6321) 
REPRESENTATION_RELATIONSHIP_WITH_TRANSFORMATION(#6687) 
SHAPE_REPRESENTATION_RELATIONSHIP() );
#6687 = ITEM_DEFINED_TRANSFORMATION('','',#11,#6322);
#6688 = PRODUCT_DEFINITION_SHAPE('Placement','Placement of an item',
  #6689);
#6689 = NEXT_ASSEMBLY_USAGE_OCCURRENCE('16','=>[0:1:1:11]','',#6316,
  #6339,$);
#6690 = PRODUCT_RELATED_PRODUCT_CATEGORY('part',$,(#6341));
#6691 = CONTEXT_DEPENDENT_SHAPE_REPRESENTATION(#6692,#6694);
#6692 = ( REPRESENTATION_RELATIONSHIP('','',#6321,#10) 
REPRESENTATION_RELATIONSHIP_WITH_TRANSFORMATION(#6693) 
SHAPE_REPRESENTATION_RELATIONSHIP() );
#6693 = ITEM_DEFINED_TRANSFORMATION('','',#11,#63);
#6694 = PRODUCT_DEFINITION_SHAPE('Placement','Placement of an item',
  #6695);
#6695 = NEXT_ASSEMBLY_USAGE_OCCURRENCE('18','D6','',#5,#6316,$);
#6696 = CONTEXT_DEPENDENT_SHAPE_REPRESENTATION(#6697,#6699);
#6697 = ( REPRESENTATION_RELATIONSHIP('','',#6321,#10) 
REPRESENTATION_RELATIONSHIP_WITH_TRANSFORMATION(#6698) 
SHAPE_REPRESENTATION_RELATIONSHIP() );
#6698 = ITEM_DEFINED_TRANSFORMATION('','',#11,#67);
#6699 = PRODUCT_DEFINITION_SHAPE('Placement','Placement of an item',
  #6700);
#6700 = NEXT_ASSEMBLY_USAGE_OCCURRENCE('19','D4','',#5,#6316,$);
#6701 = CONTEXT_DEPENDENT_SHAPE_REPRESENTATION(#6702,#6704);
#6702 = ( REPRESENTATION_RELATIONSHIP('','',#2958,#10) 
REPRESENTATION_RELATIONSHIP_WITH_TRANSFORMATION(#6703) 
SHAPE_REPRESENTATION_RELATIONSHIP() );
#6703 = ITEM_DEFINED_TRANSFORMATION('','',#11,#71);
#6704 = PRODUCT_DEFINITION_SHAPE('Placement','Placement of an item',
  #6705);
#6705 = NEXT_ASSEMBLY_USAGE_OCCURRENCE('20','C8','',#5,#2953,$);
#6706 = SHAPE_DEFINITION_REPRESENTATION(#6707,#6713);
#6707 = PRODUCT_DEFINITION_SHAPE('','',#6708);
#6708 = PRODUCT_DEFINITION('design','',#6709,#6712);
#6709 = PRODUCT_DEFINITION_FORMATION('','',#6710);
#6710 = PRODUCT('JST_PH_B2B-PH-K_1x02_P2.00mm_Vertical',
  'JST_PH_B2B-PH-K_1x02_P2.00mm_Vertical','',(#6711));
#6711 = PRODUCT_CONTEXT('',#2,'mechanical');
#6712 = PRODUCT_DEFINITION_CONTEXT('part definition',#2,'design');
#6713 = SHAPE_REPRESENTATION('',(#11,#6714),#6718);
#6714 = AXIS2_PLACEMENT_3D('',#6715,#6716,#6717);
#6715 = CARTESIAN_POINT('',(0.,0.,0.));
#6716 = DIRECTION('',(0.,0.,1.));
#6717 = DIRECTION('',(1.,0.,-0.));
#6718 = ( GEOMETRIC_REPRESENTATION_CONTEXT(3) 
GLOBAL_UNCERTAINTY_ASSIGNED_CONTEXT((#6722)) 
GLOBAL_UNIT_ASSIGNED_CONTEXT((#6719,#6720,#6721)) REPRESENTATION_CONTEXT
('Context #1','3D Context with UNIT and UNCERTAINTY') );
#6719 = ( LENGTH_UNIT() NAMED_UNIT(*) SI_UNIT(.MILLI.,.METRE.) );
#6720 = ( NAMED_UNIT(*) PLANE_ANGLE_UNIT() SI_UNIT($,.RADIAN.) );
#6721 = ( NAMED_UNIT(*) SI_UNIT($,.STERADIAN.) SOLID_ANGLE_UNIT() );
#6722 = UNCERTAINTY_MEASURE_WITH_UNIT(LENGTH_MEASURE(1.E-07),#6719,
  'distance_accuracy_value','confusion accuracy');
#6723 = CONTEXT_DEPENDENT_SHAPE_REPRESENTATION(#6724,#6726);
#6724 = ( REPRESENTATION_RELATIONSHIP('','',#6713,#10) 
REPRESENTATION_RELATIONSHIP_WITH_TRANSFORMATION(#6725) 
SHAPE_REPRESENTATION_RELATIONSHIP() );
#6725 = ITEM_DEFINED_TRANSFORMATION('','',#11,#75);
#6726 = PRODUCT_DEFINITION_SHAPE('Placement','Placement of an item',
  #6727);
#6727 = NEXT_ASSEMBLY_USAGE_OCCURRENCE('22','J9','',#5,#6708,$);
#6728 = PRODUCT_RELATED_PRODUCT_CATEGORY('part',$,(#6710));
#6729 = SHAPE_DEFINITION_REPRESENTATION(#6730,#6736);
#6730 = PRODUCT_DEFINITION_SHAPE('','',#6731);
#6731 = PRODUCT_DEFINITION('design','',#6732,#6735);
#6732 = PRODUCT_DEFINITION_FORMATION('','',#6733);
#6733 = PRODUCT('JST_B2B_PH_K','JST_B2B_PH_K','',(#6734));
#6734 = PRODUCT_CONTEXT('',#2,'mechanical');
#6735 = PRODUCT_DEFINITION_CONTEXT('part definition',#2,'design');
#6736 = ADVANCED_BREP_SHAPE_REPRESENTATION('',(#11,#6737),#9629);
#6737 = MANIFOLD_SOLID_BREP('',#6738);
#6738 = CLOSED_SHELL('',(#6739,#6779,#6843,#6931,#6971,#7182,#7222,#7246
    ,#7271,#7295,#7344,#7366,#7399,#7423,#7454,#7471,#7504,#7521,#7564,
    #7581,#7627,#7644,#7707,#7731,#7778,#7802,#7826,#7843,#7860,#7884,
    #7908,#7925,#7956,#7980,#8004,#8021,#8056,#8096,#8120,#8161,#8210,
    #8256,#8273,#8285,#8316,#8372,#8396,#8445,#8457,#8560,#8584,#8608,
    #8625,#8656,#8712,#8736,#8785,#8802,#8849,#8875,#8892,#8918,#8951,
    #8963,#8994,#9018,#9042,#9059,#9090,#9114,#9138,#9155,#9172,#9219,
    #9245,#9262,#9288,#9321,#9338,#9355,#9367,#9398,#9422,#9446,#9463,
    #9494,#9518,#9542,#9559,#9576,#9593,#9605,#9617));
#6739 = ADVANCED_FACE('',(#6740),#6774,.F.);
#6740 = FACE_BOUND('',#6741,.F.);
#6741 = EDGE_LOOP('',(#6742,#6752,#6760,#6768));
#6742 = ORIENTED_EDGE('',*,*,#6743,.T.);
#6743 = EDGE_CURVE('',#6744,#6746,#6748,.T.);
#6744 = VERTEX_POINT('',#6745);
#6745 = CARTESIAN_POINT('',(3.95,-2.8,0.));
#6746 = VERTEX_POINT('',#6747);
#6747 = CARTESIAN_POINT('',(3.95,1.7,0.));
#6748 = LINE('',#6749,#6750);
#6749 = CARTESIAN_POINT('',(3.95,-2.8,0.));
#6750 = VECTOR('',#6751,1.);
#6751 = DIRECTION('',(1.224646799147E-16,1.,0.));
#6752 = ORIENTED_EDGE('',*,*,#6753,.T.);
#6753 = EDGE_CURVE('',#6746,#6754,#6756,.T.);
#6754 = VERTEX_POINT('',#6755);
#6755 = CARTESIAN_POINT('',(2.75,1.7,0.));
#6756 = LINE('',#6757,#6758);
#6757 = CARTESIAN_POINT('',(3.95,1.7,0.));
#6758 = VECTOR('',#6759,1.);
#6759 = DIRECTION('',(-1.,1.224646799147E-16,0.));
#6760 = ORIENTED_EDGE('',*,*,#6761,.F.);
#6761 = EDGE_CURVE('',#6762,#6754,#6764,.T.);
#6762 = VERTEX_POINT('',#6763);
#6763 = CARTESIAN_POINT('',(2.75,-2.8,0.));
#6764 = LINE('',#6765,#6766);
#6765 = CARTESIAN_POINT('',(2.75,-2.8,0.));
#6766 = VECTOR('',#6767,1.);
#6767 = DIRECTION('',(1.224646799147E-16,1.,0.));
#6768 = ORIENTED_EDGE('',*,*,#6769,.T.);
#6769 = EDGE_CURVE('',#6762,#6744,#6770,.T.);
#6770 = LINE('',#6771,#6772);
#6771 = CARTESIAN_POINT('',(-1.95,-2.8,0.));
#6772 = VECTOR('',#6773,1.);
#6773 = DIRECTION('',(1.,-1.224646799147E-16,0.));
#6774 = PLANE('',#6775);
#6775 = AXIS2_PLACEMENT_3D('',#6776,#6777,#6778);
#6776 = CARTESIAN_POINT('',(1.,-0.55,0.));
#6777 = DIRECTION('',(0.,0.,1.));
#6778 = DIRECTION('',(-1.,1.224646799147E-16,0.));
#6779 = ADVANCED_FACE('',(#6780),#6838,.F.);
#6780 = FACE_BOUND('',#6781,.F.);
#6781 = EDGE_LOOP('',(#6782,#6783,#6791,#6799,#6807,#6816,#6824,#6832));
#6782 = ORIENTED_EDGE('',*,*,#6743,.F.);
#6783 = ORIENTED_EDGE('',*,*,#6784,.T.);
#6784 = EDGE_CURVE('',#6744,#6785,#6787,.T.);
#6785 = VERTEX_POINT('',#6786);
#6786 = CARTESIAN_POINT('',(3.95,-2.8,6.));
#6787 = LINE('',#6788,#6789);
#6788 = CARTESIAN_POINT('',(3.95,-2.8,0.));
#6789 = VECTOR('',#6790,1.);
#6790 = DIRECTION('',(0.,0.,1.));
#6791 = ORIENTED_EDGE('',*,*,#6792,.T.);
#6792 = EDGE_CURVE('',#6785,#6793,#6795,.T.);
#6793 = VERTEX_POINT('',#6794);
#6794 = CARTESIAN_POINT('',(3.95,-0.6,6.));
#6795 = LINE('',#6796,#6797);
#6796 = CARTESIAN_POINT('',(3.95,-2.8,6.));
#6797 = VECTOR('',#6798,1.);
#6798 = DIRECTION('',(1.224646799147E-16,1.,0.));
#6799 = ORIENTED_EDGE('',*,*,#6800,.F.);
#6800 = EDGE_CURVE('',#6801,#6793,#6803,.T.);
#6801 = VERTEX_POINT('',#6802);
#6802 = CARTESIAN_POINT('',(3.95,-0.6,4.4));
#6803 = LINE('',#6804,#6805);
#6804 = CARTESIAN_POINT('',(3.95,-0.6,4.4));
#6805 = VECTOR('',#6806,1.);
#6806 = DIRECTION('',(0.,0.,1.));
#6807 = ORIENTED_EDGE('',*,*,#6808,.F.);
#6808 = EDGE_CURVE('',#6809,#6801,#6811,.T.);
#6809 = VERTEX_POINT('',#6810);
#6810 = CARTESIAN_POINT('',(3.95,0.2,4.4));
#6811 = CIRCLE('',#6812,0.4);
#6812 = AXIS2_PLACEMENT_3D('',#6813,#6814,#6815);
#6813 = CARTESIAN_POINT('',(3.95,-0.2,4.4));
#6814 = DIRECTION('',(-1.,1.224646799147E-16,0.));
#6815 = DIRECTION('',(1.224646799147E-16,1.,0.));
#6816 = ORIENTED_EDGE('',*,*,#6817,.F.);
#6817 = EDGE_CURVE('',#6818,#6809,#6820,.T.);
#6818 = VERTEX_POINT('',#6819);
#6819 = CARTESIAN_POINT('',(3.95,0.2,6.));
#6820 = LINE('',#6821,#6822);
#6821 = CARTESIAN_POINT('',(3.95,0.2,6.));
#6822 = VECTOR('',#6823,1.);
#6823 = DIRECTION('',(-0.,0.,-1.));
#6824 = ORIENTED_EDGE('',*,*,#6825,.T.);
#6825 = EDGE_CURVE('',#6818,#6826,#6828,.T.);
#6826 = VERTEX_POINT('',#6827);
#6827 = CARTESIAN_POINT('',(3.95,1.7,6.));
#6828 = LINE('',#6829,#6830);
#6829 = CARTESIAN_POINT('',(3.95,-2.8,6.));
#6830 = VECTOR('',#6831,1.);
#6831 = DIRECTION('',(1.224646799147E-16,1.,0.));
#6832 = ORIENTED_EDGE('',*,*,#6833,.F.);
#6833 = EDGE_CURVE('',#6746,#6826,#6834,.T.);
#6834 = LINE('',#6835,#6836);
#6835 = CARTESIAN_POINT('',(3.95,1.7,0.));
#6836 = VECTOR('',#6837,1.);
#6837 = DIRECTION('',(0.,0.,1.));
#6838 = PLANE('',#6839);
#6839 = AXIS2_PLACEMENT_3D('',#6840,#6841,#6842);
#6840 = CARTESIAN_POINT('',(3.95,-2.8,0.));
#6841 = DIRECTION('',(-1.,1.224646799147E-16,0.));
#6842 = DIRECTION('',(1.224646799147E-16,1.,0.));
#6843 = ADVANCED_FACE('',(#6844),#6926,.F.);
#6844 = FACE_BOUND('',#6845,.F.);
#6845 = EDGE_LOOP('',(#6846,#6856,#6864,#6870,#6871,#6872,#6880,#6888,
    #6896,#6904,#6912,#6920));
#6846 = ORIENTED_EDGE('',*,*,#6847,.F.);
#6847 = EDGE_CURVE('',#6848,#6850,#6852,.T.);
#6848 = VERTEX_POINT('',#6849);
#6849 = CARTESIAN_POINT('',(-1.95,-2.8,0.));
#6850 = VERTEX_POINT('',#6851);
#6851 = CARTESIAN_POINT('',(-0.75,-2.8,0.));
#6852 = LINE('',#6853,#6854);
#6853 = CARTESIAN_POINT('',(-1.95,-2.8,0.));
#6854 = VECTOR('',#6855,1.);
#6855 = DIRECTION('',(1.,-1.224646799147E-16,0.));
#6856 = ORIENTED_EDGE('',*,*,#6857,.T.);
#6857 = EDGE_CURVE('',#6848,#6858,#6860,.T.);
#6858 = VERTEX_POINT('',#6859);
#6859 = CARTESIAN_POINT('',(-1.95,-2.8,6.));
#6860 = LINE('',#6861,#6862);
#6861 = CARTESIAN_POINT('',(-1.95,-2.8,0.));
#6862 = VECTOR('',#6863,1.);
#6863 = DIRECTION('',(0.,0.,1.));
#6864 = ORIENTED_EDGE('',*,*,#6865,.T.);
#6865 = EDGE_CURVE('',#6858,#6785,#6866,.T.);
#6866 = LINE('',#6867,#6868);
#6867 = CARTESIAN_POINT('',(-1.95,-2.8,6.));
#6868 = VECTOR('',#6869,1.);
#6869 = DIRECTION('',(1.,-1.224646799147E-16,0.));
#6870 = ORIENTED_EDGE('',*,*,#6784,.F.);
#6871 = ORIENTED_EDGE('',*,*,#6769,.F.);
#6872 = ORIENTED_EDGE('',*,*,#6873,.F.);
#6873 = EDGE_CURVE('',#6874,#6762,#6876,.T.);
#6874 = VERTEX_POINT('',#6875);
#6875 = CARTESIAN_POINT('',(2.75,-2.8,0.2));
#6876 = LINE('',#6877,#6878);
#6877 = CARTESIAN_POINT('',(2.75,-2.8,0.2));
#6878 = VECTOR('',#6879,1.);
#6879 = DIRECTION('',(-0.,0.,-1.));
#6880 = ORIENTED_EDGE('',*,*,#6881,.T.);
#6881 = EDGE_CURVE('',#6874,#6882,#6884,.T.);
#6882 = VERTEX_POINT('',#6883);
#6883 = CARTESIAN_POINT('',(1.25,-2.8,0.2));
#6884 = LINE('',#6885,#6886);
#6885 = CARTESIAN_POINT('',(2.75,-2.8,0.2));
#6886 = VECTOR('',#6887,1.);
#6887 = DIRECTION('',(-1.,1.224646799147E-16,0.));
#6888 = ORIENTED_EDGE('',*,*,#6889,.T.);
#6889 = EDGE_CURVE('',#6882,#6890,#6892,.T.);
#6890 = VERTEX_POINT('',#6891);
#6891 = CARTESIAN_POINT('',(1.25,-2.8,0.));
#6892 = LINE('',#6893,#6894);
#6893 = CARTESIAN_POINT('',(1.25,-2.8,0.2));
#6894 = VECTOR('',#6895,1.);
#6895 = DIRECTION('',(-0.,0.,-1.));
#6896 = ORIENTED_EDGE('',*,*,#6897,.F.);
#6897 = EDGE_CURVE('',#6898,#6890,#6900,.T.);
#6898 = VERTEX_POINT('',#6899);
#6899 = CARTESIAN_POINT('',(0.75,-2.8,0.));
#6900 = LINE('',#6901,#6902);
#6901 = CARTESIAN_POINT('',(-1.95,-2.8,0.));
#6902 = VECTOR('',#6903,1.);
#6903 = DIRECTION('',(1.,-1.224646799147E-16,0.));
#6904 = ORIENTED_EDGE('',*,*,#6905,.F.);
#6905 = EDGE_CURVE('',#6906,#6898,#6908,.T.);
#6906 = VERTEX_POINT('',#6907);
#6907 = CARTESIAN_POINT('',(0.75,-2.8,0.2));
#6908 = LINE('',#6909,#6910);
#6909 = CARTESIAN_POINT('',(0.75,-2.8,0.2));
#6910 = VECTOR('',#6911,1.);
#6911 = DIRECTION('',(-0.,0.,-1.));
#6912 = ORIENTED_EDGE('',*,*,#6913,.T.);
#6913 = EDGE_CURVE('',#6906,#6914,#6916,.T.);
#6914 = VERTEX_POINT('',#6915);
#6915 = CARTESIAN_POINT('',(-0.75,-2.8,0.2));
#6916 = LINE('',#6917,#6918);
#6917 = CARTESIAN_POINT('',(0.75,-2.8,0.2));
#6918 = VECTOR('',#6919,1.);
#6919 = DIRECTION('',(-1.,1.224646799147E-16,0.));
#6920 = ORIENTED_EDGE('',*,*,#6921,.T.);
#6921 = EDGE_CURVE('',#6914,#6850,#6922,.T.);
#6922 = LINE('',#6923,#6924);
#6923 = CARTESIAN_POINT('',(-0.75,-2.8,0.2));
#6924 = VECTOR('',#6925,1.);
#6925 = DIRECTION('',(-0.,0.,-1.));
#6926 = PLANE('',#6927);
#6927 = AXIS2_PLACEMENT_3D('',#6928,#6929,#6930);
#6928 = CARTESIAN_POINT('',(-1.95,-2.8,0.));
#6929 = DIRECTION('',(1.224646799147E-16,1.,0.));
#6930 = DIRECTION('',(1.,-1.224646799147E-16,0.));
#6931 = ADVANCED_FACE('',(#6932),#6966,.F.);
#6932 = FACE_BOUND('',#6933,.F.);
#6933 = EDGE_LOOP('',(#6934,#6942,#6950,#6958,#6964,#6965));
#6934 = ORIENTED_EDGE('',*,*,#6935,.T.);
#6935 = EDGE_CURVE('',#6754,#6936,#6938,.T.);
#6936 = VERTEX_POINT('',#6937);
#6937 = CARTESIAN_POINT('',(2.75,1.7,0.2));
#6938 = LINE('',#6939,#6940);
#6939 = CARTESIAN_POINT('',(2.75,1.7,0.));
#6940 = VECTOR('',#6941,1.);
#6941 = DIRECTION('',(0.,0.,1.));
#6942 = ORIENTED_EDGE('',*,*,#6943,.T.);
#6943 = EDGE_CURVE('',#6936,#6944,#6946,.T.);
#6944 = VERTEX_POINT('',#6945);
#6945 = CARTESIAN_POINT('',(2.75,0.5,0.1));
#6946 = LINE('',#6947,#6948);
#6947 = CARTESIAN_POINT('',(2.75,1.7,0.2));
#6948 = VECTOR('',#6949,1.);
#6949 = DIRECTION('',(-1.220416573038E-16,-0.996545758245,
    -8.304547985373E-02));
#6950 = ORIENTED_EDGE('',*,*,#6951,.T.);
#6951 = EDGE_CURVE('',#6944,#6952,#6954,.T.);
#6952 = VERTEX_POINT('',#6953);
#6953 = CARTESIAN_POINT('',(2.75,-0.5,0.1));
#6954 = LINE('',#6955,#6956);
#6955 = CARTESIAN_POINT('',(2.75,0.5,0.1));
#6956 = VECTOR('',#6957,1.);
#6957 = DIRECTION('',(-1.224646799147E-16,-1.,0.));
#6958 = ORIENTED_EDGE('',*,*,#6959,.T.);
#6959 = EDGE_CURVE('',#6952,#6874,#6960,.T.);
#6960 = LINE('',#6961,#6962);
#6961 = CARTESIAN_POINT('',(2.75,-0.5,0.1));
#6962 = VECTOR('',#6963,1.);
#6963 = DIRECTION('',(-1.223490926498E-16,-0.999056158355,
    4.343722427631E-02));
#6964 = ORIENTED_EDGE('',*,*,#6873,.T.);
#6965 = ORIENTED_EDGE('',*,*,#6761,.T.);
#6966 = PLANE('',#6967);
#6967 = AXIS2_PLACEMENT_3D('',#6968,#6969,#6970);
#6968 = CARTESIAN_POINT('',(2.75,-0.549524476701,7.07980355453E-02));
#6969 = DIRECTION('',(1.,-1.224646799147E-16,-0.));
#6970 = DIRECTION('',(-0.,0.,-1.));
#6971 = ADVANCED_FACE('',(#6972,#7143),#7177,.F.);
#6972 = FACE_BOUND('',#6973,.F.);
#6973 = EDGE_LOOP('',(#6974,#6975,#6976,#6984,#6992,#7000,#7008,#7016,
    #7024,#7032,#7040,#7048,#7056,#7064,#7072,#7080,#7088,#7096,#7104,
    #7112,#7120,#7128,#7136,#7142));
#6974 = ORIENTED_EDGE('',*,*,#6753,.F.);
#6975 = ORIENTED_EDGE('',*,*,#6833,.T.);
#6976 = ORIENTED_EDGE('',*,*,#6977,.T.);
#6977 = EDGE_CURVE('',#6826,#6978,#6980,.T.);
#6978 = VERTEX_POINT('',#6979);
#6979 = CARTESIAN_POINT('',(1.45,1.7,6.));
#6980 = LINE('',#6981,#6982);
#6981 = CARTESIAN_POINT('',(3.95,1.7,6.));
#6982 = VECTOR('',#6983,1.);
#6983 = DIRECTION('',(-1.,1.224646799147E-16,0.));
#6984 = ORIENTED_EDGE('',*,*,#6985,.T.);
#6985 = EDGE_CURVE('',#6978,#6986,#6988,.T.);
#6986 = VERTEX_POINT('',#6987);
#6987 = CARTESIAN_POINT('',(1.45,1.7,2.1));
#6988 = LINE('',#6989,#6990);
#6989 = CARTESIAN_POINT('',(1.45,1.7,6.));
#6990 = VECTOR('',#6991,1.);
#6991 = DIRECTION('',(-0.,0.,-1.));
#6992 = ORIENTED_EDGE('',*,*,#6993,.T.);
#6993 = EDGE_CURVE('',#6986,#6994,#6996,.T.);
#6994 = VERTEX_POINT('',#6995);
#6995 = CARTESIAN_POINT('',(0.55,1.7,2.1));
#6996 = LINE('',#6997,#6998);
#6997 = CARTESIAN_POINT('',(1.45,1.7,2.1));
#6998 = VECTOR('',#6999,1.);
#6999 = DIRECTION('',(-1.,1.224646799147E-16,0.));
#7000 = ORIENTED_EDGE('',*,*,#7001,.T.);
#7001 = EDGE_CURVE('',#6994,#7002,#7004,.T.);
#7002 = VERTEX_POINT('',#7003);
#7003 = CARTESIAN_POINT('',(0.55,1.7,6.));
#7004 = LINE('',#7005,#7006);
#7005 = CARTESIAN_POINT('',(0.55,1.7,2.1));
#7006 = VECTOR('',#7007,1.);
#7007 = DIRECTION('',(0.,0.,1.));
#7008 = ORIENTED_EDGE('',*,*,#7009,.T.);
#7009 = EDGE_CURVE('',#7002,#7010,#7012,.T.);
#7010 = VERTEX_POINT('',#7011);
#7011 = CARTESIAN_POINT('',(-0.45,1.7,6.));
#7012 = LINE('',#7013,#7014);
#7013 = CARTESIAN_POINT('',(3.95,1.7,6.));
#7014 = VECTOR('',#7015,1.);
#7015 = DIRECTION('',(-1.,1.224646799147E-16,0.));
#7016 = ORIENTED_EDGE('',*,*,#7017,.F.);
#7017 = EDGE_CURVE('',#7018,#7010,#7020,.T.);
#7018 = VERTEX_POINT('',#7019);
#7019 = CARTESIAN_POINT('',(-0.45,1.7,4.2));
#7020 = LINE('',#7021,#7022);
#7021 = CARTESIAN_POINT('',(-0.45,1.7,4.2));
#7022 = VECTOR('',#7023,1.);
#7023 = DIRECTION('',(0.,0.,1.));
#7024 = ORIENTED_EDGE('',*,*,#7025,.F.);
#7025 = EDGE_CURVE('',#7026,#7018,#7028,.T.);
#7026 = VERTEX_POINT('',#7027);
#7027 = CARTESIAN_POINT('',(-0.4,1.7,4.2));
#7028 = LINE('',#7029,#7030);
#7029 = CARTESIAN_POINT('',(-0.4,1.7,4.2));
#7030 = VECTOR('',#7031,1.);
#7031 = DIRECTION('',(-1.,1.224646799147E-16,0.));
#7032 = ORIENTED_EDGE('',*,*,#7033,.F.);
#7033 = EDGE_CURVE('',#7034,#7026,#7036,.T.);
#7034 = VERTEX_POINT('',#7035);
#7035 = CARTESIAN_POINT('',(-0.4,1.7,2.4));
#7036 = LINE('',#7037,#7038);
#7037 = CARTESIAN_POINT('',(-0.4,1.7,2.4));
#7038 = VECTOR('',#7039,1.);
#7039 = DIRECTION('',(0.,0.,1.));
#7040 = ORIENTED_EDGE('',*,*,#7041,.F.);
#7041 = EDGE_CURVE('',#7042,#7034,#7044,.T.);
#7042 = VERTEX_POINT('',#7043);
#7043 = CARTESIAN_POINT('',(-1.4,1.7,2.4));
#7044 = LINE('',#7045,#7046);
#7045 = CARTESIAN_POINT('',(-1.4,1.7,2.4));
#7046 = VECTOR('',#7047,1.);
#7047 = DIRECTION('',(1.,-1.224646799147E-16,0.));
#7048 = ORIENTED_EDGE('',*,*,#7049,.F.);
#7049 = EDGE_CURVE('',#7050,#7042,#7052,.T.);
#7050 = VERTEX_POINT('',#7051);
#7051 = CARTESIAN_POINT('',(-1.4,1.7,4.2));
#7052 = LINE('',#7053,#7054);
#7053 = CARTESIAN_POINT('',(-1.4,1.7,4.2));
#7054 = VECTOR('',#7055,1.);
#7055 = DIRECTION('',(-0.,0.,-1.));
#7056 = ORIENTED_EDGE('',*,*,#7057,.F.);
#7057 = EDGE_CURVE('',#7058,#7050,#7060,.T.);
#7058 = VERTEX_POINT('',#7059);
#7059 = CARTESIAN_POINT('',(-0.95,1.7,4.2));
#7060 = LINE('',#7061,#7062);
#7061 = CARTESIAN_POINT('',(-0.4,1.7,4.2));
#7062 = VECTOR('',#7063,1.);
#7063 = DIRECTION('',(-1.,1.224646799147E-16,0.));
#7064 = ORIENTED_EDGE('',*,*,#7065,.T.);
#7065 = EDGE_CURVE('',#7058,#7066,#7068,.T.);
#7066 = VERTEX_POINT('',#7067);
#7067 = CARTESIAN_POINT('',(-0.95,1.7,6.));
#7068 = LINE('',#7069,#7070);
#7069 = CARTESIAN_POINT('',(-0.95,1.7,4.2));
#7070 = VECTOR('',#7071,1.);
#7071 = DIRECTION('',(0.,0.,1.));
#7072 = ORIENTED_EDGE('',*,*,#7073,.T.);
#7073 = EDGE_CURVE('',#7066,#7074,#7076,.T.);
#7074 = VERTEX_POINT('',#7075);
#7075 = CARTESIAN_POINT('',(-1.95,1.7,6.));
#7076 = LINE('',#7077,#7078);
#7077 = CARTESIAN_POINT('',(3.95,1.7,6.));
#7078 = VECTOR('',#7079,1.);
#7079 = DIRECTION('',(-1.,1.224646799147E-16,0.));
#7080 = ORIENTED_EDGE('',*,*,#7081,.F.);
#7081 = EDGE_CURVE('',#7082,#7074,#7084,.T.);
#7082 = VERTEX_POINT('',#7083);
#7083 = CARTESIAN_POINT('',(-1.95,1.7,0.));
#7084 = LINE('',#7085,#7086);
#7085 = CARTESIAN_POINT('',(-1.95,1.7,0.));
#7086 = VECTOR('',#7087,1.);
#7087 = DIRECTION('',(0.,0.,1.));
#7088 = ORIENTED_EDGE('',*,*,#7089,.F.);
#7089 = EDGE_CURVE('',#7090,#7082,#7092,.T.);
#7090 = VERTEX_POINT('',#7091);
#7091 = CARTESIAN_POINT('',(-0.75,1.7,0.));
#7092 = LINE('',#7093,#7094);
#7093 = CARTESIAN_POINT('',(3.95,1.7,0.));
#7094 = VECTOR('',#7095,1.);
#7095 = DIRECTION('',(-1.,1.224646799147E-16,0.));
#7096 = ORIENTED_EDGE('',*,*,#7097,.T.);
#7097 = EDGE_CURVE('',#7090,#7098,#7100,.T.);
#7098 = VERTEX_POINT('',#7099);
#7099 = CARTESIAN_POINT('',(-0.75,1.7,0.2));
#7100 = LINE('',#7101,#7102);
#7101 = CARTESIAN_POINT('',(-0.75,1.7,0.));
#7102 = VECTOR('',#7103,1.);
#7103 = DIRECTION('',(0.,0.,1.));
#7104 = ORIENTED_EDGE('',*,*,#7105,.F.);
#7105 = EDGE_CURVE('',#7106,#7098,#7108,.T.);
#7106 = VERTEX_POINT('',#7107);
#7107 = CARTESIAN_POINT('',(0.75,1.7,0.2));
#7108 = LINE('',#7109,#7110);
#7109 = CARTESIAN_POINT('',(0.75,1.7,0.2));
#7110 = VECTOR('',#7111,1.);
#7111 = DIRECTION('',(-1.,1.224646799147E-16,0.));
#7112 = ORIENTED_EDGE('',*,*,#7113,.F.);
#7113 = EDGE_CURVE('',#7114,#7106,#7116,.T.);
#7114 = VERTEX_POINT('',#7115);
#7115 = CARTESIAN_POINT('',(0.75,1.7,0.));
#7116 = LINE('',#7117,#7118);
#7117 = CARTESIAN_POINT('',(0.75,1.7,0.));
#7118 = VECTOR('',#7119,1.);
#7119 = DIRECTION('',(0.,0.,1.));
#7120 = ORIENTED_EDGE('',*,*,#7121,.F.);
#7121 = EDGE_CURVE('',#7122,#7114,#7124,.T.);
#7122 = VERTEX_POINT('',#7123);
#7123 = CARTESIAN_POINT('',(1.25,1.7,0.));
#7124 = LINE('',#7125,#7126);
#7125 = CARTESIAN_POINT('',(3.95,1.7,0.));
#7126 = VECTOR('',#7127,1.);
#7127 = DIRECTION('',(-1.,1.224646799147E-16,0.));
#7128 = ORIENTED_EDGE('',*,*,#7129,.T.);
#7129 = EDGE_CURVE('',#7122,#7130,#7132,.T.);
#7130 = VERTEX_POINT('',#7131);
#7131 = CARTESIAN_POINT('',(1.25,1.7,0.2));
#7132 = LINE('',#7133,#7134);
#7133 = CARTESIAN_POINT('',(1.25,1.7,0.));
#7134 = VECTOR('',#7135,1.);
#7135 = DIRECTION('',(0.,0.,1.));
#7136 = ORIENTED_EDGE('',*,*,#7137,.F.);
#7137 = EDGE_CURVE('',#6936,#7130,#7138,.T.);
#7138 = LINE('',#7139,#7140);
#7139 = CARTESIAN_POINT('',(2.75,1.7,0.2));
#7140 = VECTOR('',#7141,1.);
#7141 = DIRECTION('',(-1.,1.224646799147E-16,0.));
#7142 = ORIENTED_EDGE('',*,*,#6935,.F.);
#7143 = FACE_BOUND('',#7144,.F.);
#7144 = EDGE_LOOP('',(#7145,#7155,#7163,#7171));
#7145 = ORIENTED_EDGE('',*,*,#7146,.T.);
#7146 = EDGE_CURVE('',#7147,#7149,#7151,.T.);
#7147 = VERTEX_POINT('',#7148);
#7148 = CARTESIAN_POINT('',(2.4,1.7,4.2));
#7149 = VERTEX_POINT('',#7150);
#7150 = CARTESIAN_POINT('',(3.4,1.7,4.2));
#7151 = LINE('',#7152,#7153);
#7152 = CARTESIAN_POINT('',(2.4,1.7,4.2));
#7153 = VECTOR('',#7154,1.);
#7154 = DIRECTION('',(1.,-1.224646799147E-16,0.));
#7155 = ORIENTED_EDGE('',*,*,#7156,.T.);
#7156 = EDGE_CURVE('',#7149,#7157,#7159,.T.);
#7157 = VERTEX_POINT('',#7158);
#7158 = CARTESIAN_POINT('',(3.4,1.7,2.4));
#7159 = LINE('',#7160,#7161);
#7160 = CARTESIAN_POINT('',(3.4,1.7,4.2));
#7161 = VECTOR('',#7162,1.);
#7162 = DIRECTION('',(-0.,0.,-1.));
#7163 = ORIENTED_EDGE('',*,*,#7164,.T.);
#7164 = EDGE_CURVE('',#7157,#7165,#7167,.T.);
#7165 = VERTEX_POINT('',#7166);
#7166 = CARTESIAN_POINT('',(2.4,1.7,2.4));
#7167 = LINE('',#7168,#7169);
#7168 = CARTESIAN_POINT('',(3.4,1.7,2.4));
#7169 = VECTOR('',#7170,1.);
#7170 = DIRECTION('',(-1.,1.224646799147E-16,0.));
#7171 = ORIENTED_EDGE('',*,*,#7172,.T.);
#7172 = EDGE_CURVE('',#7165,#7147,#7173,.T.);
#7173 = LINE('',#7174,#7175);
#7174 = CARTESIAN_POINT('',(2.4,1.7,2.4));
#7175 = VECTOR('',#7176,1.);
#7176 = DIRECTION('',(0.,0.,1.));
#7177 = PLANE('',#7178);
#7178 = AXIS2_PLACEMENT_3D('',#7179,#7180,#7181);
#7179 = CARTESIAN_POINT('',(3.95,1.7,0.));
#7180 = DIRECTION('',(-1.224646799147E-16,-1.,0.));
#7181 = DIRECTION('',(-1.,1.224646799147E-16,0.));
#7182 = ADVANCED_FACE('',(#7183),#7217,.T.);
#7183 = FACE_BOUND('',#7184,.T.);
#7184 = EDGE_LOOP('',(#7185,#7193,#7194,#7195,#7203,#7211));
#7185 = ORIENTED_EDGE('',*,*,#7186,.F.);
#7186 = EDGE_CURVE('',#6818,#7187,#7189,.T.);
#7187 = VERTEX_POINT('',#7188);
#7188 = CARTESIAN_POINT('',(3.45,0.2,6.));
#7189 = LINE('',#7190,#7191);
#7190 = CARTESIAN_POINT('',(3.95,0.2,6.));
#7191 = VECTOR('',#7192,1.);
#7192 = DIRECTION('',(-1.,1.224646799147E-16,0.));
#7193 = ORIENTED_EDGE('',*,*,#6825,.T.);
#7194 = ORIENTED_EDGE('',*,*,#6977,.T.);
#7195 = ORIENTED_EDGE('',*,*,#7196,.T.);
#7196 = EDGE_CURVE('',#6978,#7197,#7199,.T.);
#7197 = VERTEX_POINT('',#7198);
#7198 = CARTESIAN_POINT('',(1.45,1.1,6.));
#7199 = LINE('',#7200,#7201);
#7200 = CARTESIAN_POINT('',(1.45,1.7,6.));
#7201 = VECTOR('',#7202,1.);
#7202 = DIRECTION('',(-1.224646799147E-16,-1.,0.));
#7203 = ORIENTED_EDGE('',*,*,#7204,.F.);
#7204 = EDGE_CURVE('',#7205,#7197,#7207,.T.);
#7205 = VERTEX_POINT('',#7206);
#7206 = CARTESIAN_POINT('',(3.45,1.1,6.));
#7207 = LINE('',#7208,#7209);
#7208 = CARTESIAN_POINT('',(3.45,1.1,6.));
#7209 = VECTOR('',#7210,1.);
#7210 = DIRECTION('',(-1.,1.224646799147E-16,0.));
#7211 = ORIENTED_EDGE('',*,*,#7212,.F.);
#7212 = EDGE_CURVE('',#7187,#7205,#7213,.T.);
#7213 = LINE('',#7214,#7215);
#7214 = CARTESIAN_POINT('',(3.45,-2.3,6.));
#7215 = VECTOR('',#7216,1.);
#7216 = DIRECTION('',(1.224646799147E-16,1.,0.));
#7217 = PLANE('',#7218);
#7218 = AXIS2_PLACEMENT_3D('',#7219,#7220,#7221);
#7219 = CARTESIAN_POINT('',(1.,-0.55,6.));
#7220 = DIRECTION('',(0.,0.,1.));
#7221 = DIRECTION('',(-1.,1.224646799147E-16,0.));
#7222 = ADVANCED_FACE('',(#7223),#7241,.T.);
#7223 = FACE_BOUND('',#7224,.T.);
#7224 = EDGE_LOOP('',(#7225,#7226,#7227,#7235));
#7225 = ORIENTED_EDGE('',*,*,#6817,.F.);
#7226 = ORIENTED_EDGE('',*,*,#7186,.T.);
#7227 = ORIENTED_EDGE('',*,*,#7228,.T.);
#7228 = EDGE_CURVE('',#7187,#7229,#7231,.T.);
#7229 = VERTEX_POINT('',#7230);
#7230 = CARTESIAN_POINT('',(3.45,0.2,4.4));
#7231 = LINE('',#7232,#7233);
#7232 = CARTESIAN_POINT('',(3.45,0.2,6.));
#7233 = VECTOR('',#7234,1.);
#7234 = DIRECTION('',(-0.,0.,-1.));
#7235 = ORIENTED_EDGE('',*,*,#7236,.F.);
#7236 = EDGE_CURVE('',#6809,#7229,#7237,.T.);
#7237 = LINE('',#7238,#7239);
#7238 = CARTESIAN_POINT('',(3.95,0.2,4.4));
#7239 = VECTOR('',#7240,1.);
#7240 = DIRECTION('',(-1.,1.224646799147E-16,0.));
#7241 = PLANE('',#7242);
#7242 = AXIS2_PLACEMENT_3D('',#7243,#7244,#7245);
#7243 = CARTESIAN_POINT('',(3.95,0.2,6.));
#7244 = DIRECTION('',(-1.224646799147E-16,-1.,0.));
#7245 = DIRECTION('',(-0.,0.,-1.));
#7246 = ADVANCED_FACE('',(#7247),#7266,.F.);
#7247 = FACE_BOUND('',#7248,.F.);
#7248 = EDGE_LOOP('',(#7249,#7257,#7264,#7265));
#7249 = ORIENTED_EDGE('',*,*,#7250,.T.);
#7250 = EDGE_CURVE('',#6801,#7251,#7253,.T.);
#7251 = VERTEX_POINT('',#7252);
#7252 = CARTESIAN_POINT('',(3.45,-0.6,4.4));
#7253 = LINE('',#7254,#7255);
#7254 = CARTESIAN_POINT('',(3.95,-0.6,4.4));
#7255 = VECTOR('',#7256,1.);
#7256 = DIRECTION('',(-1.,1.224646799147E-16,0.));
#7257 = ORIENTED_EDGE('',*,*,#7258,.T.);
#7258 = EDGE_CURVE('',#7251,#7229,#7259,.T.);
#7259 = CIRCLE('',#7260,0.4);
#7260 = AXIS2_PLACEMENT_3D('',#7261,#7262,#7263);
#7261 = CARTESIAN_POINT('',(3.45,-0.2,4.4));
#7262 = DIRECTION('',(1.,-1.224646799147E-16,0.));
#7263 = DIRECTION('',(1.224646799147E-16,1.,0.));
#7264 = ORIENTED_EDGE('',*,*,#7236,.F.);
#7265 = ORIENTED_EDGE('',*,*,#6808,.T.);
#7266 = CYLINDRICAL_SURFACE('',#7267,0.4);
#7267 = AXIS2_PLACEMENT_3D('',#7268,#7269,#7270);
#7268 = CARTESIAN_POINT('',(3.95,-0.2,4.4));
#7269 = DIRECTION('',(1.,-1.224646799147E-16,-0.));
#7270 = DIRECTION('',(1.224646799147E-16,1.,0.));
#7271 = ADVANCED_FACE('',(#7272),#7290,.T.);
#7272 = FACE_BOUND('',#7273,.T.);
#7273 = EDGE_LOOP('',(#7274,#7275,#7276,#7284));
#7274 = ORIENTED_EDGE('',*,*,#6800,.F.);
#7275 = ORIENTED_EDGE('',*,*,#7250,.T.);
#7276 = ORIENTED_EDGE('',*,*,#7277,.T.);
#7277 = EDGE_CURVE('',#7251,#7278,#7280,.T.);
#7278 = VERTEX_POINT('',#7279);
#7279 = CARTESIAN_POINT('',(3.45,-0.6,6.));
#7280 = LINE('',#7281,#7282);
#7281 = CARTESIAN_POINT('',(3.45,-0.6,5.2));
#7282 = VECTOR('',#7283,1.);
#7283 = DIRECTION('',(0.,0.,1.));
#7284 = ORIENTED_EDGE('',*,*,#7285,.F.);
#7285 = EDGE_CURVE('',#6793,#7278,#7286,.T.);
#7286 = LINE('',#7287,#7288);
#7287 = CARTESIAN_POINT('',(3.95,-0.6,6.));
#7288 = VECTOR('',#7289,1.);
#7289 = DIRECTION('',(-1.,1.224646799147E-16,0.));
#7290 = PLANE('',#7291);
#7291 = AXIS2_PLACEMENT_3D('',#7292,#7293,#7294);
#7292 = CARTESIAN_POINT('',(3.95,-0.6,4.4));
#7293 = DIRECTION('',(1.224646799147E-16,1.,0.));
#7294 = DIRECTION('',(0.,-0.,1.));
#7295 = ADVANCED_FACE('',(#7296),#7339,.T.);
#7296 = FACE_BOUND('',#7297,.T.);
#7297 = EDGE_LOOP('',(#7298,#7299,#7300,#7308,#7316,#7324,#7332,#7338));
#7298 = ORIENTED_EDGE('',*,*,#6792,.T.);
#7299 = ORIENTED_EDGE('',*,*,#7285,.T.);
#7300 = ORIENTED_EDGE('',*,*,#7301,.F.);
#7301 = EDGE_CURVE('',#7302,#7278,#7304,.T.);
#7302 = VERTEX_POINT('',#7303);
#7303 = CARTESIAN_POINT('',(3.45,-2.3,6.));
#7304 = LINE('',#7305,#7306);
#7305 = CARTESIAN_POINT('',(3.45,-2.3,6.));
#7306 = VECTOR('',#7307,1.);
#7307 = DIRECTION('',(1.224646799147E-16,1.,0.));
#7308 = ORIENTED_EDGE('',*,*,#7309,.F.);
#7309 = EDGE_CURVE('',#7310,#7302,#7312,.T.);
#7310 = VERTEX_POINT('',#7311);
#7311 = CARTESIAN_POINT('',(-1.45,-2.3,6.));
#7312 = LINE('',#7313,#7314);
#7313 = CARTESIAN_POINT('',(-1.45,-2.3,6.));
#7314 = VECTOR('',#7315,1.);
#7315 = DIRECTION('',(1.,-1.224646799147E-16,0.));
#7316 = ORIENTED_EDGE('',*,*,#7317,.F.);
#7317 = EDGE_CURVE('',#7318,#7310,#7320,.T.);
#7318 = VERTEX_POINT('',#7319);
#7319 = CARTESIAN_POINT('',(-1.45,-0.6,6.));
#7320 = LINE('',#7321,#7322);
#7321 = CARTESIAN_POINT('',(-1.45,1.1,6.));
#7322 = VECTOR('',#7323,1.);
#7323 = DIRECTION('',(-1.224646799147E-16,-1.,0.));
#7324 = ORIENTED_EDGE('',*,*,#7325,.T.);
#7325 = EDGE_CURVE('',#7318,#7326,#7328,.T.);
#7326 = VERTEX_POINT('',#7327);
#7327 = CARTESIAN_POINT('',(-1.95,-0.6,6.));
#7328 = LINE('',#7329,#7330);
#7329 = CARTESIAN_POINT('',(3.95,-0.6,6.));
#7330 = VECTOR('',#7331,1.);
#7331 = DIRECTION('',(-1.,1.224646799147E-16,0.));
#7332 = ORIENTED_EDGE('',*,*,#7333,.T.);
#7333 = EDGE_CURVE('',#7326,#6858,#7334,.T.);
#7334 = LINE('',#7335,#7336);
#7335 = CARTESIAN_POINT('',(-1.95,1.7,6.));
#7336 = VECTOR('',#7337,1.);
#7337 = DIRECTION('',(-1.224646799147E-16,-1.,0.));
#7338 = ORIENTED_EDGE('',*,*,#6865,.T.);
#7339 = PLANE('',#7340);
#7340 = AXIS2_PLACEMENT_3D('',#7341,#7342,#7343);
#7341 = CARTESIAN_POINT('',(1.,-0.55,6.));
#7342 = DIRECTION('',(0.,0.,1.));
#7343 = DIRECTION('',(-1.,1.224646799147E-16,0.));
#7344 = ADVANCED_FACE('',(#7345),#7361,.F.);
#7345 = FACE_BOUND('',#7346,.F.);
#7346 = EDGE_LOOP('',(#7347,#7348,#7354,#7355));
#7347 = ORIENTED_EDGE('',*,*,#6847,.T.);
#7348 = ORIENTED_EDGE('',*,*,#7349,.T.);
#7349 = EDGE_CURVE('',#6850,#7090,#7350,.T.);
#7350 = LINE('',#7351,#7352);
#7351 = CARTESIAN_POINT('',(-0.75,-2.8,0.));
#7352 = VECTOR('',#7353,1.);
#7353 = DIRECTION('',(1.224646799147E-16,1.,0.));
#7354 = ORIENTED_EDGE('',*,*,#7089,.T.);
#7355 = ORIENTED_EDGE('',*,*,#7356,.T.);
#7356 = EDGE_CURVE('',#7082,#6848,#7357,.T.);
#7357 = LINE('',#7358,#7359);
#7358 = CARTESIAN_POINT('',(-1.95,1.7,0.));
#7359 = VECTOR('',#7360,1.);
#7360 = DIRECTION('',(-1.224646799147E-16,-1.,0.));
#7361 = PLANE('',#7362);
#7362 = AXIS2_PLACEMENT_3D('',#7363,#7364,#7365);
#7363 = CARTESIAN_POINT('',(1.,-0.55,0.));
#7364 = DIRECTION('',(0.,0.,1.));
#7365 = DIRECTION('',(-1.,1.224646799147E-16,0.));
#7366 = ADVANCED_FACE('',(#7367),#7394,.T.);
#7367 = FACE_BOUND('',#7368,.T.);
#7368 = EDGE_LOOP('',(#7369,#7370,#7378,#7386,#7392,#7393));
#7369 = ORIENTED_EDGE('',*,*,#7097,.T.);
#7370 = ORIENTED_EDGE('',*,*,#7371,.T.);
#7371 = EDGE_CURVE('',#7098,#7372,#7374,.T.);
#7372 = VERTEX_POINT('',#7373);
#7373 = CARTESIAN_POINT('',(-0.75,0.5,0.1));
#7374 = LINE('',#7375,#7376);
#7375 = CARTESIAN_POINT('',(-0.75,1.7,0.2));
#7376 = VECTOR('',#7377,1.);
#7377 = DIRECTION('',(-1.220416573038E-16,-0.996545758245,
    -8.304547985373E-02));
#7378 = ORIENTED_EDGE('',*,*,#7379,.T.);
#7379 = EDGE_CURVE('',#7372,#7380,#7382,.T.);
#7380 = VERTEX_POINT('',#7381);
#7381 = CARTESIAN_POINT('',(-0.75,-0.5,0.1));
#7382 = LINE('',#7383,#7384);
#7383 = CARTESIAN_POINT('',(-0.75,0.5,0.1));
#7384 = VECTOR('',#7385,1.);
#7385 = DIRECTION('',(-1.224646799147E-16,-1.,0.));
#7386 = ORIENTED_EDGE('',*,*,#7387,.T.);
#7387 = EDGE_CURVE('',#7380,#6914,#7388,.T.);
#7388 = LINE('',#7389,#7390);
#7389 = CARTESIAN_POINT('',(-0.75,-0.5,0.1));
#7390 = VECTOR('',#7391,1.);
#7391 = DIRECTION('',(-1.223490926498E-16,-0.999056158355,
    4.343722427631E-02));
#7392 = ORIENTED_EDGE('',*,*,#6921,.T.);
#7393 = ORIENTED_EDGE('',*,*,#7349,.T.);
#7394 = PLANE('',#7395);
#7395 = AXIS2_PLACEMENT_3D('',#7396,#7397,#7398);
#7396 = CARTESIAN_POINT('',(-0.75,-0.549524476701,7.07980355453E-02));
#7397 = DIRECTION('',(1.,-1.224646799147E-16,-0.));
#7398 = DIRECTION('',(-0.,0.,-1.));
#7399 = ADVANCED_FACE('',(#7400),#7418,.F.);
#7400 = FACE_BOUND('',#7401,.F.);
#7401 = EDGE_LOOP('',(#7402,#7410,#7411,#7412));
#7402 = ORIENTED_EDGE('',*,*,#7403,.T.);
#7403 = EDGE_CURVE('',#7404,#7380,#7406,.T.);
#7404 = VERTEX_POINT('',#7405);
#7405 = CARTESIAN_POINT('',(0.75,-0.5,0.1));
#7406 = LINE('',#7407,#7408);
#7407 = CARTESIAN_POINT('',(0.75,-0.5,0.1));
#7408 = VECTOR('',#7409,1.);
#7409 = DIRECTION('',(-1.,1.224646799147E-16,0.));
#7410 = ORIENTED_EDGE('',*,*,#7387,.T.);
#7411 = ORIENTED_EDGE('',*,*,#6913,.F.);
#7412 = ORIENTED_EDGE('',*,*,#7413,.F.);
#7413 = EDGE_CURVE('',#7404,#6906,#7414,.T.);
#7414 = LINE('',#7415,#7416);
#7415 = CARTESIAN_POINT('',(0.75,-0.5,0.1));
#7416 = VECTOR('',#7417,1.);
#7417 = DIRECTION('',(-1.223490926498E-16,-0.999056158355,
    4.343722427631E-02));
#7418 = PLANE('',#7419);
#7419 = AXIS2_PLACEMENT_3D('',#7420,#7421,#7422);
#7420 = CARTESIAN_POINT('',(0.75,-0.5,0.1));
#7421 = DIRECTION('',(5.319525767383E-18,4.343722427631E-02,
    0.999056158355));
#7422 = DIRECTION('',(-1.223490926498E-16,-0.999056158355,
    4.343722427631E-02));
#7423 = ADVANCED_FACE('',(#7424),#7449,.F.);
#7424 = FACE_BOUND('',#7425,.F.);
#7425 = EDGE_LOOP('',(#7426,#7427,#7435,#7441,#7442,#7443));
#7426 = ORIENTED_EDGE('',*,*,#7113,.T.);
#7427 = ORIENTED_EDGE('',*,*,#7428,.T.);
#7428 = EDGE_CURVE('',#7106,#7429,#7431,.T.);
#7429 = VERTEX_POINT('',#7430);
#7430 = CARTESIAN_POINT('',(0.75,0.5,0.1));
#7431 = LINE('',#7432,#7433);
#7432 = CARTESIAN_POINT('',(0.75,1.7,0.2));
#7433 = VECTOR('',#7434,1.);
#7434 = DIRECTION('',(-1.220416573038E-16,-0.996545758245,
    -8.304547985373E-02));
#7435 = ORIENTED_EDGE('',*,*,#7436,.T.);
#7436 = EDGE_CURVE('',#7429,#7404,#7437,.T.);
#7437 = LINE('',#7438,#7439);
#7438 = CARTESIAN_POINT('',(0.75,0.5,0.1));
#7439 = VECTOR('',#7440,1.);
#7440 = DIRECTION('',(-1.224646799147E-16,-1.,0.));
#7441 = ORIENTED_EDGE('',*,*,#7413,.T.);
#7442 = ORIENTED_EDGE('',*,*,#6905,.T.);
#7443 = ORIENTED_EDGE('',*,*,#7444,.T.);
#7444 = EDGE_CURVE('',#6898,#7114,#7445,.T.);
#7445 = LINE('',#7446,#7447);
#7446 = CARTESIAN_POINT('',(0.75,-2.8,0.));
#7447 = VECTOR('',#7448,1.);
#7448 = DIRECTION('',(1.224646799147E-16,1.,0.));
#7449 = PLANE('',#7450);
#7450 = AXIS2_PLACEMENT_3D('',#7451,#7452,#7453);
#7451 = CARTESIAN_POINT('',(0.75,-0.549524476701,7.07980355453E-02));
#7452 = DIRECTION('',(1.,-1.224646799147E-16,-0.));
#7453 = DIRECTION('',(-0.,0.,-1.));
#7454 = ADVANCED_FACE('',(#7455),#7466,.F.);
#7455 = FACE_BOUND('',#7456,.F.);
#7456 = EDGE_LOOP('',(#7457,#7458,#7464,#7465));
#7457 = ORIENTED_EDGE('',*,*,#6897,.T.);
#7458 = ORIENTED_EDGE('',*,*,#7459,.T.);
#7459 = EDGE_CURVE('',#6890,#7122,#7460,.T.);
#7460 = LINE('',#7461,#7462);
#7461 = CARTESIAN_POINT('',(1.25,-2.8,0.));
#7462 = VECTOR('',#7463,1.);
#7463 = DIRECTION('',(1.224646799147E-16,1.,0.));
#7464 = ORIENTED_EDGE('',*,*,#7121,.T.);
#7465 = ORIENTED_EDGE('',*,*,#7444,.F.);
#7466 = PLANE('',#7467);
#7467 = AXIS2_PLACEMENT_3D('',#7468,#7469,#7470);
#7468 = CARTESIAN_POINT('',(1.,-0.55,0.));
#7469 = DIRECTION('',(0.,0.,1.));
#7470 = DIRECTION('',(-1.,1.224646799147E-16,0.));
#7471 = ADVANCED_FACE('',(#7472),#7499,.T.);
#7472 = FACE_BOUND('',#7473,.T.);
#7473 = EDGE_LOOP('',(#7474,#7475,#7483,#7491,#7497,#7498));
#7474 = ORIENTED_EDGE('',*,*,#7129,.T.);
#7475 = ORIENTED_EDGE('',*,*,#7476,.T.);
#7476 = EDGE_CURVE('',#7130,#7477,#7479,.T.);
#7477 = VERTEX_POINT('',#7478);
#7478 = CARTESIAN_POINT('',(1.25,0.5,0.1));
#7479 = LINE('',#7480,#7481);
#7480 = CARTESIAN_POINT('',(1.25,1.7,0.2));
#7481 = VECTOR('',#7482,1.);
#7482 = DIRECTION('',(-1.220416573038E-16,-0.996545758245,
    -8.304547985373E-02));
#7483 = ORIENTED_EDGE('',*,*,#7484,.T.);
#7484 = EDGE_CURVE('',#7477,#7485,#7487,.T.);
#7485 = VERTEX_POINT('',#7486);
#7486 = CARTESIAN_POINT('',(1.25,-0.5,0.1));
#7487 = LINE('',#7488,#7489);
#7488 = CARTESIAN_POINT('',(1.25,0.5,0.1));
#7489 = VECTOR('',#7490,1.);
#7490 = DIRECTION('',(-1.224646799147E-16,-1.,0.));
#7491 = ORIENTED_EDGE('',*,*,#7492,.T.);
#7492 = EDGE_CURVE('',#7485,#6882,#7493,.T.);
#7493 = LINE('',#7494,#7495);
#7494 = CARTESIAN_POINT('',(1.25,-0.5,0.1));
#7495 = VECTOR('',#7496,1.);
#7496 = DIRECTION('',(-1.223490926498E-16,-0.999056158355,
    4.343722427631E-02));
#7497 = ORIENTED_EDGE('',*,*,#6889,.T.);
#7498 = ORIENTED_EDGE('',*,*,#7459,.T.);
#7499 = PLANE('',#7500);
#7500 = AXIS2_PLACEMENT_3D('',#7501,#7502,#7503);
#7501 = CARTESIAN_POINT('',(1.25,-0.549524476701,7.07980355453E-02));
#7502 = DIRECTION('',(1.,-1.224646799147E-16,-0.));
#7503 = DIRECTION('',(-0.,0.,-1.));
#7504 = ADVANCED_FACE('',(#7505),#7516,.F.);
#7505 = FACE_BOUND('',#7506,.F.);
#7506 = EDGE_LOOP('',(#7507,#7513,#7514,#7515));
#7507 = ORIENTED_EDGE('',*,*,#7508,.T.);
#7508 = EDGE_CURVE('',#6952,#7485,#7509,.T.);
#7509 = LINE('',#7510,#7511);
#7510 = CARTESIAN_POINT('',(2.75,-0.5,0.1));
#7511 = VECTOR('',#7512,1.);
#7512 = DIRECTION('',(-1.,1.224646799147E-16,0.));
#7513 = ORIENTED_EDGE('',*,*,#7492,.T.);
#7514 = ORIENTED_EDGE('',*,*,#6881,.F.);
#7515 = ORIENTED_EDGE('',*,*,#6959,.F.);
#7516 = PLANE('',#7517);
#7517 = AXIS2_PLACEMENT_3D('',#7518,#7519,#7520);
#7518 = CARTESIAN_POINT('',(2.75,-0.5,0.1));
#7519 = DIRECTION('',(5.319525767383E-18,4.343722427631E-02,
    0.999056158355));
#7520 = DIRECTION('',(-1.223490926498E-16,-0.999056158355,
    4.343722427631E-02));
#7521 = ADVANCED_FACE('',(#7522),#7559,.F.);
#7522 = FACE_BOUND('',#7523,.F.);
#7523 = EDGE_LOOP('',(#7524,#7525,#7526,#7534,#7542,#7551,#7557,#7558));
#7524 = ORIENTED_EDGE('',*,*,#7356,.F.);
#7525 = ORIENTED_EDGE('',*,*,#7081,.T.);
#7526 = ORIENTED_EDGE('',*,*,#7527,.T.);
#7527 = EDGE_CURVE('',#7074,#7528,#7530,.T.);
#7528 = VERTEX_POINT('',#7529);
#7529 = CARTESIAN_POINT('',(-1.95,0.2,6.));
#7530 = LINE('',#7531,#7532);
#7531 = CARTESIAN_POINT('',(-1.95,1.7,6.));
#7532 = VECTOR('',#7533,1.);
#7533 = DIRECTION('',(-1.224646799147E-16,-1.,0.));
#7534 = ORIENTED_EDGE('',*,*,#7535,.T.);
#7535 = EDGE_CURVE('',#7528,#7536,#7538,.T.);
#7536 = VERTEX_POINT('',#7537);
#7537 = CARTESIAN_POINT('',(-1.95,0.2,4.4));
#7538 = LINE('',#7539,#7540);
#7539 = CARTESIAN_POINT('',(-1.95,0.2,3.));
#7540 = VECTOR('',#7541,1.);
#7541 = DIRECTION('',(-0.,0.,-1.));
#7542 = ORIENTED_EDGE('',*,*,#7543,.F.);
#7543 = EDGE_CURVE('',#7544,#7536,#7546,.T.);
#7544 = VERTEX_POINT('',#7545);
#7545 = CARTESIAN_POINT('',(-1.95,-0.6,4.4));
#7546 = CIRCLE('',#7547,0.4);
#7547 = AXIS2_PLACEMENT_3D('',#7548,#7549,#7550);
#7548 = CARTESIAN_POINT('',(-1.95,-0.2,4.4));
#7549 = DIRECTION('',(1.,-1.224646799147E-16,0.));
#7550 = DIRECTION('',(1.224646799147E-16,1.,0.));
#7551 = ORIENTED_EDGE('',*,*,#7552,.T.);
#7552 = EDGE_CURVE('',#7544,#7326,#7553,.T.);
#7553 = LINE('',#7554,#7555);
#7554 = CARTESIAN_POINT('',(-1.95,-0.6,2.2));
#7555 = VECTOR('',#7556,1.);
#7556 = DIRECTION('',(0.,0.,1.));
#7557 = ORIENTED_EDGE('',*,*,#7333,.T.);
#7558 = ORIENTED_EDGE('',*,*,#6857,.F.);
#7559 = PLANE('',#7560);
#7560 = AXIS2_PLACEMENT_3D('',#7561,#7562,#7563);
#7561 = CARTESIAN_POINT('',(-1.95,1.7,0.));
#7562 = DIRECTION('',(1.,-1.224646799147E-16,0.));
#7563 = DIRECTION('',(-1.224646799147E-16,-1.,0.));
#7564 = ADVANCED_FACE('',(#7565),#7576,.F.);
#7565 = FACE_BOUND('',#7566,.F.);
#7566 = EDGE_LOOP('',(#7567,#7568,#7569,#7575));
#7567 = ORIENTED_EDGE('',*,*,#7137,.T.);
#7568 = ORIENTED_EDGE('',*,*,#7476,.T.);
#7569 = ORIENTED_EDGE('',*,*,#7570,.F.);
#7570 = EDGE_CURVE('',#6944,#7477,#7571,.T.);
#7571 = LINE('',#7572,#7573);
#7572 = CARTESIAN_POINT('',(2.75,0.5,0.1));
#7573 = VECTOR('',#7574,1.);
#7574 = DIRECTION('',(-1.,1.224646799147E-16,0.));
#7575 = ORIENTED_EDGE('',*,*,#6943,.F.);
#7576 = PLANE('',#7577);
#7577 = AXIS2_PLACEMENT_3D('',#7578,#7579,#7580);
#7578 = CARTESIAN_POINT('',(2.75,1.7,0.2));
#7579 = DIRECTION('',(-1.017013810865E-17,-8.304547985373E-02,
    0.996545758245));
#7580 = DIRECTION('',(-1.220416573038E-16,-0.996545758245,
    -8.304547985373E-02));
#7581 = ADVANCED_FACE('',(#7582,#7588),#7622,.F.);
#7582 = FACE_BOUND('',#7583,.F.);
#7583 = EDGE_LOOP('',(#7584,#7585,#7586,#7587));
#7584 = ORIENTED_EDGE('',*,*,#7570,.T.);
#7585 = ORIENTED_EDGE('',*,*,#7484,.T.);
#7586 = ORIENTED_EDGE('',*,*,#7508,.F.);
#7587 = ORIENTED_EDGE('',*,*,#6951,.F.);
#7588 = FACE_BOUND('',#7589,.F.);
#7589 = EDGE_LOOP('',(#7590,#7600,#7608,#7616));
#7590 = ORIENTED_EDGE('',*,*,#7591,.T.);
#7591 = EDGE_CURVE('',#7592,#7594,#7596,.T.);
#7592 = VERTEX_POINT('',#7593);
#7593 = CARTESIAN_POINT('',(1.75,0.25,0.1));
#7594 = VERTEX_POINT('',#7595);
#7595 = CARTESIAN_POINT('',(2.25,0.25,0.1));
#7596 = LINE('',#7597,#7598);
#7597 = CARTESIAN_POINT('',(2.5,0.25,0.1));
#7598 = VECTOR('',#7599,1.);
#7599 = DIRECTION('',(1.,-1.224646799147E-16,0.));
#7600 = ORIENTED_EDGE('',*,*,#7601,.T.);
#7601 = EDGE_CURVE('',#7594,#7602,#7604,.T.);
#7602 = VERTEX_POINT('',#7603);
#7603 = CARTESIAN_POINT('',(2.25,-0.25,0.1));
#7604 = LINE('',#7605,#7606);
#7605 = CARTESIAN_POINT('',(2.25,0.271633216363,0.1));
#7606 = VECTOR('',#7607,1.);
#7607 = DIRECTION('',(-1.224646799147E-16,-1.,0.));
#7608 = ORIENTED_EDGE('',*,*,#7609,.T.);
#7609 = EDGE_CURVE('',#7602,#7610,#7612,.T.);
#7610 = VERTEX_POINT('',#7611);
#7611 = CARTESIAN_POINT('',(1.75,-0.25,0.1));
#7612 = LINE('',#7613,#7614);
#7613 = CARTESIAN_POINT('',(2.5,-0.25,0.1));
#7614 = VECTOR('',#7615,1.);
#7615 = DIRECTION('',(-1.,1.224646799147E-16,0.));
#7616 = ORIENTED_EDGE('',*,*,#7617,.F.);
#7617 = EDGE_CURVE('',#7592,#7610,#7618,.T.);
#7618 = LINE('',#7619,#7620);
#7619 = CARTESIAN_POINT('',(1.75,0.271633216363,0.1));
#7620 = VECTOR('',#7621,1.);
#7621 = DIRECTION('',(-1.224646799147E-16,-1.,0.));
#7622 = PLANE('',#7623);
#7623 = AXIS2_PLACEMENT_3D('',#7624,#7625,#7626);
#7624 = CARTESIAN_POINT('',(2.75,0.5,0.1));
#7625 = DIRECTION('',(0.,0.,1.));
#7626 = DIRECTION('',(-1.224646799147E-16,-1.,0.));
#7627 = ADVANCED_FACE('',(#7628),#7639,.F.);
#7628 = FACE_BOUND('',#7629,.F.);
#7629 = EDGE_LOOP('',(#7630,#7631,#7632,#7638));
#7630 = ORIENTED_EDGE('',*,*,#7105,.T.);
#7631 = ORIENTED_EDGE('',*,*,#7371,.T.);
#7632 = ORIENTED_EDGE('',*,*,#7633,.F.);
#7633 = EDGE_CURVE('',#7429,#7372,#7634,.T.);
#7634 = LINE('',#7635,#7636);
#7635 = CARTESIAN_POINT('',(0.75,0.5,0.1));
#7636 = VECTOR('',#7637,1.);
#7637 = DIRECTION('',(-1.,1.224646799147E-16,0.));
#7638 = ORIENTED_EDGE('',*,*,#7428,.F.);
#7639 = PLANE('',#7640);
#7640 = AXIS2_PLACEMENT_3D('',#7641,#7642,#7643);
#7641 = CARTESIAN_POINT('',(0.75,1.7,0.2));
#7642 = DIRECTION('',(-1.017013810865E-17,-8.304547985373E-02,
    0.996545758245));
#7643 = DIRECTION('',(-1.220416573038E-16,-0.996545758245,
    -8.304547985373E-02));
#7644 = ADVANCED_FACE('',(#7645),#7702,.T.);
#7645 = FACE_BOUND('',#7646,.T.);
#7646 = EDGE_LOOP('',(#7647,#7655,#7656,#7664,#7672,#7678,#7679,#7680,
    #7688,#7696));
#7647 = ORIENTED_EDGE('',*,*,#7648,.F.);
#7648 = EDGE_CURVE('',#7002,#7649,#7651,.T.);
#7649 = VERTEX_POINT('',#7650);
#7650 = CARTESIAN_POINT('',(0.55,1.1,6.));
#7651 = LINE('',#7652,#7653);
#7652 = CARTESIAN_POINT('',(0.55,1.7,6.));
#7653 = VECTOR('',#7654,1.);
#7654 = DIRECTION('',(-1.224646799147E-16,-1.,0.));
#7655 = ORIENTED_EDGE('',*,*,#7009,.T.);
#7656 = ORIENTED_EDGE('',*,*,#7657,.T.);
#7657 = EDGE_CURVE('',#7010,#7658,#7660,.T.);
#7658 = VERTEX_POINT('',#7659);
#7659 = CARTESIAN_POINT('',(-0.45,1.75,6.));
#7660 = LINE('',#7661,#7662);
#7661 = CARTESIAN_POINT('',(-0.45,1.7,6.));
#7662 = VECTOR('',#7663,1.);
#7663 = DIRECTION('',(1.224646799147E-16,1.,0.));
#7664 = ORIENTED_EDGE('',*,*,#7665,.T.);
#7665 = EDGE_CURVE('',#7658,#7666,#7668,.T.);
#7666 = VERTEX_POINT('',#7667);
#7667 = CARTESIAN_POINT('',(-0.95,1.75,6.));
#7668 = LINE('',#7669,#7670);
#7669 = CARTESIAN_POINT('',(-0.45,1.75,6.));
#7670 = VECTOR('',#7671,1.);
#7671 = DIRECTION('',(-1.,1.224646799147E-16,0.));
#7672 = ORIENTED_EDGE('',*,*,#7673,.T.);
#7673 = EDGE_CURVE('',#7666,#7066,#7674,.T.);
#7674 = LINE('',#7675,#7676);
#7675 = CARTESIAN_POINT('',(-0.95,1.75,6.));
#7676 = VECTOR('',#7677,1.);
#7677 = DIRECTION('',(-1.224646799147E-16,-1.,0.));
#7678 = ORIENTED_EDGE('',*,*,#7073,.T.);
#7679 = ORIENTED_EDGE('',*,*,#7527,.T.);
#7680 = ORIENTED_EDGE('',*,*,#7681,.F.);
#7681 = EDGE_CURVE('',#7682,#7528,#7684,.T.);
#7682 = VERTEX_POINT('',#7683);
#7683 = CARTESIAN_POINT('',(-1.45,0.2,6.));
#7684 = LINE('',#7685,#7686);
#7685 = CARTESIAN_POINT('',(3.95,0.2,6.));
#7686 = VECTOR('',#7687,1.);
#7687 = DIRECTION('',(-1.,1.224646799147E-16,0.));
#7688 = ORIENTED_EDGE('',*,*,#7689,.F.);
#7689 = EDGE_CURVE('',#7690,#7682,#7692,.T.);
#7690 = VERTEX_POINT('',#7691);
#7691 = CARTESIAN_POINT('',(-1.45,1.1,6.));
#7692 = LINE('',#7693,#7694);
#7693 = CARTESIAN_POINT('',(-1.45,1.1,6.));
#7694 = VECTOR('',#7695,1.);
#7695 = DIRECTION('',(-1.224646799147E-16,-1.,0.));
#7696 = ORIENTED_EDGE('',*,*,#7697,.F.);
#7697 = EDGE_CURVE('',#7649,#7690,#7698,.T.);
#7698 = LINE('',#7699,#7700);
#7699 = CARTESIAN_POINT('',(3.45,1.1,6.));
#7700 = VECTOR('',#7701,1.);
#7701 = DIRECTION('',(-1.,1.224646799147E-16,0.));
#7702 = PLANE('',#7703);
#7703 = AXIS2_PLACEMENT_3D('',#7704,#7705,#7706);
#7704 = CARTESIAN_POINT('',(-0.922222222222,1.18487654321,6.));
#7705 = DIRECTION('',(0.,0.,1.));
#7706 = DIRECTION('',(-1.,1.224646799147E-16,0.));
#7707 = ADVANCED_FACE('',(#7708),#7726,.F.);
#7708 = FACE_BOUND('',#7709,.F.);
#7709 = EDGE_LOOP('',(#7710,#7718,#7719,#7720));
#7710 = ORIENTED_EDGE('',*,*,#7711,.T.);
#7711 = EDGE_CURVE('',#7712,#7666,#7714,.T.);
#7712 = VERTEX_POINT('',#7713);
#7713 = CARTESIAN_POINT('',(-0.95,1.75,4.2));
#7714 = LINE('',#7715,#7716);
#7715 = CARTESIAN_POINT('',(-0.95,1.75,4.2));
#7716 = VECTOR('',#7717,1.);
#7717 = DIRECTION('',(0.,0.,1.));
#7718 = ORIENTED_EDGE('',*,*,#7673,.T.);
#7719 = ORIENTED_EDGE('',*,*,#7065,.F.);
#7720 = ORIENTED_EDGE('',*,*,#7721,.F.);
#7721 = EDGE_CURVE('',#7712,#7058,#7722,.T.);
#7722 = LINE('',#7723,#7724);
#7723 = CARTESIAN_POINT('',(-0.95,1.75,4.2));
#7724 = VECTOR('',#7725,1.);
#7725 = DIRECTION('',(-1.224646799147E-16,-1.,0.));
#7726 = PLANE('',#7727);
#7727 = AXIS2_PLACEMENT_3D('',#7728,#7729,#7730);
#7728 = CARTESIAN_POINT('',(-0.95,1.75,4.2));
#7729 = DIRECTION('',(1.,-1.224646799147E-16,0.));
#7730 = DIRECTION('',(-1.224646799147E-16,-1.,0.));
#7731 = ADVANCED_FACE('',(#7732),#7773,.T.);
#7732 = FACE_BOUND('',#7733,.T.);
#7733 = EDGE_LOOP('',(#7734,#7735,#7743,#7751,#7757,#7758,#7759,#7767));
#7734 = ORIENTED_EDGE('',*,*,#7025,.F.);
#7735 = ORIENTED_EDGE('',*,*,#7736,.T.);
#7736 = EDGE_CURVE('',#7026,#7737,#7739,.T.);
#7737 = VERTEX_POINT('',#7738);
#7738 = CARTESIAN_POINT('',(-0.4,1.1,4.2));
#7739 = LINE('',#7740,#7741);
#7740 = CARTESIAN_POINT('',(-0.4,1.7,4.2));
#7741 = VECTOR('',#7742,1.);
#7742 = DIRECTION('',(-1.224646799147E-16,-1.,0.));
#7743 = ORIENTED_EDGE('',*,*,#7744,.T.);
#7744 = EDGE_CURVE('',#7737,#7745,#7747,.T.);
#7745 = VERTEX_POINT('',#7746);
#7746 = CARTESIAN_POINT('',(-1.4,1.1,4.2));
#7747 = LINE('',#7748,#7749);
#7748 = CARTESIAN_POINT('',(1.525,1.1,4.2));
#7749 = VECTOR('',#7750,1.);
#7750 = DIRECTION('',(-1.,1.224646799147E-16,0.));
#7751 = ORIENTED_EDGE('',*,*,#7752,.F.);
#7752 = EDGE_CURVE('',#7050,#7745,#7753,.T.);
#7753 = LINE('',#7754,#7755);
#7754 = CARTESIAN_POINT('',(-1.4,1.7,4.2));
#7755 = VECTOR('',#7756,1.);
#7756 = DIRECTION('',(-1.224646799147E-16,-1.,0.));
#7757 = ORIENTED_EDGE('',*,*,#7057,.F.);
#7758 = ORIENTED_EDGE('',*,*,#7721,.F.);
#7759 = ORIENTED_EDGE('',*,*,#7760,.F.);
#7760 = EDGE_CURVE('',#7761,#7712,#7763,.T.);
#7761 = VERTEX_POINT('',#7762);
#7762 = CARTESIAN_POINT('',(-0.45,1.75,4.2));
#7763 = LINE('',#7764,#7765);
#7764 = CARTESIAN_POINT('',(-0.45,1.75,4.2));
#7765 = VECTOR('',#7766,1.);
#7766 = DIRECTION('',(-1.,1.224646799147E-16,0.));
#7767 = ORIENTED_EDGE('',*,*,#7768,.F.);
#7768 = EDGE_CURVE('',#7018,#7761,#7769,.T.);
#7769 = LINE('',#7770,#7771);
#7770 = CARTESIAN_POINT('',(-0.45,1.7,4.2));
#7771 = VECTOR('',#7772,1.);
#7772 = DIRECTION('',(1.224646799147E-16,1.,0.));
#7773 = PLANE('',#7774);
#7774 = AXIS2_PLACEMENT_3D('',#7775,#7776,#7777);
#7775 = CARTESIAN_POINT('',(-0.893939393939,1.417424242424,4.2));
#7776 = DIRECTION('',(-2.590322521168E-30,-2.221330562073E-31,-1.));
#7777 = DIRECTION('',(1.,-1.224646799147E-16,-2.590322521168E-30));
#7778 = ADVANCED_FACE('',(#7779),#7797,.T.);
#7779 = FACE_BOUND('',#7780,.T.);
#7780 = EDGE_LOOP('',(#7781,#7782,#7783,#7791));
#7781 = ORIENTED_EDGE('',*,*,#7049,.F.);
#7782 = ORIENTED_EDGE('',*,*,#7752,.T.);
#7783 = ORIENTED_EDGE('',*,*,#7784,.T.);
#7784 = EDGE_CURVE('',#7745,#7785,#7787,.T.);
#7785 = VERTEX_POINT('',#7786);
#7786 = CARTESIAN_POINT('',(-1.4,1.1,2.4));
#7787 = LINE('',#7788,#7789);
#7788 = CARTESIAN_POINT('',(-1.4,1.1,5.1));
#7789 = VECTOR('',#7790,1.);
#7790 = DIRECTION('',(-0.,0.,-1.));
#7791 = ORIENTED_EDGE('',*,*,#7792,.F.);
#7792 = EDGE_CURVE('',#7042,#7785,#7793,.T.);
#7793 = LINE('',#7794,#7795);
#7794 = CARTESIAN_POINT('',(-1.4,1.7,2.4));
#7795 = VECTOR('',#7796,1.);
#7796 = DIRECTION('',(-1.224646799147E-16,-1.,0.));
#7797 = PLANE('',#7798);
#7798 = AXIS2_PLACEMENT_3D('',#7799,#7800,#7801);
#7799 = CARTESIAN_POINT('',(-1.4,1.7,4.2));
#7800 = DIRECTION('',(1.,-1.224646799147E-16,-0.));
#7801 = DIRECTION('',(-0.,0.,-1.));
#7802 = ADVANCED_FACE('',(#7803),#7821,.T.);
#7803 = FACE_BOUND('',#7804,.T.);
#7804 = EDGE_LOOP('',(#7805,#7806,#7807,#7815));
#7805 = ORIENTED_EDGE('',*,*,#7041,.F.);
#7806 = ORIENTED_EDGE('',*,*,#7792,.T.);
#7807 = ORIENTED_EDGE('',*,*,#7808,.T.);
#7808 = EDGE_CURVE('',#7785,#7809,#7811,.T.);
#7809 = VERTEX_POINT('',#7810);
#7810 = CARTESIAN_POINT('',(-0.4,1.1,2.4));
#7811 = LINE('',#7812,#7813);
#7812 = CARTESIAN_POINT('',(1.025,1.1,2.4));
#7813 = VECTOR('',#7814,1.);
#7814 = DIRECTION('',(1.,-1.224646799147E-16,0.));
#7815 = ORIENTED_EDGE('',*,*,#7816,.F.);
#7816 = EDGE_CURVE('',#7034,#7809,#7817,.T.);
#7817 = LINE('',#7818,#7819);
#7818 = CARTESIAN_POINT('',(-0.4,1.7,2.4));
#7819 = VECTOR('',#7820,1.);
#7820 = DIRECTION('',(-1.224646799147E-16,-1.,0.));
#7821 = PLANE('',#7822);
#7822 = AXIS2_PLACEMENT_3D('',#7823,#7824,#7825);
#7823 = CARTESIAN_POINT('',(-1.4,1.7,2.4));
#7824 = DIRECTION('',(0.,0.,1.));
#7825 = DIRECTION('',(1.,-1.224646799147E-16,0.));
#7826 = ADVANCED_FACE('',(#7827),#7838,.T.);
#7827 = FACE_BOUND('',#7828,.T.);
#7828 = EDGE_LOOP('',(#7829,#7830,#7831,#7837));
#7829 = ORIENTED_EDGE('',*,*,#7033,.F.);
#7830 = ORIENTED_EDGE('',*,*,#7816,.T.);
#7831 = ORIENTED_EDGE('',*,*,#7832,.T.);
#7832 = EDGE_CURVE('',#7809,#7737,#7833,.T.);
#7833 = LINE('',#7834,#7835);
#7834 = CARTESIAN_POINT('',(-0.4,1.1,4.2));
#7835 = VECTOR('',#7836,1.);
#7836 = DIRECTION('',(0.,0.,1.));
#7837 = ORIENTED_EDGE('',*,*,#7736,.F.);
#7838 = PLANE('',#7839);
#7839 = AXIS2_PLACEMENT_3D('',#7840,#7841,#7842);
#7840 = CARTESIAN_POINT('',(-0.4,1.7,2.4));
#7841 = DIRECTION('',(-1.,1.224646799147E-16,0.));
#7842 = DIRECTION('',(0.,0.,1.));
#7843 = ADVANCED_FACE('',(#7844),#7855,.F.);
#7844 = FACE_BOUND('',#7845,.F.);
#7845 = EDGE_LOOP('',(#7846,#7847,#7848,#7854));
#7846 = ORIENTED_EDGE('',*,*,#7017,.T.);
#7847 = ORIENTED_EDGE('',*,*,#7657,.T.);
#7848 = ORIENTED_EDGE('',*,*,#7849,.F.);
#7849 = EDGE_CURVE('',#7761,#7658,#7850,.T.);
#7850 = LINE('',#7851,#7852);
#7851 = CARTESIAN_POINT('',(-0.45,1.75,4.2));
#7852 = VECTOR('',#7853,1.);
#7853 = DIRECTION('',(0.,0.,1.));
#7854 = ORIENTED_EDGE('',*,*,#7768,.F.);
#7855 = PLANE('',#7856);
#7856 = AXIS2_PLACEMENT_3D('',#7857,#7858,#7859);
#7857 = CARTESIAN_POINT('',(-0.45,1.7,4.2));
#7858 = DIRECTION('',(-1.,1.224646799147E-16,0.));
#7859 = DIRECTION('',(1.224646799147E-16,1.,0.));
#7860 = ADVANCED_FACE('',(#7861),#7879,.F.);
#7861 = FACE_BOUND('',#7862,.F.);
#7862 = EDGE_LOOP('',(#7863,#7864,#7872,#7878));
#7863 = ORIENTED_EDGE('',*,*,#7001,.F.);
#7864 = ORIENTED_EDGE('',*,*,#7865,.T.);
#7865 = EDGE_CURVE('',#6994,#7866,#7868,.T.);
#7866 = VERTEX_POINT('',#7867);
#7867 = CARTESIAN_POINT('',(0.55,1.1,2.1));
#7868 = LINE('',#7869,#7870);
#7869 = CARTESIAN_POINT('',(0.55,1.7,2.1));
#7870 = VECTOR('',#7871,1.);
#7871 = DIRECTION('',(-1.224646799147E-16,-1.,0.));
#7872 = ORIENTED_EDGE('',*,*,#7873,.T.);
#7873 = EDGE_CURVE('',#7866,#7649,#7874,.T.);
#7874 = LINE('',#7875,#7876);
#7875 = CARTESIAN_POINT('',(0.55,1.1,4.05));
#7876 = VECTOR('',#7877,1.);
#7877 = DIRECTION('',(0.,0.,1.));
#7878 = ORIENTED_EDGE('',*,*,#7648,.F.);
#7879 = PLANE('',#7880);
#7880 = AXIS2_PLACEMENT_3D('',#7881,#7882,#7883);
#7881 = CARTESIAN_POINT('',(0.55,1.7,2.1));
#7882 = DIRECTION('',(-1.,1.224646799147E-16,0.));
#7883 = DIRECTION('',(0.,0.,1.));
#7884 = ADVANCED_FACE('',(#7885),#7903,.F.);
#7885 = FACE_BOUND('',#7886,.F.);
#7886 = EDGE_LOOP('',(#7887,#7888,#7896,#7902));
#7887 = ORIENTED_EDGE('',*,*,#6993,.F.);
#7888 = ORIENTED_EDGE('',*,*,#7889,.T.);
#7889 = EDGE_CURVE('',#6986,#7890,#7892,.T.);
#7890 = VERTEX_POINT('',#7891);
#7891 = CARTESIAN_POINT('',(1.45,1.1,2.1));
#7892 = LINE('',#7893,#7894);
#7893 = CARTESIAN_POINT('',(1.45,1.7,2.1));
#7894 = VECTOR('',#7895,1.);
#7895 = DIRECTION('',(-1.224646799147E-16,-1.,0.));
#7896 = ORIENTED_EDGE('',*,*,#7897,.T.);
#7897 = EDGE_CURVE('',#7890,#7866,#7898,.T.);
#7898 = LINE('',#7899,#7900);
#7899 = CARTESIAN_POINT('',(2.45,1.1,2.1));
#7900 = VECTOR('',#7901,1.);
#7901 = DIRECTION('',(-1.,1.224646799147E-16,0.));
#7902 = ORIENTED_EDGE('',*,*,#7865,.F.);
#7903 = PLANE('',#7904);
#7904 = AXIS2_PLACEMENT_3D('',#7905,#7906,#7907);
#7905 = CARTESIAN_POINT('',(1.45,1.7,2.1));
#7906 = DIRECTION('',(-0.,0.,-1.));
#7907 = DIRECTION('',(-1.,1.224646799147E-16,0.));
#7908 = ADVANCED_FACE('',(#7909),#7920,.F.);
#7909 = FACE_BOUND('',#7910,.F.);
#7910 = EDGE_LOOP('',(#7911,#7912,#7913,#7919));
#7911 = ORIENTED_EDGE('',*,*,#6985,.F.);
#7912 = ORIENTED_EDGE('',*,*,#7196,.T.);
#7913 = ORIENTED_EDGE('',*,*,#7914,.T.);
#7914 = EDGE_CURVE('',#7197,#7890,#7915,.T.);
#7915 = LINE('',#7916,#7917);
#7916 = CARTESIAN_POINT('',(1.45,1.1,6.));
#7917 = VECTOR('',#7918,1.);
#7918 = DIRECTION('',(-0.,0.,-1.));
#7919 = ORIENTED_EDGE('',*,*,#7889,.F.);
#7920 = PLANE('',#7921);
#7921 = AXIS2_PLACEMENT_3D('',#7922,#7923,#7924);
#7922 = CARTESIAN_POINT('',(1.45,1.7,6.));
#7923 = DIRECTION('',(1.,-1.224646799147E-16,0.));
#7924 = DIRECTION('',(0.,-0.,-1.));
#7925 = ADVANCED_FACE('',(#7926),#7951,.F.);
#7926 = FACE_BOUND('',#7927,.F.);
#7927 = EDGE_LOOP('',(#7928,#7929,#7937,#7945));
#7928 = ORIENTED_EDGE('',*,*,#7146,.F.);
#7929 = ORIENTED_EDGE('',*,*,#7930,.T.);
#7930 = EDGE_CURVE('',#7147,#7931,#7933,.T.);
#7931 = VERTEX_POINT('',#7932);
#7932 = CARTESIAN_POINT('',(2.4,1.1,4.2));
#7933 = LINE('',#7934,#7935);
#7934 = CARTESIAN_POINT('',(2.4,1.7,4.2));
#7935 = VECTOR('',#7936,1.);
#7936 = DIRECTION('',(-1.224646799147E-16,-1.,0.));
#7937 = ORIENTED_EDGE('',*,*,#7938,.T.);
#7938 = EDGE_CURVE('',#7931,#7939,#7941,.T.);
#7939 = VERTEX_POINT('',#7940);
#7940 = CARTESIAN_POINT('',(3.4,1.1,4.2));
#7941 = LINE('',#7942,#7943);
#7942 = CARTESIAN_POINT('',(2.925,1.1,4.2));
#7943 = VECTOR('',#7944,1.);
#7944 = DIRECTION('',(1.,-1.224646799147E-16,0.));
#7945 = ORIENTED_EDGE('',*,*,#7946,.F.);
#7946 = EDGE_CURVE('',#7149,#7939,#7947,.T.);
#7947 = LINE('',#7948,#7949);
#7948 = CARTESIAN_POINT('',(3.4,1.7,4.2));
#7949 = VECTOR('',#7950,1.);
#7950 = DIRECTION('',(-1.224646799147E-16,-1.,0.));
#7951 = PLANE('',#7952);
#7952 = AXIS2_PLACEMENT_3D('',#7953,#7954,#7955);
#7953 = CARTESIAN_POINT('',(2.4,1.7,4.2));
#7954 = DIRECTION('',(0.,0.,1.));
#7955 = DIRECTION('',(1.,-1.224646799147E-16,0.));
#7956 = ADVANCED_FACE('',(#7957),#7975,.F.);
#7957 = FACE_BOUND('',#7958,.F.);
#7958 = EDGE_LOOP('',(#7959,#7960,#7968,#7974));
#7959 = ORIENTED_EDGE('',*,*,#7172,.F.);
#7960 = ORIENTED_EDGE('',*,*,#7961,.T.);
#7961 = EDGE_CURVE('',#7165,#7962,#7964,.T.);
#7962 = VERTEX_POINT('',#7963);
#7963 = CARTESIAN_POINT('',(2.4,1.1,2.4));
#7964 = LINE('',#7965,#7966);
#7965 = CARTESIAN_POINT('',(2.4,1.7,2.4));
#7966 = VECTOR('',#7967,1.);
#7967 = DIRECTION('',(-1.224646799147E-16,-1.,0.));
#7968 = ORIENTED_EDGE('',*,*,#7969,.T.);
#7969 = EDGE_CURVE('',#7962,#7931,#7970,.T.);
#7970 = LINE('',#7971,#7972);
#7971 = CARTESIAN_POINT('',(2.4,1.1,4.2));
#7972 = VECTOR('',#7973,1.);
#7973 = DIRECTION('',(0.,0.,1.));
#7974 = ORIENTED_EDGE('',*,*,#7930,.F.);
#7975 = PLANE('',#7976);
#7976 = AXIS2_PLACEMENT_3D('',#7977,#7978,#7979);
#7977 = CARTESIAN_POINT('',(2.4,1.7,2.4));
#7978 = DIRECTION('',(-1.,1.224646799147E-16,0.));
#7979 = DIRECTION('',(0.,0.,1.));
#7980 = ADVANCED_FACE('',(#7981),#7999,.F.);
#7981 = FACE_BOUND('',#7982,.F.);
#7982 = EDGE_LOOP('',(#7983,#7984,#7985,#7993));
#7983 = ORIENTED_EDGE('',*,*,#7156,.F.);
#7984 = ORIENTED_EDGE('',*,*,#7946,.T.);
#7985 = ORIENTED_EDGE('',*,*,#7986,.T.);
#7986 = EDGE_CURVE('',#7939,#7987,#7989,.T.);
#7987 = VERTEX_POINT('',#7988);
#7988 = CARTESIAN_POINT('',(3.4,1.1,2.4));
#7989 = LINE('',#7990,#7991);
#7990 = CARTESIAN_POINT('',(3.4,1.1,5.1));
#7991 = VECTOR('',#7992,1.);
#7992 = DIRECTION('',(-0.,0.,-1.));
#7993 = ORIENTED_EDGE('',*,*,#7994,.F.);
#7994 = EDGE_CURVE('',#7157,#7987,#7995,.T.);
#7995 = LINE('',#7996,#7997);
#7996 = CARTESIAN_POINT('',(3.4,1.7,2.4));
#7997 = VECTOR('',#7998,1.);
#7998 = DIRECTION('',(-1.224646799147E-16,-1.,0.));
#7999 = PLANE('',#8000);
#8000 = AXIS2_PLACEMENT_3D('',#8001,#8002,#8003);
#8001 = CARTESIAN_POINT('',(3.4,1.7,4.2));
#8002 = DIRECTION('',(1.,-1.224646799147E-16,-0.));
#8003 = DIRECTION('',(-0.,0.,-1.));
#8004 = ADVANCED_FACE('',(#8005),#8016,.F.);
#8005 = FACE_BOUND('',#8006,.F.);
#8006 = EDGE_LOOP('',(#8007,#8008,#8009,#8015));
#8007 = ORIENTED_EDGE('',*,*,#7164,.F.);
#8008 = ORIENTED_EDGE('',*,*,#7994,.T.);
#8009 = ORIENTED_EDGE('',*,*,#8010,.T.);
#8010 = EDGE_CURVE('',#7987,#7962,#8011,.T.);
#8011 = LINE('',#8012,#8013);
#8012 = CARTESIAN_POINT('',(3.425,1.1,2.4));
#8013 = VECTOR('',#8014,1.);
#8014 = DIRECTION('',(-1.,1.224646799147E-16,0.));
#8015 = ORIENTED_EDGE('',*,*,#7961,.F.);
#8016 = PLANE('',#8017);
#8017 = AXIS2_PLACEMENT_3D('',#8018,#8019,#8020);
#8018 = CARTESIAN_POINT('',(3.4,1.7,2.4));
#8019 = DIRECTION('',(-0.,0.,-1.));
#8020 = DIRECTION('',(-1.,1.224646799147E-16,0.));
#8021 = ADVANCED_FACE('',(#8022),#8051,.F.);
#8022 = FACE_BOUND('',#8023,.F.);
#8023 = EDGE_LOOP('',(#8024,#8025,#8033,#8041,#8047,#8048,#8049,#8050));
#8024 = ORIENTED_EDGE('',*,*,#7301,.F.);
#8025 = ORIENTED_EDGE('',*,*,#8026,.T.);
#8026 = EDGE_CURVE('',#7302,#8027,#8029,.T.);
#8027 = VERTEX_POINT('',#8028);
#8028 = CARTESIAN_POINT('',(3.45,-2.3,1.8));
#8029 = LINE('',#8030,#8031);
#8030 = CARTESIAN_POINT('',(3.45,-2.3,6.));
#8031 = VECTOR('',#8032,1.);
#8032 = DIRECTION('',(0.,0.,-1.));
#8033 = ORIENTED_EDGE('',*,*,#8034,.T.);
#8034 = EDGE_CURVE('',#8027,#8035,#8037,.T.);
#8035 = VERTEX_POINT('',#8036);
#8036 = CARTESIAN_POINT('',(3.45,1.1,1.8));
#8037 = LINE('',#8038,#8039);
#8038 = CARTESIAN_POINT('',(3.45,-2.3,1.8));
#8039 = VECTOR('',#8040,1.);
#8040 = DIRECTION('',(1.224646799147E-16,1.,0.));
#8041 = ORIENTED_EDGE('',*,*,#8042,.F.);
#8042 = EDGE_CURVE('',#7205,#8035,#8043,.T.);
#8043 = LINE('',#8044,#8045);
#8044 = CARTESIAN_POINT('',(3.45,1.1,6.));
#8045 = VECTOR('',#8046,1.);
#8046 = DIRECTION('',(0.,0.,-1.));
#8047 = ORIENTED_EDGE('',*,*,#7212,.F.);
#8048 = ORIENTED_EDGE('',*,*,#7228,.T.);
#8049 = ORIENTED_EDGE('',*,*,#7258,.F.);
#8050 = ORIENTED_EDGE('',*,*,#7277,.T.);
#8051 = PLANE('',#8052);
#8052 = AXIS2_PLACEMENT_3D('',#8053,#8054,#8055);
#8053 = CARTESIAN_POINT('',(3.45,-2.3,6.));
#8054 = DIRECTION('',(1.,-1.224646799147E-16,0.));
#8055 = DIRECTION('',(1.224646799147E-16,1.,0.));
#8056 = ADVANCED_FACE('',(#8057,#8079,#8085),#8091,.F.);
#8057 = FACE_BOUND('',#8058,.F.);
#8058 = EDGE_LOOP('',(#8059,#8060,#8061,#8069,#8075,#8076,#8077,#8078));
#8059 = ORIENTED_EDGE('',*,*,#7204,.F.);
#8060 = ORIENTED_EDGE('',*,*,#8042,.T.);
#8061 = ORIENTED_EDGE('',*,*,#8062,.T.);
#8062 = EDGE_CURVE('',#8035,#8063,#8065,.T.);
#8063 = VERTEX_POINT('',#8064);
#8064 = CARTESIAN_POINT('',(-1.45,1.1,1.8));
#8065 = LINE('',#8066,#8067);
#8066 = CARTESIAN_POINT('',(3.45,1.1,1.8));
#8067 = VECTOR('',#8068,1.);
#8068 = DIRECTION('',(-1.,1.224646799147E-16,0.));
#8069 = ORIENTED_EDGE('',*,*,#8070,.F.);
#8070 = EDGE_CURVE('',#7690,#8063,#8071,.T.);
#8071 = LINE('',#8072,#8073);
#8072 = CARTESIAN_POINT('',(-1.45,1.1,6.));
#8073 = VECTOR('',#8074,1.);
#8074 = DIRECTION('',(0.,0.,-1.));
#8075 = ORIENTED_EDGE('',*,*,#7697,.F.);
#8076 = ORIENTED_EDGE('',*,*,#7873,.F.);
#8077 = ORIENTED_EDGE('',*,*,#7897,.F.);
#8078 = ORIENTED_EDGE('',*,*,#7914,.F.);
#8079 = FACE_BOUND('',#8080,.F.);
#8080 = EDGE_LOOP('',(#8081,#8082,#8083,#8084));
#8081 = ORIENTED_EDGE('',*,*,#7744,.T.);
#8082 = ORIENTED_EDGE('',*,*,#7784,.T.);
#8083 = ORIENTED_EDGE('',*,*,#7808,.T.);
#8084 = ORIENTED_EDGE('',*,*,#7832,.T.);
#8085 = FACE_BOUND('',#8086,.F.);
#8086 = EDGE_LOOP('',(#8087,#8088,#8089,#8090));
#8087 = ORIENTED_EDGE('',*,*,#8010,.F.);
#8088 = ORIENTED_EDGE('',*,*,#7986,.F.);
#8089 = ORIENTED_EDGE('',*,*,#7938,.F.);
#8090 = ORIENTED_EDGE('',*,*,#7969,.F.);
#8091 = PLANE('',#8092);
#8092 = AXIS2_PLACEMENT_3D('',#8093,#8094,#8095);
#8093 = CARTESIAN_POINT('',(3.45,1.1,6.));
#8094 = DIRECTION('',(1.224646799147E-16,1.,0.));
#8095 = DIRECTION('',(-1.,1.224646799147E-16,0.));
#8096 = ADVANCED_FACE('',(#8097),#8115,.T.);
#8097 = FACE_BOUND('',#8098,.T.);
#8098 = EDGE_LOOP('',(#8099,#8107,#8113,#8114));
#8099 = ORIENTED_EDGE('',*,*,#8100,.T.);
#8100 = EDGE_CURVE('',#7318,#8101,#8103,.T.);
#8101 = VERTEX_POINT('',#8102);
#8102 = CARTESIAN_POINT('',(-1.45,-0.6,4.4));
#8103 = LINE('',#8104,#8105);
#8104 = CARTESIAN_POINT('',(-1.45,-0.6,5.2));
#8105 = VECTOR('',#8106,1.);
#8106 = DIRECTION('',(-0.,0.,-1.));
#8107 = ORIENTED_EDGE('',*,*,#8108,.T.);
#8108 = EDGE_CURVE('',#8101,#7544,#8109,.T.);
#8109 = LINE('',#8110,#8111);
#8110 = CARTESIAN_POINT('',(3.95,-0.6,4.4));
#8111 = VECTOR('',#8112,1.);
#8112 = DIRECTION('',(-1.,1.224646799147E-16,0.));
#8113 = ORIENTED_EDGE('',*,*,#7552,.T.);
#8114 = ORIENTED_EDGE('',*,*,#7325,.F.);
#8115 = PLANE('',#8116);
#8116 = AXIS2_PLACEMENT_3D('',#8117,#8118,#8119);
#8117 = CARTESIAN_POINT('',(3.95,-0.6,4.4));
#8118 = DIRECTION('',(1.224646799147E-16,1.,0.));
#8119 = DIRECTION('',(0.,-0.,1.));
#8120 = ADVANCED_FACE('',(#8121),#8156,.F.);
#8121 = FACE_BOUND('',#8122,.F.);
#8122 = EDGE_LOOP('',(#8123,#8124,#8125,#8133,#8139,#8140,#8141,#8150));
#8123 = ORIENTED_EDGE('',*,*,#7689,.F.);
#8124 = ORIENTED_EDGE('',*,*,#8070,.T.);
#8125 = ORIENTED_EDGE('',*,*,#8126,.T.);
#8126 = EDGE_CURVE('',#8063,#8127,#8129,.T.);
#8127 = VERTEX_POINT('',#8128);
#8128 = CARTESIAN_POINT('',(-1.45,-2.3,1.8));
#8129 = LINE('',#8130,#8131);
#8130 = CARTESIAN_POINT('',(-1.45,1.1,1.8));
#8131 = VECTOR('',#8132,1.);
#8132 = DIRECTION('',(-1.224646799147E-16,-1.,0.));
#8133 = ORIENTED_EDGE('',*,*,#8134,.F.);
#8134 = EDGE_CURVE('',#7310,#8127,#8135,.T.);
#8135 = LINE('',#8136,#8137);
#8136 = CARTESIAN_POINT('',(-1.45,-2.3,6.));
#8137 = VECTOR('',#8138,1.);
#8138 = DIRECTION('',(0.,0.,-1.));
#8139 = ORIENTED_EDGE('',*,*,#7317,.F.);
#8140 = ORIENTED_EDGE('',*,*,#8100,.T.);
#8141 = ORIENTED_EDGE('',*,*,#8142,.T.);
#8142 = EDGE_CURVE('',#8101,#8143,#8145,.T.);
#8143 = VERTEX_POINT('',#8144);
#8144 = CARTESIAN_POINT('',(-1.45,0.2,4.4));
#8145 = CIRCLE('',#8146,0.4);
#8146 = AXIS2_PLACEMENT_3D('',#8147,#8148,#8149);
#8147 = CARTESIAN_POINT('',(-1.45,-0.2,4.4));
#8148 = DIRECTION('',(1.,-1.224646799147E-16,0.));
#8149 = DIRECTION('',(1.224646799147E-16,1.,0.));
#8150 = ORIENTED_EDGE('',*,*,#8151,.T.);
#8151 = EDGE_CURVE('',#8143,#7682,#8152,.T.);
#8152 = LINE('',#8153,#8154);
#8153 = CARTESIAN_POINT('',(-1.45,0.2,6.));
#8154 = VECTOR('',#8155,1.);
#8155 = DIRECTION('',(0.,0.,1.));
#8156 = PLANE('',#8157);
#8157 = AXIS2_PLACEMENT_3D('',#8158,#8159,#8160);
#8158 = CARTESIAN_POINT('',(-1.45,1.1,6.));
#8159 = DIRECTION('',(-1.,1.224646799147E-16,0.));
#8160 = DIRECTION('',(-1.224646799147E-16,-1.,0.));
#8161 = ADVANCED_FACE('',(#8162),#8205,.F.);
#8162 = FACE_BOUND('',#8163,.F.);
#8163 = EDGE_LOOP('',(#8164,#8165,#8166,#8174,#8182,#8190,#8198,#8204));
#8164 = ORIENTED_EDGE('',*,*,#7309,.F.);
#8165 = ORIENTED_EDGE('',*,*,#8134,.T.);
#8166 = ORIENTED_EDGE('',*,*,#8167,.T.);
#8167 = EDGE_CURVE('',#8127,#8168,#8170,.T.);
#8168 = VERTEX_POINT('',#8169);
#8169 = CARTESIAN_POINT('',(0.8,-2.3,1.8));
#8170 = LINE('',#8171,#8172);
#8171 = CARTESIAN_POINT('',(-1.45,-2.3,1.8));
#8172 = VECTOR('',#8173,1.);
#8173 = DIRECTION('',(1.,-1.224646799147E-16,0.));
#8174 = ORIENTED_EDGE('',*,*,#8175,.T.);
#8175 = EDGE_CURVE('',#8168,#8176,#8178,.T.);
#8176 = VERTEX_POINT('',#8177);
#8177 = CARTESIAN_POINT('',(0.8,-2.3,3.7));
#8178 = LINE('',#8179,#8180);
#8179 = CARTESIAN_POINT('',(0.8,-2.3,1.8));
#8180 = VECTOR('',#8181,1.);
#8181 = DIRECTION('',(0.,0.,1.));
#8182 = ORIENTED_EDGE('',*,*,#8183,.T.);
#8183 = EDGE_CURVE('',#8176,#8184,#8186,.T.);
#8184 = VERTEX_POINT('',#8185);
#8185 = CARTESIAN_POINT('',(1.2,-2.3,3.7));
#8186 = LINE('',#8187,#8188);
#8187 = CARTESIAN_POINT('',(0.8,-2.3,3.7));
#8188 = VECTOR('',#8189,1.);
#8189 = DIRECTION('',(1.,-1.224646799147E-16,0.));
#8190 = ORIENTED_EDGE('',*,*,#8191,.F.);
#8191 = EDGE_CURVE('',#8192,#8184,#8194,.T.);
#8192 = VERTEX_POINT('',#8193);
#8193 = CARTESIAN_POINT('',(1.2,-2.3,1.8));
#8194 = LINE('',#8195,#8196);
#8195 = CARTESIAN_POINT('',(1.2,-2.3,1.8));
#8196 = VECTOR('',#8197,1.);
#8197 = DIRECTION('',(0.,0.,1.));
#8198 = ORIENTED_EDGE('',*,*,#8199,.T.);
#8199 = EDGE_CURVE('',#8192,#8027,#8200,.T.);
#8200 = LINE('',#8201,#8202);
#8201 = CARTESIAN_POINT('',(-1.45,-2.3,1.8));
#8202 = VECTOR('',#8203,1.);
#8203 = DIRECTION('',(1.,-1.224646799147E-16,0.));
#8204 = ORIENTED_EDGE('',*,*,#8026,.F.);
#8205 = PLANE('',#8206);
#8206 = AXIS2_PLACEMENT_3D('',#8207,#8208,#8209);
#8207 = CARTESIAN_POINT('',(-1.45,-2.3,6.));
#8208 = DIRECTION('',(-1.224646799147E-16,-1.,0.));
#8209 = DIRECTION('',(1.,-1.224646799147E-16,0.));
#8210 = ADVANCED_FACE('',(#8211,#8217),#8251,.F.);
#8211 = FACE_BOUND('',#8212,.F.);
#8212 = EDGE_LOOP('',(#8213,#8214,#8215,#8216));
#8213 = ORIENTED_EDGE('',*,*,#7633,.T.);
#8214 = ORIENTED_EDGE('',*,*,#7379,.T.);
#8215 = ORIENTED_EDGE('',*,*,#7403,.F.);
#8216 = ORIENTED_EDGE('',*,*,#7436,.F.);
#8217 = FACE_BOUND('',#8218,.F.);
#8218 = EDGE_LOOP('',(#8219,#8229,#8237,#8245));
#8219 = ORIENTED_EDGE('',*,*,#8220,.T.);
#8220 = EDGE_CURVE('',#8221,#8223,#8225,.T.);
#8221 = VERTEX_POINT('',#8222);
#8222 = CARTESIAN_POINT('',(-0.25,0.25,0.1));
#8223 = VERTEX_POINT('',#8224);
#8224 = CARTESIAN_POINT('',(0.25,0.25,0.1));
#8225 = LINE('',#8226,#8227);
#8226 = CARTESIAN_POINT('',(0.5,0.25,0.1));
#8227 = VECTOR('',#8228,1.);
#8228 = DIRECTION('',(1.,-1.224646799147E-16,0.));
#8229 = ORIENTED_EDGE('',*,*,#8230,.T.);
#8230 = EDGE_CURVE('',#8223,#8231,#8233,.T.);
#8231 = VERTEX_POINT('',#8232);
#8232 = CARTESIAN_POINT('',(0.25,-0.25,0.1));
#8233 = LINE('',#8234,#8235);
#8234 = CARTESIAN_POINT('',(0.25,0.271633216363,0.1));
#8235 = VECTOR('',#8236,1.);
#8236 = DIRECTION('',(-1.224646799147E-16,-1.,0.));
#8237 = ORIENTED_EDGE('',*,*,#8238,.T.);
#8238 = EDGE_CURVE('',#8231,#8239,#8241,.T.);
#8239 = VERTEX_POINT('',#8240);
#8240 = CARTESIAN_POINT('',(-0.25,-0.25,0.1));
#8241 = LINE('',#8242,#8243);
#8242 = CARTESIAN_POINT('',(0.5,-0.25,0.1));
#8243 = VECTOR('',#8244,1.);
#8244 = DIRECTION('',(-1.,1.224646799147E-16,0.));
#8245 = ORIENTED_EDGE('',*,*,#8246,.F.);
#8246 = EDGE_CURVE('',#8221,#8239,#8247,.T.);
#8247 = LINE('',#8248,#8249);
#8248 = CARTESIAN_POINT('',(-0.25,0.271633216363,0.1));
#8249 = VECTOR('',#8250,1.);
#8250 = DIRECTION('',(-1.224646799147E-16,-1.,0.));
#8251 = PLANE('',#8252);
#8252 = AXIS2_PLACEMENT_3D('',#8253,#8254,#8255);
#8253 = CARTESIAN_POINT('',(0.75,0.5,0.1));
#8254 = DIRECTION('',(0.,0.,1.));
#8255 = DIRECTION('',(-1.224646799147E-16,-1.,0.));
#8256 = ADVANCED_FACE('',(#8257),#8268,.F.);
#8257 = FACE_BOUND('',#8258,.F.);
#8258 = EDGE_LOOP('',(#8259,#8260,#8261,#8267));
#8259 = ORIENTED_EDGE('',*,*,#8108,.T.);
#8260 = ORIENTED_EDGE('',*,*,#7543,.T.);
#8261 = ORIENTED_EDGE('',*,*,#8262,.F.);
#8262 = EDGE_CURVE('',#8143,#7536,#8263,.T.);
#8263 = LINE('',#8264,#8265);
#8264 = CARTESIAN_POINT('',(3.95,0.2,4.4));
#8265 = VECTOR('',#8266,1.);
#8266 = DIRECTION('',(-1.,1.224646799147E-16,0.));
#8267 = ORIENTED_EDGE('',*,*,#8142,.F.);
#8268 = CYLINDRICAL_SURFACE('',#8269,0.4);
#8269 = AXIS2_PLACEMENT_3D('',#8270,#8271,#8272);
#8270 = CARTESIAN_POINT('',(3.95,-0.2,4.4));
#8271 = DIRECTION('',(1.,-1.224646799147E-16,-0.));
#8272 = DIRECTION('',(1.224646799147E-16,1.,0.));
#8273 = ADVANCED_FACE('',(#8274),#8280,.T.);
#8274 = FACE_BOUND('',#8275,.T.);
#8275 = EDGE_LOOP('',(#8276,#8277,#8278,#8279));
#8276 = ORIENTED_EDGE('',*,*,#8151,.T.);
#8277 = ORIENTED_EDGE('',*,*,#7681,.T.);
#8278 = ORIENTED_EDGE('',*,*,#7535,.T.);
#8279 = ORIENTED_EDGE('',*,*,#8262,.F.);
#8280 = PLANE('',#8281);
#8281 = AXIS2_PLACEMENT_3D('',#8282,#8283,#8284);
#8282 = CARTESIAN_POINT('',(3.95,0.2,6.));
#8283 = DIRECTION('',(-1.224646799147E-16,-1.,0.));
#8284 = DIRECTION('',(-0.,0.,-1.));
#8285 = ADVANCED_FACE('',(#8286),#8311,.F.);
#8286 = FACE_BOUND('',#8287,.F.);
#8287 = EDGE_LOOP('',(#8288,#8296,#8297,#8305));
#8288 = ORIENTED_EDGE('',*,*,#8289,.F.);
#8289 = EDGE_CURVE('',#7594,#8290,#8292,.T.);
#8290 = VERTEX_POINT('',#8291);
#8291 = CARTESIAN_POINT('',(2.25,0.25,-0.9));
#8292 = LINE('',#8293,#8294);
#8293 = CARTESIAN_POINT('',(2.25,0.25,5.));
#8294 = VECTOR('',#8295,1.);
#8295 = DIRECTION('',(-0.,0.,-1.));
#8296 = ORIENTED_EDGE('',*,*,#7591,.F.);
#8297 = ORIENTED_EDGE('',*,*,#8298,.T.);
#8298 = EDGE_CURVE('',#7592,#8299,#8301,.T.);
#8299 = VERTEX_POINT('',#8300);
#8300 = CARTESIAN_POINT('',(1.75,0.25,-0.9));
#8301 = LINE('',#8302,#8303);
#8302 = CARTESIAN_POINT('',(1.75,0.25,5.));
#8303 = VECTOR('',#8304,1.);
#8304 = DIRECTION('',(-0.,0.,-1.));
#8305 = ORIENTED_EDGE('',*,*,#8306,.F.);
#8306 = EDGE_CURVE('',#8290,#8299,#8307,.T.);
#8307 = LINE('',#8308,#8309);
#8308 = CARTESIAN_POINT('',(2.25,0.25,-0.9));
#8309 = VECTOR('',#8310,1.);
#8310 = DIRECTION('',(-1.,1.224646799147E-16,0.));
#8311 = PLANE('',#8312);
#8312 = AXIS2_PLACEMENT_3D('',#8313,#8314,#8315);
#8313 = CARTESIAN_POINT('',(2.25,0.25,5.));
#8314 = DIRECTION('',(-1.224646799147E-16,-1.,0.));
#8315 = DIRECTION('',(-0.,0.,-1.));
#8316 = ADVANCED_FACE('',(#8317),#8367,.T.);
#8317 = FACE_BOUND('',#8318,.T.);
#8318 = EDGE_LOOP('',(#8319,#8329,#8337,#8345,#8351,#8352,#8353,#8361));
#8319 = ORIENTED_EDGE('',*,*,#8320,.T.);
#8320 = EDGE_CURVE('',#8321,#8323,#8325,.T.);
#8321 = VERTEX_POINT('',#8322);
#8322 = CARTESIAN_POINT('',(1.75,0.281578947368,-3.2));
#8323 = VERTEX_POINT('',#8324);
#8324 = CARTESIAN_POINT('',(1.75,-0.218421052632,-3.2));
#8325 = LINE('',#8326,#8327);
#8326 = CARTESIAN_POINT('',(1.75,0.25,-3.2));
#8327 = VECTOR('',#8328,1.);
#8328 = DIRECTION('',(-1.224646799147E-16,-1.,0.));
#8329 = ORIENTED_EDGE('',*,*,#8330,.T.);
#8330 = EDGE_CURVE('',#8323,#8331,#8333,.T.);
#8331 = VERTEX_POINT('',#8332);
#8332 = CARTESIAN_POINT('',(1.75,5.E-02,-1.5));
#8333 = LINE('',#8334,#8335);
#8334 = CARTESIAN_POINT('',(1.75,-0.25,-3.4));
#8335 = VECTOR('',#8336,1.);
#8336 = DIRECTION('',(1.909990663905E-17,0.155962573473,0.987762965329)
  );
#8337 = ORIENTED_EDGE('',*,*,#8338,.T.);
#8338 = EDGE_CURVE('',#8331,#8339,#8341,.T.);
#8339 = VERTEX_POINT('',#8340);
#8340 = CARTESIAN_POINT('',(1.75,-0.25,-0.9));
#8341 = LINE('',#8342,#8343);
#8342 = CARTESIAN_POINT('',(1.75,5.E-02,-1.5));
#8343 = VECTOR('',#8344,1.);
#8344 = DIRECTION('',(-5.476786982641E-17,-0.4472135955,0.894427191));
#8345 = ORIENTED_EDGE('',*,*,#8346,.T.);
#8346 = EDGE_CURVE('',#8339,#7610,#8347,.T.);
#8347 = LINE('',#8348,#8349);
#8348 = CARTESIAN_POINT('',(1.75,-0.25,-0.9));
#8349 = VECTOR('',#8350,1.);
#8350 = DIRECTION('',(0.,0.,1.));
#8351 = ORIENTED_EDGE('',*,*,#7617,.F.);
#8352 = ORIENTED_EDGE('',*,*,#8298,.T.);
#8353 = ORIENTED_EDGE('',*,*,#8354,.T.);
#8354 = EDGE_CURVE('',#8299,#8355,#8357,.T.);
#8355 = VERTEX_POINT('',#8356);
#8356 = CARTESIAN_POINT('',(1.75,0.55,-1.5));
#8357 = LINE('',#8358,#8359);
#8358 = CARTESIAN_POINT('',(1.75,0.25,-0.9));
#8359 = VECTOR('',#8360,1.);
#8360 = DIRECTION('',(5.476786982641E-17,0.4472135955,-0.894427191));
#8361 = ORIENTED_EDGE('',*,*,#8362,.T.);
#8362 = EDGE_CURVE('',#8355,#8321,#8363,.T.);
#8363 = LINE('',#8364,#8365);
#8364 = CARTESIAN_POINT('',(1.75,0.55,-1.5));
#8365 = VECTOR('',#8366,1.);
#8366 = DIRECTION('',(-1.909990663905E-17,-0.155962573473,
    -0.987762965329));
#8367 = PLANE('',#8368);
#8368 = AXIS2_PLACEMENT_3D('',#8369,#8370,#8371);
#8369 = CARTESIAN_POINT('',(1.75,4.326643272645E-02,0.775746953017));
#8370 = DIRECTION('',(-1.,1.224646799147E-16,0.));
#8371 = DIRECTION('',(0.,0.,1.));
#8372 = ADVANCED_FACE('',(#8373),#8391,.F.);
#8373 = FACE_BOUND('',#8374,.F.);
#8374 = EDGE_LOOP('',(#8375,#8383,#8389,#8390));
#8375 = ORIENTED_EDGE('',*,*,#8376,.F.);
#8376 = EDGE_CURVE('',#8377,#7602,#8379,.T.);
#8377 = VERTEX_POINT('',#8378);
#8378 = CARTESIAN_POINT('',(2.25,-0.25,-0.9));
#8379 = LINE('',#8380,#8381);
#8380 = CARTESIAN_POINT('',(2.25,-0.25,-0.9));
#8381 = VECTOR('',#8382,1.);
#8382 = DIRECTION('',(0.,0.,1.));
#8383 = ORIENTED_EDGE('',*,*,#8384,.T.);
#8384 = EDGE_CURVE('',#8377,#8339,#8385,.T.);
#8385 = LINE('',#8386,#8387);
#8386 = CARTESIAN_POINT('',(2.25,-0.25,-0.9));
#8387 = VECTOR('',#8388,1.);
#8388 = DIRECTION('',(-1.,1.224646799147E-16,0.));
#8389 = ORIENTED_EDGE('',*,*,#8346,.T.);
#8390 = ORIENTED_EDGE('',*,*,#7609,.F.);
#8391 = PLANE('',#8392);
#8392 = AXIS2_PLACEMENT_3D('',#8393,#8394,#8395);
#8393 = CARTESIAN_POINT('',(2.25,-0.25,-0.9));
#8394 = DIRECTION('',(1.224646799147E-16,1.,0.));
#8395 = DIRECTION('',(0.,-0.,1.));
#8396 = ADVANCED_FACE('',(#8397),#8440,.F.);
#8397 = FACE_BOUND('',#8398,.F.);
#8398 = EDGE_LOOP('',(#8399,#8409,#8417,#8423,#8424,#8425,#8426,#8434));
#8399 = ORIENTED_EDGE('',*,*,#8400,.T.);
#8400 = EDGE_CURVE('',#8401,#8403,#8405,.T.);
#8401 = VERTEX_POINT('',#8402);
#8402 = CARTESIAN_POINT('',(2.25,0.281578947368,-3.2));
#8403 = VERTEX_POINT('',#8404);
#8404 = CARTESIAN_POINT('',(2.25,-0.218421052632,-3.2));
#8405 = LINE('',#8406,#8407);
#8406 = CARTESIAN_POINT('',(2.25,0.25,-3.2));
#8407 = VECTOR('',#8408,1.);
#8408 = DIRECTION('',(-1.224646799147E-16,-1.,0.));
#8409 = ORIENTED_EDGE('',*,*,#8410,.T.);
#8410 = EDGE_CURVE('',#8403,#8411,#8413,.T.);
#8411 = VERTEX_POINT('',#8412);
#8412 = CARTESIAN_POINT('',(2.25,5.E-02,-1.5));
#8413 = LINE('',#8414,#8415);
#8414 = CARTESIAN_POINT('',(2.25,-0.25,-3.4));
#8415 = VECTOR('',#8416,1.);
#8416 = DIRECTION('',(1.909990663905E-17,0.155962573473,0.987762965329)
  );
#8417 = ORIENTED_EDGE('',*,*,#8418,.T.);
#8418 = EDGE_CURVE('',#8411,#8377,#8419,.T.);
#8419 = LINE('',#8420,#8421);
#8420 = CARTESIAN_POINT('',(2.25,5.E-02,-1.5));
#8421 = VECTOR('',#8422,1.);
#8422 = DIRECTION('',(-5.476786982641E-17,-0.4472135955,0.894427191));
#8423 = ORIENTED_EDGE('',*,*,#8376,.T.);
#8424 = ORIENTED_EDGE('',*,*,#7601,.F.);
#8425 = ORIENTED_EDGE('',*,*,#8289,.T.);
#8426 = ORIENTED_EDGE('',*,*,#8427,.T.);
#8427 = EDGE_CURVE('',#8290,#8428,#8430,.T.);
#8428 = VERTEX_POINT('',#8429);
#8429 = CARTESIAN_POINT('',(2.25,0.55,-1.5));
#8430 = LINE('',#8431,#8432);
#8431 = CARTESIAN_POINT('',(2.25,0.25,-0.9));
#8432 = VECTOR('',#8433,1.);
#8433 = DIRECTION('',(5.476786982641E-17,0.4472135955,-0.894427191));
#8434 = ORIENTED_EDGE('',*,*,#8435,.T.);
#8435 = EDGE_CURVE('',#8428,#8401,#8436,.T.);
#8436 = LINE('',#8437,#8438);
#8437 = CARTESIAN_POINT('',(2.25,0.55,-1.5));
#8438 = VECTOR('',#8439,1.);
#8439 = DIRECTION('',(-1.909990663905E-17,-0.155962573473,
    -0.987762965329));
#8440 = PLANE('',#8441);
#8441 = AXIS2_PLACEMENT_3D('',#8442,#8443,#8444);
#8442 = CARTESIAN_POINT('',(2.25,4.326643272645E-02,0.775746953017));
#8443 = DIRECTION('',(-1.,1.224646799147E-16,0.));
#8444 = DIRECTION('',(0.,0.,1.));
#8445 = ADVANCED_FACE('',(#8446),#8452,.F.);
#8446 = FACE_BOUND('',#8447,.F.);
#8447 = EDGE_LOOP('',(#8448,#8449,#8450,#8451));
#8448 = ORIENTED_EDGE('',*,*,#7849,.T.);
#8449 = ORIENTED_EDGE('',*,*,#7665,.T.);
#8450 = ORIENTED_EDGE('',*,*,#7711,.F.);
#8451 = ORIENTED_EDGE('',*,*,#7760,.F.);
#8452 = PLANE('',#8453);
#8453 = AXIS2_PLACEMENT_3D('',#8454,#8455,#8456);
#8454 = CARTESIAN_POINT('',(-0.45,1.75,4.2));
#8455 = DIRECTION('',(-1.224646799147E-16,-1.,0.));
#8456 = DIRECTION('',(-1.,1.224646799147E-16,0.));
#8457 = ADVANCED_FACE('',(#8458,#8487,#8521),#8555,.T.);
#8458 = FACE_BOUND('',#8459,.T.);
#8459 = EDGE_LOOP('',(#8460,#8461,#8462,#8463,#8464,#8472,#8480,#8486));
#8460 = ORIENTED_EDGE('',*,*,#8034,.T.);
#8461 = ORIENTED_EDGE('',*,*,#8062,.T.);
#8462 = ORIENTED_EDGE('',*,*,#8126,.T.);
#8463 = ORIENTED_EDGE('',*,*,#8167,.T.);
#8464 = ORIENTED_EDGE('',*,*,#8465,.F.);
#8465 = EDGE_CURVE('',#8466,#8168,#8468,.T.);
#8466 = VERTEX_POINT('',#8467);
#8467 = CARTESIAN_POINT('',(0.8,-2.,1.8));
#8468 = LINE('',#8469,#8470);
#8469 = CARTESIAN_POINT('',(0.8,-2.,1.8));
#8470 = VECTOR('',#8471,1.);
#8471 = DIRECTION('',(-1.224646799147E-16,-1.,0.));
#8472 = ORIENTED_EDGE('',*,*,#8473,.F.);
#8473 = EDGE_CURVE('',#8474,#8466,#8476,.T.);
#8474 = VERTEX_POINT('',#8475);
#8475 = CARTESIAN_POINT('',(1.2,-2.,1.8));
#8476 = LINE('',#8477,#8478);
#8477 = CARTESIAN_POINT('',(1.2,-2.,1.8));
#8478 = VECTOR('',#8479,1.);
#8479 = DIRECTION('',(-1.,1.224646799147E-16,0.));
#8480 = ORIENTED_EDGE('',*,*,#8481,.F.);
#8481 = EDGE_CURVE('',#8192,#8474,#8482,.T.);
#8482 = LINE('',#8483,#8484);
#8483 = CARTESIAN_POINT('',(1.2,-2.3,1.8));
#8484 = VECTOR('',#8485,1.);
#8485 = DIRECTION('',(1.224646799147E-16,1.,0.));
#8486 = ORIENTED_EDGE('',*,*,#8199,.T.);
#8487 = FACE_BOUND('',#8488,.T.);
#8488 = EDGE_LOOP('',(#8489,#8499,#8507,#8515));
#8489 = ORIENTED_EDGE('',*,*,#8490,.T.);
#8490 = EDGE_CURVE('',#8491,#8493,#8495,.T.);
#8491 = VERTEX_POINT('',#8492);
#8492 = CARTESIAN_POINT('',(1.75,0.25,1.8));
#8493 = VERTEX_POINT('',#8494);
#8494 = CARTESIAN_POINT('',(2.25,0.25,1.8));
#8495 = LINE('',#8496,#8497);
#8496 = CARTESIAN_POINT('',(1.625,0.25,1.8));
#8497 = VECTOR('',#8498,1.);
#8498 = DIRECTION('',(1.,-1.224646799147E-16,0.));
#8499 = ORIENTED_EDGE('',*,*,#8500,.T.);
#8500 = EDGE_CURVE('',#8493,#8501,#8503,.T.);
#8501 = VERTEX_POINT('',#8502);
#8502 = CARTESIAN_POINT('',(2.25,-0.25,1.8));
#8503 = LINE('',#8504,#8505);
#8504 = CARTESIAN_POINT('',(2.25,-0.278366783637,1.8));
#8505 = VECTOR('',#8506,1.);
#8506 = DIRECTION('',(-1.224646799147E-16,-1.,0.));
#8507 = ORIENTED_EDGE('',*,*,#8508,.T.);
#8508 = EDGE_CURVE('',#8501,#8509,#8511,.T.);
#8509 = VERTEX_POINT('',#8510);
#8510 = CARTESIAN_POINT('',(1.75,-0.25,1.8));
#8511 = LINE('',#8512,#8513);
#8512 = CARTESIAN_POINT('',(1.625,-0.25,1.8));
#8513 = VECTOR('',#8514,1.);
#8514 = DIRECTION('',(-1.,1.224646799147E-16,0.));
#8515 = ORIENTED_EDGE('',*,*,#8516,.F.);
#8516 = EDGE_CURVE('',#8491,#8509,#8517,.T.);
#8517 = LINE('',#8518,#8519);
#8518 = CARTESIAN_POINT('',(1.75,-0.278366783637,1.8));
#8519 = VECTOR('',#8520,1.);
#8520 = DIRECTION('',(-1.224646799147E-16,-1.,0.));
#8521 = FACE_BOUND('',#8522,.T.);
#8522 = EDGE_LOOP('',(#8523,#8533,#8541,#8549));
#8523 = ORIENTED_EDGE('',*,*,#8524,.T.);
#8524 = EDGE_CURVE('',#8525,#8527,#8529,.T.);
#8525 = VERTEX_POINT('',#8526);
#8526 = CARTESIAN_POINT('',(-0.25,0.25,1.8));
#8527 = VERTEX_POINT('',#8528);
#8528 = CARTESIAN_POINT('',(0.25,0.25,1.8));
#8529 = LINE('',#8530,#8531);
#8530 = CARTESIAN_POINT('',(0.625,0.25,1.8));
#8531 = VECTOR('',#8532,1.);
#8532 = DIRECTION('',(1.,-1.224646799147E-16,0.));
#8533 = ORIENTED_EDGE('',*,*,#8534,.T.);
#8534 = EDGE_CURVE('',#8527,#8535,#8537,.T.);
#8535 = VERTEX_POINT('',#8536);
#8536 = CARTESIAN_POINT('',(0.25,-0.25,1.8));
#8537 = LINE('',#8538,#8539);
#8538 = CARTESIAN_POINT('',(0.25,-0.278366783637,1.8));
#8539 = VECTOR('',#8540,1.);
#8540 = DIRECTION('',(-1.224646799147E-16,-1.,0.));
#8541 = ORIENTED_EDGE('',*,*,#8542,.T.);
#8542 = EDGE_CURVE('',#8535,#8543,#8545,.T.);
#8543 = VERTEX_POINT('',#8544);
#8544 = CARTESIAN_POINT('',(-0.25,-0.25,1.8));
#8545 = LINE('',#8546,#8547);
#8546 = CARTESIAN_POINT('',(0.625,-0.25,1.8));
#8547 = VECTOR('',#8548,1.);
#8548 = DIRECTION('',(-1.,1.224646799147E-16,0.));
#8549 = ORIENTED_EDGE('',*,*,#8550,.F.);
#8550 = EDGE_CURVE('',#8525,#8543,#8551,.T.);
#8551 = LINE('',#8552,#8553);
#8552 = CARTESIAN_POINT('',(-0.25,-0.278366783637,1.8));
#8553 = VECTOR('',#8554,1.);
#8554 = DIRECTION('',(-1.224646799147E-16,-1.,0.));
#8555 = PLANE('',#8556);
#8556 = AXIS2_PLACEMENT_3D('',#8557,#8558,#8559);
#8557 = CARTESIAN_POINT('',(1.,-0.6,1.8));
#8558 = DIRECTION('',(0.,0.,1.));
#8559 = DIRECTION('',(-1.,1.224646799147E-16,0.));
#8560 = ADVANCED_FACE('',(#8561),#8579,.F.);
#8561 = FACE_BOUND('',#8562,.F.);
#8562 = EDGE_LOOP('',(#8563,#8564,#8572,#8578));
#8563 = ORIENTED_EDGE('',*,*,#8191,.T.);
#8564 = ORIENTED_EDGE('',*,*,#8565,.T.);
#8565 = EDGE_CURVE('',#8184,#8566,#8568,.T.);
#8566 = VERTEX_POINT('',#8567);
#8567 = CARTESIAN_POINT('',(1.2,-2.,3.7));
#8568 = LINE('',#8569,#8570);
#8569 = CARTESIAN_POINT('',(1.2,-2.3,3.7));
#8570 = VECTOR('',#8571,1.);
#8571 = DIRECTION('',(1.224646799147E-16,1.,0.));
#8572 = ORIENTED_EDGE('',*,*,#8573,.F.);
#8573 = EDGE_CURVE('',#8474,#8566,#8574,.T.);
#8574 = LINE('',#8575,#8576);
#8575 = CARTESIAN_POINT('',(1.2,-2.,1.8));
#8576 = VECTOR('',#8577,1.);
#8577 = DIRECTION('',(0.,0.,1.));
#8578 = ORIENTED_EDGE('',*,*,#8481,.F.);
#8579 = PLANE('',#8580);
#8580 = AXIS2_PLACEMENT_3D('',#8581,#8582,#8583);
#8581 = CARTESIAN_POINT('',(1.2,-2.3,1.8));
#8582 = DIRECTION('',(-1.,1.224646799147E-16,0.));
#8583 = DIRECTION('',(1.224646799147E-16,1.,0.));
#8584 = ADVANCED_FACE('',(#8585),#8603,.T.);
#8585 = FACE_BOUND('',#8586,.T.);
#8586 = EDGE_LOOP('',(#8587,#8595,#8601,#8602));
#8587 = ORIENTED_EDGE('',*,*,#8588,.T.);
#8588 = EDGE_CURVE('',#8566,#8589,#8591,.T.);
#8589 = VERTEX_POINT('',#8590);
#8590 = CARTESIAN_POINT('',(0.8,-2.,3.7));
#8591 = LINE('',#8592,#8593);
#8592 = CARTESIAN_POINT('',(1.2,-2.,3.7));
#8593 = VECTOR('',#8594,1.);
#8594 = DIRECTION('',(-1.,1.224646799147E-16,0.));
#8595 = ORIENTED_EDGE('',*,*,#8596,.T.);
#8596 = EDGE_CURVE('',#8589,#8176,#8597,.T.);
#8597 = LINE('',#8598,#8599);
#8598 = CARTESIAN_POINT('',(0.8,-2.,3.7));
#8599 = VECTOR('',#8600,1.);
#8600 = DIRECTION('',(-1.224646799147E-16,-1.,0.));
#8601 = ORIENTED_EDGE('',*,*,#8183,.T.);
#8602 = ORIENTED_EDGE('',*,*,#8565,.T.);
#8603 = PLANE('',#8604);
#8604 = AXIS2_PLACEMENT_3D('',#8605,#8606,#8607);
#8605 = CARTESIAN_POINT('',(1.,-2.15,3.7));
#8606 = DIRECTION('',(0.,0.,1.));
#8607 = DIRECTION('',(-1.,1.224646799147E-16,0.));
#8608 = ADVANCED_FACE('',(#8609),#8620,.F.);
#8609 = FACE_BOUND('',#8610,.F.);
#8610 = EDGE_LOOP('',(#8611,#8617,#8618,#8619));
#8611 = ORIENTED_EDGE('',*,*,#8612,.T.);
#8612 = EDGE_CURVE('',#8466,#8589,#8613,.T.);
#8613 = LINE('',#8614,#8615);
#8614 = CARTESIAN_POINT('',(0.8,-2.,1.8));
#8615 = VECTOR('',#8616,1.);
#8616 = DIRECTION('',(0.,0.,1.));
#8617 = ORIENTED_EDGE('',*,*,#8596,.T.);
#8618 = ORIENTED_EDGE('',*,*,#8175,.F.);
#8619 = ORIENTED_EDGE('',*,*,#8465,.F.);
#8620 = PLANE('',#8621);
#8621 = AXIS2_PLACEMENT_3D('',#8622,#8623,#8624);
#8622 = CARTESIAN_POINT('',(0.8,-2.,1.8));
#8623 = DIRECTION('',(1.,-1.224646799147E-16,0.));
#8624 = DIRECTION('',(-1.224646799147E-16,-1.,0.));
#8625 = ADVANCED_FACE('',(#8626),#8651,.F.);
#8626 = FACE_BOUND('',#8627,.F.);
#8627 = EDGE_LOOP('',(#8628,#8636,#8637,#8645));
#8628 = ORIENTED_EDGE('',*,*,#8629,.F.);
#8629 = EDGE_CURVE('',#8223,#8630,#8632,.T.);
#8630 = VERTEX_POINT('',#8631);
#8631 = CARTESIAN_POINT('',(0.25,0.25,-0.9));
#8632 = LINE('',#8633,#8634);
#8633 = CARTESIAN_POINT('',(0.25,0.25,5.));
#8634 = VECTOR('',#8635,1.);
#8635 = DIRECTION('',(-0.,0.,-1.));
#8636 = ORIENTED_EDGE('',*,*,#8220,.F.);
#8637 = ORIENTED_EDGE('',*,*,#8638,.T.);
#8638 = EDGE_CURVE('',#8221,#8639,#8641,.T.);
#8639 = VERTEX_POINT('',#8640);
#8640 = CARTESIAN_POINT('',(-0.25,0.25,-0.9));
#8641 = LINE('',#8642,#8643);
#8642 = CARTESIAN_POINT('',(-0.25,0.25,5.));
#8643 = VECTOR('',#8644,1.);
#8644 = DIRECTION('',(-0.,0.,-1.));
#8645 = ORIENTED_EDGE('',*,*,#8646,.F.);
#8646 = EDGE_CURVE('',#8630,#8639,#8647,.T.);
#8647 = LINE('',#8648,#8649);
#8648 = CARTESIAN_POINT('',(0.25,0.25,-0.9));
#8649 = VECTOR('',#8650,1.);
#8650 = DIRECTION('',(-1.,1.224646799147E-16,0.));
#8651 = PLANE('',#8652);
#8652 = AXIS2_PLACEMENT_3D('',#8653,#8654,#8655);
#8653 = CARTESIAN_POINT('',(0.25,0.25,5.));
#8654 = DIRECTION('',(-1.224646799147E-16,-1.,0.));
#8655 = DIRECTION('',(-0.,0.,-1.));
#8656 = ADVANCED_FACE('',(#8657),#8707,.T.);
#8657 = FACE_BOUND('',#8658,.T.);
#8658 = EDGE_LOOP('',(#8659,#8669,#8677,#8685,#8691,#8692,#8693,#8701));
#8659 = ORIENTED_EDGE('',*,*,#8660,.T.);
#8660 = EDGE_CURVE('',#8661,#8663,#8665,.T.);
#8661 = VERTEX_POINT('',#8662);
#8662 = CARTESIAN_POINT('',(-0.25,0.281578947368,-3.2));
#8663 = VERTEX_POINT('',#8664);
#8664 = CARTESIAN_POINT('',(-0.25,-0.218421052632,-3.2));
#8665 = LINE('',#8666,#8667);
#8666 = CARTESIAN_POINT('',(-0.25,0.25,-3.2));
#8667 = VECTOR('',#8668,1.);
#8668 = DIRECTION('',(-1.224646799147E-16,-1.,0.));
#8669 = ORIENTED_EDGE('',*,*,#8670,.T.);
#8670 = EDGE_CURVE('',#8663,#8671,#8673,.T.);
#8671 = VERTEX_POINT('',#8672);
#8672 = CARTESIAN_POINT('',(-0.25,5.E-02,-1.5));
#8673 = LINE('',#8674,#8675);
#8674 = CARTESIAN_POINT('',(-0.25,-0.25,-3.4));
#8675 = VECTOR('',#8676,1.);
#8676 = DIRECTION('',(1.909990663905E-17,0.155962573473,0.987762965329)
  );
#8677 = ORIENTED_EDGE('',*,*,#8678,.T.);
#8678 = EDGE_CURVE('',#8671,#8679,#8681,.T.);
#8679 = VERTEX_POINT('',#8680);
#8680 = CARTESIAN_POINT('',(-0.25,-0.25,-0.9));
#8681 = LINE('',#8682,#8683);
#8682 = CARTESIAN_POINT('',(-0.25,5.E-02,-1.5));
#8683 = VECTOR('',#8684,1.);
#8684 = DIRECTION('',(-5.476786982641E-17,-0.4472135955,0.894427191));
#8685 = ORIENTED_EDGE('',*,*,#8686,.T.);
#8686 = EDGE_CURVE('',#8679,#8239,#8687,.T.);
#8687 = LINE('',#8688,#8689);
#8688 = CARTESIAN_POINT('',(-0.25,-0.25,-0.9));
#8689 = VECTOR('',#8690,1.);
#8690 = DIRECTION('',(0.,0.,1.));
#8691 = ORIENTED_EDGE('',*,*,#8246,.F.);
#8692 = ORIENTED_EDGE('',*,*,#8638,.T.);
#8693 = ORIENTED_EDGE('',*,*,#8694,.T.);
#8694 = EDGE_CURVE('',#8639,#8695,#8697,.T.);
#8695 = VERTEX_POINT('',#8696);
#8696 = CARTESIAN_POINT('',(-0.25,0.55,-1.5));
#8697 = LINE('',#8698,#8699);
#8698 = CARTESIAN_POINT('',(-0.25,0.25,-0.9));
#8699 = VECTOR('',#8700,1.);
#8700 = DIRECTION('',(5.476786982641E-17,0.4472135955,-0.894427191));
#8701 = ORIENTED_EDGE('',*,*,#8702,.T.);
#8702 = EDGE_CURVE('',#8695,#8661,#8703,.T.);
#8703 = LINE('',#8704,#8705);
#8704 = CARTESIAN_POINT('',(-0.25,0.55,-1.5));
#8705 = VECTOR('',#8706,1.);
#8706 = DIRECTION('',(-1.909990663905E-17,-0.155962573473,
    -0.987762965329));
#8707 = PLANE('',#8708);
#8708 = AXIS2_PLACEMENT_3D('',#8709,#8710,#8711);
#8709 = CARTESIAN_POINT('',(-0.25,4.326643272645E-02,0.775746953017));
#8710 = DIRECTION('',(-1.,1.224646799147E-16,0.));
#8711 = DIRECTION('',(0.,0.,1.));
#8712 = ADVANCED_FACE('',(#8713),#8731,.F.);
#8713 = FACE_BOUND('',#8714,.F.);
#8714 = EDGE_LOOP('',(#8715,#8723,#8729,#8730));
#8715 = ORIENTED_EDGE('',*,*,#8716,.F.);
#8716 = EDGE_CURVE('',#8717,#8231,#8719,.T.);
#8717 = VERTEX_POINT('',#8718);
#8718 = CARTESIAN_POINT('',(0.25,-0.25,-0.9));
#8719 = LINE('',#8720,#8721);
#8720 = CARTESIAN_POINT('',(0.25,-0.25,-0.9));
#8721 = VECTOR('',#8722,1.);
#8722 = DIRECTION('',(0.,0.,1.));
#8723 = ORIENTED_EDGE('',*,*,#8724,.T.);
#8724 = EDGE_CURVE('',#8717,#8679,#8725,.T.);
#8725 = LINE('',#8726,#8727);
#8726 = CARTESIAN_POINT('',(0.25,-0.25,-0.9));
#8727 = VECTOR('',#8728,1.);
#8728 = DIRECTION('',(-1.,1.224646799147E-16,0.));
#8729 = ORIENTED_EDGE('',*,*,#8686,.T.);
#8730 = ORIENTED_EDGE('',*,*,#8238,.F.);
#8731 = PLANE('',#8732);
#8732 = AXIS2_PLACEMENT_3D('',#8733,#8734,#8735);
#8733 = CARTESIAN_POINT('',(0.25,-0.25,-0.9));
#8734 = DIRECTION('',(1.224646799147E-16,1.,0.));
#8735 = DIRECTION('',(0.,-0.,1.));
#8736 = ADVANCED_FACE('',(#8737),#8780,.F.);
#8737 = FACE_BOUND('',#8738,.F.);
#8738 = EDGE_LOOP('',(#8739,#8749,#8757,#8763,#8764,#8765,#8766,#8774));
#8739 = ORIENTED_EDGE('',*,*,#8740,.T.);
#8740 = EDGE_CURVE('',#8741,#8743,#8745,.T.);
#8741 = VERTEX_POINT('',#8742);
#8742 = CARTESIAN_POINT('',(0.25,0.281578947368,-3.2));
#8743 = VERTEX_POINT('',#8744);
#8744 = CARTESIAN_POINT('',(0.25,-0.218421052632,-3.2));
#8745 = LINE('',#8746,#8747);
#8746 = CARTESIAN_POINT('',(0.25,0.25,-3.2));
#8747 = VECTOR('',#8748,1.);
#8748 = DIRECTION('',(-1.224646799147E-16,-1.,0.));
#8749 = ORIENTED_EDGE('',*,*,#8750,.T.);
#8750 = EDGE_CURVE('',#8743,#8751,#8753,.T.);
#8751 = VERTEX_POINT('',#8752);
#8752 = CARTESIAN_POINT('',(0.25,5.E-02,-1.5));
#8753 = LINE('',#8754,#8755);
#8754 = CARTESIAN_POINT('',(0.25,-0.25,-3.4));
#8755 = VECTOR('',#8756,1.);
#8756 = DIRECTION('',(1.909990663905E-17,0.155962573473,0.987762965329)
  );
#8757 = ORIENTED_EDGE('',*,*,#8758,.T.);
#8758 = EDGE_CURVE('',#8751,#8717,#8759,.T.);
#8759 = LINE('',#8760,#8761);
#8760 = CARTESIAN_POINT('',(0.25,5.E-02,-1.5));
#8761 = VECTOR('',#8762,1.);
#8762 = DIRECTION('',(-5.476786982641E-17,-0.4472135955,0.894427191));
#8763 = ORIENTED_EDGE('',*,*,#8716,.T.);
#8764 = ORIENTED_EDGE('',*,*,#8230,.F.);
#8765 = ORIENTED_EDGE('',*,*,#8629,.T.);
#8766 = ORIENTED_EDGE('',*,*,#8767,.T.);
#8767 = EDGE_CURVE('',#8630,#8768,#8770,.T.);
#8768 = VERTEX_POINT('',#8769);
#8769 = CARTESIAN_POINT('',(0.25,0.55,-1.5));
#8770 = LINE('',#8771,#8772);
#8771 = CARTESIAN_POINT('',(0.25,0.25,-0.9));
#8772 = VECTOR('',#8773,1.);
#8773 = DIRECTION('',(5.476786982641E-17,0.4472135955,-0.894427191));
#8774 = ORIENTED_EDGE('',*,*,#8775,.T.);
#8775 = EDGE_CURVE('',#8768,#8741,#8776,.T.);
#8776 = LINE('',#8777,#8778);
#8777 = CARTESIAN_POINT('',(0.25,0.55,-1.5));
#8778 = VECTOR('',#8779,1.);
#8779 = DIRECTION('',(-1.909990663905E-17,-0.155962573473,
    -0.987762965329));
#8780 = PLANE('',#8781);
#8781 = AXIS2_PLACEMENT_3D('',#8782,#8783,#8784);
#8782 = CARTESIAN_POINT('',(0.25,4.326643272645E-02,0.775746953017));
#8783 = DIRECTION('',(-1.,1.224646799147E-16,0.));
#8784 = DIRECTION('',(0.,0.,1.));
#8785 = ADVANCED_FACE('',(#8786),#8797,.F.);
#8786 = FACE_BOUND('',#8787,.F.);
#8787 = EDGE_LOOP('',(#8788,#8789,#8790,#8796));
#8788 = ORIENTED_EDGE('',*,*,#8306,.T.);
#8789 = ORIENTED_EDGE('',*,*,#8354,.T.);
#8790 = ORIENTED_EDGE('',*,*,#8791,.F.);
#8791 = EDGE_CURVE('',#8428,#8355,#8792,.T.);
#8792 = LINE('',#8793,#8794);
#8793 = CARTESIAN_POINT('',(2.25,0.55,-1.5));
#8794 = VECTOR('',#8795,1.);
#8795 = DIRECTION('',(-1.,1.224646799147E-16,0.));
#8796 = ORIENTED_EDGE('',*,*,#8427,.F.);
#8797 = PLANE('',#8798);
#8798 = AXIS2_PLACEMENT_3D('',#8799,#8800,#8801);
#8799 = CARTESIAN_POINT('',(2.25,0.25,-0.9));
#8800 = DIRECTION('',(-1.095357396528E-16,-0.894427191,-0.4472135955));
#8801 = DIRECTION('',(5.476786982641E-17,0.4472135955,-0.894427191));
#8802 = ADVANCED_FACE('',(#8803),#8844,.F.);
#8803 = FACE_BOUND('',#8804,.T.);
#8804 = EDGE_LOOP('',(#8805,#8815,#8821,#8822,#8830,#8838));
#8805 = ORIENTED_EDGE('',*,*,#8806,.T.);
#8806 = EDGE_CURVE('',#8807,#8809,#8811,.T.);
#8807 = VERTEX_POINT('',#8808);
#8808 = CARTESIAN_POINT('',(1.95,-5.E-02,-3.4));
#8809 = VERTEX_POINT('',#8810);
#8810 = CARTESIAN_POINT('',(1.752447406934,-0.218807485305,
    -3.202447406934));
#8811 = LINE('',#8812,#8813);
#8812 = CARTESIAN_POINT('',(1.983963101414,-2.097873708559E-02,
    -3.433963101414));
#8813 = VECTOR('',#8814,1.);
#8814 = DIRECTION('',(-0.605209817607,-0.517148096144,0.605209817607));
#8815 = ORIENTED_EDGE('',*,*,#8816,.T.);
#8816 = EDGE_CURVE('',#8809,#8323,#8817,.T.);
#8817 = LINE('',#8818,#8819);
#8818 = CARTESIAN_POINT('',(1.955198358413,-0.250820793434,
    -3.405198358413));
#8819 = VECTOR('',#8820,1.);
#8820 = DIRECTION('',(-0.702740385383,0.110959008218,0.702740385383));
#8821 = ORIENTED_EDGE('',*,*,#8320,.F.);
#8822 = ORIENTED_EDGE('',*,*,#8823,.F.);
#8823 = EDGE_CURVE('',#8824,#8321,#8826,.T.);
#8824 = VERTEX_POINT('',#8825);
#8825 = CARTESIAN_POINT('',(1.752447406934,0.281192514695,
    -3.202447406934));
#8826 = LINE('',#8827,#8828);
#8827 = CARTESIAN_POINT('',(1.493844049248,0.322024623803,
    -2.943844049248));
#8828 = VECTOR('',#8829,1.);
#8829 = DIRECTION('',(-0.702740385383,0.110959008218,0.702740385383));
#8830 = ORIENTED_EDGE('',*,*,#8831,.F.);
#8831 = EDGE_CURVE('',#8832,#8824,#8834,.T.);
#8832 = VERTEX_POINT('',#8833);
#8833 = CARTESIAN_POINT('',(1.95,5.E-02,-3.4));
#8834 = LINE('',#8835,#8836);
#8835 = CARTESIAN_POINT('',(1.895376695718,0.113924744707,
    -3.345376695718));
#8836 = VECTOR('',#8837,1.);
#8837 = DIRECTION('',(-0.544770019249,0.63753529491,0.544770019249));
#8838 = ORIENTED_EDGE('',*,*,#8839,.T.);
#8839 = EDGE_CURVE('',#8832,#8807,#8840,.T.);
#8840 = LINE('',#8841,#8842);
#8841 = CARTESIAN_POINT('',(1.95,0.25,-3.4));
#8842 = VECTOR('',#8843,1.);
#8843 = DIRECTION('',(-1.224646799147E-16,-1.,0.));
#8844 = PLANE('',#8845);
#8845 = AXIS2_PLACEMENT_3D('',#8846,#8847,#8848);
#8846 = CARTESIAN_POINT('',(1.85,0.25,-3.3));
#8847 = DIRECTION('',(0.707106781187,-8.833102285013E-17,0.707106781187)
  );
#8848 = DIRECTION('',(1.236918052038E-16,1.,1.227125289097E-18));
#8849 = ADVANCED_FACE('',(#8850),#8870,.F.);
#8850 = FACE_BOUND('',#8851,.F.);
#8851 = EDGE_LOOP('',(#8852,#8853,#8854,#8855,#8856,#8864));
#8852 = ORIENTED_EDGE('',*,*,#8435,.F.);
#8853 = ORIENTED_EDGE('',*,*,#8791,.T.);
#8854 = ORIENTED_EDGE('',*,*,#8362,.T.);
#8855 = ORIENTED_EDGE('',*,*,#8823,.F.);
#8856 = ORIENTED_EDGE('',*,*,#8857,.F.);
#8857 = EDGE_CURVE('',#8858,#8824,#8860,.T.);
#8858 = VERTEX_POINT('',#8859);
#8859 = CARTESIAN_POINT('',(2.247552593066,0.281192514695,
    -3.202447406934));
#8860 = LINE('',#8861,#8862);
#8861 = CARTESIAN_POINT('',(2.25,0.281192514695,-3.202447406934));
#8862 = VECTOR('',#8863,1.);
#8863 = DIRECTION('',(-1.,1.224646799147E-16,0.));
#8864 = ORIENTED_EDGE('',*,*,#8865,.T.);
#8865 = EDGE_CURVE('',#8858,#8401,#8866,.T.);
#8866 = LINE('',#8867,#8868);
#8867 = CARTESIAN_POINT('',(2.629616963064,0.341518467852,
    -2.820383036936));
#8868 = VECTOR('',#8869,1.);
#8869 = DIRECTION('',(0.702740385383,0.110959008218,0.702740385383));
#8870 = PLANE('',#8871);
#8871 = AXIS2_PLACEMENT_3D('',#8872,#8873,#8874);
#8872 = CARTESIAN_POINT('',(2.25,0.55,-1.5));
#8873 = DIRECTION('',(-1.209660753807E-16,-0.987762965329,0.155962573473
    ));
#8874 = DIRECTION('',(-1.909990663905E-17,-0.155962573473,
    -0.987762965329));
#8875 = ADVANCED_FACE('',(#8876),#8887,.F.);
#8876 = FACE_BOUND('',#8877,.F.);
#8877 = EDGE_LOOP('',(#8878,#8884,#8885,#8886));
#8878 = ORIENTED_EDGE('',*,*,#8879,.T.);
#8879 = EDGE_CURVE('',#8411,#8331,#8880,.T.);
#8880 = LINE('',#8881,#8882);
#8881 = CARTESIAN_POINT('',(2.25,5.E-02,-1.5));
#8882 = VECTOR('',#8883,1.);
#8883 = DIRECTION('',(-1.,1.224646799147E-16,0.));
#8884 = ORIENTED_EDGE('',*,*,#8338,.T.);
#8885 = ORIENTED_EDGE('',*,*,#8384,.F.);
#8886 = ORIENTED_EDGE('',*,*,#8418,.F.);
#8887 = PLANE('',#8888);
#8888 = AXIS2_PLACEMENT_3D('',#8889,#8890,#8891);
#8889 = CARTESIAN_POINT('',(2.25,5.E-02,-1.5));
#8890 = DIRECTION('',(1.095357396528E-16,0.894427191,0.4472135955));
#8891 = DIRECTION('',(-5.476786982641E-17,-0.4472135955,0.894427191));
#8892 = ADVANCED_FACE('',(#8893),#8913,.F.);
#8893 = FACE_BOUND('',#8894,.F.);
#8894 = EDGE_LOOP('',(#8895,#8896,#8904,#8910,#8911,#8912));
#8895 = ORIENTED_EDGE('',*,*,#8410,.F.);
#8896 = ORIENTED_EDGE('',*,*,#8897,.F.);
#8897 = EDGE_CURVE('',#8898,#8403,#8900,.T.);
#8898 = VERTEX_POINT('',#8899);
#8899 = CARTESIAN_POINT('',(2.247552593066,-0.218807485305,
    -3.202447406934));
#8900 = LINE('',#8901,#8902);
#8901 = CARTESIAN_POINT('',(2.168262653899,-0.231326949384,
    -3.281737346101));
#8902 = VECTOR('',#8903,1.);
#8903 = DIRECTION('',(0.702740385383,0.110959008218,0.702740385383));
#8904 = ORIENTED_EDGE('',*,*,#8905,.T.);
#8905 = EDGE_CURVE('',#8898,#8809,#8906,.T.);
#8906 = LINE('',#8907,#8908);
#8907 = CARTESIAN_POINT('',(2.25,-0.218807485305,-3.202447406934));
#8908 = VECTOR('',#8909,1.);
#8909 = DIRECTION('',(-1.,1.224646799147E-16,0.));
#8910 = ORIENTED_EDGE('',*,*,#8816,.T.);
#8911 = ORIENTED_EDGE('',*,*,#8330,.T.);
#8912 = ORIENTED_EDGE('',*,*,#8879,.F.);
#8913 = PLANE('',#8914);
#8914 = AXIS2_PLACEMENT_3D('',#8915,#8916,#8917);
#8915 = CARTESIAN_POINT('',(2.25,-0.25,-3.4));
#8916 = DIRECTION('',(1.209660753807E-16,0.987762965329,-0.155962573473)
  );
#8917 = DIRECTION('',(1.909990663905E-17,0.155962573473,0.987762965329)
  );
#8918 = ADVANCED_FACE('',(#8919),#8946,.T.);
#8919 = FACE_BOUND('',#8920,.F.);
#8920 = EDGE_LOOP('',(#8921,#8929,#8930,#8931,#8932,#8940));
#8921 = ORIENTED_EDGE('',*,*,#8922,.T.);
#8922 = EDGE_CURVE('',#8923,#8898,#8925,.T.);
#8923 = VERTEX_POINT('',#8924);
#8924 = CARTESIAN_POINT('',(2.05,-5.E-02,-3.4));
#8925 = LINE('',#8926,#8927);
#8926 = CARTESIAN_POINT('',(2.107606629418,-9.922451332131E-02,
    -3.342393370582));
#8927 = VECTOR('',#8928,1.);
#8928 = DIRECTION('',(0.605209817607,-0.517148096144,0.605209817607));
#8929 = ORIENTED_EDGE('',*,*,#8897,.T.);
#8930 = ORIENTED_EDGE('',*,*,#8400,.F.);
#8931 = ORIENTED_EDGE('',*,*,#8865,.F.);
#8932 = ORIENTED_EDGE('',*,*,#8933,.F.);
#8933 = EDGE_CURVE('',#8934,#8858,#8936,.T.);
#8934 = VERTEX_POINT('',#8935);
#8935 = CARTESIAN_POINT('',(2.05,5.E-02,-3.4));
#8936 = LINE('',#8937,#8938);
#8937 = CARTESIAN_POINT('',(2.17881689775,0.200752273427,-3.27118310225)
  );
#8938 = VECTOR('',#8939,1.);
#8939 = DIRECTION('',(0.544770019249,0.63753529491,0.544770019249));
#8940 = ORIENTED_EDGE('',*,*,#8941,.T.);
#8941 = EDGE_CURVE('',#8934,#8923,#8942,.T.);
#8942 = LINE('',#8943,#8944);
#8943 = CARTESIAN_POINT('',(2.05,0.25,-3.4));
#8944 = VECTOR('',#8945,1.);
#8945 = DIRECTION('',(-1.224646799147E-16,-1.,0.));
#8946 = PLANE('',#8947);
#8947 = AXIS2_PLACEMENT_3D('',#8948,#8949,#8950);
#8948 = CARTESIAN_POINT('',(2.15,0.25,-3.3));
#8949 = DIRECTION('',(0.707106781187,-8.486018839685E-17,-0.707106781187
    ));
#8950 = DIRECTION('',(1.212375546256E-16,1.,1.227125289196E-18));
#8951 = ADVANCED_FACE('',(#8952),#8958,.F.);
#8952 = FACE_BOUND('',#8953,.F.);
#8953 = EDGE_LOOP('',(#8954,#8955,#8956,#8957));
#8954 = ORIENTED_EDGE('',*,*,#8573,.T.);
#8955 = ORIENTED_EDGE('',*,*,#8588,.T.);
#8956 = ORIENTED_EDGE('',*,*,#8612,.F.);
#8957 = ORIENTED_EDGE('',*,*,#8473,.F.);
#8958 = PLANE('',#8959);
#8959 = AXIS2_PLACEMENT_3D('',#8960,#8961,#8962);
#8960 = CARTESIAN_POINT('',(1.2,-2.,1.8));
#8961 = DIRECTION('',(-1.224646799147E-16,-1.,0.));
#8962 = DIRECTION('',(-1.,1.224646799147E-16,0.));
#8963 = ADVANCED_FACE('',(#8964),#8989,.F.);
#8964 = FACE_BOUND('',#8965,.F.);
#8965 = EDGE_LOOP('',(#8966,#8974,#8982,#8988));
#8966 = ORIENTED_EDGE('',*,*,#8967,.F.);
#8967 = EDGE_CURVE('',#8968,#8493,#8970,.T.);
#8968 = VERTEX_POINT('',#8969);
#8969 = CARTESIAN_POINT('',(2.25,0.25,4.8));
#8970 = LINE('',#8971,#8972);
#8971 = CARTESIAN_POINT('',(2.25,0.25,5.));
#8972 = VECTOR('',#8973,1.);
#8973 = DIRECTION('',(-0.,0.,-1.));
#8974 = ORIENTED_EDGE('',*,*,#8975,.T.);
#8975 = EDGE_CURVE('',#8968,#8976,#8978,.T.);
#8976 = VERTEX_POINT('',#8977);
#8977 = CARTESIAN_POINT('',(1.75,0.25,4.8));
#8978 = LINE('',#8979,#8980);
#8979 = CARTESIAN_POINT('',(2.25,0.25,4.8));
#8980 = VECTOR('',#8981,1.);
#8981 = DIRECTION('',(-1.,1.224646799147E-16,0.));
#8982 = ORIENTED_EDGE('',*,*,#8983,.T.);
#8983 = EDGE_CURVE('',#8976,#8491,#8984,.T.);
#8984 = LINE('',#8985,#8986);
#8985 = CARTESIAN_POINT('',(1.75,0.25,5.));
#8986 = VECTOR('',#8987,1.);
#8987 = DIRECTION('',(-0.,0.,-1.));
#8988 = ORIENTED_EDGE('',*,*,#8490,.T.);
#8989 = PLANE('',#8990);
#8990 = AXIS2_PLACEMENT_3D('',#8991,#8992,#8993);
#8991 = CARTESIAN_POINT('',(2.25,0.25,5.));
#8992 = DIRECTION('',(-1.224646799147E-16,-1.,0.));
#8993 = DIRECTION('',(-0.,0.,-1.));
#8994 = ADVANCED_FACE('',(#8995),#9013,.T.);
#8995 = FACE_BOUND('',#8996,.T.);
#8996 = EDGE_LOOP('',(#8997,#8998,#9006,#9012));
#8997 = ORIENTED_EDGE('',*,*,#8516,.T.);
#8998 = ORIENTED_EDGE('',*,*,#8999,.T.);
#8999 = EDGE_CURVE('',#8509,#9000,#9002,.T.);
#9000 = VERTEX_POINT('',#9001);
#9001 = CARTESIAN_POINT('',(1.75,-0.25,4.8));
#9002 = LINE('',#9003,#9004);
#9003 = CARTESIAN_POINT('',(1.75,-0.25,-0.9));
#9004 = VECTOR('',#9005,1.);
#9005 = DIRECTION('',(0.,0.,1.));
#9006 = ORIENTED_EDGE('',*,*,#9007,.T.);
#9007 = EDGE_CURVE('',#9000,#8976,#9008,.T.);
#9008 = LINE('',#9009,#9010);
#9009 = CARTESIAN_POINT('',(1.75,-0.25,4.8));
#9010 = VECTOR('',#9011,1.);
#9011 = DIRECTION('',(1.224646799147E-16,1.,0.));
#9012 = ORIENTED_EDGE('',*,*,#8983,.T.);
#9013 = PLANE('',#9014);
#9014 = AXIS2_PLACEMENT_3D('',#9015,#9016,#9017);
#9015 = CARTESIAN_POINT('',(1.75,4.326643272645E-02,0.775746953017));
#9016 = DIRECTION('',(-1.,1.224646799147E-16,0.));
#9017 = DIRECTION('',(0.,0.,1.));
#9018 = ADVANCED_FACE('',(#9019),#9037,.F.);
#9019 = FACE_BOUND('',#9020,.F.);
#9020 = EDGE_LOOP('',(#9021,#9029,#9030,#9031));
#9021 = ORIENTED_EDGE('',*,*,#9022,.F.);
#9022 = EDGE_CURVE('',#8501,#9023,#9025,.T.);
#9023 = VERTEX_POINT('',#9024);
#9024 = CARTESIAN_POINT('',(2.25,-0.25,4.8));
#9025 = LINE('',#9026,#9027);
#9026 = CARTESIAN_POINT('',(2.25,-0.25,-0.9));
#9027 = VECTOR('',#9028,1.);
#9028 = DIRECTION('',(0.,0.,1.));
#9029 = ORIENTED_EDGE('',*,*,#8508,.T.);
#9030 = ORIENTED_EDGE('',*,*,#8999,.T.);
#9031 = ORIENTED_EDGE('',*,*,#9032,.F.);
#9032 = EDGE_CURVE('',#9023,#9000,#9033,.T.);
#9033 = LINE('',#9034,#9035);
#9034 = CARTESIAN_POINT('',(2.25,-0.25,4.8));
#9035 = VECTOR('',#9036,1.);
#9036 = DIRECTION('',(-1.,1.224646799147E-16,0.));
#9037 = PLANE('',#9038);
#9038 = AXIS2_PLACEMENT_3D('',#9039,#9040,#9041);
#9039 = CARTESIAN_POINT('',(2.25,-0.25,-0.9));
#9040 = DIRECTION('',(1.224646799147E-16,1.,0.));
#9041 = DIRECTION('',(0.,-0.,1.));
#9042 = ADVANCED_FACE('',(#9043),#9054,.F.);
#9043 = FACE_BOUND('',#9044,.F.);
#9044 = EDGE_LOOP('',(#9045,#9046,#9047,#9053));
#9045 = ORIENTED_EDGE('',*,*,#8500,.T.);
#9046 = ORIENTED_EDGE('',*,*,#9022,.T.);
#9047 = ORIENTED_EDGE('',*,*,#9048,.T.);
#9048 = EDGE_CURVE('',#9023,#8968,#9049,.T.);
#9049 = LINE('',#9050,#9051);
#9050 = CARTESIAN_POINT('',(2.25,-0.25,4.8));
#9051 = VECTOR('',#9052,1.);
#9052 = DIRECTION('',(1.224646799147E-16,1.,0.));
#9053 = ORIENTED_EDGE('',*,*,#8967,.T.);
#9054 = PLANE('',#9055);
#9055 = AXIS2_PLACEMENT_3D('',#9056,#9057,#9058);
#9056 = CARTESIAN_POINT('',(2.25,4.326643272645E-02,0.775746953017));
#9057 = DIRECTION('',(-1.,1.224646799147E-16,0.));
#9058 = DIRECTION('',(0.,0.,1.));
#9059 = ADVANCED_FACE('',(#9060),#9085,.F.);
#9060 = FACE_BOUND('',#9061,.F.);
#9061 = EDGE_LOOP('',(#9062,#9070,#9078,#9084));
#9062 = ORIENTED_EDGE('',*,*,#9063,.F.);
#9063 = EDGE_CURVE('',#9064,#8527,#9066,.T.);
#9064 = VERTEX_POINT('',#9065);
#9065 = CARTESIAN_POINT('',(0.25,0.25,4.8));
#9066 = LINE('',#9067,#9068);
#9067 = CARTESIAN_POINT('',(0.25,0.25,5.));
#9068 = VECTOR('',#9069,1.);
#9069 = DIRECTION('',(-0.,0.,-1.));
#9070 = ORIENTED_EDGE('',*,*,#9071,.T.);
#9071 = EDGE_CURVE('',#9064,#9072,#9074,.T.);
#9072 = VERTEX_POINT('',#9073);
#9073 = CARTESIAN_POINT('',(-0.25,0.25,4.8));
#9074 = LINE('',#9075,#9076);
#9075 = CARTESIAN_POINT('',(0.25,0.25,4.8));
#9076 = VECTOR('',#9077,1.);
#9077 = DIRECTION('',(-1.,1.224646799147E-16,0.));
#9078 = ORIENTED_EDGE('',*,*,#9079,.T.);
#9079 = EDGE_CURVE('',#9072,#8525,#9080,.T.);
#9080 = LINE('',#9081,#9082);
#9081 = CARTESIAN_POINT('',(-0.25,0.25,5.));
#9082 = VECTOR('',#9083,1.);
#9083 = DIRECTION('',(-0.,0.,-1.));
#9084 = ORIENTED_EDGE('',*,*,#8524,.T.);
#9085 = PLANE('',#9086);
#9086 = AXIS2_PLACEMENT_3D('',#9087,#9088,#9089);
#9087 = CARTESIAN_POINT('',(0.25,0.25,5.));
#9088 = DIRECTION('',(-1.224646799147E-16,-1.,0.));
#9089 = DIRECTION('',(-0.,0.,-1.));
#9090 = ADVANCED_FACE('',(#9091),#9109,.T.);
#9091 = FACE_BOUND('',#9092,.T.);
#9092 = EDGE_LOOP('',(#9093,#9094,#9102,#9108));
#9093 = ORIENTED_EDGE('',*,*,#8550,.T.);
#9094 = ORIENTED_EDGE('',*,*,#9095,.T.);
#9095 = EDGE_CURVE('',#8543,#9096,#9098,.T.);
#9096 = VERTEX_POINT('',#9097);
#9097 = CARTESIAN_POINT('',(-0.25,-0.25,4.8));
#9098 = LINE('',#9099,#9100);
#9099 = CARTESIAN_POINT('',(-0.25,-0.25,-0.9));
#9100 = VECTOR('',#9101,1.);
#9101 = DIRECTION('',(0.,0.,1.));
#9102 = ORIENTED_EDGE('',*,*,#9103,.T.);
#9103 = EDGE_CURVE('',#9096,#9072,#9104,.T.);
#9104 = LINE('',#9105,#9106);
#9105 = CARTESIAN_POINT('',(-0.25,-0.25,4.8));
#9106 = VECTOR('',#9107,1.);
#9107 = DIRECTION('',(1.224646799147E-16,1.,0.));
#9108 = ORIENTED_EDGE('',*,*,#9079,.T.);
#9109 = PLANE('',#9110);
#9110 = AXIS2_PLACEMENT_3D('',#9111,#9112,#9113);
#9111 = CARTESIAN_POINT('',(-0.25,4.326643272645E-02,0.775746953017));
#9112 = DIRECTION('',(-1.,1.224646799147E-16,0.));
#9113 = DIRECTION('',(0.,0.,1.));
#9114 = ADVANCED_FACE('',(#9115),#9133,.F.);
#9115 = FACE_BOUND('',#9116,.F.);
#9116 = EDGE_LOOP('',(#9117,#9125,#9126,#9127));
#9117 = ORIENTED_EDGE('',*,*,#9118,.F.);
#9118 = EDGE_CURVE('',#8535,#9119,#9121,.T.);
#9119 = VERTEX_POINT('',#9120);
#9120 = CARTESIAN_POINT('',(0.25,-0.25,4.8));
#9121 = LINE('',#9122,#9123);
#9122 = CARTESIAN_POINT('',(0.25,-0.25,-0.9));
#9123 = VECTOR('',#9124,1.);
#9124 = DIRECTION('',(0.,0.,1.));
#9125 = ORIENTED_EDGE('',*,*,#8542,.T.);
#9126 = ORIENTED_EDGE('',*,*,#9095,.T.);
#9127 = ORIENTED_EDGE('',*,*,#9128,.F.);
#9128 = EDGE_CURVE('',#9119,#9096,#9129,.T.);
#9129 = LINE('',#9130,#9131);
#9130 = CARTESIAN_POINT('',(0.25,-0.25,4.8));
#9131 = VECTOR('',#9132,1.);
#9132 = DIRECTION('',(-1.,1.224646799147E-16,0.));
#9133 = PLANE('',#9134);
#9134 = AXIS2_PLACEMENT_3D('',#9135,#9136,#9137);
#9135 = CARTESIAN_POINT('',(0.25,-0.25,-0.9));
#9136 = DIRECTION('',(1.224646799147E-16,1.,0.));
#9137 = DIRECTION('',(0.,-0.,1.));
#9138 = ADVANCED_FACE('',(#9139),#9150,.F.);
#9139 = FACE_BOUND('',#9140,.F.);
#9140 = EDGE_LOOP('',(#9141,#9142,#9143,#9149));
#9141 = ORIENTED_EDGE('',*,*,#8534,.T.);
#9142 = ORIENTED_EDGE('',*,*,#9118,.T.);
#9143 = ORIENTED_EDGE('',*,*,#9144,.T.);
#9144 = EDGE_CURVE('',#9119,#9064,#9145,.T.);
#9145 = LINE('',#9146,#9147);
#9146 = CARTESIAN_POINT('',(0.25,-0.25,4.8));
#9147 = VECTOR('',#9148,1.);
#9148 = DIRECTION('',(1.224646799147E-16,1.,0.));
#9149 = ORIENTED_EDGE('',*,*,#9063,.T.);
#9150 = PLANE('',#9151);
#9151 = AXIS2_PLACEMENT_3D('',#9152,#9153,#9154);
#9152 = CARTESIAN_POINT('',(0.25,4.326643272645E-02,0.775746953017));
#9153 = DIRECTION('',(-1.,1.224646799147E-16,0.));
#9154 = DIRECTION('',(0.,0.,1.));
#9155 = ADVANCED_FACE('',(#9156),#9167,.F.);
#9156 = FACE_BOUND('',#9157,.F.);
#9157 = EDGE_LOOP('',(#9158,#9159,#9160,#9166));
#9158 = ORIENTED_EDGE('',*,*,#8646,.T.);
#9159 = ORIENTED_EDGE('',*,*,#8694,.T.);
#9160 = ORIENTED_EDGE('',*,*,#9161,.F.);
#9161 = EDGE_CURVE('',#8768,#8695,#9162,.T.);
#9162 = LINE('',#9163,#9164);
#9163 = CARTESIAN_POINT('',(0.25,0.55,-1.5));
#9164 = VECTOR('',#9165,1.);
#9165 = DIRECTION('',(-1.,1.224646799147E-16,0.));
#9166 = ORIENTED_EDGE('',*,*,#8767,.F.);
#9167 = PLANE('',#9168);
#9168 = AXIS2_PLACEMENT_3D('',#9169,#9170,#9171);
#9169 = CARTESIAN_POINT('',(0.25,0.25,-0.9));
#9170 = DIRECTION('',(-1.095357396528E-16,-0.894427191,-0.4472135955));
#9171 = DIRECTION('',(5.476786982641E-17,0.4472135955,-0.894427191));
#9172 = ADVANCED_FACE('',(#9173),#9214,.F.);
#9173 = FACE_BOUND('',#9174,.T.);
#9174 = EDGE_LOOP('',(#9175,#9185,#9191,#9192,#9200,#9208));
#9175 = ORIENTED_EDGE('',*,*,#9176,.T.);
#9176 = EDGE_CURVE('',#9177,#9179,#9181,.T.);
#9177 = VERTEX_POINT('',#9178);
#9178 = CARTESIAN_POINT('',(-5.E-02,-5.E-02,-3.4));
#9179 = VERTEX_POINT('',#9180);
#9180 = CARTESIAN_POINT('',(-0.247552593066,-0.218807485305,
    -3.202447406934));
#9181 = LINE('',#9182,#9183);
#9182 = CARTESIAN_POINT('',(-1.603689858649E-02,-2.097873708559E-02,
    -3.433963101414));
#9183 = VECTOR('',#9184,1.);
#9184 = DIRECTION('',(-0.605209817607,-0.517148096144,0.605209817607));
#9185 = ORIENTED_EDGE('',*,*,#9186,.T.);
#9186 = EDGE_CURVE('',#9179,#8663,#9187,.T.);
#9187 = LINE('',#9188,#9189);
#9188 = CARTESIAN_POINT('',(-4.480164158687E-02,-0.250820793434,
    -3.405198358413));
#9189 = VECTOR('',#9190,1.);
#9190 = DIRECTION('',(-0.702740385383,0.110959008218,0.702740385383));
#9191 = ORIENTED_EDGE('',*,*,#8660,.F.);
#9192 = ORIENTED_EDGE('',*,*,#9193,.F.);
#9193 = EDGE_CURVE('',#9194,#8661,#9196,.T.);
#9194 = VERTEX_POINT('',#9195);
#9195 = CARTESIAN_POINT('',(-0.247552593066,0.281192514695,
    -3.202447406934));
#9196 = LINE('',#9197,#9198);
#9197 = CARTESIAN_POINT('',(-0.506155950752,0.322024623803,
    -2.943844049248));
#9198 = VECTOR('',#9199,1.);
#9199 = DIRECTION('',(-0.702740385383,0.110959008218,0.702740385383));
#9200 = ORIENTED_EDGE('',*,*,#9201,.F.);
#9201 = EDGE_CURVE('',#9202,#9194,#9204,.T.);
#9202 = VERTEX_POINT('',#9203);
#9203 = CARTESIAN_POINT('',(-5.E-02,5.E-02,-3.4));
#9204 = LINE('',#9205,#9206);
#9205 = CARTESIAN_POINT('',(-0.104623304282,0.113924744707,
    -3.345376695718));
#9206 = VECTOR('',#9207,1.);
#9207 = DIRECTION('',(-0.544770019249,0.63753529491,0.544770019249));
#9208 = ORIENTED_EDGE('',*,*,#9209,.T.);
#9209 = EDGE_CURVE('',#9202,#9177,#9210,.T.);
#9210 = LINE('',#9211,#9212);
#9211 = CARTESIAN_POINT('',(-5.E-02,0.25,-3.4));
#9212 = VECTOR('',#9213,1.);
#9213 = DIRECTION('',(-1.224646799147E-16,-1.,0.));
#9214 = PLANE('',#9215);
#9215 = AXIS2_PLACEMENT_3D('',#9216,#9217,#9218);
#9216 = CARTESIAN_POINT('',(-0.15,0.25,-3.3));
#9217 = DIRECTION('',(0.707106781187,-8.833102285013E-17,0.707106781187)
  );
#9218 = DIRECTION('',(1.236918052038E-16,1.,1.227125289097E-18));
#9219 = ADVANCED_FACE('',(#9220),#9240,.F.);
#9220 = FACE_BOUND('',#9221,.F.);
#9221 = EDGE_LOOP('',(#9222,#9223,#9224,#9225,#9226,#9234));
#9222 = ORIENTED_EDGE('',*,*,#8775,.F.);
#9223 = ORIENTED_EDGE('',*,*,#9161,.T.);
#9224 = ORIENTED_EDGE('',*,*,#8702,.T.);
#9225 = ORIENTED_EDGE('',*,*,#9193,.F.);
#9226 = ORIENTED_EDGE('',*,*,#9227,.F.);
#9227 = EDGE_CURVE('',#9228,#9194,#9230,.T.);
#9228 = VERTEX_POINT('',#9229);
#9229 = CARTESIAN_POINT('',(0.247552593066,0.281192514695,
    -3.202447406934));
#9230 = LINE('',#9231,#9232);
#9231 = CARTESIAN_POINT('',(0.25,0.281192514695,-3.202447406934));
#9232 = VECTOR('',#9233,1.);
#9233 = DIRECTION('',(-1.,1.224646799147E-16,0.));
#9234 = ORIENTED_EDGE('',*,*,#9235,.T.);
#9235 = EDGE_CURVE('',#9228,#8741,#9236,.T.);
#9236 = LINE('',#9237,#9238);
#9237 = CARTESIAN_POINT('',(0.629616963064,0.341518467852,
    -2.820383036936));
#9238 = VECTOR('',#9239,1.);
#9239 = DIRECTION('',(0.702740385383,0.110959008218,0.702740385383));
#9240 = PLANE('',#9241);
#9241 = AXIS2_PLACEMENT_3D('',#9242,#9243,#9244);
#9242 = CARTESIAN_POINT('',(0.25,0.55,-1.5));
#9243 = DIRECTION('',(-1.209660753807E-16,-0.987762965329,0.155962573473
    ));
#9244 = DIRECTION('',(-1.909990663905E-17,-0.155962573473,
    -0.987762965329));
#9245 = ADVANCED_FACE('',(#9246),#9257,.F.);
#9246 = FACE_BOUND('',#9247,.F.);
#9247 = EDGE_LOOP('',(#9248,#9254,#9255,#9256));
#9248 = ORIENTED_EDGE('',*,*,#9249,.T.);
#9249 = EDGE_CURVE('',#8751,#8671,#9250,.T.);
#9250 = LINE('',#9251,#9252);
#9251 = CARTESIAN_POINT('',(0.25,5.E-02,-1.5));
#9252 = VECTOR('',#9253,1.);
#9253 = DIRECTION('',(-1.,1.224646799147E-16,0.));
#9254 = ORIENTED_EDGE('',*,*,#8678,.T.);
#9255 = ORIENTED_EDGE('',*,*,#8724,.F.);
#9256 = ORIENTED_EDGE('',*,*,#8758,.F.);
#9257 = PLANE('',#9258);
#9258 = AXIS2_PLACEMENT_3D('',#9259,#9260,#9261);
#9259 = CARTESIAN_POINT('',(0.25,5.E-02,-1.5));
#9260 = DIRECTION('',(1.095357396528E-16,0.894427191,0.4472135955));
#9261 = DIRECTION('',(-5.476786982641E-17,-0.4472135955,0.894427191));
#9262 = ADVANCED_FACE('',(#9263),#9283,.F.);
#9263 = FACE_BOUND('',#9264,.F.);
#9264 = EDGE_LOOP('',(#9265,#9266,#9274,#9280,#9281,#9282));
#9265 = ORIENTED_EDGE('',*,*,#8750,.F.);
#9266 = ORIENTED_EDGE('',*,*,#9267,.F.);
#9267 = EDGE_CURVE('',#9268,#8743,#9270,.T.);
#9268 = VERTEX_POINT('',#9269);
#9269 = CARTESIAN_POINT('',(0.247552593066,-0.218807485305,
    -3.202447406934));
#9270 = LINE('',#9271,#9272);
#9271 = CARTESIAN_POINT('',(0.168262653899,-0.231326949384,
    -3.281737346101));
#9272 = VECTOR('',#9273,1.);
#9273 = DIRECTION('',(0.702740385383,0.110959008218,0.702740385383));
#9274 = ORIENTED_EDGE('',*,*,#9275,.T.);
#9275 = EDGE_CURVE('',#9268,#9179,#9276,.T.);
#9276 = LINE('',#9277,#9278);
#9277 = CARTESIAN_POINT('',(0.25,-0.218807485305,-3.202447406934));
#9278 = VECTOR('',#9279,1.);
#9279 = DIRECTION('',(-1.,1.224646799147E-16,0.));
#9280 = ORIENTED_EDGE('',*,*,#9186,.T.);
#9281 = ORIENTED_EDGE('',*,*,#8670,.T.);
#9282 = ORIENTED_EDGE('',*,*,#9249,.F.);
#9283 = PLANE('',#9284);
#9284 = AXIS2_PLACEMENT_3D('',#9285,#9286,#9287);
#9285 = CARTESIAN_POINT('',(0.25,-0.25,-3.4));
#9286 = DIRECTION('',(1.209660753807E-16,0.987762965329,-0.155962573473)
  );
#9287 = DIRECTION('',(1.909990663905E-17,0.155962573473,0.987762965329)
  );
#9288 = ADVANCED_FACE('',(#9289),#9316,.T.);
#9289 = FACE_BOUND('',#9290,.F.);
#9290 = EDGE_LOOP('',(#9291,#9299,#9300,#9301,#9302,#9310));
#9291 = ORIENTED_EDGE('',*,*,#9292,.T.);
#9292 = EDGE_CURVE('',#9293,#9268,#9295,.T.);
#9293 = VERTEX_POINT('',#9294);
#9294 = CARTESIAN_POINT('',(5.E-02,-5.E-02,-3.4));
#9295 = LINE('',#9296,#9297);
#9296 = CARTESIAN_POINT('',(0.107606629418,-9.922451332131E-02,
    -3.342393370582));
#9297 = VECTOR('',#9298,1.);
#9298 = DIRECTION('',(0.605209817607,-0.517148096144,0.605209817607));
#9299 = ORIENTED_EDGE('',*,*,#9267,.T.);
#9300 = ORIENTED_EDGE('',*,*,#8740,.F.);
#9301 = ORIENTED_EDGE('',*,*,#9235,.F.);
#9302 = ORIENTED_EDGE('',*,*,#9303,.F.);
#9303 = EDGE_CURVE('',#9304,#9228,#9306,.T.);
#9304 = VERTEX_POINT('',#9305);
#9305 = CARTESIAN_POINT('',(5.E-02,5.E-02,-3.4));
#9306 = LINE('',#9307,#9308);
#9307 = CARTESIAN_POINT('',(0.17881689775,0.200752273427,-3.27118310225)
  );
#9308 = VECTOR('',#9309,1.);
#9309 = DIRECTION('',(0.544770019249,0.63753529491,0.544770019249));
#9310 = ORIENTED_EDGE('',*,*,#9311,.T.);
#9311 = EDGE_CURVE('',#9304,#9293,#9312,.T.);
#9312 = LINE('',#9313,#9314);
#9313 = CARTESIAN_POINT('',(5.E-02,0.25,-3.4));
#9314 = VECTOR('',#9315,1.);
#9315 = DIRECTION('',(-1.224646799147E-16,-1.,0.));
#9316 = PLANE('',#9317);
#9317 = AXIS2_PLACEMENT_3D('',#9318,#9319,#9320);
#9318 = CARTESIAN_POINT('',(0.15,0.25,-3.3));
#9319 = DIRECTION('',(0.707106781187,-8.486018839685E-17,-0.707106781187
    ));
#9320 = DIRECTION('',(1.212375546256E-16,1.,1.227125289196E-18));
#9321 = ADVANCED_FACE('',(#9322),#9333,.T.);
#9322 = FACE_BOUND('',#9323,.F.);
#9323 = EDGE_LOOP('',(#9324,#9325,#9331,#9332));
#9324 = ORIENTED_EDGE('',*,*,#8922,.F.);
#9325 = ORIENTED_EDGE('',*,*,#9326,.T.);
#9326 = EDGE_CURVE('',#8923,#8807,#9327,.T.);
#9327 = LINE('',#9328,#9329);
#9328 = CARTESIAN_POINT('',(2.25,-5.E-02,-3.4));
#9329 = VECTOR('',#9330,1.);
#9330 = DIRECTION('',(-1.,1.224646799147E-16,0.));
#9331 = ORIENTED_EDGE('',*,*,#8806,.T.);
#9332 = ORIENTED_EDGE('',*,*,#8905,.F.);
#9333 = PLANE('',#9334);
#9334 = AXIS2_PLACEMENT_3D('',#9335,#9336,#9337);
#9335 = CARTESIAN_POINT('',(2.25,-0.134403742653,-3.301223703467));
#9336 = DIRECTION('',(-9.136856246232E-17,-0.760250805153,-0.64962967394
    ));
#9337 = DIRECTION('',(1.,-1.211454098155E-16,1.127308249542E-18));
#9338 = ADVANCED_FACE('',(#9339),#9350,.F.);
#9339 = FACE_BOUND('',#9340,.F.);
#9340 = EDGE_LOOP('',(#9341,#9342,#9343,#9349));
#9341 = ORIENTED_EDGE('',*,*,#9326,.F.);
#9342 = ORIENTED_EDGE('',*,*,#8941,.F.);
#9343 = ORIENTED_EDGE('',*,*,#9344,.T.);
#9344 = EDGE_CURVE('',#8934,#8832,#9345,.T.);
#9345 = LINE('',#9346,#9347);
#9346 = CARTESIAN_POINT('',(2.25,5.E-02,-3.4));
#9347 = VECTOR('',#9348,1.);
#9348 = DIRECTION('',(-1.,1.224646799147E-16,0.));
#9349 = ORIENTED_EDGE('',*,*,#8839,.T.);
#9350 = PLANE('',#9351);
#9351 = AXIS2_PLACEMENT_3D('',#9352,#9353,#9354);
#9352 = CARTESIAN_POINT('',(2.25,0.25,-3.4));
#9353 = DIRECTION('',(0.,0.,1.));
#9354 = DIRECTION('',(-1.224646799147E-16,-1.,0.));
#9355 = ADVANCED_FACE('',(#9356),#9362,.T.);
#9356 = FACE_BOUND('',#9357,.T.);
#9357 = EDGE_LOOP('',(#9358,#9359,#9360,#9361));
#9358 = ORIENTED_EDGE('',*,*,#8933,.F.);
#9359 = ORIENTED_EDGE('',*,*,#9344,.T.);
#9360 = ORIENTED_EDGE('',*,*,#8831,.T.);
#9361 = ORIENTED_EDGE('',*,*,#8857,.F.);
#9362 = PLANE('',#9363);
#9363 = AXIS2_PLACEMENT_3D('',#9364,#9365,#9366);
#9364 = CARTESIAN_POINT('',(2.25,0.165596257347,-3.301223703467));
#9365 = DIRECTION('',(8.302774088379E-17,0.64962967394,-0.760250805153)
  );
#9366 = DIRECTION('',(-1.,1.247195775152E-16,-2.638869166629E-18));
#9367 = ADVANCED_FACE('',(#9368),#9393,.T.);
#9368 = FACE_BOUND('',#9369,.F.);
#9369 = EDGE_LOOP('',(#9370,#9378,#9386,#9392));
#9370 = ORIENTED_EDGE('',*,*,#9371,.F.);
#9371 = EDGE_CURVE('',#9372,#8968,#9374,.T.);
#9372 = VERTEX_POINT('',#9373);
#9373 = CARTESIAN_POINT('',(2.05,5.E-02,5.));
#9374 = LINE('',#9375,#9376);
#9375 = CARTESIAN_POINT('',(2.1,0.1,4.95));
#9376 = VECTOR('',#9377,1.);
#9377 = DIRECTION('',(0.57735026919,0.57735026919,-0.57735026919));
#9378 = ORIENTED_EDGE('',*,*,#9379,.T.);
#9379 = EDGE_CURVE('',#9372,#9380,#9382,.T.);
#9380 = VERTEX_POINT('',#9381);
#9381 = CARTESIAN_POINT('',(1.95,5.E-02,5.));
#9382 = LINE('',#9383,#9384);
#9383 = CARTESIAN_POINT('',(2.25,5.E-02,5.));
#9384 = VECTOR('',#9385,1.);
#9385 = DIRECTION('',(-1.,1.224646799147E-16,0.));
#9386 = ORIENTED_EDGE('',*,*,#9387,.T.);
#9387 = EDGE_CURVE('',#9380,#8976,#9388,.T.);
#9388 = LINE('',#9389,#9390);
#9389 = CARTESIAN_POINT('',(1.983333333333,1.666666666667E-02,
    5.033333333333));
#9390 = VECTOR('',#9391,1.);
#9391 = DIRECTION('',(-0.57735026919,0.57735026919,-0.57735026919));
#9392 = ORIENTED_EDGE('',*,*,#8975,.F.);
#9393 = PLANE('',#9394);
#9394 = AXIS2_PLACEMENT_3D('',#9395,#9396,#9397);
#9395 = CARTESIAN_POINT('',(2.25,0.15,4.9));
#9396 = DIRECTION('',(8.833102285013E-17,0.707106781187,0.707106781187)
  );
#9397 = DIRECTION('',(1.,-1.236918052038E-16,-1.227125289097E-18));
#9398 = ADVANCED_FACE('',(#9399),#9417,.F.);
#9399 = FACE_BOUND('',#9400,.T.);
#9400 = EDGE_LOOP('',(#9401,#9409,#9415,#9416));
#9401 = ORIENTED_EDGE('',*,*,#9402,.F.);
#9402 = EDGE_CURVE('',#9403,#9000,#9405,.T.);
#9403 = VERTEX_POINT('',#9404);
#9404 = CARTESIAN_POINT('',(1.95,-5.E-02,5.));
#9405 = LINE('',#9406,#9407);
#9406 = CARTESIAN_POINT('',(1.9,-0.1,4.95));
#9407 = VECTOR('',#9408,1.);
#9408 = DIRECTION('',(-0.57735026919,-0.57735026919,-0.57735026919));
#9409 = ORIENTED_EDGE('',*,*,#9410,.T.);
#9410 = EDGE_CURVE('',#9403,#9380,#9411,.T.);
#9411 = LINE('',#9412,#9413);
#9412 = CARTESIAN_POINT('',(1.95,-0.25,5.));
#9413 = VECTOR('',#9414,1.);
#9414 = DIRECTION('',(1.224646799147E-16,1.,0.));
#9415 = ORIENTED_EDGE('',*,*,#9387,.T.);
#9416 = ORIENTED_EDGE('',*,*,#9007,.F.);
#9417 = PLANE('',#9418);
#9418 = AXIS2_PLACEMENT_3D('',#9419,#9420,#9421);
#9419 = CARTESIAN_POINT('',(1.85,-0.25,4.9));
#9420 = DIRECTION('',(0.707106781187,-8.486018839685E-17,-0.707106781187
    ));
#9421 = DIRECTION('',(-1.212375546256E-16,-1.,-1.227125289196E-18));
#9422 = ADVANCED_FACE('',(#9423),#9441,.T.);
#9423 = FACE_BOUND('',#9424,.F.);
#9424 = EDGE_LOOP('',(#9425,#9433,#9434,#9435));
#9425 = ORIENTED_EDGE('',*,*,#9426,.F.);
#9426 = EDGE_CURVE('',#9023,#9427,#9429,.T.);
#9427 = VERTEX_POINT('',#9428);
#9428 = CARTESIAN_POINT('',(2.05,-5.E-02,5.));
#9429 = LINE('',#9430,#9431);
#9430 = CARTESIAN_POINT('',(2.183333333333,-0.183333333333,
    4.866666666667));
#9431 = VECTOR('',#9432,1.);
#9432 = DIRECTION('',(-0.57735026919,0.57735026919,0.57735026919));
#9433 = ORIENTED_EDGE('',*,*,#9032,.T.);
#9434 = ORIENTED_EDGE('',*,*,#9402,.F.);
#9435 = ORIENTED_EDGE('',*,*,#9436,.F.);
#9436 = EDGE_CURVE('',#9427,#9403,#9437,.T.);
#9437 = LINE('',#9438,#9439);
#9438 = CARTESIAN_POINT('',(2.25,-5.E-02,5.));
#9439 = VECTOR('',#9440,1.);
#9440 = DIRECTION('',(-1.,1.224646799147E-16,0.));
#9441 = PLANE('',#9442);
#9442 = AXIS2_PLACEMENT_3D('',#9443,#9444,#9445);
#9443 = CARTESIAN_POINT('',(2.25,-0.15,4.9));
#9444 = DIRECTION('',(-8.833102285013E-17,-0.707106781187,0.707106781187
    ));
#9445 = DIRECTION('',(1.,-1.236918052038E-16,1.227125289097E-18));
#9446 = ADVANCED_FACE('',(#9447),#9458,.T.);
#9447 = FACE_BOUND('',#9448,.F.);
#9448 = EDGE_LOOP('',(#9449,#9450,#9456,#9457));
#9449 = ORIENTED_EDGE('',*,*,#9426,.T.);
#9450 = ORIENTED_EDGE('',*,*,#9451,.T.);
#9451 = EDGE_CURVE('',#9427,#9372,#9452,.T.);
#9452 = LINE('',#9453,#9454);
#9453 = CARTESIAN_POINT('',(2.05,-0.25,5.));
#9454 = VECTOR('',#9455,1.);
#9455 = DIRECTION('',(1.224646799147E-16,1.,0.));
#9456 = ORIENTED_EDGE('',*,*,#9371,.T.);
#9457 = ORIENTED_EDGE('',*,*,#9048,.F.);
#9458 = PLANE('',#9459);
#9459 = AXIS2_PLACEMENT_3D('',#9460,#9461,#9462);
#9460 = CARTESIAN_POINT('',(2.15,-0.25,4.9));
#9461 = DIRECTION('',(0.707106781187,-8.833102285013E-17,0.707106781187)
  );
#9462 = DIRECTION('',(-1.236918052038E-16,-1.,-1.227125289097E-18));
#9463 = ADVANCED_FACE('',(#9464),#9489,.T.);
#9464 = FACE_BOUND('',#9465,.F.);
#9465 = EDGE_LOOP('',(#9466,#9474,#9482,#9488));
#9466 = ORIENTED_EDGE('',*,*,#9467,.F.);
#9467 = EDGE_CURVE('',#9468,#9064,#9470,.T.);
#9468 = VERTEX_POINT('',#9469);
#9469 = CARTESIAN_POINT('',(5.E-02,5.E-02,5.));
#9470 = LINE('',#9471,#9472);
#9471 = CARTESIAN_POINT('',(0.1,0.1,4.95));
#9472 = VECTOR('',#9473,1.);
#9473 = DIRECTION('',(0.57735026919,0.57735026919,-0.57735026919));
#9474 = ORIENTED_EDGE('',*,*,#9475,.T.);
#9475 = EDGE_CURVE('',#9468,#9476,#9478,.T.);
#9476 = VERTEX_POINT('',#9477);
#9477 = CARTESIAN_POINT('',(-5.E-02,5.E-02,5.));
#9478 = LINE('',#9479,#9480);
#9479 = CARTESIAN_POINT('',(0.25,5.E-02,5.));
#9480 = VECTOR('',#9481,1.);
#9481 = DIRECTION('',(-1.,1.224646799147E-16,0.));
#9482 = ORIENTED_EDGE('',*,*,#9483,.T.);
#9483 = EDGE_CURVE('',#9476,#9072,#9484,.T.);
#9484 = LINE('',#9485,#9486);
#9485 = CARTESIAN_POINT('',(-1.666666666667E-02,1.666666666667E-02,
    5.033333333333));
#9486 = VECTOR('',#9487,1.);
#9487 = DIRECTION('',(-0.57735026919,0.57735026919,-0.57735026919));
#9488 = ORIENTED_EDGE('',*,*,#9071,.F.);
#9489 = PLANE('',#9490);
#9490 = AXIS2_PLACEMENT_3D('',#9491,#9492,#9493);
#9491 = CARTESIAN_POINT('',(0.25,0.15,4.9));
#9492 = DIRECTION('',(8.833102285013E-17,0.707106781187,0.707106781187)
  );
#9493 = DIRECTION('',(1.,-1.236918052038E-16,-1.227125289097E-18));
#9494 = ADVANCED_FACE('',(#9495),#9513,.F.);
#9495 = FACE_BOUND('',#9496,.T.);
#9496 = EDGE_LOOP('',(#9497,#9505,#9511,#9512));
#9497 = ORIENTED_EDGE('',*,*,#9498,.F.);
#9498 = EDGE_CURVE('',#9499,#9096,#9501,.T.);
#9499 = VERTEX_POINT('',#9500);
#9500 = CARTESIAN_POINT('',(-5.E-02,-5.E-02,5.));
#9501 = LINE('',#9502,#9503);
#9502 = CARTESIAN_POINT('',(-0.1,-0.1,4.95));
#9503 = VECTOR('',#9504,1.);
#9504 = DIRECTION('',(-0.57735026919,-0.57735026919,-0.57735026919));
#9505 = ORIENTED_EDGE('',*,*,#9506,.T.);
#9506 = EDGE_CURVE('',#9499,#9476,#9507,.T.);
#9507 = LINE('',#9508,#9509);
#9508 = CARTESIAN_POINT('',(-5.E-02,-0.25,5.));
#9509 = VECTOR('',#9510,1.);
#9510 = DIRECTION('',(1.224646799147E-16,1.,0.));
#9511 = ORIENTED_EDGE('',*,*,#9483,.T.);
#9512 = ORIENTED_EDGE('',*,*,#9103,.F.);
#9513 = PLANE('',#9514);
#9514 = AXIS2_PLACEMENT_3D('',#9515,#9516,#9517);
#9515 = CARTESIAN_POINT('',(-0.15,-0.25,4.9));
#9516 = DIRECTION('',(0.707106781187,-8.486018839685E-17,-0.707106781187
    ));
#9517 = DIRECTION('',(-1.212375546256E-16,-1.,-1.227125289196E-18));
#9518 = ADVANCED_FACE('',(#9519),#9537,.T.);
#9519 = FACE_BOUND('',#9520,.F.);
#9520 = EDGE_LOOP('',(#9521,#9529,#9530,#9531));
#9521 = ORIENTED_EDGE('',*,*,#9522,.F.);
#9522 = EDGE_CURVE('',#9119,#9523,#9525,.T.);
#9523 = VERTEX_POINT('',#9524);
#9524 = CARTESIAN_POINT('',(5.E-02,-5.E-02,5.));
#9525 = LINE('',#9526,#9527);
#9526 = CARTESIAN_POINT('',(0.183333333333,-0.183333333333,
    4.866666666667));
#9527 = VECTOR('',#9528,1.);
#9528 = DIRECTION('',(-0.57735026919,0.57735026919,0.57735026919));
#9529 = ORIENTED_EDGE('',*,*,#9128,.T.);
#9530 = ORIENTED_EDGE('',*,*,#9498,.F.);
#9531 = ORIENTED_EDGE('',*,*,#9532,.F.);
#9532 = EDGE_CURVE('',#9523,#9499,#9533,.T.);
#9533 = LINE('',#9534,#9535);
#9534 = CARTESIAN_POINT('',(0.25,-5.E-02,5.));
#9535 = VECTOR('',#9536,1.);
#9536 = DIRECTION('',(-1.,1.224646799147E-16,0.));
#9537 = PLANE('',#9538);
#9538 = AXIS2_PLACEMENT_3D('',#9539,#9540,#9541);
#9539 = CARTESIAN_POINT('',(0.25,-0.15,4.9));
#9540 = DIRECTION('',(-8.833102285013E-17,-0.707106781187,0.707106781187
    ));
#9541 = DIRECTION('',(1.,-1.236918052038E-16,1.227125289097E-18));
#9542 = ADVANCED_FACE('',(#9543),#9554,.T.);
#9543 = FACE_BOUND('',#9544,.F.);
#9544 = EDGE_LOOP('',(#9545,#9546,#9552,#9553));
#9545 = ORIENTED_EDGE('',*,*,#9522,.T.);
#9546 = ORIENTED_EDGE('',*,*,#9547,.T.);
#9547 = EDGE_CURVE('',#9523,#9468,#9548,.T.);
#9548 = LINE('',#9549,#9550);
#9549 = CARTESIAN_POINT('',(5.E-02,-0.25,5.));
#9550 = VECTOR('',#9551,1.);
#9551 = DIRECTION('',(1.224646799147E-16,1.,0.));
#9552 = ORIENTED_EDGE('',*,*,#9467,.T.);
#9553 = ORIENTED_EDGE('',*,*,#9144,.F.);
#9554 = PLANE('',#9555);
#9555 = AXIS2_PLACEMENT_3D('',#9556,#9557,#9558);
#9556 = CARTESIAN_POINT('',(0.15,-0.25,4.9));
#9557 = DIRECTION('',(0.707106781187,-8.833102285013E-17,0.707106781187)
  );
#9558 = DIRECTION('',(-1.236918052038E-16,-1.,-1.227125289097E-18));
#9559 = ADVANCED_FACE('',(#9560),#9571,.T.);
#9560 = FACE_BOUND('',#9561,.F.);
#9561 = EDGE_LOOP('',(#9562,#9563,#9569,#9570));
#9562 = ORIENTED_EDGE('',*,*,#9292,.F.);
#9563 = ORIENTED_EDGE('',*,*,#9564,.T.);
#9564 = EDGE_CURVE('',#9293,#9177,#9565,.T.);
#9565 = LINE('',#9566,#9567);
#9566 = CARTESIAN_POINT('',(0.25,-5.E-02,-3.4));
#9567 = VECTOR('',#9568,1.);
#9568 = DIRECTION('',(-1.,1.224646799147E-16,0.));
#9569 = ORIENTED_EDGE('',*,*,#9176,.T.);
#9570 = ORIENTED_EDGE('',*,*,#9275,.F.);
#9571 = PLANE('',#9572);
#9572 = AXIS2_PLACEMENT_3D('',#9573,#9574,#9575);
#9573 = CARTESIAN_POINT('',(0.25,-0.134403742653,-3.301223703467));
#9574 = DIRECTION('',(-9.136856246232E-17,-0.760250805153,-0.64962967394
    ));
#9575 = DIRECTION('',(1.,-1.211454098155E-16,1.127308249542E-18));
#9576 = ADVANCED_FACE('',(#9577),#9588,.F.);
#9577 = FACE_BOUND('',#9578,.F.);
#9578 = EDGE_LOOP('',(#9579,#9580,#9581,#9587));
#9579 = ORIENTED_EDGE('',*,*,#9564,.F.);
#9580 = ORIENTED_EDGE('',*,*,#9311,.F.);
#9581 = ORIENTED_EDGE('',*,*,#9582,.T.);
#9582 = EDGE_CURVE('',#9304,#9202,#9583,.T.);
#9583 = LINE('',#9584,#9585);
#9584 = CARTESIAN_POINT('',(0.25,5.E-02,-3.4));
#9585 = VECTOR('',#9586,1.);
#9586 = DIRECTION('',(-1.,1.224646799147E-16,0.));
#9587 = ORIENTED_EDGE('',*,*,#9209,.T.);
#9588 = PLANE('',#9589);
#9589 = AXIS2_PLACEMENT_3D('',#9590,#9591,#9592);
#9590 = CARTESIAN_POINT('',(0.25,0.25,-3.4));
#9591 = DIRECTION('',(0.,0.,1.));
#9592 = DIRECTION('',(-1.224646799147E-16,-1.,0.));
#9593 = ADVANCED_FACE('',(#9594),#9600,.T.);
#9594 = FACE_BOUND('',#9595,.T.);
#9595 = EDGE_LOOP('',(#9596,#9597,#9598,#9599));
#9596 = ORIENTED_EDGE('',*,*,#9303,.F.);
#9597 = ORIENTED_EDGE('',*,*,#9582,.T.);
#9598 = ORIENTED_EDGE('',*,*,#9201,.T.);
#9599 = ORIENTED_EDGE('',*,*,#9227,.F.);
#9600 = PLANE('',#9601);
#9601 = AXIS2_PLACEMENT_3D('',#9602,#9603,#9604);
#9602 = CARTESIAN_POINT('',(0.25,0.165596257347,-3.301223703467));
#9603 = DIRECTION('',(8.302774088379E-17,0.64962967394,-0.760250805153)
  );
#9604 = DIRECTION('',(-1.,1.247195775152E-16,-2.638869166629E-18));
#9605 = ADVANCED_FACE('',(#9606),#9612,.F.);
#9606 = FACE_BOUND('',#9607,.F.);
#9607 = EDGE_LOOP('',(#9608,#9609,#9610,#9611));
#9608 = ORIENTED_EDGE('',*,*,#9410,.T.);
#9609 = ORIENTED_EDGE('',*,*,#9379,.F.);
#9610 = ORIENTED_EDGE('',*,*,#9451,.F.);
#9611 = ORIENTED_EDGE('',*,*,#9436,.T.);
#9612 = PLANE('',#9613);
#9613 = AXIS2_PLACEMENT_3D('',#9614,#9615,#9616);
#9614 = CARTESIAN_POINT('',(2.25,-0.25,5.));
#9615 = DIRECTION('',(-0.,0.,-1.));
#9616 = DIRECTION('',(1.224646799147E-16,1.,0.));
#9617 = ADVANCED_FACE('',(#9618),#9624,.F.);
#9618 = FACE_BOUND('',#9619,.F.);
#9619 = EDGE_LOOP('',(#9620,#9621,#9622,#9623));
#9620 = ORIENTED_EDGE('',*,*,#9506,.T.);
#9621 = ORIENTED_EDGE('',*,*,#9475,.F.);
#9622 = ORIENTED_EDGE('',*,*,#9547,.F.);
#9623 = ORIENTED_EDGE('',*,*,#9532,.T.);
#9624 = PLANE('',#9625);
#9625 = AXIS2_PLACEMENT_3D('',#9626,#9627,#9628);
#9626 = CARTESIAN_POINT('',(0.25,-0.25,5.));
#9627 = DIRECTION('',(-0.,0.,-1.));
#9628 = DIRECTION('',(1.224646799147E-16,1.,0.));
#9629 = ( GEOMETRIC_REPRESENTATION_CONTEXT(3) 
GLOBAL_UNCERTAINTY_ASSIGNED_CONTEXT((#9633)) 
GLOBAL_UNIT_ASSIGNED_CONTEXT((#9630,#9631,#9632)) REPRESENTATION_CONTEXT
('Context #1','3D Context with UNIT and UNCERTAINTY') );
#9630 = ( LENGTH_UNIT() NAMED_UNIT(*) SI_UNIT(.MILLI.,.METRE.) );
#9631 = ( NAMED_UNIT(*) PLANE_ANGLE_UNIT() SI_UNIT($,.RADIAN.) );
#9632 = ( NAMED_UNIT(*) SI_UNIT($,.STERADIAN.) SOLID_ANGLE_UNIT() );
#9633 = UNCERTAINTY_MEASURE_WITH_UNIT(LENGTH_MEASURE(1.E-07),#9630,
  'distance_accuracy_value','confusion accuracy');
#9634 = CONTEXT_DEPENDENT_SHAPE_REPRESENTATION(#9635,#9637);
#9635 = ( REPRESENTATION_RELATIONSHIP('','',#6736,#6713) 
REPRESENTATION_RELATIONSHIP_WITH_TRANSFORMATION(#9636) 
SHAPE_REPRESENTATION_RELATIONSHIP() );
#9636 = ITEM_DEFINED_TRANSFORMATION('','',#11,#6714);
#9637 = PRODUCT_DEFINITION_SHAPE('Placement','Placement of an item',
  #9638);
#9638 = NEXT_ASSEMBLY_USAGE_OCCURRENCE('21','=>[0:1:1:13]','',#6708,
  #6731,$);
#9639 = PRODUCT_RELATED_PRODUCT_CATEGORY('part',$,(#6733));
#9640 = CONTEXT_DEPENDENT_SHAPE_REPRESENTATION(#9641,#9643);
#9641 = ( REPRESENTATION_RELATIONSHIP('','',#3874,#10) 
REPRESENTATION_RELATIONSHIP_WITH_TRANSFORMATION(#9642) 
SHAPE_REPRESENTATION_RELATIONSHIP() );
#9642 = ITEM_DEFINED_TRANSFORMATION('','',#11,#79);
#9643 = PRODUCT_DEFINITION_SHAPE('Placement','Placement of an item',
  #9644);
#9644 = NEXT_ASSEMBLY_USAGE_OCCURRENCE('23','R5','',#5,#3869,$);
#9645 = CONTEXT_DEPENDENT_SHAPE_REPRESENTATION(#9646,#9648);
#9646 = ( REPRESENTATION_RELATIONSHIP('','',#2958,#10) 
REPRESENTATION_RELATIONSHIP_WITH_TRANSFORMATION(#9647) 
SHAPE_REPRESENTATION_RELATIONSHIP() );
#9647 = ITEM_DEFINED_TRANSFORMATION('','',#11,#83);
#9648 = PRODUCT_DEFINITION_SHAPE('Placement','Placement of an item',
  #9649);
#9649 = NEXT_ASSEMBLY_USAGE_OCCURRENCE('24','C3','',#5,#2953,$);
#9650 = CONTEXT_DEPENDENT_SHAPE_REPRESENTATION(#9651,#9653);
#9651 = ( REPRESENTATION_RELATIONSHIP('','',#2958,#10) 
REPRESENTATION_RELATIONSHIP_WITH_TRANSFORMATION(#9652) 
SHAPE_REPRESENTATION_RELATIONSHIP() );
#9652 = ITEM_DEFINED_TRANSFORMATION('','',#11,#87);
#9653 = PRODUCT_DEFINITION_SHAPE('Placement','Placement of an item',
  #9654);
#9654 = NEXT_ASSEMBLY_USAGE_OCCURRENCE('25','C12','',#5,#2953,$);
#9655 = CONTEXT_DEPENDENT_SHAPE_REPRESENTATION(#9656,#9658);
#9656 = ( REPRESENTATION_RELATIONSHIP('','',#3874,#10) 
REPRESENTATION_RELATIONSHIP_WITH_TRANSFORMATION(#9657) 
SHAPE_REPRESENTATION_RELATIONSHIP() );
#9657 = ITEM_DEFINED_TRANSFORMATION('','',#11,#91);
#9658 = PRODUCT_DEFINITION_SHAPE('Placement','Placement of an item',
  #9659);
#9659 = NEXT_ASSEMBLY_USAGE_OCCURRENCE('26','R2','',#5,#3869,$);
#9660 = CONTEXT_DEPENDENT_SHAPE_REPRESENTATION(#9661,#9663);
#9661 = ( REPRESENTATION_RELATIONSHIP('','',#2958,#10) 
REPRESENTATION_RELATIONSHIP_WITH_TRANSFORMATION(#9662) 
SHAPE_REPRESENTATION_RELATIONSHIP() );
#9662 = ITEM_DEFINED_TRANSFORMATION('','',#11,#95);
#9663 = PRODUCT_DEFINITION_SHAPE('Placement','Placement of an item',
  #9664);
#9664 = NEXT_ASSEMBLY_USAGE_OCCURRENCE('27','C10','',#5,#2953,$);
#9665 = CONTEXT_DEPENDENT_SHAPE_REPRESENTATION(#9666,#9668);
#9666 = ( REPRESENTATION_RELATIONSHIP('','',#2958,#10) 
REPRESENTATION_RELATIONSHIP_WITH_TRANSFORMATION(#9667) 
SHAPE_REPRESENTATION_RELATIONSHIP() );
#9667 = ITEM_DEFINED_TRANSFORMATION('','',#11,#99);
#9668 = PRODUCT_DEFINITION_SHAPE('Placement','Placement of an item',
  #9669);
#9669 = NEXT_ASSEMBLY_USAGE_OCCURRENCE('28','C11','',#5,#2953,$);
#9670 = CONTEXT_DEPENDENT_SHAPE_REPRESENTATION(#9671,#9673);
#9671 = ( REPRESENTATION_RELATIONSHIP('','',#3874,#10) 
REPRESENTATION_RELATIONSHIP_WITH_TRANSFORMATION(#9672) 
SHAPE_REPRESENTATION_RELATIONSHIP() );
#9672 = ITEM_DEFINED_TRANSFORMATION('','',#11,#103);
#9673 = PRODUCT_DEFINITION_SHAPE('Placement','Placement of an item',
  #9674);
#9674 = NEXT_ASSEMBLY_USAGE_OCCURRENCE('29','R6','',#5,#3869,$);
#9675 = CONTEXT_DEPENDENT_SHAPE_REPRESENTATION(#9676,#9678);
#9676 = ( REPRESENTATION_RELATIONSHIP('','',#2958,#10) 
REPRESENTATION_RELATIONSHIP_WITH_TRANSFORMATION(#9677) 
SHAPE_REPRESENTATION_RELATIONSHIP() );
#9677 = ITEM_DEFINED_TRANSFORMATION('','',#11,#107);
#9678 = PRODUCT_DEFINITION_SHAPE('Placement','Placement of an item',
  #9679);
#9679 = NEXT_ASSEMBLY_USAGE_OCCURRENCE('30','C6','',#5,#2953,$);
#9680 = CONTEXT_DEPENDENT_SHAPE_REPRESENTATION(#9681,#9683);
#9681 = ( REPRESENTATION_RELATIONSHIP('','',#6321,#10) 
REPRESENTATION_RELATIONSHIP_WITH_TRANSFORMATION(#9682) 
SHAPE_REPRESENTATION_RELATIONSHIP() );
#9682 = ITEM_DEFINED_TRANSFORMATION('','',#11,#111);
#9683 = PRODUCT_DEFINITION_SHAPE('Placement','Placement of an item',
  #9684);
#9684 = NEXT_ASSEMBLY_USAGE_OCCURRENCE('31','D3','',#5,#6316,$);
#9685 = SHAPE_DEFINITION_REPRESENTATION(#9686,#9692);
#9686 = PRODUCT_DEFINITION_SHAPE('','',#9687);
#9687 = PRODUCT_DEFINITION('design','',#9688,#9691);
#9688 = PRODUCT_DEFINITION_FORMATION('','',#9689);
#9689 = PRODUCT(
  'TerminalBlock_Phoenix_MKDS-3-2-5.08_1x02_P5.08mm_Horizontal',
  'TerminalBlock_Phoenix_MKDS-3-2-5.08_1x02_P5.08mm_Horizontal','',(
    #9690));
#9690 = PRODUCT_CONTEXT('',#2,'mechanical');
#9691 = PRODUCT_DEFINITION_CONTEXT('part definition',#2,'design');
#9692 = SHAPE_REPRESENTATION('',(#11,#9693),#9697);
#9693 = AXIS2_PLACEMENT_3D('',#9694,#9695,#9696);
#9694 = CARTESIAN_POINT('',(0.,0.,0.));
#9695 = DIRECTION('',(0.,0.,1.));
#9696 = DIRECTION('',(1.,0.,-0.));
#9697 = ( GEOMETRIC_REPRESENTATION_CONTEXT(3) 
GLOBAL_UNCERTAINTY_ASSIGNED_CONTEXT((#9701)) 
GLOBAL_UNIT_ASSIGNED_CONTEXT((#9698,#9699,#9700)) REPRESENTATION_CONTEXT
('Context #1','3D Context with UNIT and UNCERTAINTY') );
#9698 = ( LENGTH_UNIT() NAMED_UNIT(*) SI_UNIT(.MILLI.,.METRE.) );
#9699 = ( NAMED_UNIT(*) PLANE_ANGLE_UNIT() SI_UNIT($,.RADIAN.) );
#9700 = ( NAMED_UNIT(*) SI_UNIT($,.STERADIAN.) SOLID_ANGLE_UNIT() );
#9701 = UNCERTAINTY_MEASURE_WITH_UNIT(LENGTH_MEASURE(1.E-07),#9698,
  'distance_accuracy_value','confusion accuracy');
#9702 = CONTEXT_DEPENDENT_SHAPE_REPRESENTATION(#9703,#9705);
#9703 = ( REPRESENTATION_RELATIONSHIP('','',#9692,#10) 
REPRESENTATION_RELATIONSHIP_WITH_TRANSFORMATION(#9704) 
SHAPE_REPRESENTATION_RELATIONSHIP() );
#9704 = ITEM_DEFINED_TRANSFORMATION('','',#11,#115);
#9705 = PRODUCT_DEFINITION_SHAPE('Placement','Placement of an item',
  #9706);
#9706 = NEXT_ASSEMBLY_USAGE_OCCURRENCE('33','J1','',#5,#9687,$);
#9707 = PRODUCT_RELATED_PRODUCT_CATEGORY('part',$,(#9689));
#9708 = SHAPE_DEFINITION_REPRESENTATION(#9709,#9715);
#9709 = PRODUCT_DEFINITION_SHAPE('','',#9710);
#9710 = PRODUCT_DEFINITION('design','',#9711,#9714);
#9711 = PRODUCT_DEFINITION_FORMATION('','',#9712);
#9712 = PRODUCT(
  'TerminalBlock_Phoenix_MKDS-3-2-5.08_1x02_P5.08mm_Horizontal',
  'TerminalBlock_Phoenix_MKDS-3-2-5.08_1x02_P5.08mm_Horizontal','',(
    #9713));
#9713 = PRODUCT_CONTEXT('',#2,'mechanical');
#9714 = PRODUCT_DEFINITION_CONTEXT('part definition',#2,'design');
#9715 = ADVANCED_BREP_SHAPE_REPRESENTATION('',(#11,#9716),#12568);
#9716 = MANIFOLD_SOLID_BREP('',#9717);
#9717 = CLOSED_SHELL('',(#9718,#9890,#9976,#10068,#10092,#10171,#10195,
    #10219,#10236,#10260,#10277,#10294,#10325,#10349,#10373,#10390,
    #10421,#10445,#10469,#10486,#10508,#10547,#10564,#10576,#10588,
    #10600,#10629,#10668,#10691,#10708,#10737,#10776,#10799,#10816,
    #10828,#10840,#10852,#11011,#11170,#11194,#11218,#11269,#11281,
    #11305,#11329,#11380,#11392,#11408,#11441,#11466,#11497,#11507,
    #11532,#11563,#11594,#11616,#11626,#11657,#11675,#11691,#11724,
    #11749,#11780,#11790,#11815,#11846,#11877,#11899,#11909,#11940,
    #11958,#11980,#11999,#12016,#12030,#12052,#12071,#12088,#12102,
    #12127,#12238,#12248,#12258,#12283,#12394,#12404,#12414,#12430,
    #12447,#12464,#12481,#12491,#12507,#12524,#12541,#12558));
#9718 = ADVANCED_FACE('',(#9719,#9817,#9851),#9885,.F.);
#9719 = FACE_BOUND('',#9720,.F.);
#9720 = EDGE_LOOP('',(#9721,#9731,#9739,#9747,#9755,#9763,#9771,#9779,
    #9787,#9795,#9803,#9811));
#9721 = ORIENTED_EDGE('',*,*,#9722,.F.);
#9722 = EDGE_CURVE('',#9723,#9725,#9727,.T.);
#9723 = VERTEX_POINT('',#9724);
#9724 = CARTESIAN_POINT('',(-2.54,-5.283,0.));
#9725 = VERTEX_POINT('',#9726);
#9726 = CARTESIAN_POINT('',(-2.54,-3.5615,0.));
#9727 = LINE('',#9728,#9729);
#9728 = CARTESIAN_POINT('',(-2.54,-5.283,0.));
#9729 = VECTOR('',#9730,1.);
#9730 = DIRECTION('',(0.,1.,0.));
#9731 = ORIENTED_EDGE('',*,*,#9732,.T.);
#9732 = EDGE_CURVE('',#9723,#9733,#9735,.T.);
#9733 = VERTEX_POINT('',#9734);
#9734 = CARTESIAN_POINT('',(7.62,-5.283,0.));
#9735 = LINE('',#9736,#9737);
#9736 = CARTESIAN_POINT('',(-2.54,-5.283,0.));
#9737 = VECTOR('',#9738,1.);
#9738 = DIRECTION('',(1.,0.,0.));
#9739 = ORIENTED_EDGE('',*,*,#9740,.T.);
#9740 = EDGE_CURVE('',#9733,#9741,#9743,.T.);
#9741 = VERTEX_POINT('',#9742);
#9742 = CARTESIAN_POINT('',(7.62,-3.5615,0.));
#9743 = LINE('',#9744,#9745);
#9744 = CARTESIAN_POINT('',(7.62,-5.283,0.));
#9745 = VECTOR('',#9746,1.);
#9746 = DIRECTION('',(0.,1.,0.));
#9747 = ORIENTED_EDGE('',*,*,#9748,.F.);
#9748 = EDGE_CURVE('',#9749,#9741,#9751,.T.);
#9749 = VERTEX_POINT('',#9750);
#9750 = CARTESIAN_POINT('',(7.05,-3.74,0.));
#9751 = LINE('',#9752,#9753);
#9752 = CARTESIAN_POINT('',(7.05,-3.74,0.));
#9753 = VECTOR('',#9754,1.);
#9754 = DIRECTION('',(0.954301065121,0.298846912498,0.));
#9755 = ORIENTED_EDGE('',*,*,#9756,.F.);
#9756 = EDGE_CURVE('',#9757,#9749,#9759,.T.);
#9757 = VERTEX_POINT('',#9758);
#9758 = CARTESIAN_POINT('',(7.05,-3.026,0.));
#9759 = LINE('',#9760,#9761);
#9760 = CARTESIAN_POINT('',(7.05,-3.026,0.));
#9761 = VECTOR('',#9762,1.);
#9762 = DIRECTION('',(0.,-1.,0.));
#9763 = ORIENTED_EDGE('',*,*,#9764,.F.);
#9764 = EDGE_CURVE('',#9765,#9757,#9767,.T.);
#9765 = VERTEX_POINT('',#9766);
#9766 = CARTESIAN_POINT('',(7.62,-3.2045,0.));
#9767 = LINE('',#9768,#9769);
#9768 = CARTESIAN_POINT('',(7.62,-3.2045,0.));
#9769 = VECTOR('',#9770,1.);
#9770 = DIRECTION('',(-0.954301065121,0.298846912498,0.));
#9771 = ORIENTED_EDGE('',*,*,#9772,.T.);
#9772 = EDGE_CURVE('',#9765,#9773,#9775,.T.);
#9773 = VERTEX_POINT('',#9774);
#9774 = CARTESIAN_POINT('',(7.62,5.917,0.));
#9775 = LINE('',#9776,#9777);
#9776 = CARTESIAN_POINT('',(7.62,-5.283,0.));
#9777 = VECTOR('',#9778,1.);
#9778 = DIRECTION('',(0.,1.,0.));
#9779 = ORIENTED_EDGE('',*,*,#9780,.F.);
#9780 = EDGE_CURVE('',#9781,#9773,#9783,.T.);
#9781 = VERTEX_POINT('',#9782);
#9782 = CARTESIAN_POINT('',(-2.54,5.917,0.));
#9783 = LINE('',#9784,#9785);
#9784 = CARTESIAN_POINT('',(-2.54,5.917,0.));
#9785 = VECTOR('',#9786,1.);
#9786 = DIRECTION('',(1.,0.,0.));
#9787 = ORIENTED_EDGE('',*,*,#9788,.F.);
#9788 = EDGE_CURVE('',#9789,#9781,#9791,.T.);
#9789 = VERTEX_POINT('',#9790);
#9790 = CARTESIAN_POINT('',(-2.54,-3.2045,0.));
#9791 = LINE('',#9792,#9793);
#9792 = CARTESIAN_POINT('',(-2.54,-5.283,0.));
#9793 = VECTOR('',#9794,1.);
#9794 = DIRECTION('',(0.,1.,0.));
#9795 = ORIENTED_EDGE('',*,*,#9796,.T.);
#9796 = EDGE_CURVE('',#9789,#9797,#9799,.T.);
#9797 = VERTEX_POINT('',#9798);
#9798 = CARTESIAN_POINT('',(-3.11,-3.026,0.));
#9799 = LINE('',#9800,#9801);
#9800 = CARTESIAN_POINT('',(-2.54,-3.2045,0.));
#9801 = VECTOR('',#9802,1.);
#9802 = DIRECTION('',(-0.954301065121,0.298846912498,0.));
#9803 = ORIENTED_EDGE('',*,*,#9804,.T.);
#9804 = EDGE_CURVE('',#9797,#9805,#9807,.T.);
#9805 = VERTEX_POINT('',#9806);
#9806 = CARTESIAN_POINT('',(-3.11,-3.74,0.));
#9807 = LINE('',#9808,#9809);
#9808 = CARTESIAN_POINT('',(-3.11,-3.026,0.));
#9809 = VECTOR('',#9810,1.);
#9810 = DIRECTION('',(0.,-1.,0.));
#9811 = ORIENTED_EDGE('',*,*,#9812,.T.);
#9812 = EDGE_CURVE('',#9805,#9725,#9813,.T.);
#9813 = LINE('',#9814,#9815);
#9814 = CARTESIAN_POINT('',(-3.11,-3.74,0.));
#9815 = VECTOR('',#9816,1.);
#9816 = DIRECTION('',(0.954301065121,0.298846912498,0.));
#9817 = FACE_BOUND('',#9818,.F.);
#9818 = EDGE_LOOP('',(#9819,#9829,#9837,#9845));
#9819 = ORIENTED_EDGE('',*,*,#9820,.F.);
#9820 = EDGE_CURVE('',#9821,#9823,#9825,.T.);
#9821 = VERTEX_POINT('',#9822);
#9822 = CARTESIAN_POINT('',(4.63,-0.45,0.));
#9823 = VERTEX_POINT('',#9824);
#9824 = CARTESIAN_POINT('',(5.53,-0.45,0.));
#9825 = LINE('',#9826,#9827);
#9826 = CARTESIAN_POINT('',(1.045,-0.45,0.));
#9827 = VECTOR('',#9828,1.);
#9828 = DIRECTION('',(1.,0.,-0.));
#9829 = ORIENTED_EDGE('',*,*,#9830,.F.);
#9830 = EDGE_CURVE('',#9831,#9821,#9833,.T.);
#9831 = VERTEX_POINT('',#9832);
#9832 = CARTESIAN_POINT('',(4.63,0.45,0.));
#9833 = LINE('',#9834,#9835);
#9834 = CARTESIAN_POINT('',(4.63,-2.4165,0.));
#9835 = VECTOR('',#9836,1.);
#9836 = DIRECTION('',(0.,-1.,0.));
#9837 = ORIENTED_EDGE('',*,*,#9838,.F.);
#9838 = EDGE_CURVE('',#9839,#9831,#9841,.T.);
#9839 = VERTEX_POINT('',#9840);
#9840 = CARTESIAN_POINT('',(5.53,0.45,0.));
#9841 = LINE('',#9842,#9843);
#9842 = CARTESIAN_POINT('',(1.495,0.45,0.));
#9843 = VECTOR('',#9844,1.);
#9844 = DIRECTION('',(-1.,0.,0.));
#9845 = ORIENTED_EDGE('',*,*,#9846,.F.);
#9846 = EDGE_CURVE('',#9823,#9839,#9847,.T.);
#9847 = LINE('',#9848,#9849);
#9848 = CARTESIAN_POINT('',(5.53,-2.8665,0.));
#9849 = VECTOR('',#9850,1.);
#9850 = DIRECTION('',(0.,1.,0.));
#9851 = FACE_BOUND('',#9852,.F.);
#9852 = EDGE_LOOP('',(#9853,#9863,#9871,#9879));
#9853 = ORIENTED_EDGE('',*,*,#9854,.F.);
#9854 = EDGE_CURVE('',#9855,#9857,#9859,.T.);
#9855 = VERTEX_POINT('',#9856);
#9856 = CARTESIAN_POINT('',(-0.45,-0.45,0.));
#9857 = VERTEX_POINT('',#9858);
#9858 = CARTESIAN_POINT('',(0.45,-0.45,0.));
#9859 = LINE('',#9860,#9861);
#9860 = CARTESIAN_POINT('',(-1.495,-0.45,0.));
#9861 = VECTOR('',#9862,1.);
#9862 = DIRECTION('',(1.,0.,-0.));
#9863 = ORIENTED_EDGE('',*,*,#9864,.F.);
#9864 = EDGE_CURVE('',#9865,#9855,#9867,.T.);
#9865 = VERTEX_POINT('',#9866);
#9866 = CARTESIAN_POINT('',(-0.45,0.45,0.));
#9867 = LINE('',#9868,#9869);
#9868 = CARTESIAN_POINT('',(-0.45,-2.4165,0.));
#9869 = VECTOR('',#9870,1.);
#9870 = DIRECTION('',(0.,-1.,0.));
#9871 = ORIENTED_EDGE('',*,*,#9872,.F.);
#9872 = EDGE_CURVE('',#9873,#9865,#9875,.T.);
#9873 = VERTEX_POINT('',#9874);
#9874 = CARTESIAN_POINT('',(0.45,0.45,0.));
#9875 = LINE('',#9876,#9877);
#9876 = CARTESIAN_POINT('',(-1.045,0.45,0.));
#9877 = VECTOR('',#9878,1.);
#9878 = DIRECTION('',(-1.,0.,0.));
#9879 = ORIENTED_EDGE('',*,*,#9880,.F.);
#9880 = EDGE_CURVE('',#9857,#9873,#9881,.T.);
#9881 = LINE('',#9882,#9883);
#9882 = CARTESIAN_POINT('',(0.45,-2.8665,0.));
#9883 = VECTOR('',#9884,1.);
#9884 = DIRECTION('',(0.,1.,0.));
#9885 = PLANE('',#9886);
#9886 = AXIS2_PLACEMENT_3D('',#9887,#9888,#9889);
#9887 = CARTESIAN_POINT('',(-2.54,-5.283,0.));
#9888 = DIRECTION('',(0.,0.,1.));
#9889 = DIRECTION('',(0.,1.,0.));
#9890 = ADVANCED_FACE('',(#9891),#9971,.F.);
#9891 = FACE_BOUND('',#9892,.F.);
#9892 = EDGE_LOOP('',(#9893,#9903,#9911,#9917,#9918,#9926,#9934,#9940,
    #9941,#9949,#9957,#9965));
#9893 = ORIENTED_EDGE('',*,*,#9894,.T.);
#9894 = EDGE_CURVE('',#9895,#9897,#9899,.T.);
#9895 = VERTEX_POINT('',#9896);
#9896 = CARTESIAN_POINT('',(-2.54,-2.283,18.));
#9897 = VERTEX_POINT('',#9898);
#9898 = CARTESIAN_POINT('',(-2.54,-4.983,11.8));
#9899 = LINE('',#9900,#9901);
#9900 = CARTESIAN_POINT('',(-2.54,-2.283,18.));
#9901 = VECTOR('',#9902,1.);
#9902 = DIRECTION('',(0.,-0.39926676728,-0.916834798939));
#9903 = ORIENTED_EDGE('',*,*,#9904,.T.);
#9904 = EDGE_CURVE('',#9897,#9905,#9907,.T.);
#9905 = VERTEX_POINT('',#9906);
#9906 = CARTESIAN_POINT('',(-2.54,-5.283,11.8));
#9907 = LINE('',#9908,#9909);
#9908 = CARTESIAN_POINT('',(-2.54,-4.983,11.8));
#9909 = VECTOR('',#9910,1.);
#9910 = DIRECTION('',(0.,-1.,0.));
#9911 = ORIENTED_EDGE('',*,*,#9912,.T.);
#9912 = EDGE_CURVE('',#9905,#9723,#9913,.T.);
#9913 = LINE('',#9914,#9915);
#9914 = CARTESIAN_POINT('',(-2.54,-5.283,18.));
#9915 = VECTOR('',#9916,1.);
#9916 = DIRECTION('',(0.,0.,-1.));
#9917 = ORIENTED_EDGE('',*,*,#9722,.T.);
#9918 = ORIENTED_EDGE('',*,*,#9919,.T.);
#9919 = EDGE_CURVE('',#9725,#9920,#9922,.T.);
#9920 = VERTEX_POINT('',#9921);
#9921 = CARTESIAN_POINT('',(-2.54,-3.5615,12.));
#9922 = LINE('',#9923,#9924);
#9923 = CARTESIAN_POINT('',(-2.54,-3.5615,0.));
#9924 = VECTOR('',#9925,1.);
#9925 = DIRECTION('',(0.,0.,1.));
#9926 = ORIENTED_EDGE('',*,*,#9927,.T.);
#9927 = EDGE_CURVE('',#9920,#9928,#9930,.T.);
#9928 = VERTEX_POINT('',#9929);
#9929 = CARTESIAN_POINT('',(-2.54,-3.2045,12.));
#9930 = LINE('',#9931,#9932);
#9931 = CARTESIAN_POINT('',(-2.54,-3.5615,12.));
#9932 = VECTOR('',#9933,1.);
#9933 = DIRECTION('',(0.,1.,0.));
#9934 = ORIENTED_EDGE('',*,*,#9935,.F.);
#9935 = EDGE_CURVE('',#9789,#9928,#9936,.T.);
#9936 = LINE('',#9937,#9938);
#9937 = CARTESIAN_POINT('',(-2.54,-3.2045,0.));
#9938 = VECTOR('',#9939,1.);
#9939 = DIRECTION('',(0.,0.,1.));
#9940 = ORIENTED_EDGE('',*,*,#9788,.T.);
#9941 = ORIENTED_EDGE('',*,*,#9942,.T.);
#9942 = EDGE_CURVE('',#9781,#9943,#9945,.T.);
#9943 = VERTEX_POINT('',#9944);
#9944 = CARTESIAN_POINT('',(-2.54,5.917,9.8));
#9945 = LINE('',#9946,#9947);
#9946 = CARTESIAN_POINT('',(-2.54,5.917,0.));
#9947 = VECTOR('',#9948,1.);
#9948 = DIRECTION('',(0.,0.,1.));
#9949 = ORIENTED_EDGE('',*,*,#9950,.F.);
#9950 = EDGE_CURVE('',#9951,#9943,#9953,.T.);
#9951 = VERTEX_POINT('',#9952);
#9952 = CARTESIAN_POINT('',(-2.54,3.92,9.8));
#9953 = LINE('',#9954,#9955);
#9954 = CARTESIAN_POINT('',(-2.54,3.92,9.8));
#9955 = VECTOR('',#9956,1.);
#9956 = DIRECTION('',(0.,1.,0.));
#9957 = ORIENTED_EDGE('',*,*,#9958,.F.);
#9958 = EDGE_CURVE('',#9959,#9951,#9961,.T.);
#9959 = VERTEX_POINT('',#9960);
#9960 = CARTESIAN_POINT('',(-2.54,3.644,18.));
#9961 = LINE('',#9962,#9963);
#9962 = CARTESIAN_POINT('',(-2.54,3.644,18.));
#9963 = VECTOR('',#9964,1.);
#9964 = DIRECTION('',(0.,3.363948694083E-02,-0.999434032299));
#9965 = ORIENTED_EDGE('',*,*,#9966,.T.);
#9966 = EDGE_CURVE('',#9959,#9895,#9967,.T.);
#9967 = LINE('',#9968,#9969);
#9968 = CARTESIAN_POINT('',(-2.54,5.917,18.));
#9969 = VECTOR('',#9970,1.);
#9970 = DIRECTION('',(0.,-1.,0.));
#9971 = PLANE('',#9972);
#9972 = AXIS2_PLACEMENT_3D('',#9973,#9974,#9975);
#9973 = CARTESIAN_POINT('',(-2.54,0.317,9.));
#9974 = DIRECTION('',(1.,0.,0.));
#9975 = DIRECTION('',(-0.,0.,1.));
#9976 = ADVANCED_FACE('',(#9977,#9995,#10029),#10063,.F.);
#9977 = FACE_BOUND('',#9978,.F.);
#9978 = EDGE_LOOP('',(#9979,#9980,#9988,#9994));
#9979 = ORIENTED_EDGE('',*,*,#9912,.F.);
#9980 = ORIENTED_EDGE('',*,*,#9981,.T.);
#9981 = EDGE_CURVE('',#9905,#9982,#9984,.T.);
#9982 = VERTEX_POINT('',#9983);
#9983 = CARTESIAN_POINT('',(7.62,-5.283,11.8));
#9984 = LINE('',#9985,#9986);
#9985 = CARTESIAN_POINT('',(-2.54,-5.283,11.8));
#9986 = VECTOR('',#9987,1.);
#9987 = DIRECTION('',(1.,0.,0.));
#9988 = ORIENTED_EDGE('',*,*,#9989,.T.);
#9989 = EDGE_CURVE('',#9982,#9733,#9990,.T.);
#9990 = LINE('',#9991,#9992);
#9991 = CARTESIAN_POINT('',(7.62,-5.283,18.));
#9992 = VECTOR('',#9993,1.);
#9993 = DIRECTION('',(0.,0.,-1.));
#9994 = ORIENTED_EDGE('',*,*,#9732,.F.);
#9995 = FACE_BOUND('',#9996,.F.);
#9996 = EDGE_LOOP('',(#9997,#10007,#10015,#10023));
#9997 = ORIENTED_EDGE('',*,*,#9998,.F.);
#9998 = EDGE_CURVE('',#9999,#10001,#10003,.T.);
#9999 = VERTEX_POINT('',#10000);
#10000 = CARTESIAN_POINT('',(3.08,-5.283,3.3));
#10001 = VERTEX_POINT('',#10002);
#10002 = CARTESIAN_POINT('',(3.08,-5.283,8.8));
#10003 = LINE('',#10004,#10005);
#10004 = CARTESIAN_POINT('',(3.08,-5.283,3.3));
#10005 = VECTOR('',#10006,1.);
#10006 = DIRECTION('',(0.,0.,1.));
#10007 = ORIENTED_EDGE('',*,*,#10008,.F.);
#10008 = EDGE_CURVE('',#10009,#9999,#10011,.T.);
#10009 = VERTEX_POINT('',#10010);
#10010 = CARTESIAN_POINT('',(7.08,-5.283,3.3));
#10011 = LINE('',#10012,#10013);
#10012 = CARTESIAN_POINT('',(7.08,-5.283,3.3));
#10013 = VECTOR('',#10014,1.);
#10014 = DIRECTION('',(-1.,0.,-1.110223024625E-16));
#10015 = ORIENTED_EDGE('',*,*,#10016,.F.);
#10016 = EDGE_CURVE('',#10017,#10009,#10019,.T.);
#10017 = VERTEX_POINT('',#10018);
#10018 = CARTESIAN_POINT('',(7.08,-5.283,8.8));
#10019 = LINE('',#10020,#10021);
#10020 = CARTESIAN_POINT('',(7.08,-5.283,8.8));
#10021 = VECTOR('',#10022,1.);
#10022 = DIRECTION('',(0.,0.,-1.));
#10023 = ORIENTED_EDGE('',*,*,#10024,.F.);
#10024 = EDGE_CURVE('',#10001,#10017,#10025,.T.);
#10025 = LINE('',#10026,#10027);
#10026 = CARTESIAN_POINT('',(3.08,-5.283,8.8));
#10027 = VECTOR('',#10028,1.);
#10028 = DIRECTION('',(1.,0.,0.));
#10029 = FACE_BOUND('',#10030,.F.);
#10030 = EDGE_LOOP('',(#10031,#10041,#10049,#10057));
#10031 = ORIENTED_EDGE('',*,*,#10032,.F.);
#10032 = EDGE_CURVE('',#10033,#10035,#10037,.T.);
#10033 = VERTEX_POINT('',#10034);
#10034 = CARTESIAN_POINT('',(-2.,-5.283,3.3));
#10035 = VERTEX_POINT('',#10036);
#10036 = CARTESIAN_POINT('',(-2.,-5.283,8.8));
#10037 = LINE('',#10038,#10039);
#10038 = CARTESIAN_POINT('',(-2.,-5.283,3.3));
#10039 = VECTOR('',#10040,1.);
#10040 = DIRECTION('',(0.,0.,1.));
#10041 = ORIENTED_EDGE('',*,*,#10042,.F.);
#10042 = EDGE_CURVE('',#10043,#10033,#10045,.T.);
#10043 = VERTEX_POINT('',#10044);
#10044 = CARTESIAN_POINT('',(2.,-5.283,3.3));
#10045 = LINE('',#10046,#10047);
#10046 = CARTESIAN_POINT('',(2.,-5.283,3.3));
#10047 = VECTOR('',#10048,1.);
#10048 = DIRECTION('',(-1.,0.,-1.110223024625E-16));
#10049 = ORIENTED_EDGE('',*,*,#10050,.F.);
#10050 = EDGE_CURVE('',#10051,#10043,#10053,.T.);
#10051 = VERTEX_POINT('',#10052);
#10052 = CARTESIAN_POINT('',(2.,-5.283,8.8));
#10053 = LINE('',#10054,#10055);
#10054 = CARTESIAN_POINT('',(2.,-5.283,8.8));
#10055 = VECTOR('',#10056,1.);
#10056 = DIRECTION('',(0.,0.,-1.));
#10057 = ORIENTED_EDGE('',*,*,#10058,.F.);
#10058 = EDGE_CURVE('',#10035,#10051,#10059,.T.);
#10059 = LINE('',#10060,#10061);
#10060 = CARTESIAN_POINT('',(-2.,-5.283,8.8));
#10061 = VECTOR('',#10062,1.);
#10062 = DIRECTION('',(1.,0.,0.));
#10063 = PLANE('',#10064);
#10064 = AXIS2_PLACEMENT_3D('',#10065,#10066,#10067);
#10065 = CARTESIAN_POINT('',(-2.54,-5.283,18.));
#10066 = DIRECTION('',(-0.,1.,0.));
#10067 = DIRECTION('',(0.,0.,-1.));
#10068 = ADVANCED_FACE('',(#10069),#10087,.F.);
#10069 = FACE_BOUND('',#10070,.F.);
#10070 = EDGE_LOOP('',(#10071,#10079,#10085,#10086));
#10071 = ORIENTED_EDGE('',*,*,#10072,.T.);
#10072 = EDGE_CURVE('',#9805,#10073,#10075,.T.);
#10073 = VERTEX_POINT('',#10074);
#10074 = CARTESIAN_POINT('',(-3.11,-3.74,12.));
#10075 = LINE('',#10076,#10077);
#10076 = CARTESIAN_POINT('',(-3.11,-3.74,0.));
#10077 = VECTOR('',#10078,1.);
#10078 = DIRECTION('',(0.,0.,1.));
#10079 = ORIENTED_EDGE('',*,*,#10080,.T.);
#10080 = EDGE_CURVE('',#10073,#9920,#10081,.T.);
#10081 = LINE('',#10082,#10083);
#10082 = CARTESIAN_POINT('',(-3.11,-3.74,12.));
#10083 = VECTOR('',#10084,1.);
#10084 = DIRECTION('',(0.954301065121,0.298846912498,0.));
#10085 = ORIENTED_EDGE('',*,*,#9919,.F.);
#10086 = ORIENTED_EDGE('',*,*,#9812,.F.);
#10087 = PLANE('',#10088);
#10088 = AXIS2_PLACEMENT_3D('',#10089,#10090,#10091);
#10089 = CARTESIAN_POINT('',(-3.11,-3.74,0.));
#10090 = DIRECTION('',(-0.298846912498,0.954301065121,0.));
#10091 = DIRECTION('',(0.954301065121,0.298846912498,0.));
#10092 = ADVANCED_FACE('',(#10093),#10166,.T.);
#10093 = FACE_BOUND('',#10094,.T.);
#10094 = EDGE_LOOP('',(#10095,#10105,#10111,#10112,#10113,#10121,#10129,
    #10135,#10136,#10144,#10152,#10160));
#10095 = ORIENTED_EDGE('',*,*,#10096,.T.);
#10096 = EDGE_CURVE('',#10097,#10099,#10101,.T.);
#10097 = VERTEX_POINT('',#10098);
#10098 = CARTESIAN_POINT('',(7.62,-2.283,18.));
#10099 = VERTEX_POINT('',#10100);
#10100 = CARTESIAN_POINT('',(7.62,-4.983,11.8));
#10101 = LINE('',#10102,#10103);
#10102 = CARTESIAN_POINT('',(7.62,-2.283,18.));
#10103 = VECTOR('',#10104,1.);
#10104 = DIRECTION('',(0.,-0.39926676728,-0.916834798939));
#10105 = ORIENTED_EDGE('',*,*,#10106,.T.);
#10106 = EDGE_CURVE('',#10099,#9982,#10107,.T.);
#10107 = LINE('',#10108,#10109);
#10108 = CARTESIAN_POINT('',(7.62,-4.983,11.8));
#10109 = VECTOR('',#10110,1.);
#10110 = DIRECTION('',(0.,-1.,0.));
#10111 = ORIENTED_EDGE('',*,*,#9989,.T.);
#10112 = ORIENTED_EDGE('',*,*,#9740,.T.);
#10113 = ORIENTED_EDGE('',*,*,#10114,.T.);
#10114 = EDGE_CURVE('',#9741,#10115,#10117,.T.);
#10115 = VERTEX_POINT('',#10116);
#10116 = CARTESIAN_POINT('',(7.62,-3.5615,12.));
#10117 = LINE('',#10118,#10119);
#10118 = CARTESIAN_POINT('',(7.62,-3.5615,0.));
#10119 = VECTOR('',#10120,1.);
#10120 = DIRECTION('',(0.,0.,1.));
#10121 = ORIENTED_EDGE('',*,*,#10122,.T.);
#10122 = EDGE_CURVE('',#10115,#10123,#10125,.T.);
#10123 = VERTEX_POINT('',#10124);
#10124 = CARTESIAN_POINT('',(7.62,-3.2045,12.));
#10125 = LINE('',#10126,#10127);
#10126 = CARTESIAN_POINT('',(7.62,-3.5615,12.));
#10127 = VECTOR('',#10128,1.);
#10128 = DIRECTION('',(0.,1.,0.));
#10129 = ORIENTED_EDGE('',*,*,#10130,.F.);
#10130 = EDGE_CURVE('',#9765,#10123,#10131,.T.);
#10131 = LINE('',#10132,#10133);
#10132 = CARTESIAN_POINT('',(7.62,-3.2045,0.));
#10133 = VECTOR('',#10134,1.);
#10134 = DIRECTION('',(0.,0.,1.));
#10135 = ORIENTED_EDGE('',*,*,#9772,.T.);
#10136 = ORIENTED_EDGE('',*,*,#10137,.T.);
#10137 = EDGE_CURVE('',#9773,#10138,#10140,.T.);
#10138 = VERTEX_POINT('',#10139);
#10139 = CARTESIAN_POINT('',(7.62,5.917,9.8));
#10140 = LINE('',#10141,#10142);
#10141 = CARTESIAN_POINT('',(7.62,5.917,0.));
#10142 = VECTOR('',#10143,1.);
#10143 = DIRECTION('',(0.,0.,1.));
#10144 = ORIENTED_EDGE('',*,*,#10145,.F.);
#10145 = EDGE_CURVE('',#10146,#10138,#10148,.T.);
#10146 = VERTEX_POINT('',#10147);
#10147 = CARTESIAN_POINT('',(7.62,3.92,9.8));
#10148 = LINE('',#10149,#10150);
#10149 = CARTESIAN_POINT('',(7.62,3.92,9.8));
#10150 = VECTOR('',#10151,1.);
#10151 = DIRECTION('',(0.,1.,0.));
#10152 = ORIENTED_EDGE('',*,*,#10153,.F.);
#10153 = EDGE_CURVE('',#10154,#10146,#10156,.T.);
#10154 = VERTEX_POINT('',#10155);
#10155 = CARTESIAN_POINT('',(7.62,3.644,18.));
#10156 = LINE('',#10157,#10158);
#10157 = CARTESIAN_POINT('',(7.62,3.644,18.));
#10158 = VECTOR('',#10159,1.);
#10159 = DIRECTION('',(0.,3.363948694083E-02,-0.999434032299));
#10160 = ORIENTED_EDGE('',*,*,#10161,.T.);
#10161 = EDGE_CURVE('',#10154,#10097,#10162,.T.);
#10162 = LINE('',#10163,#10164);
#10163 = CARTESIAN_POINT('',(7.62,5.917,18.));
#10164 = VECTOR('',#10165,1.);
#10165 = DIRECTION('',(0.,-1.,0.));
#10166 = PLANE('',#10167);
#10167 = AXIS2_PLACEMENT_3D('',#10168,#10169,#10170);
#10168 = CARTESIAN_POINT('',(7.62,0.317,9.));
#10169 = DIRECTION('',(1.,0.,0.));
#10170 = DIRECTION('',(-0.,0.,1.));
#10171 = ADVANCED_FACE('',(#10172),#10190,.F.);
#10172 = FACE_BOUND('',#10173,.F.);
#10173 = EDGE_LOOP('',(#10174,#10182,#10188,#10189));
#10174 = ORIENTED_EDGE('',*,*,#10175,.T.);
#10175 = EDGE_CURVE('',#9797,#10176,#10178,.T.);
#10176 = VERTEX_POINT('',#10177);
#10177 = CARTESIAN_POINT('',(-3.11,-3.026,12.));
#10178 = LINE('',#10179,#10180);
#10179 = CARTESIAN_POINT('',(-3.11,-3.026,0.));
#10180 = VECTOR('',#10181,1.);
#10181 = DIRECTION('',(0.,0.,1.));
#10182 = ORIENTED_EDGE('',*,*,#10183,.T.);
#10183 = EDGE_CURVE('',#10176,#10073,#10184,.T.);
#10184 = LINE('',#10185,#10186);
#10185 = CARTESIAN_POINT('',(-3.11,-3.026,12.));
#10186 = VECTOR('',#10187,1.);
#10187 = DIRECTION('',(0.,-1.,0.));
#10188 = ORIENTED_EDGE('',*,*,#10072,.F.);
#10189 = ORIENTED_EDGE('',*,*,#9804,.F.);
#10190 = PLANE('',#10191);
#10191 = AXIS2_PLACEMENT_3D('',#10192,#10193,#10194);
#10192 = CARTESIAN_POINT('',(-3.11,-3.026,0.));
#10193 = DIRECTION('',(1.,0.,-0.));
#10194 = DIRECTION('',(0.,-1.,0.));
#10195 = ADVANCED_FACE('',(#10196),#10214,.T.);
#10196 = FACE_BOUND('',#10197,.T.);
#10197 = EDGE_LOOP('',(#10198,#10206,#10212,#10213));
#10198 = ORIENTED_EDGE('',*,*,#10199,.T.);
#10199 = EDGE_CURVE('',#9749,#10200,#10202,.T.);
#10200 = VERTEX_POINT('',#10201);
#10201 = CARTESIAN_POINT('',(7.05,-3.74,12.));
#10202 = LINE('',#10203,#10204);
#10203 = CARTESIAN_POINT('',(7.05,-3.74,0.));
#10204 = VECTOR('',#10205,1.);
#10205 = DIRECTION('',(0.,0.,1.));
#10206 = ORIENTED_EDGE('',*,*,#10207,.T.);
#10207 = EDGE_CURVE('',#10200,#10115,#10208,.T.);
#10208 = LINE('',#10209,#10210);
#10209 = CARTESIAN_POINT('',(7.05,-3.74,12.));
#10210 = VECTOR('',#10211,1.);
#10211 = DIRECTION('',(0.954301065121,0.298846912498,0.));
#10212 = ORIENTED_EDGE('',*,*,#10114,.F.);
#10213 = ORIENTED_EDGE('',*,*,#9748,.F.);
#10214 = PLANE('',#10215);
#10215 = AXIS2_PLACEMENT_3D('',#10216,#10217,#10218);
#10216 = CARTESIAN_POINT('',(7.05,-3.74,0.));
#10217 = DIRECTION('',(-0.298846912498,0.954301065121,0.));
#10218 = DIRECTION('',(0.954301065121,0.298846912498,0.));
#10219 = ADVANCED_FACE('',(#10220),#10231,.F.);
#10220 = FACE_BOUND('',#10221,.F.);
#10221 = EDGE_LOOP('',(#10222,#10223,#10229,#10230));
#10222 = ORIENTED_EDGE('',*,*,#9935,.T.);
#10223 = ORIENTED_EDGE('',*,*,#10224,.T.);
#10224 = EDGE_CURVE('',#9928,#10176,#10225,.T.);
#10225 = LINE('',#10226,#10227);
#10226 = CARTESIAN_POINT('',(-2.54,-3.2045,12.));
#10227 = VECTOR('',#10228,1.);
#10228 = DIRECTION('',(-0.954301065121,0.298846912498,0.));
#10229 = ORIENTED_EDGE('',*,*,#10175,.F.);
#10230 = ORIENTED_EDGE('',*,*,#9796,.F.);
#10231 = PLANE('',#10232);
#10232 = AXIS2_PLACEMENT_3D('',#10233,#10234,#10235);
#10233 = CARTESIAN_POINT('',(-2.54,-3.2045,0.));
#10234 = DIRECTION('',(-0.298846912498,-0.954301065121,0.));
#10235 = DIRECTION('',(-0.954301065121,0.298846912498,0.));
#10236 = ADVANCED_FACE('',(#10237),#10255,.T.);
#10237 = FACE_BOUND('',#10238,.T.);
#10238 = EDGE_LOOP('',(#10239,#10247,#10253,#10254));
#10239 = ORIENTED_EDGE('',*,*,#10240,.T.);
#10240 = EDGE_CURVE('',#9757,#10241,#10243,.T.);
#10241 = VERTEX_POINT('',#10242);
#10242 = CARTESIAN_POINT('',(7.05,-3.026,12.));
#10243 = LINE('',#10244,#10245);
#10244 = CARTESIAN_POINT('',(7.05,-3.026,0.));
#10245 = VECTOR('',#10246,1.);
#10246 = DIRECTION('',(0.,0.,1.));
#10247 = ORIENTED_EDGE('',*,*,#10248,.T.);
#10248 = EDGE_CURVE('',#10241,#10200,#10249,.T.);
#10249 = LINE('',#10250,#10251);
#10250 = CARTESIAN_POINT('',(7.05,-3.026,12.));
#10251 = VECTOR('',#10252,1.);
#10252 = DIRECTION('',(0.,-1.,0.));
#10253 = ORIENTED_EDGE('',*,*,#10199,.F.);
#10254 = ORIENTED_EDGE('',*,*,#9756,.F.);
#10255 = PLANE('',#10256);
#10256 = AXIS2_PLACEMENT_3D('',#10257,#10258,#10259);
#10257 = CARTESIAN_POINT('',(7.05,-3.026,0.));
#10258 = DIRECTION('',(1.,0.,-0.));
#10259 = DIRECTION('',(0.,-1.,0.));
#10260 = ADVANCED_FACE('',(#10261),#10272,.T.);
#10261 = FACE_BOUND('',#10262,.T.);
#10262 = EDGE_LOOP('',(#10263,#10264,#10270,#10271));
#10263 = ORIENTED_EDGE('',*,*,#10130,.T.);
#10264 = ORIENTED_EDGE('',*,*,#10265,.T.);
#10265 = EDGE_CURVE('',#10123,#10241,#10266,.T.);
#10266 = LINE('',#10267,#10268);
#10267 = CARTESIAN_POINT('',(7.62,-3.2045,12.));
#10268 = VECTOR('',#10269,1.);
#10269 = DIRECTION('',(-0.954301065121,0.298846912498,0.));
#10270 = ORIENTED_EDGE('',*,*,#10240,.F.);
#10271 = ORIENTED_EDGE('',*,*,#9764,.F.);
#10272 = PLANE('',#10273);
#10273 = AXIS2_PLACEMENT_3D('',#10274,#10275,#10276);
#10274 = CARTESIAN_POINT('',(7.62,-3.2045,0.));
#10275 = DIRECTION('',(-0.298846912498,-0.954301065121,0.));
#10276 = DIRECTION('',(-0.954301065121,0.298846912498,0.));
#10277 = ADVANCED_FACE('',(#10278),#10289,.F.);
#10278 = FACE_BOUND('',#10279,.F.);
#10279 = EDGE_LOOP('',(#10280,#10281,#10282,#10283));
#10280 = ORIENTED_EDGE('',*,*,#9942,.F.);
#10281 = ORIENTED_EDGE('',*,*,#9780,.T.);
#10282 = ORIENTED_EDGE('',*,*,#10137,.T.);
#10283 = ORIENTED_EDGE('',*,*,#10284,.F.);
#10284 = EDGE_CURVE('',#9943,#10138,#10285,.T.);
#10285 = LINE('',#10286,#10287);
#10286 = CARTESIAN_POINT('',(-2.54,5.917,9.8));
#10287 = VECTOR('',#10288,1.);
#10288 = DIRECTION('',(1.,0.,0.));
#10289 = PLANE('',#10290);
#10290 = AXIS2_PLACEMENT_3D('',#10291,#10292,#10293);
#10291 = CARTESIAN_POINT('',(-2.54,5.917,0.));
#10292 = DIRECTION('',(0.,-1.,0.));
#10293 = DIRECTION('',(0.,0.,1.));
#10294 = ADVANCED_FACE('',(#10295),#10320,.T.);
#10295 = FACE_BOUND('',#10296,.T.);
#10296 = EDGE_LOOP('',(#10297,#10298,#10306,#10314));
#10297 = ORIENTED_EDGE('',*,*,#9820,.F.);
#10298 = ORIENTED_EDGE('',*,*,#10299,.T.);
#10299 = EDGE_CURVE('',#9821,#10300,#10302,.T.);
#10300 = VERTEX_POINT('',#10301);
#10301 = CARTESIAN_POINT('',(4.63,-0.45,-5.));
#10302 = LINE('',#10303,#10304);
#10303 = CARTESIAN_POINT('',(4.63,-0.45,3.3));
#10304 = VECTOR('',#10305,1.);
#10305 = DIRECTION('',(-0.,-0.,-1.));
#10306 = ORIENTED_EDGE('',*,*,#10307,.T.);
#10307 = EDGE_CURVE('',#10300,#10308,#10310,.T.);
#10308 = VERTEX_POINT('',#10309);
#10309 = CARTESIAN_POINT('',(5.53,-0.45,-5.));
#10310 = LINE('',#10311,#10312);
#10311 = CARTESIAN_POINT('',(4.63,-0.45,-5.));
#10312 = VECTOR('',#10313,1.);
#10313 = DIRECTION('',(1.,0.,0.));
#10314 = ORIENTED_EDGE('',*,*,#10315,.F.);
#10315 = EDGE_CURVE('',#9823,#10308,#10316,.T.);
#10316 = LINE('',#10317,#10318);
#10317 = CARTESIAN_POINT('',(5.53,-0.45,3.3));
#10318 = VECTOR('',#10319,1.);
#10319 = DIRECTION('',(-0.,-0.,-1.));
#10320 = PLANE('',#10321);
#10321 = AXIS2_PLACEMENT_3D('',#10322,#10323,#10324);
#10322 = CARTESIAN_POINT('',(4.63,-0.45,3.3));
#10323 = DIRECTION('',(0.,-1.,0.));
#10324 = DIRECTION('',(1.,0.,0.));
#10325 = ADVANCED_FACE('',(#10326),#10344,.T.);
#10326 = FACE_BOUND('',#10327,.T.);
#10327 = EDGE_LOOP('',(#10328,#10329,#10330,#10338));
#10328 = ORIENTED_EDGE('',*,*,#9846,.F.);
#10329 = ORIENTED_EDGE('',*,*,#10315,.T.);
#10330 = ORIENTED_EDGE('',*,*,#10331,.T.);
#10331 = EDGE_CURVE('',#10308,#10332,#10334,.T.);
#10332 = VERTEX_POINT('',#10333);
#10333 = CARTESIAN_POINT('',(5.53,0.45,-5.));
#10334 = LINE('',#10335,#10336);
#10335 = CARTESIAN_POINT('',(5.53,-0.45,-5.));
#10336 = VECTOR('',#10337,1.);
#10337 = DIRECTION('',(0.,1.,0.));
#10338 = ORIENTED_EDGE('',*,*,#10339,.F.);
#10339 = EDGE_CURVE('',#9839,#10332,#10340,.T.);
#10340 = LINE('',#10341,#10342);
#10341 = CARTESIAN_POINT('',(5.53,0.45,3.3));
#10342 = VECTOR('',#10343,1.);
#10343 = DIRECTION('',(-0.,-0.,-1.));
#10344 = PLANE('',#10345);
#10345 = AXIS2_PLACEMENT_3D('',#10346,#10347,#10348);
#10346 = CARTESIAN_POINT('',(5.53,-0.45,3.3));
#10347 = DIRECTION('',(1.,0.,0.));
#10348 = DIRECTION('',(-0.,1.,0.));
#10349 = ADVANCED_FACE('',(#10350),#10368,.T.);
#10350 = FACE_BOUND('',#10351,.T.);
#10351 = EDGE_LOOP('',(#10352,#10353,#10354,#10362));
#10352 = ORIENTED_EDGE('',*,*,#9838,.F.);
#10353 = ORIENTED_EDGE('',*,*,#10339,.T.);
#10354 = ORIENTED_EDGE('',*,*,#10355,.T.);
#10355 = EDGE_CURVE('',#10332,#10356,#10358,.T.);
#10356 = VERTEX_POINT('',#10357);
#10357 = CARTESIAN_POINT('',(4.63,0.45,-5.));
#10358 = LINE('',#10359,#10360);
#10359 = CARTESIAN_POINT('',(5.53,0.45,-5.));
#10360 = VECTOR('',#10361,1.);
#10361 = DIRECTION('',(-1.,0.,0.));
#10362 = ORIENTED_EDGE('',*,*,#10363,.F.);
#10363 = EDGE_CURVE('',#9831,#10356,#10364,.T.);
#10364 = LINE('',#10365,#10366);
#10365 = CARTESIAN_POINT('',(4.63,0.45,3.3));
#10366 = VECTOR('',#10367,1.);
#10367 = DIRECTION('',(-0.,-0.,-1.));
#10368 = PLANE('',#10369);
#10369 = AXIS2_PLACEMENT_3D('',#10370,#10371,#10372);
#10370 = CARTESIAN_POINT('',(5.53,0.45,3.3));
#10371 = DIRECTION('',(0.,1.,-0.));
#10372 = DIRECTION('',(-1.,0.,0.));
#10373 = ADVANCED_FACE('',(#10374),#10385,.T.);
#10374 = FACE_BOUND('',#10375,.T.);
#10375 = EDGE_LOOP('',(#10376,#10377,#10378,#10384));
#10376 = ORIENTED_EDGE('',*,*,#9830,.F.);
#10377 = ORIENTED_EDGE('',*,*,#10363,.T.);
#10378 = ORIENTED_EDGE('',*,*,#10379,.T.);
#10379 = EDGE_CURVE('',#10356,#10300,#10380,.T.);
#10380 = LINE('',#10381,#10382);
#10381 = CARTESIAN_POINT('',(4.63,0.45,-5.));
#10382 = VECTOR('',#10383,1.);
#10383 = DIRECTION('',(0.,-1.,0.));
#10384 = ORIENTED_EDGE('',*,*,#10299,.F.);
#10385 = PLANE('',#10386);
#10386 = AXIS2_PLACEMENT_3D('',#10387,#10388,#10389);
#10387 = CARTESIAN_POINT('',(4.63,0.45,3.3));
#10388 = DIRECTION('',(-1.,0.,0.));
#10389 = DIRECTION('',(0.,-1.,0.));
#10390 = ADVANCED_FACE('',(#10391),#10416,.T.);
#10391 = FACE_BOUND('',#10392,.T.);
#10392 = EDGE_LOOP('',(#10393,#10394,#10402,#10410));
#10393 = ORIENTED_EDGE('',*,*,#9854,.F.);
#10394 = ORIENTED_EDGE('',*,*,#10395,.T.);
#10395 = EDGE_CURVE('',#9855,#10396,#10398,.T.);
#10396 = VERTEX_POINT('',#10397);
#10397 = CARTESIAN_POINT('',(-0.45,-0.45,-5.));
#10398 = LINE('',#10399,#10400);
#10399 = CARTESIAN_POINT('',(-0.45,-0.45,3.3));
#10400 = VECTOR('',#10401,1.);
#10401 = DIRECTION('',(-0.,-0.,-1.));
#10402 = ORIENTED_EDGE('',*,*,#10403,.T.);
#10403 = EDGE_CURVE('',#10396,#10404,#10406,.T.);
#10404 = VERTEX_POINT('',#10405);
#10405 = CARTESIAN_POINT('',(0.45,-0.45,-5.));
#10406 = LINE('',#10407,#10408);
#10407 = CARTESIAN_POINT('',(-0.45,-0.45,-5.));
#10408 = VECTOR('',#10409,1.);
#10409 = DIRECTION('',(1.,0.,0.));
#10410 = ORIENTED_EDGE('',*,*,#10411,.F.);
#10411 = EDGE_CURVE('',#9857,#10404,#10412,.T.);
#10412 = LINE('',#10413,#10414);
#10413 = CARTESIAN_POINT('',(0.45,-0.45,3.3));
#10414 = VECTOR('',#10415,1.);
#10415 = DIRECTION('',(-0.,-0.,-1.));
#10416 = PLANE('',#10417);
#10417 = AXIS2_PLACEMENT_3D('',#10418,#10419,#10420);
#10418 = CARTESIAN_POINT('',(-0.45,-0.45,3.3));
#10419 = DIRECTION('',(0.,-1.,0.));
#10420 = DIRECTION('',(1.,0.,0.));
#10421 = ADVANCED_FACE('',(#10422),#10440,.T.);
#10422 = FACE_BOUND('',#10423,.T.);
#10423 = EDGE_LOOP('',(#10424,#10425,#10426,#10434));
#10424 = ORIENTED_EDGE('',*,*,#9880,.F.);
#10425 = ORIENTED_EDGE('',*,*,#10411,.T.);
#10426 = ORIENTED_EDGE('',*,*,#10427,.T.);
#10427 = EDGE_CURVE('',#10404,#10428,#10430,.T.);
#10428 = VERTEX_POINT('',#10429);
#10429 = CARTESIAN_POINT('',(0.45,0.45,-5.));
#10430 = LINE('',#10431,#10432);
#10431 = CARTESIAN_POINT('',(0.45,-0.45,-5.));
#10432 = VECTOR('',#10433,1.);
#10433 = DIRECTION('',(0.,1.,0.));
#10434 = ORIENTED_EDGE('',*,*,#10435,.F.);
#10435 = EDGE_CURVE('',#9873,#10428,#10436,.T.);
#10436 = LINE('',#10437,#10438);
#10437 = CARTESIAN_POINT('',(0.45,0.45,3.3));
#10438 = VECTOR('',#10439,1.);
#10439 = DIRECTION('',(-0.,-0.,-1.));
#10440 = PLANE('',#10441);
#10441 = AXIS2_PLACEMENT_3D('',#10442,#10443,#10444);
#10442 = CARTESIAN_POINT('',(0.45,-0.45,3.3));
#10443 = DIRECTION('',(1.,0.,0.));
#10444 = DIRECTION('',(-0.,1.,0.));
#10445 = ADVANCED_FACE('',(#10446),#10464,.T.);
#10446 = FACE_BOUND('',#10447,.T.);
#10447 = EDGE_LOOP('',(#10448,#10449,#10450,#10458));
#10448 = ORIENTED_EDGE('',*,*,#9872,.F.);
#10449 = ORIENTED_EDGE('',*,*,#10435,.T.);
#10450 = ORIENTED_EDGE('',*,*,#10451,.T.);
#10451 = EDGE_CURVE('',#10428,#10452,#10454,.T.);
#10452 = VERTEX_POINT('',#10453);
#10453 = CARTESIAN_POINT('',(-0.45,0.45,-5.));
#10454 = LINE('',#10455,#10456);
#10455 = CARTESIAN_POINT('',(0.45,0.45,-5.));
#10456 = VECTOR('',#10457,1.);
#10457 = DIRECTION('',(-1.,0.,0.));
#10458 = ORIENTED_EDGE('',*,*,#10459,.F.);
#10459 = EDGE_CURVE('',#9865,#10452,#10460,.T.);
#10460 = LINE('',#10461,#10462);
#10461 = CARTESIAN_POINT('',(-0.45,0.45,3.3));
#10462 = VECTOR('',#10463,1.);
#10463 = DIRECTION('',(-0.,-0.,-1.));
#10464 = PLANE('',#10465);
#10465 = AXIS2_PLACEMENT_3D('',#10466,#10467,#10468);
#10466 = CARTESIAN_POINT('',(0.45,0.45,3.3));
#10467 = DIRECTION('',(0.,1.,-0.));
#10468 = DIRECTION('',(-1.,0.,0.));
#10469 = ADVANCED_FACE('',(#10470),#10481,.T.);
#10470 = FACE_BOUND('',#10471,.T.);
#10471 = EDGE_LOOP('',(#10472,#10473,#10474,#10480));
#10472 = ORIENTED_EDGE('',*,*,#9864,.F.);
#10473 = ORIENTED_EDGE('',*,*,#10459,.T.);
#10474 = ORIENTED_EDGE('',*,*,#10475,.T.);
#10475 = EDGE_CURVE('',#10452,#10396,#10476,.T.);
#10476 = LINE('',#10477,#10478);
#10477 = CARTESIAN_POINT('',(-0.45,0.45,-5.));
#10478 = VECTOR('',#10479,1.);
#10479 = DIRECTION('',(0.,-1.,0.));
#10480 = ORIENTED_EDGE('',*,*,#10395,.F.);
#10481 = PLANE('',#10482);
#10482 = AXIS2_PLACEMENT_3D('',#10483,#10484,#10485);
#10483 = CARTESIAN_POINT('',(-0.45,0.45,3.3));
#10484 = DIRECTION('',(-1.,0.,0.));
#10485 = DIRECTION('',(0.,-1.,0.));
#10486 = ADVANCED_FACE('',(#10487),#10503,.F.);
#10487 = FACE_BOUND('',#10488,.F.);
#10488 = EDGE_LOOP('',(#10489,#10495,#10496,#10502));
#10489 = ORIENTED_EDGE('',*,*,#10490,.T.);
#10490 = EDGE_CURVE('',#9895,#10097,#10491,.T.);
#10491 = LINE('',#10492,#10493);
#10492 = CARTESIAN_POINT('',(-2.54,-2.283,18.));
#10493 = VECTOR('',#10494,1.);
#10494 = DIRECTION('',(1.,0.,0.));
#10495 = ORIENTED_EDGE('',*,*,#10096,.T.);
#10496 = ORIENTED_EDGE('',*,*,#10497,.F.);
#10497 = EDGE_CURVE('',#9897,#10099,#10498,.T.);
#10498 = LINE('',#10499,#10500);
#10499 = CARTESIAN_POINT('',(-2.54,-4.983,11.8));
#10500 = VECTOR('',#10501,1.);
#10501 = DIRECTION('',(1.,0.,0.));
#10502 = ORIENTED_EDGE('',*,*,#9894,.F.);
#10503 = PLANE('',#10504);
#10504 = AXIS2_PLACEMENT_3D('',#10505,#10506,#10507);
#10505 = CARTESIAN_POINT('',(-2.54,-2.283,18.));
#10506 = DIRECTION('',(0.,0.916834798939,-0.39926676728));
#10507 = DIRECTION('',(0.,-0.39926676728,-0.916834798939));
#10508 = ADVANCED_FACE('',(#10509,#10520,#10531),#10542,.F.);
#10509 = FACE_BOUND('',#10510,.F.);
#10510 = EDGE_LOOP('',(#10511,#10512,#10518,#10519));
#10511 = ORIENTED_EDGE('',*,*,#9966,.F.);
#10512 = ORIENTED_EDGE('',*,*,#10513,.T.);
#10513 = EDGE_CURVE('',#9959,#10154,#10514,.T.);
#10514 = LINE('',#10515,#10516);
#10515 = CARTESIAN_POINT('',(-2.54,3.644,18.));
#10516 = VECTOR('',#10517,1.);
#10517 = DIRECTION('',(1.,0.,0.));
#10518 = ORIENTED_EDGE('',*,*,#10161,.T.);
#10519 = ORIENTED_EDGE('',*,*,#10490,.F.);
#10520 = FACE_BOUND('',#10521,.F.);
#10521 = EDGE_LOOP('',(#10522));
#10522 = ORIENTED_EDGE('',*,*,#10523,.T.);
#10523 = EDGE_CURVE('',#10524,#10524,#10526,.T.);
#10524 = VERTEX_POINT('',#10525);
#10525 = CARTESIAN_POINT('',(7.08,0.217,18.));
#10526 = CIRCLE('',#10527,2.);
#10527 = AXIS2_PLACEMENT_3D('',#10528,#10529,#10530);
#10528 = CARTESIAN_POINT('',(5.08,0.217,18.));
#10529 = DIRECTION('',(0.,0.,1.));
#10530 = DIRECTION('',(1.,0.,-0.));
#10531 = FACE_BOUND('',#10532,.F.);
#10532 = EDGE_LOOP('',(#10533));
#10533 = ORIENTED_EDGE('',*,*,#10534,.T.);
#10534 = EDGE_CURVE('',#10535,#10535,#10537,.T.);
#10535 = VERTEX_POINT('',#10536);
#10536 = CARTESIAN_POINT('',(2.,0.217,18.));
#10537 = CIRCLE('',#10538,2.);
#10538 = AXIS2_PLACEMENT_3D('',#10539,#10540,#10541);
#10539 = CARTESIAN_POINT('',(0.,0.217,18.));
#10540 = DIRECTION('',(0.,0.,1.));
#10541 = DIRECTION('',(1.,0.,-0.));
#10542 = PLANE('',#10543);
#10543 = AXIS2_PLACEMENT_3D('',#10544,#10545,#10546);
#10544 = CARTESIAN_POINT('',(-2.54,5.917,18.));
#10545 = DIRECTION('',(0.,0.,-1.));
#10546 = DIRECTION('',(0.,-1.,0.));
#10547 = ADVANCED_FACE('',(#10548),#10559,.T.);
#10548 = FACE_BOUND('',#10549,.T.);
#10549 = EDGE_LOOP('',(#10550,#10551,#10552,#10558));
#10550 = ORIENTED_EDGE('',*,*,#10513,.T.);
#10551 = ORIENTED_EDGE('',*,*,#10153,.T.);
#10552 = ORIENTED_EDGE('',*,*,#10553,.F.);
#10553 = EDGE_CURVE('',#9951,#10146,#10554,.T.);
#10554 = LINE('',#10555,#10556);
#10555 = CARTESIAN_POINT('',(-2.54,3.92,9.8));
#10556 = VECTOR('',#10557,1.);
#10557 = DIRECTION('',(1.,0.,0.));
#10558 = ORIENTED_EDGE('',*,*,#9958,.F.);
#10559 = PLANE('',#10560);
#10560 = AXIS2_PLACEMENT_3D('',#10561,#10562,#10563);
#10561 = CARTESIAN_POINT('',(-2.54,3.644,18.));
#10562 = DIRECTION('',(-0.,0.999434032299,3.363948694083E-02));
#10563 = DIRECTION('',(0.,3.363948694083E-02,-0.999434032299));
#10564 = ADVANCED_FACE('',(#10565),#10571,.T.);
#10565 = FACE_BOUND('',#10566,.T.);
#10566 = EDGE_LOOP('',(#10567,#10568,#10569,#10570));
#10567 = ORIENTED_EDGE('',*,*,#10553,.T.);
#10568 = ORIENTED_EDGE('',*,*,#10145,.T.);
#10569 = ORIENTED_EDGE('',*,*,#10284,.F.);
#10570 = ORIENTED_EDGE('',*,*,#9950,.F.);
#10571 = PLANE('',#10572);
#10572 = AXIS2_PLACEMENT_3D('',#10573,#10574,#10575);
#10573 = CARTESIAN_POINT('',(-2.54,3.92,9.8));
#10574 = DIRECTION('',(0.,0.,1.));
#10575 = DIRECTION('',(0.,1.,0.));
#10576 = ADVANCED_FACE('',(#10577),#10583,.T.);
#10577 = FACE_BOUND('',#10578,.T.);
#10578 = EDGE_LOOP('',(#10579,#10580,#10581,#10582));
#10579 = ORIENTED_EDGE('',*,*,#10224,.T.);
#10580 = ORIENTED_EDGE('',*,*,#10183,.T.);
#10581 = ORIENTED_EDGE('',*,*,#10080,.T.);
#10582 = ORIENTED_EDGE('',*,*,#9927,.T.);
#10583 = PLANE('',#10584);
#10584 = AXIS2_PLACEMENT_3D('',#10585,#10586,#10587);
#10585 = CARTESIAN_POINT('',(-2.869908800733,-3.383,12.));
#10586 = DIRECTION('',(0.,0.,1.));
#10587 = DIRECTION('',(1.,0.,-0.));
#10588 = ADVANCED_FACE('',(#10589),#10595,.F.);
#10589 = FACE_BOUND('',#10590,.F.);
#10590 = EDGE_LOOP('',(#10591,#10592,#10593,#10594));
#10591 = ORIENTED_EDGE('',*,*,#10497,.T.);
#10592 = ORIENTED_EDGE('',*,*,#10106,.T.);
#10593 = ORIENTED_EDGE('',*,*,#9981,.F.);
#10594 = ORIENTED_EDGE('',*,*,#9904,.F.);
#10595 = PLANE('',#10596);
#10596 = AXIS2_PLACEMENT_3D('',#10597,#10598,#10599);
#10597 = CARTESIAN_POINT('',(-2.54,-4.983,11.8));
#10598 = DIRECTION('',(0.,0.,-1.));
#10599 = DIRECTION('',(0.,-1.,0.));
#10600 = ADVANCED_FACE('',(#10601),#10624,.F.);
#10601 = FACE_BOUND('',#10602,.F.);
#10602 = EDGE_LOOP('',(#10603,#10613,#10618,#10619));
#10603 = ORIENTED_EDGE('',*,*,#10604,.T.);
#10604 = EDGE_CURVE('',#10605,#10607,#10609,.T.);
#10605 = VERTEX_POINT('',#10606);
#10606 = CARTESIAN_POINT('',(3.68,-3.083,8.));
#10607 = VERTEX_POINT('',#10608);
#10608 = CARTESIAN_POINT('',(3.68,-3.083,3.3));
#10609 = LINE('',#10610,#10611);
#10610 = CARTESIAN_POINT('',(3.68,-3.083,8.));
#10611 = VECTOR('',#10612,1.);
#10612 = DIRECTION('',(0.,0.,-1.));
#10613 = ORIENTED_EDGE('',*,*,#10614,.T.);
#10614 = EDGE_CURVE('',#10607,#9999,#10615,.T.);
#10615 = B_SPLINE_CURVE_WITH_KNOTS('',1,(#10616,#10617),.UNSPECIFIED.,
  .F.,.F.,(2,2),(0.,1.),.PIECEWISE_BEZIER_KNOTS.);
#10616 = CARTESIAN_POINT('',(3.68,-3.083,3.3));
#10617 = CARTESIAN_POINT('',(3.08,-5.283,3.3));
#10618 = ORIENTED_EDGE('',*,*,#9998,.T.);
#10619 = ORIENTED_EDGE('',*,*,#10620,.F.);
#10620 = EDGE_CURVE('',#10605,#10001,#10621,.T.);
#10621 = B_SPLINE_CURVE_WITH_KNOTS('',1,(#10622,#10623),.UNSPECIFIED.,
  .F.,.F.,(2,2),(0.,1.),.PIECEWISE_BEZIER_KNOTS.);
#10622 = CARTESIAN_POINT('',(3.68,-3.083,8.));
#10623 = CARTESIAN_POINT('',(3.08,-5.283,8.8));
#10624 = B_SPLINE_SURFACE_WITH_KNOTS('',1,1,(
    (#10625,#10626)
    ,(#10627,#10628
    )),.UNSPECIFIED.,.F.,.F.,.F.,(2,2),(2,2),(-5.5,0.),(0.,1.),
  .PIECEWISE_BEZIER_KNOTS.);
#10625 = CARTESIAN_POINT('',(3.68,-3.083,8.));
#10626 = CARTESIAN_POINT('',(3.08,-5.283,8.8));
#10627 = CARTESIAN_POINT('',(3.68,-3.083,3.3));
#10628 = CARTESIAN_POINT('',(3.08,-5.283,3.3));
#10629 = ADVANCED_FACE('',(#10630),#10663,.F.);
#10630 = FACE_BOUND('',#10631,.F.);
#10631 = EDGE_LOOP('',(#10632,#10633,#10641,#10649,#10657,#10662));
#10632 = ORIENTED_EDGE('',*,*,#10614,.F.);
#10633 = ORIENTED_EDGE('',*,*,#10634,.T.);
#10634 = EDGE_CURVE('',#10607,#10635,#10637,.T.);
#10635 = VERTEX_POINT('',#10636);
#10636 = CARTESIAN_POINT('',(3.68,-2.,3.3));
#10637 = LINE('',#10638,#10639);
#10638 = CARTESIAN_POINT('',(3.68,-105.283,3.3));
#10639 = VECTOR('',#10640,1.);
#10640 = DIRECTION('',(-0.,1.,-0.));
#10641 = ORIENTED_EDGE('',*,*,#10642,.T.);
#10642 = EDGE_CURVE('',#10635,#10643,#10645,.T.);
#10643 = VERTEX_POINT('',#10644);
#10644 = CARTESIAN_POINT('',(6.48,-2.,3.3));
#10645 = LINE('',#10646,#10647);
#10646 = CARTESIAN_POINT('',(3.68,-2.,3.3));
#10647 = VECTOR('',#10648,1.);
#10648 = DIRECTION('',(1.,0.,0.));
#10649 = ORIENTED_EDGE('',*,*,#10650,.F.);
#10650 = EDGE_CURVE('',#10651,#10643,#10653,.T.);
#10651 = VERTEX_POINT('',#10652);
#10652 = CARTESIAN_POINT('',(6.48,-3.083,3.3));
#10653 = LINE('',#10654,#10655);
#10654 = CARTESIAN_POINT('',(6.48,-105.283,3.3));
#10655 = VECTOR('',#10656,1.);
#10656 = DIRECTION('',(-0.,1.,-0.));
#10657 = ORIENTED_EDGE('',*,*,#10658,.T.);
#10658 = EDGE_CURVE('',#10651,#10009,#10659,.T.);
#10659 = B_SPLINE_CURVE_WITH_KNOTS('',1,(#10660,#10661),.UNSPECIFIED.,
  .F.,.F.,(2,2),(0.,1.),.PIECEWISE_BEZIER_KNOTS.);
#10660 = CARTESIAN_POINT('',(6.48,-3.083,3.3));
#10661 = CARTESIAN_POINT('',(7.08,-5.283,3.3));
#10662 = ORIENTED_EDGE('',*,*,#10008,.T.);
#10663 = PLANE('',#10664);
#10664 = AXIS2_PLACEMENT_3D('',#10665,#10666,#10667);
#10665 = CARTESIAN_POINT('',(3.68,-105.283,3.3));
#10666 = DIRECTION('',(0.,0.,-1.));
#10667 = DIRECTION('',(1.,0.,0.));
#10668 = ADVANCED_FACE('',(#10669),#10686,.F.);
#10669 = FACE_BOUND('',#10670,.F.);
#10670 = EDGE_LOOP('',(#10671,#10679,#10680,#10681));
#10671 = ORIENTED_EDGE('',*,*,#10672,.T.);
#10672 = EDGE_CURVE('',#10673,#10605,#10675,.T.);
#10673 = VERTEX_POINT('',#10674);
#10674 = CARTESIAN_POINT('',(6.48,-3.083,8.));
#10675 = LINE('',#10676,#10677);
#10676 = CARTESIAN_POINT('',(6.48,-3.083,8.));
#10677 = VECTOR('',#10678,1.);
#10678 = DIRECTION('',(-1.,0.,0.));
#10679 = ORIENTED_EDGE('',*,*,#10620,.T.);
#10680 = ORIENTED_EDGE('',*,*,#10024,.T.);
#10681 = ORIENTED_EDGE('',*,*,#10682,.F.);
#10682 = EDGE_CURVE('',#10673,#10017,#10683,.T.);
#10683 = B_SPLINE_CURVE_WITH_KNOTS('',1,(#10684,#10685),.UNSPECIFIED.,
  .F.,.F.,(2,2),(0.,1.),.PIECEWISE_BEZIER_KNOTS.);
#10684 = CARTESIAN_POINT('',(6.48,-3.083,8.));
#10685 = CARTESIAN_POINT('',(7.08,-5.283,8.8));
#10686 = B_SPLINE_SURFACE_WITH_KNOTS('',1,1,(
    (#10687,#10688)
    ,(#10689,#10690
    )),.UNSPECIFIED.,.F.,.F.,.F.,(2,2),(2,2),(-4.,0.),(0.,1.),
  .PIECEWISE_BEZIER_KNOTS.);
#10687 = CARTESIAN_POINT('',(6.48,-3.083,8.));
#10688 = CARTESIAN_POINT('',(7.08,-5.283,8.8));
#10689 = CARTESIAN_POINT('',(3.68,-3.083,8.));
#10690 = CARTESIAN_POINT('',(3.08,-5.283,8.8));
#10691 = ADVANCED_FACE('',(#10692),#10703,.F.);
#10692 = FACE_BOUND('',#10693,.F.);
#10693 = EDGE_LOOP('',(#10694,#10700,#10701,#10702));
#10694 = ORIENTED_EDGE('',*,*,#10695,.T.);
#10695 = EDGE_CURVE('',#10651,#10673,#10696,.T.);
#10696 = LINE('',#10697,#10698);
#10697 = CARTESIAN_POINT('',(6.48,-3.083,3.3));
#10698 = VECTOR('',#10699,1.);
#10699 = DIRECTION('',(0.,0.,1.));
#10700 = ORIENTED_EDGE('',*,*,#10682,.T.);
#10701 = ORIENTED_EDGE('',*,*,#10016,.T.);
#10702 = ORIENTED_EDGE('',*,*,#10658,.F.);
#10703 = B_SPLINE_SURFACE_WITH_KNOTS('',1,1,(
    (#10704,#10705)
    ,(#10706,#10707
    )),.UNSPECIFIED.,.F.,.F.,.F.,(2,2),(2,2),(-5.5,0.),(0.,1.),
  .PIECEWISE_BEZIER_KNOTS.);
#10704 = CARTESIAN_POINT('',(6.48,-3.083,3.3));
#10705 = CARTESIAN_POINT('',(7.08,-5.283,3.3));
#10706 = CARTESIAN_POINT('',(6.48,-3.083,8.));
#10707 = CARTESIAN_POINT('',(7.08,-5.283,8.8));
#10708 = ADVANCED_FACE('',(#10709),#10732,.F.);
#10709 = FACE_BOUND('',#10710,.F.);
#10710 = EDGE_LOOP('',(#10711,#10721,#10726,#10727));
#10711 = ORIENTED_EDGE('',*,*,#10712,.T.);
#10712 = EDGE_CURVE('',#10713,#10715,#10717,.T.);
#10713 = VERTEX_POINT('',#10714);
#10714 = CARTESIAN_POINT('',(-1.4,-3.083,8.));
#10715 = VERTEX_POINT('',#10716);
#10716 = CARTESIAN_POINT('',(-1.4,-3.083,3.3));
#10717 = LINE('',#10718,#10719);
#10718 = CARTESIAN_POINT('',(-1.4,-3.083,8.));
#10719 = VECTOR('',#10720,1.);
#10720 = DIRECTION('',(0.,0.,-1.));
#10721 = ORIENTED_EDGE('',*,*,#10722,.T.);
#10722 = EDGE_CURVE('',#10715,#10033,#10723,.T.);
#10723 = B_SPLINE_CURVE_WITH_KNOTS('',1,(#10724,#10725),.UNSPECIFIED.,
  .F.,.F.,(2,2),(0.,1.),.PIECEWISE_BEZIER_KNOTS.);
#10724 = CARTESIAN_POINT('',(-1.4,-3.083,3.3));
#10725 = CARTESIAN_POINT('',(-2.,-5.283,3.3));
#10726 = ORIENTED_EDGE('',*,*,#10032,.T.);
#10727 = ORIENTED_EDGE('',*,*,#10728,.F.);
#10728 = EDGE_CURVE('',#10713,#10035,#10729,.T.);
#10729 = B_SPLINE_CURVE_WITH_KNOTS('',1,(#10730,#10731),.UNSPECIFIED.,
  .F.,.F.,(2,2),(0.,1.),.PIECEWISE_BEZIER_KNOTS.);
#10730 = CARTESIAN_POINT('',(-1.4,-3.083,8.));
#10731 = CARTESIAN_POINT('',(-2.,-5.283,8.8));
#10732 = B_SPLINE_SURFACE_WITH_KNOTS('',1,1,(
    (#10733,#10734)
    ,(#10735,#10736
    )),.UNSPECIFIED.,.F.,.F.,.F.,(2,2),(2,2),(-5.5,0.),(0.,1.),
  .PIECEWISE_BEZIER_KNOTS.);
#10733 = CARTESIAN_POINT('',(-1.4,-3.083,8.));
#10734 = CARTESIAN_POINT('',(-2.,-5.283,8.8));
#10735 = CARTESIAN_POINT('',(-1.4,-3.083,3.3));
#10736 = CARTESIAN_POINT('',(-2.,-5.283,3.3));
#10737 = ADVANCED_FACE('',(#10738),#10771,.F.);
#10738 = FACE_BOUND('',#10739,.F.);
#10739 = EDGE_LOOP('',(#10740,#10741,#10749,#10757,#10765,#10770));
#10740 = ORIENTED_EDGE('',*,*,#10722,.F.);
#10741 = ORIENTED_EDGE('',*,*,#10742,.T.);
#10742 = EDGE_CURVE('',#10715,#10743,#10745,.T.);
#10743 = VERTEX_POINT('',#10744);
#10744 = CARTESIAN_POINT('',(-1.4,-2.,3.3));
#10745 = LINE('',#10746,#10747);
#10746 = CARTESIAN_POINT('',(-1.4,-105.283,3.3));
#10747 = VECTOR('',#10748,1.);
#10748 = DIRECTION('',(-0.,1.,-0.));
#10749 = ORIENTED_EDGE('',*,*,#10750,.T.);
#10750 = EDGE_CURVE('',#10743,#10751,#10753,.T.);
#10751 = VERTEX_POINT('',#10752);
#10752 = CARTESIAN_POINT('',(1.4,-2.,3.3));
#10753 = LINE('',#10754,#10755);
#10754 = CARTESIAN_POINT('',(-1.4,-2.,3.3));
#10755 = VECTOR('',#10756,1.);
#10756 = DIRECTION('',(1.,0.,0.));
#10757 = ORIENTED_EDGE('',*,*,#10758,.F.);
#10758 = EDGE_CURVE('',#10759,#10751,#10761,.T.);
#10759 = VERTEX_POINT('',#10760);
#10760 = CARTESIAN_POINT('',(1.4,-3.083,3.3));
#10761 = LINE('',#10762,#10763);
#10762 = CARTESIAN_POINT('',(1.4,-105.283,3.3));
#10763 = VECTOR('',#10764,1.);
#10764 = DIRECTION('',(-0.,1.,-0.));
#10765 = ORIENTED_EDGE('',*,*,#10766,.T.);
#10766 = EDGE_CURVE('',#10759,#10043,#10767,.T.);
#10767 = B_SPLINE_CURVE_WITH_KNOTS('',1,(#10768,#10769),.UNSPECIFIED.,
  .F.,.F.,(2,2),(0.,1.),.PIECEWISE_BEZIER_KNOTS.);
#10768 = CARTESIAN_POINT('',(1.4,-3.083,3.3));
#10769 = CARTESIAN_POINT('',(2.,-5.283,3.3));
#10770 = ORIENTED_EDGE('',*,*,#10042,.T.);
#10771 = PLANE('',#10772);
#10772 = AXIS2_PLACEMENT_3D('',#10773,#10774,#10775);
#10773 = CARTESIAN_POINT('',(-1.4,-105.283,3.3));
#10774 = DIRECTION('',(0.,0.,-1.));
#10775 = DIRECTION('',(1.,0.,0.));
#10776 = ADVANCED_FACE('',(#10777),#10794,.F.);
#10777 = FACE_BOUND('',#10778,.F.);
#10778 = EDGE_LOOP('',(#10779,#10787,#10788,#10789));
#10779 = ORIENTED_EDGE('',*,*,#10780,.T.);
#10780 = EDGE_CURVE('',#10781,#10713,#10783,.T.);
#10781 = VERTEX_POINT('',#10782);
#10782 = CARTESIAN_POINT('',(1.4,-3.083,8.));
#10783 = LINE('',#10784,#10785);
#10784 = CARTESIAN_POINT('',(1.4,-3.083,8.));
#10785 = VECTOR('',#10786,1.);
#10786 = DIRECTION('',(-1.,0.,0.));
#10787 = ORIENTED_EDGE('',*,*,#10728,.T.);
#10788 = ORIENTED_EDGE('',*,*,#10058,.T.);
#10789 = ORIENTED_EDGE('',*,*,#10790,.F.);
#10790 = EDGE_CURVE('',#10781,#10051,#10791,.T.);
#10791 = B_SPLINE_CURVE_WITH_KNOTS('',1,(#10792,#10793),.UNSPECIFIED.,
  .F.,.F.,(2,2),(0.,1.),.PIECEWISE_BEZIER_KNOTS.);
#10792 = CARTESIAN_POINT('',(1.4,-3.083,8.));
#10793 = CARTESIAN_POINT('',(2.,-5.283,8.8));
#10794 = B_SPLINE_SURFACE_WITH_KNOTS('',1,1,(
    (#10795,#10796)
    ,(#10797,#10798
    )),.UNSPECIFIED.,.F.,.F.,.F.,(2,2),(2,2),(-4.,0.),(0.,1.),
  .PIECEWISE_BEZIER_KNOTS.);
#10795 = CARTESIAN_POINT('',(1.4,-3.083,8.));
#10796 = CARTESIAN_POINT('',(2.,-5.283,8.8));
#10797 = CARTESIAN_POINT('',(-1.4,-3.083,8.));
#10798 = CARTESIAN_POINT('',(-2.,-5.283,8.8));
#10799 = ADVANCED_FACE('',(#10800),#10811,.F.);
#10800 = FACE_BOUND('',#10801,.F.);
#10801 = EDGE_LOOP('',(#10802,#10808,#10809,#10810));
#10802 = ORIENTED_EDGE('',*,*,#10803,.T.);
#10803 = EDGE_CURVE('',#10759,#10781,#10804,.T.);
#10804 = LINE('',#10805,#10806);
#10805 = CARTESIAN_POINT('',(1.4,-3.083,3.3));
#10806 = VECTOR('',#10807,1.);
#10807 = DIRECTION('',(0.,0.,1.));
#10808 = ORIENTED_EDGE('',*,*,#10790,.T.);
#10809 = ORIENTED_EDGE('',*,*,#10050,.T.);
#10810 = ORIENTED_EDGE('',*,*,#10766,.F.);
#10811 = B_SPLINE_SURFACE_WITH_KNOTS('',1,1,(
    (#10812,#10813)
    ,(#10814,#10815
    )),.UNSPECIFIED.,.F.,.F.,.F.,(2,2),(2,2),(-5.5,0.),(0.,1.),
  .PIECEWISE_BEZIER_KNOTS.);
#10812 = CARTESIAN_POINT('',(1.4,-3.083,3.3));
#10813 = CARTESIAN_POINT('',(2.,-5.283,3.3));
#10814 = CARTESIAN_POINT('',(1.4,-3.083,8.));
#10815 = CARTESIAN_POINT('',(2.,-5.283,8.8));
#10816 = ADVANCED_FACE('',(#10817),#10823,.F.);
#10817 = FACE_BOUND('',#10818,.F.);
#10818 = EDGE_LOOP('',(#10819,#10820,#10821,#10822));
#10819 = ORIENTED_EDGE('',*,*,#10265,.T.);
#10820 = ORIENTED_EDGE('',*,*,#10248,.T.);
#10821 = ORIENTED_EDGE('',*,*,#10207,.T.);
#10822 = ORIENTED_EDGE('',*,*,#10122,.T.);
#10823 = PLANE('',#10824);
#10824 = AXIS2_PLACEMENT_3D('',#10825,#10826,#10827);
#10825 = CARTESIAN_POINT('',(7.290091199267,-3.383,12.));
#10826 = DIRECTION('',(0.,0.,1.));
#10827 = DIRECTION('',(1.,0.,-0.));
#10828 = ADVANCED_FACE('',(#10829),#10835,.F.);
#10829 = FACE_BOUND('',#10830,.F.);
#10830 = EDGE_LOOP('',(#10831,#10832,#10833,#10834));
#10831 = ORIENTED_EDGE('',*,*,#10307,.T.);
#10832 = ORIENTED_EDGE('',*,*,#10331,.T.);
#10833 = ORIENTED_EDGE('',*,*,#10355,.T.);
#10834 = ORIENTED_EDGE('',*,*,#10379,.T.);
#10835 = PLANE('',#10836);
#10836 = AXIS2_PLACEMENT_3D('',#10837,#10838,#10839);
#10837 = CARTESIAN_POINT('',(5.08,0.,-5.));
#10838 = DIRECTION('',(0.,0.,1.));
#10839 = DIRECTION('',(1.,0.,-0.));
#10840 = ADVANCED_FACE('',(#10841),#10847,.F.);
#10841 = FACE_BOUND('',#10842,.F.);
#10842 = EDGE_LOOP('',(#10843,#10844,#10845,#10846));
#10843 = ORIENTED_EDGE('',*,*,#10403,.T.);
#10844 = ORIENTED_EDGE('',*,*,#10427,.T.);
#10845 = ORIENTED_EDGE('',*,*,#10451,.T.);
#10846 = ORIENTED_EDGE('',*,*,#10475,.T.);
#10847 = PLANE('',#10848);
#10848 = AXIS2_PLACEMENT_3D('',#10849,#10850,#10851);
#10849 = CARTESIAN_POINT('',(0.,0.,-5.));
#10850 = DIRECTION('',(0.,0.,1.));
#10851 = DIRECTION('',(1.,0.,-0.));
#10852 = ADVANCED_FACE('',(#10853),#11006,.F.);
#10853 = FACE_BOUND('',#10854,.F.);
#10854 = EDGE_LOOP('',(#10855,#10863,#10864,#10865,#10874,#10882,#10891,
    #10899,#10907,#10915,#10924,#10932,#10940,#10948,#10957,#10965,
    #10974,#10982,#10991,#10999));
#10855 = ORIENTED_EDGE('',*,*,#10856,.F.);
#10856 = EDGE_CURVE('',#10524,#10857,#10859,.T.);
#10857 = VERTEX_POINT('',#10858);
#10858 = CARTESIAN_POINT('',(7.08,0.217,3.3));
#10859 = LINE('',#10860,#10861);
#10860 = CARTESIAN_POINT('',(7.08,0.217,18.));
#10861 = VECTOR('',#10862,1.);
#10862 = DIRECTION('',(-0.,-0.,-1.));
#10863 = ORIENTED_EDGE('',*,*,#10523,.F.);
#10864 = ORIENTED_EDGE('',*,*,#10856,.T.);
#10865 = ORIENTED_EDGE('',*,*,#10866,.T.);
#10866 = EDGE_CURVE('',#10857,#10867,#10869,.T.);
#10867 = VERTEX_POINT('',#10868);
#10868 = CARTESIAN_POINT('',(6.48,1.645285685709,3.3));
#10869 = CIRCLE('',#10870,2.);
#10870 = AXIS2_PLACEMENT_3D('',#10871,#10872,#10873);
#10871 = CARTESIAN_POINT('',(5.08,0.217,3.3));
#10872 = DIRECTION('',(0.,0.,1.));
#10873 = DIRECTION('',(1.,0.,-0.));
#10874 = ORIENTED_EDGE('',*,*,#10875,.T.);
#10875 = EDGE_CURVE('',#10867,#10876,#10878,.T.);
#10876 = VERTEX_POINT('',#10877);
#10877 = CARTESIAN_POINT('',(6.48,1.645285685708,8.));
#10878 = LINE('',#10879,#10880);
#10879 = CARTESIAN_POINT('',(6.48,1.645285685709,18.));
#10880 = VECTOR('',#10881,1.);
#10881 = DIRECTION('',(0.,0.,1.));
#10882 = ORIENTED_EDGE('',*,*,#10883,.T.);
#10883 = EDGE_CURVE('',#10876,#10884,#10886,.T.);
#10884 = VERTEX_POINT('',#10885);
#10885 = CARTESIAN_POINT('',(5.986041389783,2.,8.));
#10886 = CIRCLE('',#10887,2.);
#10887 = AXIS2_PLACEMENT_3D('',#10888,#10889,#10890);
#10888 = CARTESIAN_POINT('',(5.08,0.217,8.));
#10889 = DIRECTION('',(0.,0.,1.));
#10890 = DIRECTION('',(1.,0.,-0.));
#10891 = ORIENTED_EDGE('',*,*,#10892,.F.);
#10892 = EDGE_CURVE('',#10893,#10884,#10895,.T.);
#10893 = VERTEX_POINT('',#10894);
#10894 = CARTESIAN_POINT('',(5.986041389783,2.,7.9));
#10895 = LINE('',#10896,#10897);
#10896 = CARTESIAN_POINT('',(5.986041389783,2.,18.));
#10897 = VECTOR('',#10898,1.);
#10898 = DIRECTION('',(0.,0.,1.));
#10899 = ORIENTED_EDGE('',*,*,#10900,.F.);
#10900 = EDGE_CURVE('',#10901,#10893,#10903,.T.);
#10901 = VERTEX_POINT('',#10902);
#10902 = CARTESIAN_POINT('',(5.986041389783,2.,3.4));
#10903 = LINE('',#10904,#10905);
#10904 = CARTESIAN_POINT('',(5.986041389783,2.,18.));
#10905 = VECTOR('',#10906,1.);
#10906 = DIRECTION('',(0.,0.,1.));
#10907 = ORIENTED_EDGE('',*,*,#10908,.F.);
#10908 = EDGE_CURVE('',#10909,#10901,#10911,.T.);
#10909 = VERTEX_POINT('',#10910);
#10910 = CARTESIAN_POINT('',(5.986041389783,2.,3.3));
#10911 = LINE('',#10912,#10913);
#10912 = CARTESIAN_POINT('',(5.986041389783,2.,18.));
#10913 = VECTOR('',#10914,1.);
#10914 = DIRECTION('',(0.,0.,1.));
#10915 = ORIENTED_EDGE('',*,*,#10916,.T.);
#10916 = EDGE_CURVE('',#10909,#10917,#10919,.T.);
#10917 = VERTEX_POINT('',#10918);
#10918 = CARTESIAN_POINT('',(4.173958610217,2.,3.3));
#10919 = CIRCLE('',#10920,2.);
#10920 = AXIS2_PLACEMENT_3D('',#10921,#10922,#10923);
#10921 = CARTESIAN_POINT('',(5.08,0.217,3.3));
#10922 = DIRECTION('',(0.,0.,1.));
#10923 = DIRECTION('',(1.,0.,-0.));
#10924 = ORIENTED_EDGE('',*,*,#10925,.T.);
#10925 = EDGE_CURVE('',#10917,#10926,#10928,.T.);
#10926 = VERTEX_POINT('',#10927);
#10927 = CARTESIAN_POINT('',(4.173958610217,2.,3.4));
#10928 = LINE('',#10929,#10930);
#10929 = CARTESIAN_POINT('',(4.173958610217,2.,18.));
#10930 = VECTOR('',#10931,1.);
#10931 = DIRECTION('',(0.,0.,1.));
#10932 = ORIENTED_EDGE('',*,*,#10933,.T.);
#10933 = EDGE_CURVE('',#10926,#10934,#10936,.T.);
#10934 = VERTEX_POINT('',#10935);
#10935 = CARTESIAN_POINT('',(4.173958610217,2.,7.9));
#10936 = LINE('',#10937,#10938);
#10937 = CARTESIAN_POINT('',(4.173958610217,2.,18.));
#10938 = VECTOR('',#10939,1.);
#10939 = DIRECTION('',(0.,0.,1.));
#10940 = ORIENTED_EDGE('',*,*,#10941,.T.);
#10941 = EDGE_CURVE('',#10934,#10942,#10944,.T.);
#10942 = VERTEX_POINT('',#10943);
#10943 = CARTESIAN_POINT('',(4.173958610217,2.,8.));
#10944 = LINE('',#10945,#10946);
#10945 = CARTESIAN_POINT('',(4.173958610217,2.,18.));
#10946 = VECTOR('',#10947,1.);
#10947 = DIRECTION('',(0.,0.,1.));
#10948 = ORIENTED_EDGE('',*,*,#10949,.T.);
#10949 = EDGE_CURVE('',#10942,#10950,#10952,.T.);
#10950 = VERTEX_POINT('',#10951);
#10951 = CARTESIAN_POINT('',(3.68,1.645285685709,8.));
#10952 = CIRCLE('',#10953,2.);
#10953 = AXIS2_PLACEMENT_3D('',#10954,#10955,#10956);
#10954 = CARTESIAN_POINT('',(5.08,0.217,8.));
#10955 = DIRECTION('',(0.,0.,1.));
#10956 = DIRECTION('',(1.,0.,-0.));
#10957 = ORIENTED_EDGE('',*,*,#10958,.F.);
#10958 = EDGE_CURVE('',#10959,#10950,#10961,.T.);
#10959 = VERTEX_POINT('',#10960);
#10960 = CARTESIAN_POINT('',(3.68,1.645285685709,3.3));
#10961 = LINE('',#10962,#10963);
#10962 = CARTESIAN_POINT('',(3.68,1.645285685709,18.));
#10963 = VECTOR('',#10964,1.);
#10964 = DIRECTION('',(0.,0.,1.));
#10965 = ORIENTED_EDGE('',*,*,#10966,.T.);
#10966 = EDGE_CURVE('',#10959,#10967,#10969,.T.);
#10967 = VERTEX_POINT('',#10968);
#10968 = CARTESIAN_POINT('',(3.68,-1.211285685709,3.3));
#10969 = CIRCLE('',#10970,2.);
#10970 = AXIS2_PLACEMENT_3D('',#10971,#10972,#10973);
#10971 = CARTESIAN_POINT('',(5.08,0.217,3.3));
#10972 = DIRECTION('',(0.,0.,1.));
#10973 = DIRECTION('',(1.,0.,-0.));
#10974 = ORIENTED_EDGE('',*,*,#10975,.T.);
#10975 = EDGE_CURVE('',#10967,#10976,#10978,.T.);
#10976 = VERTEX_POINT('',#10977);
#10977 = CARTESIAN_POINT('',(3.68,-1.211285685709,8.));
#10978 = LINE('',#10979,#10980);
#10979 = CARTESIAN_POINT('',(3.68,-1.211285685709,18.));
#10980 = VECTOR('',#10981,1.);
#10981 = DIRECTION('',(0.,0.,1.));
#10982 = ORIENTED_EDGE('',*,*,#10983,.T.);
#10983 = EDGE_CURVE('',#10976,#10984,#10986,.T.);
#10984 = VERTEX_POINT('',#10985);
#10985 = CARTESIAN_POINT('',(6.48,-1.211285685708,8.));
#10986 = CIRCLE('',#10987,2.);
#10987 = AXIS2_PLACEMENT_3D('',#10988,#10989,#10990);
#10988 = CARTESIAN_POINT('',(5.08,0.217,8.));
#10989 = DIRECTION('',(0.,0.,1.));
#10990 = DIRECTION('',(1.,0.,-0.));
#10991 = ORIENTED_EDGE('',*,*,#10992,.F.);
#10992 = EDGE_CURVE('',#10993,#10984,#10995,.T.);
#10993 = VERTEX_POINT('',#10994);
#10994 = CARTESIAN_POINT('',(6.48,-1.211285685709,3.3));
#10995 = LINE('',#10996,#10997);
#10996 = CARTESIAN_POINT('',(6.48,-1.211285685709,18.));
#10997 = VECTOR('',#10998,1.);
#10998 = DIRECTION('',(0.,0.,1.));
#10999 = ORIENTED_EDGE('',*,*,#11000,.T.);
#11000 = EDGE_CURVE('',#10993,#10857,#11001,.T.);
#11001 = CIRCLE('',#11002,2.);
#11002 = AXIS2_PLACEMENT_3D('',#11003,#11004,#11005);
#11003 = CARTESIAN_POINT('',(5.08,0.217,3.3));
#11004 = DIRECTION('',(0.,0.,1.));
#11005 = DIRECTION('',(1.,0.,-0.));
#11006 = CYLINDRICAL_SURFACE('',#11007,2.);
#11007 = AXIS2_PLACEMENT_3D('',#11008,#11009,#11010);
#11008 = CARTESIAN_POINT('',(5.08,0.217,18.));
#11009 = DIRECTION('',(0.,0.,1.));
#11010 = DIRECTION('',(1.,0.,-0.));
#11011 = ADVANCED_FACE('',(#11012),#11165,.F.);
#11012 = FACE_BOUND('',#11013,.F.);
#11013 = EDGE_LOOP('',(#11014,#11022,#11023,#11024,#11033,#11041,#11050,
    #11058,#11066,#11074,#11083,#11091,#11099,#11107,#11116,#11124,
    #11133,#11141,#11150,#11158));
#11014 = ORIENTED_EDGE('',*,*,#11015,.F.);
#11015 = EDGE_CURVE('',#10535,#11016,#11018,.T.);
#11016 = VERTEX_POINT('',#11017);
#11017 = CARTESIAN_POINT('',(2.,0.217,3.3));
#11018 = LINE('',#11019,#11020);
#11019 = CARTESIAN_POINT('',(2.,0.217,18.));
#11020 = VECTOR('',#11021,1.);
#11021 = DIRECTION('',(-0.,-0.,-1.));
#11022 = ORIENTED_EDGE('',*,*,#10534,.F.);
#11023 = ORIENTED_EDGE('',*,*,#11015,.T.);
#11024 = ORIENTED_EDGE('',*,*,#11025,.T.);
#11025 = EDGE_CURVE('',#11016,#11026,#11028,.T.);
#11026 = VERTEX_POINT('',#11027);
#11027 = CARTESIAN_POINT('',(1.4,1.645285685709,3.3));
#11028 = CIRCLE('',#11029,2.);
#11029 = AXIS2_PLACEMENT_3D('',#11030,#11031,#11032);
#11030 = CARTESIAN_POINT('',(0.,0.217,3.3));
#11031 = DIRECTION('',(0.,0.,1.));
#11032 = DIRECTION('',(1.,0.,-0.));
#11033 = ORIENTED_EDGE('',*,*,#11034,.T.);
#11034 = EDGE_CURVE('',#11026,#11035,#11037,.T.);
#11035 = VERTEX_POINT('',#11036);
#11036 = CARTESIAN_POINT('',(1.4,1.645285685708,8.));
#11037 = LINE('',#11038,#11039);
#11038 = CARTESIAN_POINT('',(1.4,1.645285685709,18.));
#11039 = VECTOR('',#11040,1.);
#11040 = DIRECTION('',(0.,0.,1.));
#11041 = ORIENTED_EDGE('',*,*,#11042,.T.);
#11042 = EDGE_CURVE('',#11035,#11043,#11045,.T.);
#11043 = VERTEX_POINT('',#11044);
#11044 = CARTESIAN_POINT('',(0.906041389783,2.,8.));
#11045 = CIRCLE('',#11046,2.);
#11046 = AXIS2_PLACEMENT_3D('',#11047,#11048,#11049);
#11047 = CARTESIAN_POINT('',(0.,0.217,8.));
#11048 = DIRECTION('',(0.,0.,1.));
#11049 = DIRECTION('',(1.,0.,-0.));
#11050 = ORIENTED_EDGE('',*,*,#11051,.F.);
#11051 = EDGE_CURVE('',#11052,#11043,#11054,.T.);
#11052 = VERTEX_POINT('',#11053);
#11053 = CARTESIAN_POINT('',(0.906041389783,2.,7.9));
#11054 = LINE('',#11055,#11056);
#11055 = CARTESIAN_POINT('',(0.906041389783,2.,18.));
#11056 = VECTOR('',#11057,1.);
#11057 = DIRECTION('',(0.,0.,1.));
#11058 = ORIENTED_EDGE('',*,*,#11059,.F.);
#11059 = EDGE_CURVE('',#11060,#11052,#11062,.T.);
#11060 = VERTEX_POINT('',#11061);
#11061 = CARTESIAN_POINT('',(0.906041389783,2.,3.4));
#11062 = LINE('',#11063,#11064);
#11063 = CARTESIAN_POINT('',(0.906041389783,2.,18.));
#11064 = VECTOR('',#11065,1.);
#11065 = DIRECTION('',(0.,0.,1.));
#11066 = ORIENTED_EDGE('',*,*,#11067,.F.);
#11067 = EDGE_CURVE('',#11068,#11060,#11070,.T.);
#11068 = VERTEX_POINT('',#11069);
#11069 = CARTESIAN_POINT('',(0.906041389783,2.,3.3));
#11070 = LINE('',#11071,#11072);
#11071 = CARTESIAN_POINT('',(0.906041389783,2.,18.));
#11072 = VECTOR('',#11073,1.);
#11073 = DIRECTION('',(0.,0.,1.));
#11074 = ORIENTED_EDGE('',*,*,#11075,.T.);
#11075 = EDGE_CURVE('',#11068,#11076,#11078,.T.);
#11076 = VERTEX_POINT('',#11077);
#11077 = CARTESIAN_POINT('',(-0.906041389783,2.,3.3));
#11078 = CIRCLE('',#11079,2.);
#11079 = AXIS2_PLACEMENT_3D('',#11080,#11081,#11082);
#11080 = CARTESIAN_POINT('',(0.,0.217,3.3));
#11081 = DIRECTION('',(0.,0.,1.));
#11082 = DIRECTION('',(1.,0.,-0.));
#11083 = ORIENTED_EDGE('',*,*,#11084,.T.);
#11084 = EDGE_CURVE('',#11076,#11085,#11087,.T.);
#11085 = VERTEX_POINT('',#11086);
#11086 = CARTESIAN_POINT('',(-0.906041389783,2.,3.4));
#11087 = LINE('',#11088,#11089);
#11088 = CARTESIAN_POINT('',(-0.906041389783,2.,18.));
#11089 = VECTOR('',#11090,1.);
#11090 = DIRECTION('',(0.,0.,1.));
#11091 = ORIENTED_EDGE('',*,*,#11092,.T.);
#11092 = EDGE_CURVE('',#11085,#11093,#11095,.T.);
#11093 = VERTEX_POINT('',#11094);
#11094 = CARTESIAN_POINT('',(-0.906041389783,2.,7.9));
#11095 = LINE('',#11096,#11097);
#11096 = CARTESIAN_POINT('',(-0.906041389783,2.,18.));
#11097 = VECTOR('',#11098,1.);
#11098 = DIRECTION('',(0.,0.,1.));
#11099 = ORIENTED_EDGE('',*,*,#11100,.T.);
#11100 = EDGE_CURVE('',#11093,#11101,#11103,.T.);
#11101 = VERTEX_POINT('',#11102);
#11102 = CARTESIAN_POINT('',(-0.906041389783,2.,8.));
#11103 = LINE('',#11104,#11105);
#11104 = CARTESIAN_POINT('',(-0.906041389783,2.,18.));
#11105 = VECTOR('',#11106,1.);
#11106 = DIRECTION('',(0.,0.,1.));
#11107 = ORIENTED_EDGE('',*,*,#11108,.T.);
#11108 = EDGE_CURVE('',#11101,#11109,#11111,.T.);
#11109 = VERTEX_POINT('',#11110);
#11110 = CARTESIAN_POINT('',(-1.4,1.645285685708,8.));
#11111 = CIRCLE('',#11112,2.);
#11112 = AXIS2_PLACEMENT_3D('',#11113,#11114,#11115);
#11113 = CARTESIAN_POINT('',(0.,0.217,8.));
#11114 = DIRECTION('',(0.,0.,1.));
#11115 = DIRECTION('',(1.,0.,-0.));
#11116 = ORIENTED_EDGE('',*,*,#11117,.F.);
#11117 = EDGE_CURVE('',#11118,#11109,#11120,.T.);
#11118 = VERTEX_POINT('',#11119);
#11119 = CARTESIAN_POINT('',(-1.4,1.645285685709,3.3));
#11120 = LINE('',#11121,#11122);
#11121 = CARTESIAN_POINT('',(-1.4,1.645285685709,18.));
#11122 = VECTOR('',#11123,1.);
#11123 = DIRECTION('',(0.,0.,1.));
#11124 = ORIENTED_EDGE('',*,*,#11125,.T.);
#11125 = EDGE_CURVE('',#11118,#11126,#11128,.T.);
#11126 = VERTEX_POINT('',#11127);
#11127 = CARTESIAN_POINT('',(-1.4,-1.211285685709,3.3));
#11128 = CIRCLE('',#11129,2.);
#11129 = AXIS2_PLACEMENT_3D('',#11130,#11131,#11132);
#11130 = CARTESIAN_POINT('',(0.,0.217,3.3));
#11131 = DIRECTION('',(0.,0.,1.));
#11132 = DIRECTION('',(1.,0.,-0.));
#11133 = ORIENTED_EDGE('',*,*,#11134,.T.);
#11134 = EDGE_CURVE('',#11126,#11135,#11137,.T.);
#11135 = VERTEX_POINT('',#11136);
#11136 = CARTESIAN_POINT('',(-1.4,-1.211285685708,8.));
#11137 = LINE('',#11138,#11139);
#11138 = CARTESIAN_POINT('',(-1.4,-1.211285685709,18.));
#11139 = VECTOR('',#11140,1.);
#11140 = DIRECTION('',(0.,0.,1.));
#11141 = ORIENTED_EDGE('',*,*,#11142,.T.);
#11142 = EDGE_CURVE('',#11135,#11143,#11145,.T.);
#11143 = VERTEX_POINT('',#11144);
#11144 = CARTESIAN_POINT('',(1.4,-1.211285685708,8.));
#11145 = CIRCLE('',#11146,2.);
#11146 = AXIS2_PLACEMENT_3D('',#11147,#11148,#11149);
#11147 = CARTESIAN_POINT('',(0.,0.217,8.));
#11148 = DIRECTION('',(0.,0.,1.));
#11149 = DIRECTION('',(1.,0.,-0.));
#11150 = ORIENTED_EDGE('',*,*,#11151,.F.);
#11151 = EDGE_CURVE('',#11152,#11143,#11154,.T.);
#11152 = VERTEX_POINT('',#11153);
#11153 = CARTESIAN_POINT('',(1.4,-1.211285685709,3.3));
#11154 = LINE('',#11155,#11156);
#11155 = CARTESIAN_POINT('',(1.4,-1.211285685709,18.));
#11156 = VECTOR('',#11157,1.);
#11157 = DIRECTION('',(0.,0.,1.));
#11158 = ORIENTED_EDGE('',*,*,#11159,.T.);
#11159 = EDGE_CURVE('',#11152,#11016,#11160,.T.);
#11160 = CIRCLE('',#11161,2.);
#11161 = AXIS2_PLACEMENT_3D('',#11162,#11163,#11164);
#11162 = CARTESIAN_POINT('',(0.,0.217,3.3));
#11163 = DIRECTION('',(0.,0.,1.));
#11164 = DIRECTION('',(1.,0.,-0.));
#11165 = CYLINDRICAL_SURFACE('',#11166,2.);
#11166 = AXIS2_PLACEMENT_3D('',#11167,#11168,#11169);
#11167 = CARTESIAN_POINT('',(0.,0.217,18.));
#11168 = DIRECTION('',(0.,0.,1.));
#11169 = DIRECTION('',(1.,0.,-0.));
#11170 = ADVANCED_FACE('',(#11171),#11189,.F.);
#11171 = FACE_BOUND('',#11172,.F.);
#11172 = EDGE_LOOP('',(#11173,#11174,#11175,#11183));
#11173 = ORIENTED_EDGE('',*,*,#10634,.F.);
#11174 = ORIENTED_EDGE('',*,*,#10604,.F.);
#11175 = ORIENTED_EDGE('',*,*,#11176,.T.);
#11176 = EDGE_CURVE('',#10605,#11177,#11179,.T.);
#11177 = VERTEX_POINT('',#11178);
#11178 = CARTESIAN_POINT('',(3.68,-2.,8.));
#11179 = LINE('',#11180,#11181);
#11180 = CARTESIAN_POINT('',(3.68,-105.283,8.));
#11181 = VECTOR('',#11182,1.);
#11182 = DIRECTION('',(-0.,1.,-0.));
#11183 = ORIENTED_EDGE('',*,*,#11184,.F.);
#11184 = EDGE_CURVE('',#10635,#11177,#11185,.T.);
#11185 = LINE('',#11186,#11187);
#11186 = CARTESIAN_POINT('',(3.68,-2.,3.3));
#11187 = VECTOR('',#11188,1.);
#11188 = DIRECTION('',(0.,0.,1.));
#11189 = PLANE('',#11190);
#11190 = AXIS2_PLACEMENT_3D('',#11191,#11192,#11193);
#11191 = CARTESIAN_POINT('',(3.68,-105.283,8.));
#11192 = DIRECTION('',(-1.,-0.,-0.));
#11193 = DIRECTION('',(0.,0.,-1.));
#11194 = ADVANCED_FACE('',(#11195),#11213,.F.);
#11195 = FACE_BOUND('',#11196,.F.);
#11196 = EDGE_LOOP('',(#11197,#11205,#11206,#11207));
#11197 = ORIENTED_EDGE('',*,*,#11198,.F.);
#11198 = EDGE_CURVE('',#10673,#11199,#11201,.T.);
#11199 = VERTEX_POINT('',#11200);
#11200 = CARTESIAN_POINT('',(6.48,-2.,8.));
#11201 = LINE('',#11202,#11203);
#11202 = CARTESIAN_POINT('',(6.48,-105.283,8.));
#11203 = VECTOR('',#11204,1.);
#11204 = DIRECTION('',(-0.,1.,-0.));
#11205 = ORIENTED_EDGE('',*,*,#10695,.F.);
#11206 = ORIENTED_EDGE('',*,*,#10650,.T.);
#11207 = ORIENTED_EDGE('',*,*,#11208,.T.);
#11208 = EDGE_CURVE('',#10643,#11199,#11209,.T.);
#11209 = LINE('',#11210,#11211);
#11210 = CARTESIAN_POINT('',(6.48,-2.,3.3));
#11211 = VECTOR('',#11212,1.);
#11212 = DIRECTION('',(0.,0.,1.));
#11213 = PLANE('',#11214);
#11214 = AXIS2_PLACEMENT_3D('',#11215,#11216,#11217);
#11215 = CARTESIAN_POINT('',(6.48,-105.283,3.3));
#11216 = DIRECTION('',(1.,0.,-0.));
#11217 = DIRECTION('',(0.,0.,1.));
#11218 = ADVANCED_FACE('',(#11219,#11230),#11264,.F.);
#11219 = FACE_BOUND('',#11220,.F.);
#11220 = EDGE_LOOP('',(#11221,#11222,#11228,#11229));
#11221 = ORIENTED_EDGE('',*,*,#11184,.T.);
#11222 = ORIENTED_EDGE('',*,*,#11223,.T.);
#11223 = EDGE_CURVE('',#11177,#11199,#11224,.T.);
#11224 = LINE('',#11225,#11226);
#11225 = CARTESIAN_POINT('',(3.68,-2.,8.));
#11226 = VECTOR('',#11227,1.);
#11227 = DIRECTION('',(1.,0.,0.));
#11228 = ORIENTED_EDGE('',*,*,#11208,.F.);
#11229 = ORIENTED_EDGE('',*,*,#10642,.F.);
#11230 = FACE_BOUND('',#11231,.F.);
#11231 = EDGE_LOOP('',(#11232,#11242,#11250,#11258));
#11232 = ORIENTED_EDGE('',*,*,#11233,.T.);
#11233 = EDGE_CURVE('',#11234,#11236,#11238,.T.);
#11234 = VERTEX_POINT('',#11235);
#11235 = CARTESIAN_POINT('',(3.83,-2.,7.9));
#11236 = VERTEX_POINT('',#11237);
#11237 = CARTESIAN_POINT('',(3.83,-2.,3.4));
#11238 = LINE('',#11239,#11240);
#11239 = CARTESIAN_POINT('',(3.83,-2.,7.9));
#11240 = VECTOR('',#11241,1.);
#11241 = DIRECTION('',(0.,0.,-1.));
#11242 = ORIENTED_EDGE('',*,*,#11243,.T.);
#11243 = EDGE_CURVE('',#11236,#11244,#11246,.T.);
#11244 = VERTEX_POINT('',#11245);
#11245 = CARTESIAN_POINT('',(6.33,-2.,3.4));
#11246 = LINE('',#11247,#11248);
#11247 = CARTESIAN_POINT('',(3.83,-2.,3.4));
#11248 = VECTOR('',#11249,1.);
#11249 = DIRECTION('',(1.,0.,0.));
#11250 = ORIENTED_EDGE('',*,*,#11251,.T.);
#11251 = EDGE_CURVE('',#11244,#11252,#11254,.T.);
#11252 = VERTEX_POINT('',#11253);
#11253 = CARTESIAN_POINT('',(6.33,-2.,7.9));
#11254 = LINE('',#11255,#11256);
#11255 = CARTESIAN_POINT('',(6.33,-2.,3.4));
#11256 = VECTOR('',#11257,1.);
#11257 = DIRECTION('',(0.,0.,1.));
#11258 = ORIENTED_EDGE('',*,*,#11259,.T.);
#11259 = EDGE_CURVE('',#11252,#11234,#11260,.T.);
#11260 = LINE('',#11261,#11262);
#11261 = CARTESIAN_POINT('',(6.33,-2.,7.9));
#11262 = VECTOR('',#11263,1.);
#11263 = DIRECTION('',(-1.,0.,0.));
#11264 = PLANE('',#11265);
#11265 = AXIS2_PLACEMENT_3D('',#11266,#11267,#11268);
#11266 = CARTESIAN_POINT('',(3.68,-2.,3.3));
#11267 = DIRECTION('',(0.,1.,0.));
#11268 = DIRECTION('',(1.,0.,0.));
#11269 = ADVANCED_FACE('',(#11270),#11276,.F.);
#11270 = FACE_BOUND('',#11271,.F.);
#11271 = EDGE_LOOP('',(#11272,#11273,#11274,#11275));
#11272 = ORIENTED_EDGE('',*,*,#11176,.F.);
#11273 = ORIENTED_EDGE('',*,*,#10672,.F.);
#11274 = ORIENTED_EDGE('',*,*,#11198,.T.);
#11275 = ORIENTED_EDGE('',*,*,#11223,.F.);
#11276 = PLANE('',#11277);
#11277 = AXIS2_PLACEMENT_3D('',#11278,#11279,#11280);
#11278 = CARTESIAN_POINT('',(6.48,-105.283,8.));
#11279 = DIRECTION('',(0.,0.,1.));
#11280 = DIRECTION('',(-1.,0.,0.));
#11281 = ADVANCED_FACE('',(#11282),#11300,.F.);
#11282 = FACE_BOUND('',#11283,.F.);
#11283 = EDGE_LOOP('',(#11284,#11285,#11286,#11294));
#11284 = ORIENTED_EDGE('',*,*,#10742,.F.);
#11285 = ORIENTED_EDGE('',*,*,#10712,.F.);
#11286 = ORIENTED_EDGE('',*,*,#11287,.T.);
#11287 = EDGE_CURVE('',#10713,#11288,#11290,.T.);
#11288 = VERTEX_POINT('',#11289);
#11289 = CARTESIAN_POINT('',(-1.4,-2.,8.));
#11290 = LINE('',#11291,#11292);
#11291 = CARTESIAN_POINT('',(-1.4,-105.283,8.));
#11292 = VECTOR('',#11293,1.);
#11293 = DIRECTION('',(-0.,1.,-0.));
#11294 = ORIENTED_EDGE('',*,*,#11295,.F.);
#11295 = EDGE_CURVE('',#10743,#11288,#11296,.T.);
#11296 = LINE('',#11297,#11298);
#11297 = CARTESIAN_POINT('',(-1.4,-2.,3.3));
#11298 = VECTOR('',#11299,1.);
#11299 = DIRECTION('',(0.,0.,1.));
#11300 = PLANE('',#11301);
#11301 = AXIS2_PLACEMENT_3D('',#11302,#11303,#11304);
#11302 = CARTESIAN_POINT('',(-1.4,-105.283,8.));
#11303 = DIRECTION('',(-1.,-0.,-0.));
#11304 = DIRECTION('',(0.,0.,-1.));
#11305 = ADVANCED_FACE('',(#11306),#11324,.F.);
#11306 = FACE_BOUND('',#11307,.F.);
#11307 = EDGE_LOOP('',(#11308,#11316,#11317,#11318));
#11308 = ORIENTED_EDGE('',*,*,#11309,.F.);
#11309 = EDGE_CURVE('',#10781,#11310,#11312,.T.);
#11310 = VERTEX_POINT('',#11311);
#11311 = CARTESIAN_POINT('',(1.4,-2.,8.));
#11312 = LINE('',#11313,#11314);
#11313 = CARTESIAN_POINT('',(1.4,-105.283,8.));
#11314 = VECTOR('',#11315,1.);
#11315 = DIRECTION('',(-0.,1.,-0.));
#11316 = ORIENTED_EDGE('',*,*,#10803,.F.);
#11317 = ORIENTED_EDGE('',*,*,#10758,.T.);
#11318 = ORIENTED_EDGE('',*,*,#11319,.T.);
#11319 = EDGE_CURVE('',#10751,#11310,#11320,.T.);
#11320 = LINE('',#11321,#11322);
#11321 = CARTESIAN_POINT('',(1.4,-2.,3.3));
#11322 = VECTOR('',#11323,1.);
#11323 = DIRECTION('',(0.,0.,1.));
#11324 = PLANE('',#11325);
#11325 = AXIS2_PLACEMENT_3D('',#11326,#11327,#11328);
#11326 = CARTESIAN_POINT('',(1.4,-105.283,3.3));
#11327 = DIRECTION('',(1.,0.,-0.));
#11328 = DIRECTION('',(0.,0.,1.));
#11329 = ADVANCED_FACE('',(#11330,#11341),#11375,.F.);
#11330 = FACE_BOUND('',#11331,.F.);
#11331 = EDGE_LOOP('',(#11332,#11333,#11339,#11340));
#11332 = ORIENTED_EDGE('',*,*,#11295,.T.);
#11333 = ORIENTED_EDGE('',*,*,#11334,.T.);
#11334 = EDGE_CURVE('',#11288,#11310,#11335,.T.);
#11335 = LINE('',#11336,#11337);
#11336 = CARTESIAN_POINT('',(-1.4,-2.,8.));
#11337 = VECTOR('',#11338,1.);
#11338 = DIRECTION('',(1.,0.,0.));
#11339 = ORIENTED_EDGE('',*,*,#11319,.F.);
#11340 = ORIENTED_EDGE('',*,*,#10750,.F.);
#11341 = FACE_BOUND('',#11342,.F.);
#11342 = EDGE_LOOP('',(#11343,#11353,#11361,#11369));
#11343 = ORIENTED_EDGE('',*,*,#11344,.T.);
#11344 = EDGE_CURVE('',#11345,#11347,#11349,.T.);
#11345 = VERTEX_POINT('',#11346);
#11346 = CARTESIAN_POINT('',(-1.25,-2.,7.9));
#11347 = VERTEX_POINT('',#11348);
#11348 = CARTESIAN_POINT('',(-1.25,-2.,3.4));
#11349 = LINE('',#11350,#11351);
#11350 = CARTESIAN_POINT('',(-1.25,-2.,7.9));
#11351 = VECTOR('',#11352,1.);
#11352 = DIRECTION('',(0.,0.,-1.));
#11353 = ORIENTED_EDGE('',*,*,#11354,.T.);
#11354 = EDGE_CURVE('',#11347,#11355,#11357,.T.);
#11355 = VERTEX_POINT('',#11356);
#11356 = CARTESIAN_POINT('',(1.25,-2.,3.4));
#11357 = LINE('',#11358,#11359);
#11358 = CARTESIAN_POINT('',(-1.25,-2.,3.4));
#11359 = VECTOR('',#11360,1.);
#11360 = DIRECTION('',(1.,0.,0.));
#11361 = ORIENTED_EDGE('',*,*,#11362,.T.);
#11362 = EDGE_CURVE('',#11355,#11363,#11365,.T.);
#11363 = VERTEX_POINT('',#11364);
#11364 = CARTESIAN_POINT('',(1.25,-2.,7.9));
#11365 = LINE('',#11366,#11367);
#11366 = CARTESIAN_POINT('',(1.25,-2.,3.4));
#11367 = VECTOR('',#11368,1.);
#11368 = DIRECTION('',(0.,0.,1.));
#11369 = ORIENTED_EDGE('',*,*,#11370,.T.);
#11370 = EDGE_CURVE('',#11363,#11345,#11371,.T.);
#11371 = LINE('',#11372,#11373);
#11372 = CARTESIAN_POINT('',(1.25,-2.,7.9));
#11373 = VECTOR('',#11374,1.);
#11374 = DIRECTION('',(-1.,0.,0.));
#11375 = PLANE('',#11376);
#11376 = AXIS2_PLACEMENT_3D('',#11377,#11378,#11379);
#11377 = CARTESIAN_POINT('',(-1.4,-2.,3.3));
#11378 = DIRECTION('',(0.,1.,0.));
#11379 = DIRECTION('',(1.,0.,0.));
#11380 = ADVANCED_FACE('',(#11381),#11387,.F.);
#11381 = FACE_BOUND('',#11382,.F.);
#11382 = EDGE_LOOP('',(#11383,#11384,#11385,#11386));
#11383 = ORIENTED_EDGE('',*,*,#11287,.F.);
#11384 = ORIENTED_EDGE('',*,*,#10780,.F.);
#11385 = ORIENTED_EDGE('',*,*,#11309,.T.);
#11386 = ORIENTED_EDGE('',*,*,#11334,.F.);
#11387 = PLANE('',#11388);
#11388 = AXIS2_PLACEMENT_3D('',#11389,#11390,#11391);
#11389 = CARTESIAN_POINT('',(1.4,-105.283,8.));
#11390 = DIRECTION('',(0.,0.,1.));
#11391 = DIRECTION('',(-1.,0.,0.));
#11392 = ADVANCED_FACE('',(#11393),#11403,.F.);
#11393 = FACE_BOUND('',#11394,.F.);
#11394 = EDGE_LOOP('',(#11395,#11396,#11402));
#11395 = ORIENTED_EDGE('',*,*,#11000,.F.);
#11396 = ORIENTED_EDGE('',*,*,#11397,.T.);
#11397 = EDGE_CURVE('',#10993,#10867,#11398,.T.);
#11398 = LINE('',#11399,#11400);
#11399 = CARTESIAN_POINT('',(6.48,-2.,3.3));
#11400 = VECTOR('',#11401,1.);
#11401 = DIRECTION('',(0.,1.,0.));
#11402 = ORIENTED_EDGE('',*,*,#10866,.F.);
#11403 = PLANE('',#11404);
#11404 = AXIS2_PLACEMENT_3D('',#11405,#11406,#11407);
#11405 = CARTESIAN_POINT('',(3.68,-105.283,3.3));
#11406 = DIRECTION('',(0.,0.,-1.));
#11407 = DIRECTION('',(1.,0.,0.));
#11408 = ADVANCED_FACE('',(#11409),#11436,.F.);
#11409 = FACE_BOUND('',#11410,.F.);
#11410 = EDGE_LOOP('',(#11411,#11412,#11413,#11421,#11429,#11435));
#11411 = ORIENTED_EDGE('',*,*,#11397,.F.);
#11412 = ORIENTED_EDGE('',*,*,#10992,.T.);
#11413 = ORIENTED_EDGE('',*,*,#11414,.T.);
#11414 = EDGE_CURVE('',#10984,#11415,#11417,.T.);
#11415 = VERTEX_POINT('',#11416);
#11416 = CARTESIAN_POINT('',(6.48,-1.067523257867,8.));
#11417 = LINE('',#11418,#11419);
#11418 = CARTESIAN_POINT('',(6.48,-2.,8.));
#11419 = VECTOR('',#11420,1.);
#11420 = DIRECTION('',(0.,1.,0.));
#11421 = ORIENTED_EDGE('',*,*,#11422,.T.);
#11422 = EDGE_CURVE('',#11415,#11423,#11425,.T.);
#11423 = VERTEX_POINT('',#11424);
#11424 = CARTESIAN_POINT('',(6.48,1.501523257867,8.));
#11425 = LINE('',#11426,#11427);
#11426 = CARTESIAN_POINT('',(6.48,-2.,8.));
#11427 = VECTOR('',#11428,1.);
#11428 = DIRECTION('',(0.,1.,0.));
#11429 = ORIENTED_EDGE('',*,*,#11430,.T.);
#11430 = EDGE_CURVE('',#11423,#10876,#11431,.T.);
#11431 = LINE('',#11432,#11433);
#11432 = CARTESIAN_POINT('',(6.48,-2.,8.));
#11433 = VECTOR('',#11434,1.);
#11434 = DIRECTION('',(0.,1.,0.));
#11435 = ORIENTED_EDGE('',*,*,#10875,.F.);
#11436 = PLANE('',#11437);
#11437 = AXIS2_PLACEMENT_3D('',#11438,#11439,#11440);
#11438 = CARTESIAN_POINT('',(6.48,-2.,3.3));
#11439 = DIRECTION('',(-1.,0.,0.));
#11440 = DIRECTION('',(0.,1.,0.));
#11441 = ADVANCED_FACE('',(#11442),#11461,.T.);
#11442 = FACE_BOUND('',#11443,.T.);
#11443 = EDGE_LOOP('',(#11444,#11453,#11459,#11460));
#11444 = ORIENTED_EDGE('',*,*,#11445,.F.);
#11445 = EDGE_CURVE('',#11446,#11415,#11448,.T.);
#11446 = VERTEX_POINT('',#11447);
#11447 = CARTESIAN_POINT('',(3.68,-1.067523257866,8.));
#11448 = CIRCLE('',#11449,1.9);
#11449 = AXIS2_PLACEMENT_3D('',#11450,#11451,#11452);
#11450 = CARTESIAN_POINT('',(5.08,0.217,8.));
#11451 = DIRECTION('',(0.,0.,1.));
#11452 = DIRECTION('',(1.,0.,-0.));
#11453 = ORIENTED_EDGE('',*,*,#11454,.T.);
#11454 = EDGE_CURVE('',#11446,#10976,#11455,.T.);
#11455 = LINE('',#11456,#11457);
#11456 = CARTESIAN_POINT('',(3.68,2.,8.));
#11457 = VECTOR('',#11458,1.);
#11458 = DIRECTION('',(0.,-1.,0.));
#11459 = ORIENTED_EDGE('',*,*,#10983,.T.);
#11460 = ORIENTED_EDGE('',*,*,#11414,.T.);
#11461 = PLANE('',#11462);
#11462 = AXIS2_PLACEMENT_3D('',#11463,#11464,#11465);
#11463 = CARTESIAN_POINT('',(5.08,0.,8.));
#11464 = DIRECTION('',(0.,0.,1.));
#11465 = DIRECTION('',(1.,0.,-0.));
#11466 = ADVANCED_FACE('',(#11467),#11492,.F.);
#11467 = FACE_BOUND('',#11468,.F.);
#11468 = EDGE_LOOP('',(#11469,#11470,#11478,#11484,#11485,#11486));
#11469 = ORIENTED_EDGE('',*,*,#10958,.T.);
#11470 = ORIENTED_EDGE('',*,*,#11471,.T.);
#11471 = EDGE_CURVE('',#10950,#11472,#11474,.T.);
#11472 = VERTEX_POINT('',#11473);
#11473 = CARTESIAN_POINT('',(3.68,1.501523257866,8.));
#11474 = LINE('',#11475,#11476);
#11475 = CARTESIAN_POINT('',(3.68,2.,8.));
#11476 = VECTOR('',#11477,1.);
#11477 = DIRECTION('',(0.,-1.,0.));
#11478 = ORIENTED_EDGE('',*,*,#11479,.T.);
#11479 = EDGE_CURVE('',#11472,#11446,#11480,.T.);
#11480 = LINE('',#11481,#11482);
#11481 = CARTESIAN_POINT('',(3.68,2.,8.));
#11482 = VECTOR('',#11483,1.);
#11483 = DIRECTION('',(0.,-1.,0.));
#11484 = ORIENTED_EDGE('',*,*,#11454,.T.);
#11485 = ORIENTED_EDGE('',*,*,#10975,.F.);
#11486 = ORIENTED_EDGE('',*,*,#11487,.F.);
#11487 = EDGE_CURVE('',#10959,#10967,#11488,.T.);
#11488 = LINE('',#11489,#11490);
#11489 = CARTESIAN_POINT('',(3.68,2.,3.3));
#11490 = VECTOR('',#11491,1.);
#11491 = DIRECTION('',(0.,-1.,0.));
#11492 = PLANE('',#11493);
#11493 = AXIS2_PLACEMENT_3D('',#11494,#11495,#11496);
#11494 = CARTESIAN_POINT('',(3.68,2.,3.3));
#11495 = DIRECTION('',(1.,0.,-0.));
#11496 = DIRECTION('',(0.,-1.,0.));
#11497 = ADVANCED_FACE('',(#11498),#11502,.F.);
#11498 = FACE_BOUND('',#11499,.F.);
#11499 = EDGE_LOOP('',(#11500,#11501));
#11500 = ORIENTED_EDGE('',*,*,#11487,.T.);
#11501 = ORIENTED_EDGE('',*,*,#10966,.F.);
#11502 = PLANE('',#11503);
#11503 = AXIS2_PLACEMENT_3D('',#11504,#11505,#11506);
#11504 = CARTESIAN_POINT('',(3.68,-105.283,3.3));
#11505 = DIRECTION('',(0.,0.,-1.));
#11506 = DIRECTION('',(1.,0.,0.));
#11507 = ADVANCED_FACE('',(#11508),#11527,.T.);
#11508 = FACE_BOUND('',#11509,.T.);
#11509 = EDGE_LOOP('',(#11510,#11511,#11512,#11521));
#11510 = ORIENTED_EDGE('',*,*,#10949,.T.);
#11511 = ORIENTED_EDGE('',*,*,#11471,.T.);
#11512 = ORIENTED_EDGE('',*,*,#11513,.F.);
#11513 = EDGE_CURVE('',#11514,#11472,#11516,.T.);
#11514 = VERTEX_POINT('',#11515);
#11515 = CARTESIAN_POINT('',(4.423561884105,2.,8.));
#11516 = CIRCLE('',#11517,1.9);
#11517 = AXIS2_PLACEMENT_3D('',#11518,#11519,#11520);
#11518 = CARTESIAN_POINT('',(5.08,0.217,8.));
#11519 = DIRECTION('',(0.,0.,1.));
#11520 = DIRECTION('',(1.,0.,-0.));
#11521 = ORIENTED_EDGE('',*,*,#11522,.T.);
#11522 = EDGE_CURVE('',#11514,#10942,#11523,.T.);
#11523 = LINE('',#11524,#11525);
#11524 = CARTESIAN_POINT('',(6.48,2.,8.));
#11525 = VECTOR('',#11526,1.);
#11526 = DIRECTION('',(-1.,0.,0.));
#11527 = PLANE('',#11528);
#11528 = AXIS2_PLACEMENT_3D('',#11529,#11530,#11531);
#11529 = CARTESIAN_POINT('',(5.08,0.,8.));
#11530 = DIRECTION('',(0.,0.,1.));
#11531 = DIRECTION('',(1.,0.,-0.));
#11532 = ADVANCED_FACE('',(#11533),#11558,.F.);
#11533 = FACE_BOUND('',#11534,.F.);
#11534 = EDGE_LOOP('',(#11535,#11536,#11544,#11550,#11551,#11552));
#11535 = ORIENTED_EDGE('',*,*,#10892,.T.);
#11536 = ORIENTED_EDGE('',*,*,#11537,.T.);
#11537 = EDGE_CURVE('',#10884,#11538,#11540,.T.);
#11538 = VERTEX_POINT('',#11539);
#11539 = CARTESIAN_POINT('',(5.736438115895,2.,8.));
#11540 = LINE('',#11541,#11542);
#11541 = CARTESIAN_POINT('',(6.48,2.,8.));
#11542 = VECTOR('',#11543,1.);
#11543 = DIRECTION('',(-1.,0.,0.));
#11544 = ORIENTED_EDGE('',*,*,#11545,.T.);
#11545 = EDGE_CURVE('',#11538,#11514,#11546,.T.);
#11546 = LINE('',#11547,#11548);
#11547 = CARTESIAN_POINT('',(6.48,2.,8.));
#11548 = VECTOR('',#11549,1.);
#11549 = DIRECTION('',(-1.,0.,0.));
#11550 = ORIENTED_EDGE('',*,*,#11522,.T.);
#11551 = ORIENTED_EDGE('',*,*,#10941,.F.);
#11552 = ORIENTED_EDGE('',*,*,#11553,.F.);
#11553 = EDGE_CURVE('',#10893,#10934,#11554,.T.);
#11554 = LINE('',#11555,#11556);
#11555 = CARTESIAN_POINT('',(6.33,2.,7.9));
#11556 = VECTOR('',#11557,1.);
#11557 = DIRECTION('',(-1.,0.,0.));
#11558 = PLANE('',#11559);
#11559 = AXIS2_PLACEMENT_3D('',#11560,#11561,#11562);
#11560 = CARTESIAN_POINT('',(6.48,2.,3.3));
#11561 = DIRECTION('',(0.,-1.,0.));
#11562 = DIRECTION('',(-1.,0.,0.));
#11563 = ADVANCED_FACE('',(#11564),#11589,.T.);
#11564 = FACE_BOUND('',#11565,.T.);
#11565 = EDGE_LOOP('',(#11566,#11567,#11575,#11583));
#11566 = ORIENTED_EDGE('',*,*,#10933,.T.);
#11567 = ORIENTED_EDGE('',*,*,#11568,.T.);
#11568 = EDGE_CURVE('',#10934,#11569,#11571,.T.);
#11569 = VERTEX_POINT('',#11570);
#11570 = CARTESIAN_POINT('',(3.83,2.,7.9));
#11571 = LINE('',#11572,#11573);
#11572 = CARTESIAN_POINT('',(6.33,2.,7.9));
#11573 = VECTOR('',#11574,1.);
#11574 = DIRECTION('',(-1.,0.,0.));
#11575 = ORIENTED_EDGE('',*,*,#11576,.T.);
#11576 = EDGE_CURVE('',#11569,#11577,#11579,.T.);
#11577 = VERTEX_POINT('',#11578);
#11578 = CARTESIAN_POINT('',(3.83,2.,3.4));
#11579 = LINE('',#11580,#11581);
#11580 = CARTESIAN_POINT('',(3.83,2.,7.9));
#11581 = VECTOR('',#11582,1.);
#11582 = DIRECTION('',(0.,0.,-1.));
#11583 = ORIENTED_EDGE('',*,*,#11584,.T.);
#11584 = EDGE_CURVE('',#11577,#10926,#11585,.T.);
#11585 = LINE('',#11586,#11587);
#11586 = CARTESIAN_POINT('',(3.83,2.,3.4));
#11587 = VECTOR('',#11588,1.);
#11588 = DIRECTION('',(1.,0.,0.));
#11589 = PLANE('',#11590);
#11590 = AXIS2_PLACEMENT_3D('',#11591,#11592,#11593);
#11591 = CARTESIAN_POINT('',(5.08,2.,5.65));
#11592 = DIRECTION('',(-0.,-1.,-0.));
#11593 = DIRECTION('',(0.,0.,-1.));
#11594 = ADVANCED_FACE('',(#11595),#11611,.F.);
#11595 = FACE_BOUND('',#11596,.F.);
#11596 = EDGE_LOOP('',(#11597,#11603,#11604,#11610));
#11597 = ORIENTED_EDGE('',*,*,#11598,.F.);
#11598 = EDGE_CURVE('',#10909,#10917,#11599,.T.);
#11599 = LINE('',#11600,#11601);
#11600 = CARTESIAN_POINT('',(6.48,2.,3.3));
#11601 = VECTOR('',#11602,1.);
#11602 = DIRECTION('',(-1.,0.,0.));
#11603 = ORIENTED_EDGE('',*,*,#10908,.T.);
#11604 = ORIENTED_EDGE('',*,*,#11605,.F.);
#11605 = EDGE_CURVE('',#10926,#10901,#11606,.T.);
#11606 = LINE('',#11607,#11608);
#11607 = CARTESIAN_POINT('',(3.83,2.,3.4));
#11608 = VECTOR('',#11609,1.);
#11609 = DIRECTION('',(1.,0.,0.));
#11610 = ORIENTED_EDGE('',*,*,#10925,.F.);
#11611 = PLANE('',#11612);
#11612 = AXIS2_PLACEMENT_3D('',#11613,#11614,#11615);
#11613 = CARTESIAN_POINT('',(6.48,2.,3.3));
#11614 = DIRECTION('',(0.,-1.,0.));
#11615 = DIRECTION('',(-1.,0.,0.));
#11616 = ADVANCED_FACE('',(#11617),#11621,.F.);
#11617 = FACE_BOUND('',#11618,.F.);
#11618 = EDGE_LOOP('',(#11619,#11620));
#11619 = ORIENTED_EDGE('',*,*,#11598,.T.);
#11620 = ORIENTED_EDGE('',*,*,#10916,.F.);
#11621 = PLANE('',#11622);
#11622 = AXIS2_PLACEMENT_3D('',#11623,#11624,#11625);
#11623 = CARTESIAN_POINT('',(3.68,-105.283,3.3));
#11624 = DIRECTION('',(0.,0.,-1.));
#11625 = DIRECTION('',(1.,0.,0.));
#11626 = ADVANCED_FACE('',(#11627),#11652,.T.);
#11627 = FACE_BOUND('',#11628,.T.);
#11628 = EDGE_LOOP('',(#11629,#11630,#11638,#11646));
#11629 = ORIENTED_EDGE('',*,*,#10900,.F.);
#11630 = ORIENTED_EDGE('',*,*,#11631,.T.);
#11631 = EDGE_CURVE('',#10901,#11632,#11634,.T.);
#11632 = VERTEX_POINT('',#11633);
#11633 = CARTESIAN_POINT('',(6.33,2.,3.4));
#11634 = LINE('',#11635,#11636);
#11635 = CARTESIAN_POINT('',(3.83,2.,3.4));
#11636 = VECTOR('',#11637,1.);
#11637 = DIRECTION('',(1.,0.,0.));
#11638 = ORIENTED_EDGE('',*,*,#11639,.T.);
#11639 = EDGE_CURVE('',#11632,#11640,#11642,.T.);
#11640 = VERTEX_POINT('',#11641);
#11641 = CARTESIAN_POINT('',(6.33,2.,7.9));
#11642 = LINE('',#11643,#11644);
#11643 = CARTESIAN_POINT('',(6.33,2.,3.4));
#11644 = VECTOR('',#11645,1.);
#11645 = DIRECTION('',(0.,0.,1.));
#11646 = ORIENTED_EDGE('',*,*,#11647,.T.);
#11647 = EDGE_CURVE('',#11640,#10893,#11648,.T.);
#11648 = LINE('',#11649,#11650);
#11649 = CARTESIAN_POINT('',(6.33,2.,7.9));
#11650 = VECTOR('',#11651,1.);
#11651 = DIRECTION('',(-1.,0.,0.));
#11652 = PLANE('',#11653);
#11653 = AXIS2_PLACEMENT_3D('',#11654,#11655,#11656);
#11654 = CARTESIAN_POINT('',(5.08,2.,5.65));
#11655 = DIRECTION('',(-0.,-1.,-0.));
#11656 = DIRECTION('',(0.,0.,-1.));
#11657 = ADVANCED_FACE('',(#11658),#11670,.T.);
#11658 = FACE_BOUND('',#11659,.T.);
#11659 = EDGE_LOOP('',(#11660,#11667,#11668,#11669));
#11660 = ORIENTED_EDGE('',*,*,#11661,.F.);
#11661 = EDGE_CURVE('',#11423,#11538,#11662,.T.);
#11662 = CIRCLE('',#11663,1.9);
#11663 = AXIS2_PLACEMENT_3D('',#11664,#11665,#11666);
#11664 = CARTESIAN_POINT('',(5.08,0.217,8.));
#11665 = DIRECTION('',(0.,0.,1.));
#11666 = DIRECTION('',(1.,0.,-0.));
#11667 = ORIENTED_EDGE('',*,*,#11430,.T.);
#11668 = ORIENTED_EDGE('',*,*,#10883,.T.);
#11669 = ORIENTED_EDGE('',*,*,#11537,.T.);
#11670 = PLANE('',#11671);
#11671 = AXIS2_PLACEMENT_3D('',#11672,#11673,#11674);
#11672 = CARTESIAN_POINT('',(5.08,0.,8.));
#11673 = DIRECTION('',(0.,0.,1.));
#11674 = DIRECTION('',(1.,0.,-0.));
#11675 = ADVANCED_FACE('',(#11676),#11686,.F.);
#11676 = FACE_BOUND('',#11677,.F.);
#11677 = EDGE_LOOP('',(#11678,#11679,#11685));
#11678 = ORIENTED_EDGE('',*,*,#11159,.F.);
#11679 = ORIENTED_EDGE('',*,*,#11680,.T.);
#11680 = EDGE_CURVE('',#11152,#11026,#11681,.T.);
#11681 = LINE('',#11682,#11683);
#11682 = CARTESIAN_POINT('',(1.4,-2.,3.3));
#11683 = VECTOR('',#11684,1.);
#11684 = DIRECTION('',(0.,1.,0.));
#11685 = ORIENTED_EDGE('',*,*,#11025,.F.);
#11686 = PLANE('',#11687);
#11687 = AXIS2_PLACEMENT_3D('',#11688,#11689,#11690);
#11688 = CARTESIAN_POINT('',(-1.4,-105.283,3.3));
#11689 = DIRECTION('',(0.,0.,-1.));
#11690 = DIRECTION('',(1.,0.,0.));
#11691 = ADVANCED_FACE('',(#11692),#11719,.F.);
#11692 = FACE_BOUND('',#11693,.F.);
#11693 = EDGE_LOOP('',(#11694,#11695,#11696,#11704,#11712,#11718));
#11694 = ORIENTED_EDGE('',*,*,#11680,.F.);
#11695 = ORIENTED_EDGE('',*,*,#11151,.T.);
#11696 = ORIENTED_EDGE('',*,*,#11697,.T.);
#11697 = EDGE_CURVE('',#11143,#11698,#11700,.T.);
#11698 = VERTEX_POINT('',#11699);
#11699 = CARTESIAN_POINT('',(1.4,-1.067523257867,8.));
#11700 = LINE('',#11701,#11702);
#11701 = CARTESIAN_POINT('',(1.4,-2.,8.));
#11702 = VECTOR('',#11703,1.);
#11703 = DIRECTION('',(0.,1.,0.));
#11704 = ORIENTED_EDGE('',*,*,#11705,.T.);
#11705 = EDGE_CURVE('',#11698,#11706,#11708,.T.);
#11706 = VERTEX_POINT('',#11707);
#11707 = CARTESIAN_POINT('',(1.4,1.501523257867,8.));
#11708 = LINE('',#11709,#11710);
#11709 = CARTESIAN_POINT('',(1.4,-2.,8.));
#11710 = VECTOR('',#11711,1.);
#11711 = DIRECTION('',(0.,1.,0.));
#11712 = ORIENTED_EDGE('',*,*,#11713,.T.);
#11713 = EDGE_CURVE('',#11706,#11035,#11714,.T.);
#11714 = LINE('',#11715,#11716);
#11715 = CARTESIAN_POINT('',(1.4,-2.,8.));
#11716 = VECTOR('',#11717,1.);
#11717 = DIRECTION('',(0.,1.,0.));
#11718 = ORIENTED_EDGE('',*,*,#11034,.F.);
#11719 = PLANE('',#11720);
#11720 = AXIS2_PLACEMENT_3D('',#11721,#11722,#11723);
#11721 = CARTESIAN_POINT('',(1.4,-2.,3.3));
#11722 = DIRECTION('',(-1.,0.,0.));
#11723 = DIRECTION('',(0.,1.,0.));
#11724 = ADVANCED_FACE('',(#11725),#11744,.T.);
#11725 = FACE_BOUND('',#11726,.T.);
#11726 = EDGE_LOOP('',(#11727,#11736,#11742,#11743));
#11727 = ORIENTED_EDGE('',*,*,#11728,.F.);
#11728 = EDGE_CURVE('',#11729,#11698,#11731,.T.);
#11729 = VERTEX_POINT('',#11730);
#11730 = CARTESIAN_POINT('',(-1.4,-1.067523257866,8.));
#11731 = CIRCLE('',#11732,1.9);
#11732 = AXIS2_PLACEMENT_3D('',#11733,#11734,#11735);
#11733 = CARTESIAN_POINT('',(0.,0.217,8.));
#11734 = DIRECTION('',(0.,0.,1.));
#11735 = DIRECTION('',(1.,0.,-0.));
#11736 = ORIENTED_EDGE('',*,*,#11737,.T.);
#11737 = EDGE_CURVE('',#11729,#11135,#11738,.T.);
#11738 = LINE('',#11739,#11740);
#11739 = CARTESIAN_POINT('',(-1.4,2.,8.));
#11740 = VECTOR('',#11741,1.);
#11741 = DIRECTION('',(0.,-1.,0.));
#11742 = ORIENTED_EDGE('',*,*,#11142,.T.);
#11743 = ORIENTED_EDGE('',*,*,#11697,.T.);
#11744 = PLANE('',#11745);
#11745 = AXIS2_PLACEMENT_3D('',#11746,#11747,#11748);
#11746 = CARTESIAN_POINT('',(0.,0.,8.));
#11747 = DIRECTION('',(0.,0.,1.));
#11748 = DIRECTION('',(1.,0.,-0.));
#11749 = ADVANCED_FACE('',(#11750),#11775,.F.);
#11750 = FACE_BOUND('',#11751,.F.);
#11751 = EDGE_LOOP('',(#11752,#11753,#11761,#11767,#11768,#11769));
#11752 = ORIENTED_EDGE('',*,*,#11117,.T.);
#11753 = ORIENTED_EDGE('',*,*,#11754,.T.);
#11754 = EDGE_CURVE('',#11109,#11755,#11757,.T.);
#11755 = VERTEX_POINT('',#11756);
#11756 = CARTESIAN_POINT('',(-1.4,1.501523257866,8.));
#11757 = LINE('',#11758,#11759);
#11758 = CARTESIAN_POINT('',(-1.4,2.,8.));
#11759 = VECTOR('',#11760,1.);
#11760 = DIRECTION('',(0.,-1.,0.));
#11761 = ORIENTED_EDGE('',*,*,#11762,.T.);
#11762 = EDGE_CURVE('',#11755,#11729,#11763,.T.);
#11763 = LINE('',#11764,#11765);
#11764 = CARTESIAN_POINT('',(-1.4,2.,8.));
#11765 = VECTOR('',#11766,1.);
#11766 = DIRECTION('',(0.,-1.,0.));
#11767 = ORIENTED_EDGE('',*,*,#11737,.T.);
#11768 = ORIENTED_EDGE('',*,*,#11134,.F.);
#11769 = ORIENTED_EDGE('',*,*,#11770,.F.);
#11770 = EDGE_CURVE('',#11118,#11126,#11771,.T.);
#11771 = LINE('',#11772,#11773);
#11772 = CARTESIAN_POINT('',(-1.4,2.,3.3));
#11773 = VECTOR('',#11774,1.);
#11774 = DIRECTION('',(0.,-1.,0.));
#11775 = PLANE('',#11776);
#11776 = AXIS2_PLACEMENT_3D('',#11777,#11778,#11779);
#11777 = CARTESIAN_POINT('',(-1.4,2.,3.3));
#11778 = DIRECTION('',(1.,0.,-0.));
#11779 = DIRECTION('',(0.,-1.,0.));
#11780 = ADVANCED_FACE('',(#11781),#11785,.F.);
#11781 = FACE_BOUND('',#11782,.F.);
#11782 = EDGE_LOOP('',(#11783,#11784));
#11783 = ORIENTED_EDGE('',*,*,#11770,.T.);
#11784 = ORIENTED_EDGE('',*,*,#11125,.F.);
#11785 = PLANE('',#11786);
#11786 = AXIS2_PLACEMENT_3D('',#11787,#11788,#11789);
#11787 = CARTESIAN_POINT('',(-1.4,-105.283,3.3));
#11788 = DIRECTION('',(0.,0.,-1.));
#11789 = DIRECTION('',(1.,0.,0.));
#11790 = ADVANCED_FACE('',(#11791),#11810,.T.);
#11791 = FACE_BOUND('',#11792,.T.);
#11792 = EDGE_LOOP('',(#11793,#11794,#11795,#11804));
#11793 = ORIENTED_EDGE('',*,*,#11108,.T.);
#11794 = ORIENTED_EDGE('',*,*,#11754,.T.);
#11795 = ORIENTED_EDGE('',*,*,#11796,.F.);
#11796 = EDGE_CURVE('',#11797,#11755,#11799,.T.);
#11797 = VERTEX_POINT('',#11798);
#11798 = CARTESIAN_POINT('',(-0.656438115895,2.,8.));
#11799 = CIRCLE('',#11800,1.9);
#11800 = AXIS2_PLACEMENT_3D('',#11801,#11802,#11803);
#11801 = CARTESIAN_POINT('',(0.,0.217,8.));
#11802 = DIRECTION('',(0.,0.,1.));
#11803 = DIRECTION('',(1.,0.,-0.));
#11804 = ORIENTED_EDGE('',*,*,#11805,.T.);
#11805 = EDGE_CURVE('',#11797,#11101,#11806,.T.);
#11806 = LINE('',#11807,#11808);
#11807 = CARTESIAN_POINT('',(1.4,2.,8.));
#11808 = VECTOR('',#11809,1.);
#11809 = DIRECTION('',(-1.,0.,0.));
#11810 = PLANE('',#11811);
#11811 = AXIS2_PLACEMENT_3D('',#11812,#11813,#11814);
#11812 = CARTESIAN_POINT('',(0.,0.,8.));
#11813 = DIRECTION('',(0.,0.,1.));
#11814 = DIRECTION('',(1.,0.,-0.));
#11815 = ADVANCED_FACE('',(#11816),#11841,.F.);
#11816 = FACE_BOUND('',#11817,.F.);
#11817 = EDGE_LOOP('',(#11818,#11819,#11827,#11833,#11834,#11835));
#11818 = ORIENTED_EDGE('',*,*,#11051,.T.);
#11819 = ORIENTED_EDGE('',*,*,#11820,.T.);
#11820 = EDGE_CURVE('',#11043,#11821,#11823,.T.);
#11821 = VERTEX_POINT('',#11822);
#11822 = CARTESIAN_POINT('',(0.656438115895,2.,8.));
#11823 = LINE('',#11824,#11825);
#11824 = CARTESIAN_POINT('',(1.4,2.,8.));
#11825 = VECTOR('',#11826,1.);
#11826 = DIRECTION('',(-1.,0.,0.));
#11827 = ORIENTED_EDGE('',*,*,#11828,.T.);
#11828 = EDGE_CURVE('',#11821,#11797,#11829,.T.);
#11829 = LINE('',#11830,#11831);
#11830 = CARTESIAN_POINT('',(1.4,2.,8.));
#11831 = VECTOR('',#11832,1.);
#11832 = DIRECTION('',(-1.,0.,0.));
#11833 = ORIENTED_EDGE('',*,*,#11805,.T.);
#11834 = ORIENTED_EDGE('',*,*,#11100,.F.);
#11835 = ORIENTED_EDGE('',*,*,#11836,.F.);
#11836 = EDGE_CURVE('',#11052,#11093,#11837,.T.);
#11837 = LINE('',#11838,#11839);
#11838 = CARTESIAN_POINT('',(1.25,2.,7.9));
#11839 = VECTOR('',#11840,1.);
#11840 = DIRECTION('',(-1.,0.,0.));
#11841 = PLANE('',#11842);
#11842 = AXIS2_PLACEMENT_3D('',#11843,#11844,#11845);
#11843 = CARTESIAN_POINT('',(1.4,2.,3.3));
#11844 = DIRECTION('',(0.,-1.,0.));
#11845 = DIRECTION('',(-1.,0.,0.));
#11846 = ADVANCED_FACE('',(#11847),#11872,.T.);
#11847 = FACE_BOUND('',#11848,.T.);
#11848 = EDGE_LOOP('',(#11849,#11850,#11858,#11866));
#11849 = ORIENTED_EDGE('',*,*,#11092,.T.);
#11850 = ORIENTED_EDGE('',*,*,#11851,.T.);
#11851 = EDGE_CURVE('',#11093,#11852,#11854,.T.);
#11852 = VERTEX_POINT('',#11853);
#11853 = CARTESIAN_POINT('',(-1.25,2.,7.9));
#11854 = LINE('',#11855,#11856);
#11855 = CARTESIAN_POINT('',(1.25,2.,7.9));
#11856 = VECTOR('',#11857,1.);
#11857 = DIRECTION('',(-1.,0.,0.));
#11858 = ORIENTED_EDGE('',*,*,#11859,.T.);
#11859 = EDGE_CURVE('',#11852,#11860,#11862,.T.);
#11860 = VERTEX_POINT('',#11861);
#11861 = CARTESIAN_POINT('',(-1.25,2.,3.4));
#11862 = LINE('',#11863,#11864);
#11863 = CARTESIAN_POINT('',(-1.25,2.,7.9));
#11864 = VECTOR('',#11865,1.);
#11865 = DIRECTION('',(0.,0.,-1.));
#11866 = ORIENTED_EDGE('',*,*,#11867,.T.);
#11867 = EDGE_CURVE('',#11860,#11085,#11868,.T.);
#11868 = LINE('',#11869,#11870);
#11869 = CARTESIAN_POINT('',(-1.25,2.,3.4));
#11870 = VECTOR('',#11871,1.);
#11871 = DIRECTION('',(1.,0.,0.));
#11872 = PLANE('',#11873);
#11873 = AXIS2_PLACEMENT_3D('',#11874,#11875,#11876);
#11874 = CARTESIAN_POINT('',(0.,2.,5.65));
#11875 = DIRECTION('',(-0.,-1.,-0.));
#11876 = DIRECTION('',(0.,0.,-1.));
#11877 = ADVANCED_FACE('',(#11878),#11894,.F.);
#11878 = FACE_BOUND('',#11879,.F.);
#11879 = EDGE_LOOP('',(#11880,#11886,#11887,#11893));
#11880 = ORIENTED_EDGE('',*,*,#11881,.F.);
#11881 = EDGE_CURVE('',#11068,#11076,#11882,.T.);
#11882 = LINE('',#11883,#11884);
#11883 = CARTESIAN_POINT('',(1.4,2.,3.3));
#11884 = VECTOR('',#11885,1.);
#11885 = DIRECTION('',(-1.,0.,0.));
#11886 = ORIENTED_EDGE('',*,*,#11067,.T.);
#11887 = ORIENTED_EDGE('',*,*,#11888,.F.);
#11888 = EDGE_CURVE('',#11085,#11060,#11889,.T.);
#11889 = LINE('',#11890,#11891);
#11890 = CARTESIAN_POINT('',(-1.25,2.,3.4));
#11891 = VECTOR('',#11892,1.);
#11892 = DIRECTION('',(1.,0.,0.));
#11893 = ORIENTED_EDGE('',*,*,#11084,.F.);
#11894 = PLANE('',#11895);
#11895 = AXIS2_PLACEMENT_3D('',#11896,#11897,#11898);
#11896 = CARTESIAN_POINT('',(1.4,2.,3.3));
#11897 = DIRECTION('',(0.,-1.,0.));
#11898 = DIRECTION('',(-1.,0.,0.));
#11899 = ADVANCED_FACE('',(#11900),#11904,.F.);
#11900 = FACE_BOUND('',#11901,.F.);
#11901 = EDGE_LOOP('',(#11902,#11903));
#11902 = ORIENTED_EDGE('',*,*,#11881,.T.);
#11903 = ORIENTED_EDGE('',*,*,#11075,.F.);
#11904 = PLANE('',#11905);
#11905 = AXIS2_PLACEMENT_3D('',#11906,#11907,#11908);
#11906 = CARTESIAN_POINT('',(-1.4,-105.283,3.3));
#11907 = DIRECTION('',(0.,0.,-1.));
#11908 = DIRECTION('',(1.,0.,0.));
#11909 = ADVANCED_FACE('',(#11910),#11935,.T.);
#11910 = FACE_BOUND('',#11911,.T.);
#11911 = EDGE_LOOP('',(#11912,#11913,#11921,#11929));
#11912 = ORIENTED_EDGE('',*,*,#11059,.F.);
#11913 = ORIENTED_EDGE('',*,*,#11914,.T.);
#11914 = EDGE_CURVE('',#11060,#11915,#11917,.T.);
#11915 = VERTEX_POINT('',#11916);
#11916 = CARTESIAN_POINT('',(1.25,2.,3.4));
#11917 = LINE('',#11918,#11919);
#11918 = CARTESIAN_POINT('',(-1.25,2.,3.4));
#11919 = VECTOR('',#11920,1.);
#11920 = DIRECTION('',(1.,0.,0.));
#11921 = ORIENTED_EDGE('',*,*,#11922,.T.);
#11922 = EDGE_CURVE('',#11915,#11923,#11925,.T.);
#11923 = VERTEX_POINT('',#11924);
#11924 = CARTESIAN_POINT('',(1.25,2.,7.9));
#11925 = LINE('',#11926,#11927);
#11926 = CARTESIAN_POINT('',(1.25,2.,3.4));
#11927 = VECTOR('',#11928,1.);
#11928 = DIRECTION('',(0.,0.,1.));
#11929 = ORIENTED_EDGE('',*,*,#11930,.T.);
#11930 = EDGE_CURVE('',#11923,#11052,#11931,.T.);
#11931 = LINE('',#11932,#11933);
#11932 = CARTESIAN_POINT('',(1.25,2.,7.9));
#11933 = VECTOR('',#11934,1.);
#11934 = DIRECTION('',(-1.,0.,0.));
#11935 = PLANE('',#11936);
#11936 = AXIS2_PLACEMENT_3D('',#11937,#11938,#11939);
#11937 = CARTESIAN_POINT('',(0.,2.,5.65));
#11938 = DIRECTION('',(-0.,-1.,-0.));
#11939 = DIRECTION('',(0.,0.,-1.));
#11940 = ADVANCED_FACE('',(#11941),#11953,.T.);
#11941 = FACE_BOUND('',#11942,.T.);
#11942 = EDGE_LOOP('',(#11943,#11950,#11951,#11952));
#11943 = ORIENTED_EDGE('',*,*,#11944,.F.);
#11944 = EDGE_CURVE('',#11706,#11821,#11945,.T.);
#11945 = CIRCLE('',#11946,1.9);
#11946 = AXIS2_PLACEMENT_3D('',#11947,#11948,#11949);
#11947 = CARTESIAN_POINT('',(0.,0.217,8.));
#11948 = DIRECTION('',(0.,0.,1.));
#11949 = DIRECTION('',(1.,0.,-0.));
#11950 = ORIENTED_EDGE('',*,*,#11713,.T.);
#11951 = ORIENTED_EDGE('',*,*,#11042,.T.);
#11952 = ORIENTED_EDGE('',*,*,#11820,.T.);
#11953 = PLANE('',#11954);
#11954 = AXIS2_PLACEMENT_3D('',#11955,#11956,#11957);
#11955 = CARTESIAN_POINT('',(0.,0.,8.));
#11956 = DIRECTION('',(0.,0.,1.));
#11957 = DIRECTION('',(1.,0.,-0.));
#11958 = ADVANCED_FACE('',(#11959),#11975,.T.);
#11959 = FACE_BOUND('',#11960,.T.);
#11960 = EDGE_LOOP('',(#11961,#11967,#11968,#11974));
#11961 = ORIENTED_EDGE('',*,*,#11962,.T.);
#11962 = EDGE_CURVE('',#11569,#11234,#11963,.T.);
#11963 = LINE('',#11964,#11965);
#11964 = CARTESIAN_POINT('',(3.83,2.,7.9));
#11965 = VECTOR('',#11966,1.);
#11966 = DIRECTION('',(0.,-1.,0.));
#11967 = ORIENTED_EDGE('',*,*,#11233,.T.);
#11968 = ORIENTED_EDGE('',*,*,#11969,.F.);
#11969 = EDGE_CURVE('',#11577,#11236,#11970,.T.);
#11970 = LINE('',#11971,#11972);
#11971 = CARTESIAN_POINT('',(3.83,2.,3.4));
#11972 = VECTOR('',#11973,1.);
#11973 = DIRECTION('',(0.,-1.,0.));
#11974 = ORIENTED_EDGE('',*,*,#11576,.F.);
#11975 = PLANE('',#11976);
#11976 = AXIS2_PLACEMENT_3D('',#11977,#11978,#11979);
#11977 = CARTESIAN_POINT('',(3.83,2.,7.9));
#11978 = DIRECTION('',(1.,0.,0.));
#11979 = DIRECTION('',(0.,0.,-1.));
#11980 = ADVANCED_FACE('',(#11981),#11994,.T.);
#11981 = FACE_BOUND('',#11982,.T.);
#11982 = EDGE_LOOP('',(#11983,#11989,#11990,#11991,#11992,#11993));
#11983 = ORIENTED_EDGE('',*,*,#11984,.T.);
#11984 = EDGE_CURVE('',#11640,#11252,#11985,.T.);
#11985 = LINE('',#11986,#11987);
#11986 = CARTESIAN_POINT('',(6.33,2.,7.9));
#11987 = VECTOR('',#11988,1.);
#11988 = DIRECTION('',(0.,-1.,0.));
#11989 = ORIENTED_EDGE('',*,*,#11259,.T.);
#11990 = ORIENTED_EDGE('',*,*,#11962,.F.);
#11991 = ORIENTED_EDGE('',*,*,#11568,.F.);
#11992 = ORIENTED_EDGE('',*,*,#11553,.F.);
#11993 = ORIENTED_EDGE('',*,*,#11647,.F.);
#11994 = PLANE('',#11995);
#11995 = AXIS2_PLACEMENT_3D('',#11996,#11997,#11998);
#11996 = CARTESIAN_POINT('',(6.33,2.,7.9));
#11997 = DIRECTION('',(-0.,-0.,-1.));
#11998 = DIRECTION('',(-1.,0.,0.));
#11999 = ADVANCED_FACE('',(#12000),#12011,.T.);
#12000 = FACE_BOUND('',#12001,.T.);
#12001 = EDGE_LOOP('',(#12002,#12008,#12009,#12010));
#12002 = ORIENTED_EDGE('',*,*,#12003,.T.);
#12003 = EDGE_CURVE('',#11632,#11244,#12004,.T.);
#12004 = LINE('',#12005,#12006);
#12005 = CARTESIAN_POINT('',(6.33,2.,3.4));
#12006 = VECTOR('',#12007,1.);
#12007 = DIRECTION('',(0.,-1.,0.));
#12008 = ORIENTED_EDGE('',*,*,#11251,.T.);
#12009 = ORIENTED_EDGE('',*,*,#11984,.F.);
#12010 = ORIENTED_EDGE('',*,*,#11639,.F.);
#12011 = PLANE('',#12012);
#12012 = AXIS2_PLACEMENT_3D('',#12013,#12014,#12015);
#12013 = CARTESIAN_POINT('',(6.33,2.,3.4));
#12014 = DIRECTION('',(-1.,0.,0.));
#12015 = DIRECTION('',(0.,0.,1.));
#12016 = ADVANCED_FACE('',(#12017),#12025,.T.);
#12017 = FACE_BOUND('',#12018,.T.);
#12018 = EDGE_LOOP('',(#12019,#12020,#12021,#12022,#12023,#12024));
#12019 = ORIENTED_EDGE('',*,*,#11969,.T.);
#12020 = ORIENTED_EDGE('',*,*,#11243,.T.);
#12021 = ORIENTED_EDGE('',*,*,#12003,.F.);
#12022 = ORIENTED_EDGE('',*,*,#11631,.F.);
#12023 = ORIENTED_EDGE('',*,*,#11605,.F.);
#12024 = ORIENTED_EDGE('',*,*,#11584,.F.);
#12025 = PLANE('',#12026);
#12026 = AXIS2_PLACEMENT_3D('',#12027,#12028,#12029);
#12027 = CARTESIAN_POINT('',(3.83,2.,3.4));
#12028 = DIRECTION('',(-0.,0.,1.));
#12029 = DIRECTION('',(1.,0.,0.));
#12030 = ADVANCED_FACE('',(#12031),#12047,.T.);
#12031 = FACE_BOUND('',#12032,.T.);
#12032 = EDGE_LOOP('',(#12033,#12039,#12040,#12046));
#12033 = ORIENTED_EDGE('',*,*,#12034,.T.);
#12034 = EDGE_CURVE('',#11852,#11345,#12035,.T.);
#12035 = LINE('',#12036,#12037);
#12036 = CARTESIAN_POINT('',(-1.25,2.,7.9));
#12037 = VECTOR('',#12038,1.);
#12038 = DIRECTION('',(0.,-1.,0.));
#12039 = ORIENTED_EDGE('',*,*,#11344,.T.);
#12040 = ORIENTED_EDGE('',*,*,#12041,.F.);
#12041 = EDGE_CURVE('',#11860,#11347,#12042,.T.);
#12042 = LINE('',#12043,#12044);
#12043 = CARTESIAN_POINT('',(-1.25,2.,3.4));
#12044 = VECTOR('',#12045,1.);
#12045 = DIRECTION('',(0.,-1.,0.));
#12046 = ORIENTED_EDGE('',*,*,#11859,.F.);
#12047 = PLANE('',#12048);
#12048 = AXIS2_PLACEMENT_3D('',#12049,#12050,#12051);
#12049 = CARTESIAN_POINT('',(-1.25,2.,7.9));
#12050 = DIRECTION('',(1.,0.,0.));
#12051 = DIRECTION('',(0.,0.,-1.));
#12052 = ADVANCED_FACE('',(#12053),#12066,.T.);
#12053 = FACE_BOUND('',#12054,.T.);
#12054 = EDGE_LOOP('',(#12055,#12061,#12062,#12063,#12064,#12065));
#12055 = ORIENTED_EDGE('',*,*,#12056,.T.);
#12056 = EDGE_CURVE('',#11923,#11363,#12057,.T.);
#12057 = LINE('',#12058,#12059);
#12058 = CARTESIAN_POINT('',(1.25,2.,7.9));
#12059 = VECTOR('',#12060,1.);
#12060 = DIRECTION('',(0.,-1.,0.));
#12061 = ORIENTED_EDGE('',*,*,#11370,.T.);
#12062 = ORIENTED_EDGE('',*,*,#12034,.F.);
#12063 = ORIENTED_EDGE('',*,*,#11851,.F.);
#12064 = ORIENTED_EDGE('',*,*,#11836,.F.);
#12065 = ORIENTED_EDGE('',*,*,#11930,.F.);
#12066 = PLANE('',#12067);
#12067 = AXIS2_PLACEMENT_3D('',#12068,#12069,#12070);
#12068 = CARTESIAN_POINT('',(1.25,2.,7.9));
#12069 = DIRECTION('',(-0.,-0.,-1.));
#12070 = DIRECTION('',(-1.,0.,0.));
#12071 = ADVANCED_FACE('',(#12072),#12083,.T.);
#12072 = FACE_BOUND('',#12073,.T.);
#12073 = EDGE_LOOP('',(#12074,#12080,#12081,#12082));
#12074 = ORIENTED_EDGE('',*,*,#12075,.T.);
#12075 = EDGE_CURVE('',#11915,#11355,#12076,.T.);
#12076 = LINE('',#12077,#12078);
#12077 = CARTESIAN_POINT('',(1.25,2.,3.4));
#12078 = VECTOR('',#12079,1.);
#12079 = DIRECTION('',(0.,-1.,0.));
#12080 = ORIENTED_EDGE('',*,*,#11362,.T.);
#12081 = ORIENTED_EDGE('',*,*,#12056,.F.);
#12082 = ORIENTED_EDGE('',*,*,#11922,.F.);
#12083 = PLANE('',#12084);
#12084 = AXIS2_PLACEMENT_3D('',#12085,#12086,#12087);
#12085 = CARTESIAN_POINT('',(1.25,2.,3.4));
#12086 = DIRECTION('',(-1.,0.,0.));
#12087 = DIRECTION('',(0.,0.,1.));
#12088 = ADVANCED_FACE('',(#12089),#12097,.T.);
#12089 = FACE_BOUND('',#12090,.T.);
#12090 = EDGE_LOOP('',(#12091,#12092,#12093,#12094,#12095,#12096));
#12091 = ORIENTED_EDGE('',*,*,#12041,.T.);
#12092 = ORIENTED_EDGE('',*,*,#11354,.T.);
#12093 = ORIENTED_EDGE('',*,*,#12075,.F.);
#12094 = ORIENTED_EDGE('',*,*,#11914,.F.);
#12095 = ORIENTED_EDGE('',*,*,#11888,.F.);
#12096 = ORIENTED_EDGE('',*,*,#11867,.F.);
#12097 = PLANE('',#12098);
#12098 = AXIS2_PLACEMENT_3D('',#12099,#12100,#12101);
#12099 = CARTESIAN_POINT('',(-1.25,2.,3.4));
#12100 = DIRECTION('',(-0.,0.,1.));
#12101 = DIRECTION('',(1.,0.,0.));
#12102 = ADVANCED_FACE('',(#12103),#12122,.F.);
#12103 = FACE_BOUND('',#12104,.F.);
#12104 = EDGE_LOOP('',(#12105,#12114,#12121));
#12105 = ORIENTED_EDGE('',*,*,#12106,.T.);
#12106 = EDGE_CURVE('',#11415,#12107,#12109,.T.);
#12107 = VERTEX_POINT('',#12108);
#12108 = CARTESIAN_POINT('',(6.98,0.217,8.));
#12109 = CIRCLE('',#12110,1.9);
#12110 = AXIS2_PLACEMENT_3D('',#12111,#12112,#12113);
#12111 = CARTESIAN_POINT('',(5.08,0.217,8.));
#12112 = DIRECTION('',(0.,0.,1.));
#12113 = DIRECTION('',(1.,0.,-0.));
#12114 = ORIENTED_EDGE('',*,*,#12115,.T.);
#12115 = EDGE_CURVE('',#12107,#11423,#12116,.T.);
#12116 = CIRCLE('',#12117,1.9);
#12117 = AXIS2_PLACEMENT_3D('',#12118,#12119,#12120);
#12118 = CARTESIAN_POINT('',(5.08,0.217,8.));
#12119 = DIRECTION('',(0.,0.,1.));
#12120 = DIRECTION('',(1.,0.,-0.));
#12121 = ORIENTED_EDGE('',*,*,#11422,.F.);
#12122 = PLANE('',#12123);
#12123 = AXIS2_PLACEMENT_3D('',#12124,#12125,#12126);
#12124 = CARTESIAN_POINT('',(5.08,0.217,8.));
#12125 = DIRECTION('',(0.,0.,1.));
#12126 = DIRECTION('',(1.,0.,-0.));
#12127 = ADVANCED_FACE('',(#12128),#12233,.T.);
#12128 = FACE_BOUND('',#12129,.T.);
#12129 = EDGE_LOOP('',(#12130,#12141,#12149,#12158,#12166,#12175,#12183,
    #12192,#12200,#12207,#12213,#12214,#12215,#12222,#12223,#12230,
    #12231,#12232));
#12130 = ORIENTED_EDGE('',*,*,#12131,.F.);
#12131 = EDGE_CURVE('',#12132,#12134,#12136,.T.);
#12132 = VERTEX_POINT('',#12133);
#12133 = CARTESIAN_POINT('',(5.43,-1.650484939698,17.8));
#12134 = VERTEX_POINT('',#12135);
#12135 = CARTESIAN_POINT('',(6.98,0.217,17.8));
#12136 = CIRCLE('',#12137,1.9);
#12137 = AXIS2_PLACEMENT_3D('',#12138,#12139,#12140);
#12138 = CARTESIAN_POINT('',(5.08,0.217,17.8));
#12139 = DIRECTION('',(0.,0.,1.));
#12140 = DIRECTION('',(1.,0.,-0.));
#12141 = ORIENTED_EDGE('',*,*,#12142,.T.);
#12142 = EDGE_CURVE('',#12132,#12143,#12145,.T.);
#12143 = VERTEX_POINT('',#12144);
#12144 = CARTESIAN_POINT('',(5.43,-1.650484939698,17.1));
#12145 = LINE('',#12146,#12147);
#12146 = CARTESIAN_POINT('',(5.43,-1.650484939698,8.));
#12147 = VECTOR('',#12148,1.);
#12148 = DIRECTION('',(-0.,-0.,-1.));
#12149 = ORIENTED_EDGE('',*,*,#12150,.T.);
#12150 = EDGE_CURVE('',#12143,#12151,#12153,.T.);
#12151 = VERTEX_POINT('',#12152);
#12152 = CARTESIAN_POINT('',(4.73,-1.650484939698,17.1));
#12153 = CIRCLE('',#12154,1.9);
#12154 = AXIS2_PLACEMENT_3D('',#12155,#12156,#12157);
#12155 = CARTESIAN_POINT('',(5.08,0.217,17.1));
#12156 = DIRECTION('',(0.,0.,-1.));
#12157 = DIRECTION('',(1.,0.,0.));
#12158 = ORIENTED_EDGE('',*,*,#12159,.F.);
#12159 = EDGE_CURVE('',#12160,#12151,#12162,.T.);
#12160 = VERTEX_POINT('',#12161);
#12161 = CARTESIAN_POINT('',(4.73,-1.650484939698,17.8));
#12162 = LINE('',#12163,#12164);
#12163 = CARTESIAN_POINT('',(4.73,-1.650484939698,8.));
#12164 = VECTOR('',#12165,1.);
#12165 = DIRECTION('',(-0.,-0.,-1.));
#12166 = ORIENTED_EDGE('',*,*,#12167,.F.);
#12167 = EDGE_CURVE('',#12168,#12160,#12170,.T.);
#12168 = VERTEX_POINT('',#12169);
#12169 = CARTESIAN_POINT('',(4.73,2.084484939698,17.8));
#12170 = CIRCLE('',#12171,1.9);
#12171 = AXIS2_PLACEMENT_3D('',#12172,#12173,#12174);
#12172 = CARTESIAN_POINT('',(5.08,0.217,17.8));
#12173 = DIRECTION('',(0.,0.,1.));
#12174 = DIRECTION('',(1.,0.,-0.));
#12175 = ORIENTED_EDGE('',*,*,#12176,.T.);
#12176 = EDGE_CURVE('',#12168,#12177,#12179,.T.);
#12177 = VERTEX_POINT('',#12178);
#12178 = CARTESIAN_POINT('',(4.73,2.084484939698,17.1));
#12179 = LINE('',#12180,#12181);
#12180 = CARTESIAN_POINT('',(4.73,2.084484939698,8.));
#12181 = VECTOR('',#12182,1.);
#12182 = DIRECTION('',(-0.,-0.,-1.));
#12183 = ORIENTED_EDGE('',*,*,#12184,.T.);
#12184 = EDGE_CURVE('',#12177,#12185,#12187,.T.);
#12185 = VERTEX_POINT('',#12186);
#12186 = CARTESIAN_POINT('',(5.43,2.084484939698,17.1));
#12187 = CIRCLE('',#12188,1.9);
#12188 = AXIS2_PLACEMENT_3D('',#12189,#12190,#12191);
#12189 = CARTESIAN_POINT('',(5.08,0.217,17.1));
#12190 = DIRECTION('',(0.,0.,-1.));
#12191 = DIRECTION('',(1.,0.,0.));
#12192 = ORIENTED_EDGE('',*,*,#12193,.F.);
#12193 = EDGE_CURVE('',#12194,#12185,#12196,.T.);
#12194 = VERTEX_POINT('',#12195);
#12195 = CARTESIAN_POINT('',(5.43,2.084484939698,17.8));
#12196 = LINE('',#12197,#12198);
#12197 = CARTESIAN_POINT('',(5.43,2.084484939698,8.));
#12198 = VECTOR('',#12199,1.);
#12199 = DIRECTION('',(-0.,-0.,-1.));
#12200 = ORIENTED_EDGE('',*,*,#12201,.F.);
#12201 = EDGE_CURVE('',#12134,#12194,#12202,.T.);
#12202 = CIRCLE('',#12203,1.9);
#12203 = AXIS2_PLACEMENT_3D('',#12204,#12205,#12206);
#12204 = CARTESIAN_POINT('',(5.08,0.217,17.8));
#12205 = DIRECTION('',(0.,0.,1.));
#12206 = DIRECTION('',(1.,0.,-0.));
#12207 = ORIENTED_EDGE('',*,*,#12208,.F.);
#12208 = EDGE_CURVE('',#12107,#12134,#12209,.T.);
#12209 = LINE('',#12210,#12211);
#12210 = CARTESIAN_POINT('',(6.98,0.217,8.));
#12211 = VECTOR('',#12212,1.);
#12212 = DIRECTION('',(0.,0.,1.));
#12213 = ORIENTED_EDGE('',*,*,#12115,.T.);
#12214 = ORIENTED_EDGE('',*,*,#11661,.T.);
#12215 = ORIENTED_EDGE('',*,*,#12216,.T.);
#12216 = EDGE_CURVE('',#11538,#11514,#12217,.T.);
#12217 = CIRCLE('',#12218,1.9);
#12218 = AXIS2_PLACEMENT_3D('',#12219,#12220,#12221);
#12219 = CARTESIAN_POINT('',(5.08,0.217,8.));
#12220 = DIRECTION('',(0.,0.,1.));
#12221 = DIRECTION('',(1.,0.,-0.));
#12222 = ORIENTED_EDGE('',*,*,#11513,.T.);
#12223 = ORIENTED_EDGE('',*,*,#12224,.T.);
#12224 = EDGE_CURVE('',#11472,#11446,#12225,.T.);
#12225 = CIRCLE('',#12226,1.9);
#12226 = AXIS2_PLACEMENT_3D('',#12227,#12228,#12229);
#12227 = CARTESIAN_POINT('',(5.08,0.217,8.));
#12228 = DIRECTION('',(0.,0.,1.));
#12229 = DIRECTION('',(1.,0.,-0.));
#12230 = ORIENTED_EDGE('',*,*,#11445,.T.);
#12231 = ORIENTED_EDGE('',*,*,#12106,.T.);
#12232 = ORIENTED_EDGE('',*,*,#12208,.T.);
#12233 = CYLINDRICAL_SURFACE('',#12234,1.9);
#12234 = AXIS2_PLACEMENT_3D('',#12235,#12236,#12237);
#12235 = CARTESIAN_POINT('',(5.08,0.217,8.));
#12236 = DIRECTION('',(-0.,-0.,-1.));
#12237 = DIRECTION('',(1.,0.,0.));
#12238 = ADVANCED_FACE('',(#12239),#12243,.F.);
#12239 = FACE_BOUND('',#12240,.F.);
#12240 = EDGE_LOOP('',(#12241,#12242));
#12241 = ORIENTED_EDGE('',*,*,#12224,.T.);
#12242 = ORIENTED_EDGE('',*,*,#11479,.F.);
#12243 = PLANE('',#12244);
#12244 = AXIS2_PLACEMENT_3D('',#12245,#12246,#12247);
#12245 = CARTESIAN_POINT('',(5.08,0.217,8.));
#12246 = DIRECTION('',(0.,0.,1.));
#12247 = DIRECTION('',(1.,0.,-0.));
#12248 = ADVANCED_FACE('',(#12249),#12253,.F.);
#12249 = FACE_BOUND('',#12250,.F.);
#12250 = EDGE_LOOP('',(#12251,#12252));
#12251 = ORIENTED_EDGE('',*,*,#11545,.F.);
#12252 = ORIENTED_EDGE('',*,*,#12216,.T.);
#12253 = PLANE('',#12254);
#12254 = AXIS2_PLACEMENT_3D('',#12255,#12256,#12257);
#12255 = CARTESIAN_POINT('',(5.08,0.217,8.));
#12256 = DIRECTION('',(0.,0.,1.));
#12257 = DIRECTION('',(1.,0.,-0.));
#12258 = ADVANCED_FACE('',(#12259),#12278,.F.);
#12259 = FACE_BOUND('',#12260,.F.);
#12260 = EDGE_LOOP('',(#12261,#12270,#12277));
#12261 = ORIENTED_EDGE('',*,*,#12262,.T.);
#12262 = EDGE_CURVE('',#11698,#12263,#12265,.T.);
#12263 = VERTEX_POINT('',#12264);
#12264 = CARTESIAN_POINT('',(1.9,0.217,8.));
#12265 = CIRCLE('',#12266,1.9);
#12266 = AXIS2_PLACEMENT_3D('',#12267,#12268,#12269);
#12267 = CARTESIAN_POINT('',(0.,0.217,8.));
#12268 = DIRECTION('',(0.,0.,1.));
#12269 = DIRECTION('',(1.,0.,-0.));
#12270 = ORIENTED_EDGE('',*,*,#12271,.T.);
#12271 = EDGE_CURVE('',#12263,#11706,#12272,.T.);
#12272 = CIRCLE('',#12273,1.9);
#12273 = AXIS2_PLACEMENT_3D('',#12274,#12275,#12276);
#12274 = CARTESIAN_POINT('',(0.,0.217,8.));
#12275 = DIRECTION('',(0.,0.,1.));
#12276 = DIRECTION('',(1.,0.,-0.));
#12277 = ORIENTED_EDGE('',*,*,#11705,.F.);
#12278 = PLANE('',#12279);
#12279 = AXIS2_PLACEMENT_3D('',#12280,#12281,#12282);
#12280 = CARTESIAN_POINT('',(-1.799263332289E-16,0.217,8.));
#12281 = DIRECTION('',(0.,0.,1.));
#12282 = DIRECTION('',(1.,0.,-0.));
#12283 = ADVANCED_FACE('',(#12284),#12389,.T.);
#12284 = FACE_BOUND('',#12285,.T.);
#12285 = EDGE_LOOP('',(#12286,#12297,#12305,#12314,#12322,#12331,#12339,
    #12348,#12356,#12363,#12369,#12370,#12371,#12378,#12379,#12386,
    #12387,#12388));
#12286 = ORIENTED_EDGE('',*,*,#12287,.F.);
#12287 = EDGE_CURVE('',#12288,#12290,#12292,.T.);
#12288 = VERTEX_POINT('',#12289);
#12289 = CARTESIAN_POINT('',(0.35,-1.650484939698,17.8));
#12290 = VERTEX_POINT('',#12291);
#12291 = CARTESIAN_POINT('',(1.9,0.217,17.8));
#12292 = CIRCLE('',#12293,1.9);
#12293 = AXIS2_PLACEMENT_3D('',#12294,#12295,#12296);
#12294 = CARTESIAN_POINT('',(0.,0.217,17.8));
#12295 = DIRECTION('',(0.,0.,1.));
#12296 = DIRECTION('',(1.,0.,-0.));
#12297 = ORIENTED_EDGE('',*,*,#12298,.T.);
#12298 = EDGE_CURVE('',#12288,#12299,#12301,.T.);
#12299 = VERTEX_POINT('',#12300);
#12300 = CARTESIAN_POINT('',(0.35,-1.650484939698,17.1));
#12301 = LINE('',#12302,#12303);
#12302 = CARTESIAN_POINT('',(0.35,-1.650484939698,8.));
#12303 = VECTOR('',#12304,1.);
#12304 = DIRECTION('',(-0.,-0.,-1.));
#12305 = ORIENTED_EDGE('',*,*,#12306,.T.);
#12306 = EDGE_CURVE('',#12299,#12307,#12309,.T.);
#12307 = VERTEX_POINT('',#12308);
#12308 = CARTESIAN_POINT('',(-0.35,-1.650484939698,17.1));
#12309 = CIRCLE('',#12310,1.9);
#12310 = AXIS2_PLACEMENT_3D('',#12311,#12312,#12313);
#12311 = CARTESIAN_POINT('',(0.,0.217,17.1));
#12312 = DIRECTION('',(0.,0.,-1.));
#12313 = DIRECTION('',(1.,0.,0.));
#12314 = ORIENTED_EDGE('',*,*,#12315,.F.);
#12315 = EDGE_CURVE('',#12316,#12307,#12318,.T.);
#12316 = VERTEX_POINT('',#12317);
#12317 = CARTESIAN_POINT('',(-0.35,-1.650484939698,17.8));
#12318 = LINE('',#12319,#12320);
#12319 = CARTESIAN_POINT('',(-0.35,-1.650484939698,8.));
#12320 = VECTOR('',#12321,1.);
#12321 = DIRECTION('',(-0.,-0.,-1.));
#12322 = ORIENTED_EDGE('',*,*,#12323,.F.);
#12323 = EDGE_CURVE('',#12324,#12316,#12326,.T.);
#12324 = VERTEX_POINT('',#12325);
#12325 = CARTESIAN_POINT('',(-0.35,2.084484939698,17.8));
#12326 = CIRCLE('',#12327,1.9);
#12327 = AXIS2_PLACEMENT_3D('',#12328,#12329,#12330);
#12328 = CARTESIAN_POINT('',(0.,0.217,17.8));
#12329 = DIRECTION('',(0.,0.,1.));
#12330 = DIRECTION('',(1.,0.,-0.));
#12331 = ORIENTED_EDGE('',*,*,#12332,.T.);
#12332 = EDGE_CURVE('',#12324,#12333,#12335,.T.);
#12333 = VERTEX_POINT('',#12334);
#12334 = CARTESIAN_POINT('',(-0.35,2.084484939698,17.1));
#12335 = LINE('',#12336,#12337);
#12336 = CARTESIAN_POINT('',(-0.35,2.084484939698,8.));
#12337 = VECTOR('',#12338,1.);
#12338 = DIRECTION('',(-0.,-0.,-1.));
#12339 = ORIENTED_EDGE('',*,*,#12340,.T.);
#12340 = EDGE_CURVE('',#12333,#12341,#12343,.T.);
#12341 = VERTEX_POINT('',#12342);
#12342 = CARTESIAN_POINT('',(0.35,2.084484939698,17.1));
#12343 = CIRCLE('',#12344,1.9);
#12344 = AXIS2_PLACEMENT_3D('',#12345,#12346,#12347);
#12345 = CARTESIAN_POINT('',(0.,0.217,17.1));
#12346 = DIRECTION('',(0.,0.,-1.));
#12347 = DIRECTION('',(1.,0.,0.));
#12348 = ORIENTED_EDGE('',*,*,#12349,.F.);
#12349 = EDGE_CURVE('',#12350,#12341,#12352,.T.);
#12350 = VERTEX_POINT('',#12351);
#12351 = CARTESIAN_POINT('',(0.35,2.084484939698,17.8));
#12352 = LINE('',#12353,#12354);
#12353 = CARTESIAN_POINT('',(0.35,2.084484939698,8.));
#12354 = VECTOR('',#12355,1.);
#12355 = DIRECTION('',(-0.,-0.,-1.));
#12356 = ORIENTED_EDGE('',*,*,#12357,.F.);
#12357 = EDGE_CURVE('',#12290,#12350,#12358,.T.);
#12358 = CIRCLE('',#12359,1.9);
#12359 = AXIS2_PLACEMENT_3D('',#12360,#12361,#12362);
#12360 = CARTESIAN_POINT('',(0.,0.217,17.8));
#12361 = DIRECTION('',(0.,0.,1.));
#12362 = DIRECTION('',(1.,0.,-0.));
#12363 = ORIENTED_EDGE('',*,*,#12364,.F.);
#12364 = EDGE_CURVE('',#12263,#12290,#12365,.T.);
#12365 = LINE('',#12366,#12367);
#12366 = CARTESIAN_POINT('',(1.9,0.217,8.));
#12367 = VECTOR('',#12368,1.);
#12368 = DIRECTION('',(0.,0.,1.));
#12369 = ORIENTED_EDGE('',*,*,#12271,.T.);
#12370 = ORIENTED_EDGE('',*,*,#11944,.T.);
#12371 = ORIENTED_EDGE('',*,*,#12372,.T.);
#12372 = EDGE_CURVE('',#11821,#11797,#12373,.T.);
#12373 = CIRCLE('',#12374,1.9);
#12374 = AXIS2_PLACEMENT_3D('',#12375,#12376,#12377);
#12375 = CARTESIAN_POINT('',(0.,0.217,8.));
#12376 = DIRECTION('',(0.,0.,1.));
#12377 = DIRECTION('',(1.,0.,-0.));
#12378 = ORIENTED_EDGE('',*,*,#11796,.T.);
#12379 = ORIENTED_EDGE('',*,*,#12380,.T.);
#12380 = EDGE_CURVE('',#11755,#11729,#12381,.T.);
#12381 = CIRCLE('',#12382,1.9);
#12382 = AXIS2_PLACEMENT_3D('',#12383,#12384,#12385);
#12383 = CARTESIAN_POINT('',(0.,0.217,8.));
#12384 = DIRECTION('',(0.,0.,1.));
#12385 = DIRECTION('',(1.,0.,-0.));
#12386 = ORIENTED_EDGE('',*,*,#11728,.T.);
#12387 = ORIENTED_EDGE('',*,*,#12262,.T.);
#12388 = ORIENTED_EDGE('',*,*,#12364,.T.);
#12389 = CYLINDRICAL_SURFACE('',#12390,1.9);
#12390 = AXIS2_PLACEMENT_3D('',#12391,#12392,#12393);
#12391 = CARTESIAN_POINT('',(0.,0.217,8.));
#12392 = DIRECTION('',(-0.,-0.,-1.));
#12393 = DIRECTION('',(1.,0.,0.));
#12394 = ADVANCED_FACE('',(#12395),#12399,.F.);
#12395 = FACE_BOUND('',#12396,.F.);
#12396 = EDGE_LOOP('',(#12397,#12398));
#12397 = ORIENTED_EDGE('',*,*,#12380,.T.);
#12398 = ORIENTED_EDGE('',*,*,#11762,.F.);
#12399 = PLANE('',#12400);
#12400 = AXIS2_PLACEMENT_3D('',#12401,#12402,#12403);
#12401 = CARTESIAN_POINT('',(-1.799263332289E-16,0.217,8.));
#12402 = DIRECTION('',(0.,0.,1.));
#12403 = DIRECTION('',(1.,0.,-0.));
#12404 = ADVANCED_FACE('',(#12405),#12409,.F.);
#12405 = FACE_BOUND('',#12406,.F.);
#12406 = EDGE_LOOP('',(#12407,#12408));
#12407 = ORIENTED_EDGE('',*,*,#11828,.F.);
#12408 = ORIENTED_EDGE('',*,*,#12372,.T.);
#12409 = PLANE('',#12410);
#12410 = AXIS2_PLACEMENT_3D('',#12411,#12412,#12413);
#12411 = CARTESIAN_POINT('',(-1.799263332289E-16,0.217,8.));
#12412 = DIRECTION('',(0.,0.,1.));
#12413 = DIRECTION('',(1.,0.,-0.));
#12414 = ADVANCED_FACE('',(#12415),#12425,.T.);
#12415 = FACE_BOUND('',#12416,.T.);
#12416 = EDGE_LOOP('',(#12417,#12418,#12419));
#12417 = ORIENTED_EDGE('',*,*,#12131,.T.);
#12418 = ORIENTED_EDGE('',*,*,#12201,.T.);
#12419 = ORIENTED_EDGE('',*,*,#12420,.F.);
#12420 = EDGE_CURVE('',#12132,#12194,#12421,.T.);
#12421 = LINE('',#12422,#12423);
#12422 = CARTESIAN_POINT('',(5.43,-1.783,17.8));
#12423 = VECTOR('',#12424,1.);
#12424 = DIRECTION('',(0.,1.,0.));
#12425 = PLANE('',#12426);
#12426 = AXIS2_PLACEMENT_3D('',#12427,#12428,#12429);
#12427 = CARTESIAN_POINT('',(5.08,0.217,17.8));
#12428 = DIRECTION('',(0.,0.,1.));
#12429 = DIRECTION('',(1.,0.,-0.));
#12430 = ADVANCED_FACE('',(#12431),#12442,.F.);
#12431 = FACE_BOUND('',#12432,.F.);
#12432 = EDGE_LOOP('',(#12433,#12434,#12435,#12441));
#12433 = ORIENTED_EDGE('',*,*,#12420,.F.);
#12434 = ORIENTED_EDGE('',*,*,#12142,.T.);
#12435 = ORIENTED_EDGE('',*,*,#12436,.T.);
#12436 = EDGE_CURVE('',#12143,#12185,#12437,.T.);
#12437 = LINE('',#12438,#12439);
#12438 = CARTESIAN_POINT('',(5.43,-1.783,17.1));
#12439 = VECTOR('',#12440,1.);
#12440 = DIRECTION('',(0.,1.,0.));
#12441 = ORIENTED_EDGE('',*,*,#12193,.F.);
#12442 = PLANE('',#12443);
#12443 = AXIS2_PLACEMENT_3D('',#12444,#12445,#12446);
#12444 = CARTESIAN_POINT('',(5.43,-1.783,17.8));
#12445 = DIRECTION('',(1.,0.,0.));
#12446 = DIRECTION('',(-0.,1.,0.));
#12447 = ADVANCED_FACE('',(#12448),#12459,.T.);
#12448 = FACE_BOUND('',#12449,.T.);
#12449 = EDGE_LOOP('',(#12450,#12456,#12457,#12458));
#12450 = ORIENTED_EDGE('',*,*,#12451,.T.);
#12451 = EDGE_CURVE('',#12177,#12151,#12452,.T.);
#12452 = LINE('',#12453,#12454);
#12453 = CARTESIAN_POINT('',(4.73,2.217,17.1));
#12454 = VECTOR('',#12455,1.);
#12455 = DIRECTION('',(0.,-1.,0.));
#12456 = ORIENTED_EDGE('',*,*,#12150,.F.);
#12457 = ORIENTED_EDGE('',*,*,#12436,.T.);
#12458 = ORIENTED_EDGE('',*,*,#12184,.F.);
#12459 = PLANE('',#12460);
#12460 = AXIS2_PLACEMENT_3D('',#12461,#12462,#12463);
#12461 = CARTESIAN_POINT('',(5.08,0.217,17.1));
#12462 = DIRECTION('',(0.,0.,1.));
#12463 = DIRECTION('',(1.,0.,-0.));
#12464 = ADVANCED_FACE('',(#12465),#12476,.F.);
#12465 = FACE_BOUND('',#12466,.F.);
#12466 = EDGE_LOOP('',(#12467,#12473,#12474,#12475));
#12467 = ORIENTED_EDGE('',*,*,#12468,.F.);
#12468 = EDGE_CURVE('',#12168,#12160,#12469,.T.);
#12469 = LINE('',#12470,#12471);
#12470 = CARTESIAN_POINT('',(4.73,2.217,17.8));
#12471 = VECTOR('',#12472,1.);
#12472 = DIRECTION('',(0.,-1.,0.));
#12473 = ORIENTED_EDGE('',*,*,#12176,.T.);
#12474 = ORIENTED_EDGE('',*,*,#12451,.T.);
#12475 = ORIENTED_EDGE('',*,*,#12159,.F.);
#12476 = PLANE('',#12477);
#12477 = AXIS2_PLACEMENT_3D('',#12478,#12479,#12480);
#12478 = CARTESIAN_POINT('',(4.73,2.217,17.8));
#12479 = DIRECTION('',(-1.,0.,0.));
#12480 = DIRECTION('',(0.,-1.,0.));
#12481 = ADVANCED_FACE('',(#12482),#12486,.T.);
#12482 = FACE_BOUND('',#12483,.T.);
#12483 = EDGE_LOOP('',(#12484,#12485));
#12484 = ORIENTED_EDGE('',*,*,#12468,.F.);
#12485 = ORIENTED_EDGE('',*,*,#12167,.T.);
#12486 = PLANE('',#12487);
#12487 = AXIS2_PLACEMENT_3D('',#12488,#12489,#12490);
#12488 = CARTESIAN_POINT('',(5.08,0.217,17.8));
#12489 = DIRECTION('',(0.,0.,1.));
#12490 = DIRECTION('',(1.,0.,-0.));
#12491 = ADVANCED_FACE('',(#12492),#12502,.T.);
#12492 = FACE_BOUND('',#12493,.T.);
#12493 = EDGE_LOOP('',(#12494,#12495,#12496));
#12494 = ORIENTED_EDGE('',*,*,#12287,.T.);
#12495 = ORIENTED_EDGE('',*,*,#12357,.T.);
#12496 = ORIENTED_EDGE('',*,*,#12497,.F.);
#12497 = EDGE_CURVE('',#12288,#12350,#12498,.T.);
#12498 = LINE('',#12499,#12500);
#12499 = CARTESIAN_POINT('',(0.35,-1.783,17.8));
#12500 = VECTOR('',#12501,1.);
#12501 = DIRECTION('',(0.,1.,0.));
#12502 = PLANE('',#12503);
#12503 = AXIS2_PLACEMENT_3D('',#12504,#12505,#12506);
#12504 = CARTESIAN_POINT('',(-1.799263332289E-16,0.217,17.8));
#12505 = DIRECTION('',(0.,0.,1.));
#12506 = DIRECTION('',(1.,0.,-0.));
#12507 = ADVANCED_FACE('',(#12508),#12519,.F.);
#12508 = FACE_BOUND('',#12509,.F.);
#12509 = EDGE_LOOP('',(#12510,#12511,#12512,#12518));
#12510 = ORIENTED_EDGE('',*,*,#12497,.F.);
#12511 = ORIENTED_EDGE('',*,*,#12298,.T.);
#12512 = ORIENTED_EDGE('',*,*,#12513,.T.);
#12513 = EDGE_CURVE('',#12299,#12341,#12514,.T.);
#12514 = LINE('',#12515,#12516);
#12515 = CARTESIAN_POINT('',(0.35,-1.783,17.1));
#12516 = VECTOR('',#12517,1.);
#12517 = DIRECTION('',(0.,1.,0.));
#12518 = ORIENTED_EDGE('',*,*,#12349,.F.);
#12519 = PLANE('',#12520);
#12520 = AXIS2_PLACEMENT_3D('',#12521,#12522,#12523);
#12521 = CARTESIAN_POINT('',(0.35,-1.783,17.8));
#12522 = DIRECTION('',(1.,0.,0.));
#12523 = DIRECTION('',(-0.,1.,0.));
#12524 = ADVANCED_FACE('',(#12525),#12536,.T.);
#12525 = FACE_BOUND('',#12526,.T.);
#12526 = EDGE_LOOP('',(#12527,#12533,#12534,#12535));
#12527 = ORIENTED_EDGE('',*,*,#12528,.T.);
#12528 = EDGE_CURVE('',#12333,#12307,#12529,.T.);
#12529 = LINE('',#12530,#12531);
#12530 = CARTESIAN_POINT('',(-0.35,2.217,17.1));
#12531 = VECTOR('',#12532,1.);
#12532 = DIRECTION('',(0.,-1.,0.));
#12533 = ORIENTED_EDGE('',*,*,#12306,.F.);
#12534 = ORIENTED_EDGE('',*,*,#12513,.T.);
#12535 = ORIENTED_EDGE('',*,*,#12340,.F.);
#12536 = PLANE('',#12537);
#12537 = AXIS2_PLACEMENT_3D('',#12538,#12539,#12540);
#12538 = CARTESIAN_POINT('',(0.,0.217,17.1));
#12539 = DIRECTION('',(0.,0.,1.));
#12540 = DIRECTION('',(1.,0.,-0.));
#12541 = ADVANCED_FACE('',(#12542),#12553,.F.);
#12542 = FACE_BOUND('',#12543,.F.);
#12543 = EDGE_LOOP('',(#12544,#12550,#12551,#12552));
#12544 = ORIENTED_EDGE('',*,*,#12545,.F.);
#12545 = EDGE_CURVE('',#12324,#12316,#12546,.T.);
#12546 = LINE('',#12547,#12548);
#12547 = CARTESIAN_POINT('',(-0.35,2.217,17.8));
#12548 = VECTOR('',#12549,1.);
#12549 = DIRECTION('',(0.,-1.,0.));
#12550 = ORIENTED_EDGE('',*,*,#12332,.T.);
#12551 = ORIENTED_EDGE('',*,*,#12528,.T.);
#12552 = ORIENTED_EDGE('',*,*,#12315,.F.);
#12553 = PLANE('',#12554);
#12554 = AXIS2_PLACEMENT_3D('',#12555,#12556,#12557);
#12555 = CARTESIAN_POINT('',(-0.35,2.217,17.8));
#12556 = DIRECTION('',(-1.,0.,0.));
#12557 = DIRECTION('',(0.,-1.,0.));
#12558 = ADVANCED_FACE('',(#12559),#12563,.T.);
#12559 = FACE_BOUND('',#12560,.T.);
#12560 = EDGE_LOOP('',(#12561,#12562));
#12561 = ORIENTED_EDGE('',*,*,#12545,.F.);
#12562 = ORIENTED_EDGE('',*,*,#12323,.T.);
#12563 = PLANE('',#12564);
#12564 = AXIS2_PLACEMENT_3D('',#12565,#12566,#12567);
#12565 = CARTESIAN_POINT('',(-1.799263332289E-16,0.217,17.8));
#12566 = DIRECTION('',(0.,0.,1.));
#12567 = DIRECTION('',(1.,0.,-0.));
#12568 = ( GEOMETRIC_REPRESENTATION_CONTEXT(3) 
GLOBAL_UNCERTAINTY_ASSIGNED_CONTEXT((#12572)) 
GLOBAL_UNIT_ASSIGNED_CONTEXT((#12569,#12570,#12571)) 
REPRESENTATION_CONTEXT('Context #1',
  '3D Context with UNIT and UNCERTAINTY') );
#12569 = ( LENGTH_UNIT() NAMED_UNIT(*) SI_UNIT(.MILLI.,.METRE.) );
#12570 = ( NAMED_UNIT(*) PLANE_ANGLE_UNIT() SI_UNIT($,.RADIAN.) );
#12571 = ( NAMED_UNIT(*) SI_UNIT($,.STERADIAN.) SOLID_ANGLE_UNIT() );
#12572 = UNCERTAINTY_MEASURE_WITH_UNIT(LENGTH_MEASURE(1.E-07),#12569,
  'distance_accuracy_value','confusion accuracy');
#12573 = CONTEXT_DEPENDENT_SHAPE_REPRESENTATION(#12574,#12576);
#12574 = ( REPRESENTATION_RELATIONSHIP('','',#9715,#9692) 
REPRESENTATION_RELATIONSHIP_WITH_TRANSFORMATION(#12575) 
SHAPE_REPRESENTATION_RELATIONSHIP() );
#12575 = ITEM_DEFINED_TRANSFORMATION('','',#11,#9693);
#12576 = PRODUCT_DEFINITION_SHAPE('Placement','Placement of an item',
  #12577);
#12577 = NEXT_ASSEMBLY_USAGE_OCCURRENCE('32','=>[0:1:1:15]','',#9687,
  #9710,$);
#12578 = PRODUCT_RELATED_PRODUCT_CATEGORY('part',$,(#9712));
#12579 = SHAPE_DEFINITION_REPRESENTATION(#12580,#12586);
#12580 = PRODUCT_DEFINITION_SHAPE('','',#12581);
#12581 = PRODUCT_DEFINITION('design','',#12582,#12585);
#12582 = PRODUCT_DEFINITION_FORMATION('','',#12583);
#12583 = PRODUCT('detector-power_PCB','detector-power_PCB','',(#12584));
#12584 = PRODUCT_CONTEXT('',#2,'mechanical');
#12585 = PRODUCT_DEFINITION_CONTEXT('part definition',#2,'design');
#12586 = ADVANCED_BREP_SHAPE_REPRESENTATION('',(#11,#12587),#14866);
#12587 = MANIFOLD_SOLID_BREP('',#12588);
#12588 = CLOSED_SHELL('',(#12589,#12631,#12662,#12693,#13306,#13919,
    #13936,#13953,#13970,#13987,#13999,#14016,#14033,#14050,#14067,
    #14084,#14101,#14118,#14135,#14152,#14169,#14186,#14203,#14220,
    #14237,#14254,#14271,#14288,#14305,#14322,#14339,#14356,#14373,
    #14390,#14407,#14424,#14441,#14458,#14475,#14492,#14509,#14526,
    #14543,#14560,#14577,#14594,#14611,#14628,#14645,#14662,#14679,
    #14696,#14713,#14730,#14747,#14764,#14781,#14798,#14815,#14832,
    #14849));
#12589 = ADVANCED_FACE('',(#12590),#12626,.T.);
#12590 = FACE_BOUND('',#12591,.T.);
#12591 = EDGE_LOOP('',(#12592,#12602,#12611,#12619));
#12592 = ORIENTED_EDGE('',*,*,#12593,.T.);
#12593 = EDGE_CURVE('',#12594,#12596,#12598,.T.);
#12594 = VERTEX_POINT('',#12595);
#12595 = CARTESIAN_POINT('',(142.8,-57.445,0.));
#12596 = VERTEX_POINT('',#12597);
#12597 = CARTESIAN_POINT('',(142.8,-57.445,1.51));
#12598 = LINE('',#12599,#12600);
#12599 = CARTESIAN_POINT('',(142.8,-57.445,0.));
#12600 = VECTOR('',#12601,1.);
#12601 = DIRECTION('',(0.,0.,1.));
#12602 = ORIENTED_EDGE('',*,*,#12603,.T.);
#12603 = EDGE_CURVE('',#12596,#12604,#12606,.T.);
#12604 = VERTEX_POINT('',#12605);
#12605 = CARTESIAN_POINT('',(147.8,-62.445,1.51));
#12606 = CIRCLE('',#12607,4.999999678834);
#12607 = AXIS2_PLACEMENT_3D('',#12608,#12609,#12610);
#12608 = CARTESIAN_POINT('',(142.80000032116,-62.44499967883,1.51));
#12609 = DIRECTION('',(0.,0.,-1.));
#12610 = DIRECTION('',(-6.423313565071E-08,1.,0.));
#12611 = ORIENTED_EDGE('',*,*,#12612,.F.);
#12612 = EDGE_CURVE('',#12613,#12604,#12615,.T.);
#12613 = VERTEX_POINT('',#12614);
#12614 = CARTESIAN_POINT('',(147.8,-62.445,0.));
#12615 = LINE('',#12616,#12617);
#12616 = CARTESIAN_POINT('',(147.8,-62.445,0.));
#12617 = VECTOR('',#12618,1.);
#12618 = DIRECTION('',(0.,0.,1.));
#12619 = ORIENTED_EDGE('',*,*,#12620,.F.);
#12620 = EDGE_CURVE('',#12594,#12613,#12621,.T.);
#12621 = CIRCLE('',#12622,4.999999678834);
#12622 = AXIS2_PLACEMENT_3D('',#12623,#12624,#12625);
#12623 = CARTESIAN_POINT('',(142.80000032116,-62.44499967883,0.));
#12624 = DIRECTION('',(0.,0.,-1.));
#12625 = DIRECTION('',(-6.423313565071E-08,1.,0.));
#12626 = CYLINDRICAL_SURFACE('',#12627,4.999999678834);
#12627 = AXIS2_PLACEMENT_3D('',#12628,#12629,#12630);
#12628 = CARTESIAN_POINT('',(142.80000032116,-62.44499967883,0.));
#12629 = DIRECTION('',(0.,0.,-1.));
#12630 = DIRECTION('',(-6.423313565071E-08,1.,0.));
#12631 = ADVANCED_FACE('',(#12632),#12657,.T.);
#12632 = FACE_BOUND('',#12633,.T.);
#12633 = EDGE_LOOP('',(#12634,#12644,#12650,#12651));
#12634 = ORIENTED_EDGE('',*,*,#12635,.T.);
#12635 = EDGE_CURVE('',#12636,#12638,#12640,.T.);
#12636 = VERTEX_POINT('',#12637);
#12637 = CARTESIAN_POINT('',(115.8,-57.445,0.));
#12638 = VERTEX_POINT('',#12639);
#12639 = CARTESIAN_POINT('',(115.8,-57.445,1.51));
#12640 = LINE('',#12641,#12642);
#12641 = CARTESIAN_POINT('',(115.8,-57.445,0.));
#12642 = VECTOR('',#12643,1.);
#12643 = DIRECTION('',(0.,0.,1.));
#12644 = ORIENTED_EDGE('',*,*,#12645,.T.);
#12645 = EDGE_CURVE('',#12638,#12596,#12646,.T.);
#12646 = LINE('',#12647,#12648);
#12647 = CARTESIAN_POINT('',(115.8,-57.445,1.51));
#12648 = VECTOR('',#12649,1.);
#12649 = DIRECTION('',(1.,0.,0.));
#12650 = ORIENTED_EDGE('',*,*,#12593,.F.);
#12651 = ORIENTED_EDGE('',*,*,#12652,.F.);
#12652 = EDGE_CURVE('',#12636,#12594,#12653,.T.);
#12653 = LINE('',#12654,#12655);
#12654 = CARTESIAN_POINT('',(115.8,-57.445,0.));
#12655 = VECTOR('',#12656,1.);
#12656 = DIRECTION('',(1.,0.,0.));
#12657 = PLANE('',#12658);
#12658 = AXIS2_PLACEMENT_3D('',#12659,#12660,#12661);
#12659 = CARTESIAN_POINT('',(115.8,-57.445,0.));
#12660 = DIRECTION('',(0.,1.,0.));
#12661 = DIRECTION('',(1.,0.,0.));
#12662 = ADVANCED_FACE('',(#12663),#12688,.T.);
#12663 = FACE_BOUND('',#12664,.T.);
#12664 = EDGE_LOOP('',(#12665,#12666,#12674,#12682));
#12665 = ORIENTED_EDGE('',*,*,#12612,.T.);
#12666 = ORIENTED_EDGE('',*,*,#12667,.T.);
#12667 = EDGE_CURVE('',#12604,#12668,#12670,.T.);
#12668 = VERTEX_POINT('',#12669);
#12669 = CARTESIAN_POINT('',(147.8,-104.955,1.51));
#12670 = LINE('',#12671,#12672);
#12671 = CARTESIAN_POINT('',(147.8,-62.445,1.51));
#12672 = VECTOR('',#12673,1.);
#12673 = DIRECTION('',(0.,-1.,0.));
#12674 = ORIENTED_EDGE('',*,*,#12675,.F.);
#12675 = EDGE_CURVE('',#12676,#12668,#12678,.T.);
#12676 = VERTEX_POINT('',#12677);
#12677 = CARTESIAN_POINT('',(147.8,-104.955,0.));
#12678 = LINE('',#12679,#12680);
#12679 = CARTESIAN_POINT('',(147.8,-104.955,0.));
#12680 = VECTOR('',#12681,1.);
#12681 = DIRECTION('',(0.,0.,1.));
#12682 = ORIENTED_EDGE('',*,*,#12683,.F.);
#12683 = EDGE_CURVE('',#12613,#12676,#12684,.T.);
#12684 = LINE('',#12685,#12686);
#12685 = CARTESIAN_POINT('',(147.8,-62.445,0.));
#12686 = VECTOR('',#12687,1.);
#12687 = DIRECTION('',(0.,-1.,0.));
#12688 = PLANE('',#12689);
#12689 = AXIS2_PLACEMENT_3D('',#12690,#12691,#12692);
#12690 = CARTESIAN_POINT('',(147.8,-62.445,0.));
#12691 = DIRECTION('',(1.,0.,-0.));
#12692 = DIRECTION('',(0.,-1.,0.));
#12693 = ADVANCED_FACE('',(#12694,#12740,#12751,#12762,#12773,#12784,
    #12795,#12806,#12817,#12828,#12839,#12850,#12861,#12872,#12883,
    #12894,#12905,#12916,#12927,#12938,#12949,#12960,#12971,#12982,
    #12993,#13004,#13015,#13026,#13037,#13048,#13059,#13070,#13081,
    #13092,#13103,#13114,#13125,#13136,#13147,#13158,#13169,#13180,
    #13191,#13202,#13213,#13224,#13235,#13246,#13257,#13268,#13279,
    #13290),#13301,.F.);
#12694 = FACE_BOUND('',#12695,.F.);
#12695 = EDGE_LOOP('',(#12696,#12697,#12698,#12707,#12715,#12724,#12732,
    #12739));
#12696 = ORIENTED_EDGE('',*,*,#12620,.F.);
#12697 = ORIENTED_EDGE('',*,*,#12652,.F.);
#12698 = ORIENTED_EDGE('',*,*,#12699,.F.);
#12699 = EDGE_CURVE('',#12700,#12636,#12702,.T.);
#12700 = VERTEX_POINT('',#12701);
#12701 = CARTESIAN_POINT('',(110.8,-62.445,0.));
#12702 = CIRCLE('',#12703,4.999999678834);
#12703 = AXIS2_PLACEMENT_3D('',#12704,#12705,#12706);
#12704 = CARTESIAN_POINT('',(115.79999967883,-62.44499967883,0.));
#12705 = DIRECTION('',(0.,0.,-1.));
#12706 = DIRECTION('',(-1.,-6.423314275614E-08,-0.));
#12707 = ORIENTED_EDGE('',*,*,#12708,.F.);
#12708 = EDGE_CURVE('',#12709,#12700,#12711,.T.);
#12709 = VERTEX_POINT('',#12710);
#12710 = CARTESIAN_POINT('',(110.8,-104.955,0.));
#12711 = LINE('',#12712,#12713);
#12712 = CARTESIAN_POINT('',(110.8,-104.955,0.));
#12713 = VECTOR('',#12714,1.);
#12714 = DIRECTION('',(0.,1.,0.));
#12715 = ORIENTED_EDGE('',*,*,#12716,.F.);
#12716 = EDGE_CURVE('',#12717,#12709,#12719,.T.);
#12717 = VERTEX_POINT('',#12718);
#12718 = CARTESIAN_POINT('',(115.8,-109.955,0.));
#12719 = CIRCLE('',#12720,4.999999678834);
#12720 = AXIS2_PLACEMENT_3D('',#12721,#12722,#12723);
#12721 = CARTESIAN_POINT('',(115.79999967883,-104.9550003211,0.));
#12722 = DIRECTION('',(0.,0.,-1.));
#12723 = DIRECTION('',(6.423314417722E-08,-1.,0.));
#12724 = ORIENTED_EDGE('',*,*,#12725,.F.);
#12725 = EDGE_CURVE('',#12726,#12717,#12728,.T.);
#12726 = VERTEX_POINT('',#12727);
#12727 = CARTESIAN_POINT('',(142.8,-109.955,0.));
#12728 = LINE('',#12729,#12730);
#12729 = CARTESIAN_POINT('',(142.8,-109.955,0.));
#12730 = VECTOR('',#12731,1.);
#12731 = DIRECTION('',(-1.,0.,0.));
#12732 = ORIENTED_EDGE('',*,*,#12733,.F.);
#12733 = EDGE_CURVE('',#12676,#12726,#12734,.T.);
#12734 = CIRCLE('',#12735,4.999999678834);
#12735 = AXIS2_PLACEMENT_3D('',#12736,#12737,#12738);
#12736 = CARTESIAN_POINT('',(142.80000032116,-104.9550003211,0.));
#12737 = DIRECTION('',(0.,0.,-1.));
#12738 = DIRECTION('',(1.,6.423313849288E-08,0.));
#12739 = ORIENTED_EDGE('',*,*,#12683,.F.);
#12740 = FACE_BOUND('',#12741,.F.);
#12741 = EDGE_LOOP('',(#12742));
#12742 = ORIENTED_EDGE('',*,*,#12743,.T.);
#12743 = EDGE_CURVE('',#12744,#12744,#12746,.T.);
#12744 = VERTEX_POINT('',#12745);
#12745 = CARTESIAN_POINT('',(115.,-106.89,0.));
#12746 = CIRCLE('',#12747,1.6);
#12747 = AXIS2_PLACEMENT_3D('',#12748,#12749,#12750);
#12748 = CARTESIAN_POINT('',(115.,-105.29,0.));
#12749 = DIRECTION('',(-0.,0.,-1.));
#12750 = DIRECTION('',(-0.,-1.,0.));
#12751 = FACE_BOUND('',#12752,.F.);
#12752 = EDGE_LOOP('',(#12753));
#12753 = ORIENTED_EDGE('',*,*,#12754,.T.);
#12754 = EDGE_CURVE('',#12755,#12755,#12757,.T.);
#12755 = VERTEX_POINT('',#12756);
#12756 = CARTESIAN_POINT('',(117.7036,-101.6992,0.));
#12757 = CIRCLE('',#12758,0.15);
#12758 = AXIS2_PLACEMENT_3D('',#12759,#12760,#12761);
#12759 = CARTESIAN_POINT('',(117.7036,-101.5492,0.));
#12760 = DIRECTION('',(-0.,0.,-1.));
#12761 = DIRECTION('',(-0.,-1.,0.));
#12762 = FACE_BOUND('',#12763,.F.);
#12763 = EDGE_LOOP('',(#12764));
#12764 = ORIENTED_EDGE('',*,*,#12765,.T.);
#12765 = EDGE_CURVE('',#12766,#12766,#12768,.T.);
#12766 = VERTEX_POINT('',#12767);
#12767 = CARTESIAN_POINT('',(118.0084,-96.7716,0.));
#12768 = CIRCLE('',#12769,0.15);
#12769 = AXIS2_PLACEMENT_3D('',#12770,#12771,#12772);
#12770 = CARTESIAN_POINT('',(118.0084,-96.6216,0.));
#12771 = DIRECTION('',(-0.,0.,-1.));
#12772 = DIRECTION('',(-0.,-1.,0.));
#12773 = FACE_BOUND('',#12774,.F.);
#12774 = EDGE_LOOP('',(#12775));
#12775 = ORIENTED_EDGE('',*,*,#12776,.T.);
#12776 = EDGE_CURVE('',#12777,#12777,#12779,.T.);
#12777 = VERTEX_POINT('',#12778);
#12778 = CARTESIAN_POINT('',(121.5136,-105.6044,0.));
#12779 = CIRCLE('',#12780,0.55);
#12780 = AXIS2_PLACEMENT_3D('',#12781,#12782,#12783);
#12781 = CARTESIAN_POINT('',(121.5136,-105.0544,0.));
#12782 = DIRECTION('',(-0.,0.,-1.));
#12783 = DIRECTION('',(-0.,-1.,0.));
#12784 = FACE_BOUND('',#12785,.F.);
#12785 = EDGE_LOOP('',(#12786));
#12786 = ORIENTED_EDGE('',*,*,#12787,.T.);
#12787 = EDGE_CURVE('',#12788,#12788,#12790,.T.);
#12788 = VERTEX_POINT('',#12789);
#12789 = CARTESIAN_POINT('',(125.8316,-95.5524,0.));
#12790 = CIRCLE('',#12791,0.15);
#12791 = AXIS2_PLACEMENT_3D('',#12792,#12793,#12794);
#12792 = CARTESIAN_POINT('',(125.8316,-95.4024,0.));
#12793 = DIRECTION('',(-0.,0.,-1.));
#12794 = DIRECTION('',(-9.473903143469E-14,-1.,0.));
#12795 = FACE_BOUND('',#12796,.F.);
#12796 = EDGE_LOOP('',(#12797));
#12797 = ORIENTED_EDGE('',*,*,#12798,.T.);
#12798 = EDGE_CURVE('',#12799,#12799,#12801,.T.);
#12799 = VERTEX_POINT('',#12800);
#12800 = CARTESIAN_POINT('',(114.554,-91.9456,0.));
#12801 = CIRCLE('',#12802,0.15);
#12802 = AXIS2_PLACEMENT_3D('',#12803,#12804,#12805);
#12803 = CARTESIAN_POINT('',(114.554,-91.7956,0.));
#12804 = DIRECTION('',(-0.,0.,-1.));
#12805 = DIRECTION('',(-0.,-1.,0.));
#12806 = FACE_BOUND('',#12807,.F.);
#12807 = EDGE_LOOP('',(#12808));
#12808 = ORIENTED_EDGE('',*,*,#12809,.T.);
#12809 = EDGE_CURVE('',#12810,#12810,#12812,.T.);
#12810 = VERTEX_POINT('',#12811);
#12811 = CARTESIAN_POINT('',(118.108,-84.5288,0.));
#12812 = CIRCLE('',#12813,0.15);
#12813 = AXIS2_PLACEMENT_3D('',#12814,#12815,#12816);
#12814 = CARTESIAN_POINT('',(118.108,-84.3788,0.));
#12815 = DIRECTION('',(-0.,0.,-1.));
#12816 = DIRECTION('',(-0.,-1.,0.));
#12817 = FACE_BOUND('',#12818,.F.);
#12818 = EDGE_LOOP('',(#12819));
#12819 = ORIENTED_EDGE('',*,*,#12820,.T.);
#12820 = EDGE_CURVE('',#12821,#12821,#12823,.T.);
#12821 = VERTEX_POINT('',#12822);
#12822 = CARTESIAN_POINT('',(121.5136,-95.4444,0.));
#12823 = CIRCLE('',#12824,0.55);
#12824 = AXIS2_PLACEMENT_3D('',#12825,#12826,#12827);
#12825 = CARTESIAN_POINT('',(121.5136,-94.8944,0.));
#12826 = DIRECTION('',(-0.,0.,-1.));
#12827 = DIRECTION('',(-0.,-1.,0.));
#12828 = FACE_BOUND('',#12829,.F.);
#12829 = EDGE_LOOP('',(#12830));
#12830 = ORIENTED_EDGE('',*,*,#12831,.T.);
#12831 = EDGE_CURVE('',#12832,#12832,#12834,.T.);
#12832 = VERTEX_POINT('',#12833);
#12833 = CARTESIAN_POINT('',(122.7074,-89.6596,0.));
#12834 = CIRCLE('',#12835,0.15);
#12835 = AXIS2_PLACEMENT_3D('',#12836,#12837,#12838);
#12836 = CARTESIAN_POINT('',(122.7074,-89.5096,0.));
#12837 = DIRECTION('',(-0.,0.,-1.));
#12838 = DIRECTION('',(-0.,-1.,0.));
#12839 = FACE_BOUND('',#12840,.F.);
#12840 = EDGE_LOOP('',(#12841));
#12841 = ORIENTED_EDGE('',*,*,#12842,.T.);
#12842 = EDGE_CURVE('',#12843,#12843,#12845,.T.);
#12843 = VERTEX_POINT('',#12844);
#12844 = CARTESIAN_POINT('',(128.4732,-91.8376,0.));
#12845 = CIRCLE('',#12846,0.55);
#12846 = AXIS2_PLACEMENT_3D('',#12847,#12848,#12849);
#12847 = CARTESIAN_POINT('',(128.4732,-91.2876,0.));
#12848 = DIRECTION('',(-0.,0.,-1.));
#12849 = DIRECTION('',(-0.,-1.,0.));
#12850 = FACE_BOUND('',#12851,.F.);
#12851 = EDGE_LOOP('',(#12852));
#12852 = ORIENTED_EDGE('',*,*,#12853,.T.);
#12853 = EDGE_CURVE('',#12854,#12854,#12856,.T.);
#12854 = VERTEX_POINT('',#12855);
#12855 = CARTESIAN_POINT('',(122.7836,-84.6304,0.));
#12856 = CIRCLE('',#12857,0.15);
#12857 = AXIS2_PLACEMENT_3D('',#12858,#12859,#12860);
#12858 = CARTESIAN_POINT('',(122.7836,-84.4804,0.));
#12859 = DIRECTION('',(-0.,0.,-1.));
#12860 = DIRECTION('',(-0.,-1.,0.));
#12861 = FACE_BOUND('',#12862,.F.);
#12862 = EDGE_LOOP('',(#12863));
#12863 = ORIENTED_EDGE('',*,*,#12864,.T.);
#12864 = EDGE_CURVE('',#12865,#12865,#12867,.T.);
#12865 = VERTEX_POINT('',#12866);
#12866 = CARTESIAN_POINT('',(124.5108,-83.462,0.));
#12867 = CIRCLE('',#12868,0.15);
#12868 = AXIS2_PLACEMENT_3D('',#12869,#12870,#12871);
#12869 = CARTESIAN_POINT('',(124.5108,-83.312,0.));
#12870 = DIRECTION('',(-0.,0.,-1.));
#12871 = DIRECTION('',(9.473903143467E-14,-1.,-0.));
#12872 = FACE_BOUND('',#12873,.F.);
#12873 = EDGE_LOOP('',(#12874));
#12874 = ORIENTED_EDGE('',*,*,#12875,.T.);
#12875 = EDGE_CURVE('',#12876,#12876,#12878,.T.);
#12876 = VERTEX_POINT('',#12877);
#12877 = CARTESIAN_POINT('',(143.62,-106.89,0.));
#12878 = CIRCLE('',#12879,1.6);
#12879 = AXIS2_PLACEMENT_3D('',#12880,#12881,#12882);
#12880 = CARTESIAN_POINT('',(143.62,-105.29,0.));
#12881 = DIRECTION('',(-0.,0.,-1.));
#12882 = DIRECTION('',(-0.,-1.,0.));
#12883 = FACE_BOUND('',#12884,.F.);
#12884 = EDGE_LOOP('',(#12885));
#12885 = ORIENTED_EDGE('',*,*,#12886,.T.);
#12886 = EDGE_CURVE('',#12887,#12887,#12889,.T.);
#12887 = VERTEX_POINT('',#12888);
#12888 = CARTESIAN_POINT('',(130.6068,-95.0952,0.));
#12889 = CIRCLE('',#12890,0.15);
#12890 = AXIS2_PLACEMENT_3D('',#12891,#12892,#12893);
#12891 = CARTESIAN_POINT('',(130.6068,-94.9452,0.));
#12892 = DIRECTION('',(-0.,0.,-1.));
#12893 = DIRECTION('',(-0.,-1.,0.));
#12894 = FACE_BOUND('',#12895,.F.);
#12895 = EDGE_LOOP('',(#12896));
#12896 = ORIENTED_EDGE('',*,*,#12897,.T.);
#12897 = EDGE_CURVE('',#12898,#12898,#12900,.T.);
#12898 = VERTEX_POINT('',#12899);
#12899 = CARTESIAN_POINT('',(130.6576,-88.2308,0.));
#12900 = CIRCLE('',#12901,0.55);
#12901 = AXIS2_PLACEMENT_3D('',#12902,#12903,#12904);
#12902 = CARTESIAN_POINT('',(130.6576,-87.6808,0.));
#12903 = DIRECTION('',(-0.,0.,-1.));
#12904 = DIRECTION('',(-0.,-1.,0.));
#12905 = FACE_BOUND('',#12906,.F.);
#12906 = EDGE_LOOP('',(#12907));
#12907 = ORIENTED_EDGE('',*,*,#12908,.T.);
#12908 = EDGE_CURVE('',#12909,#12909,#12911,.T.);
#12909 = VERTEX_POINT('',#12910);
#12910 = CARTESIAN_POINT('',(134.112,-85.7988,0.));
#12911 = CIRCLE('',#12912,0.15);
#12912 = AXIS2_PLACEMENT_3D('',#12913,#12914,#12915);
#12913 = CARTESIAN_POINT('',(134.112,-85.6488,0.));
#12914 = DIRECTION('',(-0.,0.,-1.));
#12915 = DIRECTION('',(-0.,-1.,0.));
#12916 = FACE_BOUND('',#12917,.F.);
#12917 = EDGE_LOOP('',(#12918));
#12918 = ORIENTED_EDGE('',*,*,#12919,.T.);
#12919 = EDGE_CURVE('',#12920,#12920,#12922,.T.);
#12920 = VERTEX_POINT('',#12921);
#12921 = CARTESIAN_POINT('',(136.7028,-85.3924,0.));
#12922 = CIRCLE('',#12923,0.15);
#12923 = AXIS2_PLACEMENT_3D('',#12924,#12925,#12926);
#12924 = CARTESIAN_POINT('',(136.7028,-85.2424,0.));
#12925 = DIRECTION('',(-0.,0.,-1.));
#12926 = DIRECTION('',(-0.,-1.,0.));
#12927 = FACE_BOUND('',#12928,.F.);
#12928 = EDGE_LOOP('',(#12929));
#12929 = ORIENTED_EDGE('',*,*,#12930,.T.);
#12930 = EDGE_CURVE('',#12931,#12931,#12933,.T.);
#12931 = VERTEX_POINT('',#12932);
#12932 = CARTESIAN_POINT('',(138.0236,-95.0444,0.));
#12933 = CIRCLE('',#12934,0.15);
#12934 = AXIS2_PLACEMENT_3D('',#12935,#12936,#12937);
#12935 = CARTESIAN_POINT('',(138.0236,-94.8944,0.));
#12936 = DIRECTION('',(-0.,0.,-1.));
#12937 = DIRECTION('',(-0.,-1.,0.));
#12938 = FACE_BOUND('',#12939,.F.);
#12939 = EDGE_LOOP('',(#12940));
#12940 = ORIENTED_EDGE('',*,*,#12941,.T.);
#12941 = EDGE_CURVE('',#12942,#12942,#12944,.T.);
#12942 = VERTEX_POINT('',#12943);
#12943 = CARTESIAN_POINT('',(138.6332,-91.8376,0.));
#12944 = CIRCLE('',#12945,0.55);
#12945 = AXIS2_PLACEMENT_3D('',#12946,#12947,#12948);
#12946 = CARTESIAN_POINT('',(138.6332,-91.2876,0.));
#12947 = DIRECTION('',(-0.,0.,-1.));
#12948 = DIRECTION('',(-0.,-1.,0.));
#12949 = FACE_BOUND('',#12950,.F.);
#12950 = EDGE_LOOP('',(#12951));
#12951 = ORIENTED_EDGE('',*,*,#12952,.T.);
#12952 = EDGE_CURVE('',#12953,#12953,#12955,.T.);
#12953 = VERTEX_POINT('',#12954);
#12954 = CARTESIAN_POINT('',(143.256,-93.5712,0.));
#12955 = CIRCLE('',#12956,0.15);
#12956 = AXIS2_PLACEMENT_3D('',#12957,#12958,#12959);
#12957 = CARTESIAN_POINT('',(143.256,-93.4212,0.));
#12958 = DIRECTION('',(-0.,0.,-1.));
#12959 = DIRECTION('',(-0.,-1.,0.));
#12960 = FACE_BOUND('',#12961,.F.);
#12961 = EDGE_LOOP('',(#12962));
#12962 = ORIENTED_EDGE('',*,*,#12963,.T.);
#12963 = EDGE_CURVE('',#12964,#12964,#12966,.T.);
#12964 = VERTEX_POINT('',#12965);
#12965 = CARTESIAN_POINT('',(138.618,-87.78,0.));
#12966 = CIRCLE('',#12967,0.15);
#12967 = AXIS2_PLACEMENT_3D('',#12968,#12969,#12970);
#12968 = CARTESIAN_POINT('',(138.618,-87.63,0.));
#12969 = DIRECTION('',(-0.,0.,-1.));
#12970 = DIRECTION('',(-0.,-1.,0.));
#12971 = FACE_BOUND('',#12972,.F.);
#12972 = EDGE_LOOP('',(#12973));
#12973 = ORIENTED_EDGE('',*,*,#12974,.T.);
#12974 = EDGE_CURVE('',#12975,#12975,#12977,.T.);
#12975 = VERTEX_POINT('',#12976);
#12976 = CARTESIAN_POINT('',(146.05,-87.399,0.));
#12977 = CIRCLE('',#12978,0.15);
#12978 = AXIS2_PLACEMENT_3D('',#12979,#12980,#12981);
#12979 = CARTESIAN_POINT('',(146.05,-87.249,0.));
#12980 = DIRECTION('',(-0.,0.,-1.));
#12981 = DIRECTION('',(-0.,-1.,0.));
#12982 = FACE_BOUND('',#12983,.F.);
#12983 = EDGE_LOOP('',(#12984));
#12984 = ORIENTED_EDGE('',*,*,#12985,.T.);
#12985 = EDGE_CURVE('',#12986,#12986,#12988,.T.);
#12986 = VERTEX_POINT('',#12987);
#12987 = CARTESIAN_POINT('',(112.6744,-82.0904,0.));
#12988 = CIRCLE('',#12989,0.15);
#12989 = AXIS2_PLACEMENT_3D('',#12990,#12991,#12992);
#12990 = CARTESIAN_POINT('',(112.6744,-81.9404,0.));
#12991 = DIRECTION('',(-0.,0.,-1.));
#12992 = DIRECTION('',(9.473903143467E-14,-1.,-0.));
#12993 = FACE_BOUND('',#12994,.F.);
#12994 = EDGE_LOOP('',(#12995));
#12995 = ORIENTED_EDGE('',*,*,#12996,.T.);
#12996 = EDGE_CURVE('',#12997,#12997,#12999,.T.);
#12997 = VERTEX_POINT('',#12998);
#12998 = CARTESIAN_POINT('',(118.11,-81.3284,0.));
#12999 = CIRCLE('',#13000,0.15);
#13000 = AXIS2_PLACEMENT_3D('',#13001,#13002,#13003);
#13001 = CARTESIAN_POINT('',(118.11,-81.1784,0.));
#13002 = DIRECTION('',(-0.,0.,-1.));
#13003 = DIRECTION('',(-0.,-1.,0.));
#13004 = FACE_BOUND('',#13005,.F.);
#13005 = EDGE_LOOP('',(#13006));
#13006 = ORIENTED_EDGE('',*,*,#13007,.T.);
#13007 = EDGE_CURVE('',#13008,#13008,#13010,.T.);
#13008 = VERTEX_POINT('',#13009);
#13009 = CARTESIAN_POINT('',(114.808,-76.192,0.));
#13010 = CIRCLE('',#13011,0.5);
#13011 = AXIS2_PLACEMENT_3D('',#13012,#13013,#13014);
#13012 = CARTESIAN_POINT('',(114.808,-75.692,0.));
#13013 = DIRECTION('',(-0.,0.,-1.));
#13014 = DIRECTION('',(-0.,-1.,0.));
#13015 = FACE_BOUND('',#13016,.F.);
#13016 = EDGE_LOOP('',(#13017));
#13017 = ORIENTED_EDGE('',*,*,#13018,.T.);
#13018 = EDGE_CURVE('',#13019,#13019,#13021,.T.);
#13019 = VERTEX_POINT('',#13020);
#13020 = CARTESIAN_POINT('',(114.808,-73.652,0.));
#13021 = CIRCLE('',#13022,0.5);
#13022 = AXIS2_PLACEMENT_3D('',#13023,#13024,#13025);
#13023 = CARTESIAN_POINT('',(114.808,-73.152,0.));
#13024 = DIRECTION('',(-0.,0.,-1.));
#13025 = DIRECTION('',(-0.,-1.,0.));
#13026 = FACE_BOUND('',#13027,.F.);
#13027 = EDGE_LOOP('',(#13028));
#13028 = ORIENTED_EDGE('',*,*,#13029,.T.);
#13029 = EDGE_CURVE('',#13030,#13030,#13032,.T.);
#13030 = VERTEX_POINT('',#13031);
#13031 = CARTESIAN_POINT('',(120.396,-73.937,0.));
#13032 = CIRCLE('',#13033,0.15);
#13033 = AXIS2_PLACEMENT_3D('',#13034,#13035,#13036);
#13034 = CARTESIAN_POINT('',(120.396,-73.787,0.));
#13035 = DIRECTION('',(-0.,0.,-1.));
#13036 = DIRECTION('',(-0.,-1.,0.));
#13037 = FACE_BOUND('',#13038,.F.);
#13038 = EDGE_LOOP('',(#13039));
#13039 = ORIENTED_EDGE('',*,*,#13040,.T.);
#13040 = EDGE_CURVE('',#13041,#13041,#13043,.T.);
#13041 = VERTEX_POINT('',#13042);
#13042 = CARTESIAN_POINT('',(121.6,-72.286,0.));
#13043 = CIRCLE('',#13044,0.15);
#13044 = AXIS2_PLACEMENT_3D('',#13045,#13046,#13047);
#13045 = CARTESIAN_POINT('',(121.6,-72.136,0.));
#13046 = DIRECTION('',(-0.,0.,-1.));
#13047 = DIRECTION('',(-0.,-1.,0.));
#13048 = FACE_BOUND('',#13049,.F.);
#13049 = EDGE_LOOP('',(#13050));
#13050 = ORIENTED_EDGE('',*,*,#13051,.T.);
#13051 = EDGE_CURVE('',#13052,#13052,#13054,.T.);
#13052 = VERTEX_POINT('',#13053);
#13053 = CARTESIAN_POINT('',(124.46,-73.3464,0.));
#13054 = CIRCLE('',#13055,0.55);
#13055 = AXIS2_PLACEMENT_3D('',#13056,#13057,#13058);
#13056 = CARTESIAN_POINT('',(124.46,-72.7964,0.));
#13057 = DIRECTION('',(-0.,0.,-1.));
#13058 = DIRECTION('',(-2.5837917664E-14,-1.,0.));
#13059 = FACE_BOUND('',#13060,.F.);
#13060 = EDGE_LOOP('',(#13061));
#13061 = ORIENTED_EDGE('',*,*,#13062,.T.);
#13062 = EDGE_CURVE('',#13063,#13063,#13065,.T.);
#13063 = VERTEX_POINT('',#13064);
#13064 = CARTESIAN_POINT('',(114.808,-71.112,0.));
#13065 = CIRCLE('',#13066,0.5);
#13066 = AXIS2_PLACEMENT_3D('',#13067,#13068,#13069);
#13067 = CARTESIAN_POINT('',(114.808,-70.612,0.));
#13068 = DIRECTION('',(-0.,0.,-1.));
#13069 = DIRECTION('',(-0.,-1.,0.));
#13070 = FACE_BOUND('',#13071,.F.);
#13071 = EDGE_LOOP('',(#13072));
#13072 = ORIENTED_EDGE('',*,*,#13073,.T.);
#13073 = EDGE_CURVE('',#13074,#13074,#13076,.T.);
#13074 = VERTEX_POINT('',#13075);
#13075 = CARTESIAN_POINT('',(114.808,-68.572,0.));
#13076 = CIRCLE('',#13077,0.5);
#13077 = AXIS2_PLACEMENT_3D('',#13078,#13079,#13080);
#13078 = CARTESIAN_POINT('',(114.808,-68.072,0.));
#13079 = DIRECTION('',(-0.,0.,-1.));
#13080 = DIRECTION('',(-0.,-1.,0.));
#13081 = FACE_BOUND('',#13082,.F.);
#13082 = EDGE_LOOP('',(#13083));
#13083 = ORIENTED_EDGE('',*,*,#13084,.T.);
#13084 = EDGE_CURVE('',#13085,#13085,#13087,.T.);
#13085 = VERTEX_POINT('',#13086);
#13086 = CARTESIAN_POINT('',(118.364,-70.508,0.));
#13087 = CIRCLE('',#13088,0.15);
#13088 = AXIS2_PLACEMENT_3D('',#13089,#13090,#13091);
#13089 = CARTESIAN_POINT('',(118.364,-70.358,0.));
#13090 = DIRECTION('',(-0.,0.,-1.));
#13091 = DIRECTION('',(-0.,-1.,0.));
#13092 = FACE_BOUND('',#13093,.F.);
#13093 = EDGE_LOOP('',(#13094));
#13094 = ORIENTED_EDGE('',*,*,#13095,.T.);
#13095 = EDGE_CURVE('',#13096,#13096,#13098,.T.);
#13096 = VERTEX_POINT('',#13097);
#13097 = CARTESIAN_POINT('',(118.11,-68.222,0.));
#13098 = CIRCLE('',#13099,0.15);
#13099 = AXIS2_PLACEMENT_3D('',#13100,#13101,#13102);
#13100 = CARTESIAN_POINT('',(118.11,-68.072,0.));
#13101 = DIRECTION('',(-0.,0.,-1.));
#13102 = DIRECTION('',(-0.,-1.,0.));
#13103 = FACE_BOUND('',#13104,.F.);
#13104 = EDGE_LOOP('',(#13105));
#13105 = ORIENTED_EDGE('',*,*,#13106,.T.);
#13106 = EDGE_CURVE('',#13107,#13107,#13109,.T.);
#13107 = VERTEX_POINT('',#13108);
#13108 = CARTESIAN_POINT('',(115.,-64.1,0.));
#13109 = CIRCLE('',#13110,1.6);
#13110 = AXIS2_PLACEMENT_3D('',#13111,#13112,#13113);
#13111 = CARTESIAN_POINT('',(115.,-62.5,0.));
#13112 = DIRECTION('',(-0.,0.,-1.));
#13113 = DIRECTION('',(-0.,-1.,0.));
#13114 = FACE_BOUND('',#13115,.F.);
#13115 = EDGE_LOOP('',(#13116));
#13116 = ORIENTED_EDGE('',*,*,#13117,.T.);
#13117 = EDGE_CURVE('',#13118,#13118,#13120,.T.);
#13118 = VERTEX_POINT('',#13119);
#13119 = CARTESIAN_POINT('',(122.047,-69.238,0.));
#13120 = CIRCLE('',#13121,0.15);
#13121 = AXIS2_PLACEMENT_3D('',#13122,#13123,#13124);
#13122 = CARTESIAN_POINT('',(122.047,-69.088,0.));
#13123 = DIRECTION('',(-0.,0.,-1.));
#13124 = DIRECTION('',(-0.,-1.,0.));
#13125 = FACE_BOUND('',#13126,.F.);
#13126 = EDGE_LOOP('',(#13127));
#13127 = ORIENTED_EDGE('',*,*,#13128,.T.);
#13128 = EDGE_CURVE('',#13129,#13129,#13131,.T.);
#13129 = VERTEX_POINT('',#13130);
#13130 = CARTESIAN_POINT('',(125.857,-67.206,0.));
#13131 = CIRCLE('',#13132,0.15);
#13132 = AXIS2_PLACEMENT_3D('',#13133,#13134,#13135);
#13133 = CARTESIAN_POINT('',(125.857,-67.056,0.));
#13134 = DIRECTION('',(-0.,0.,-1.));
#13135 = DIRECTION('',(-0.,-1.,0.));
#13136 = FACE_BOUND('',#13137,.F.);
#13137 = EDGE_LOOP('',(#13138));
#13138 = ORIENTED_EDGE('',*,*,#13139,.T.);
#13139 = EDGE_CURVE('',#13140,#13140,#13142,.T.);
#13140 = VERTEX_POINT('',#13141);
#13141 = CARTESIAN_POINT('',(122.,-60.875,0.));
#13142 = CIRCLE('',#13143,0.375);
#13143 = AXIS2_PLACEMENT_3D('',#13144,#13145,#13146);
#13144 = CARTESIAN_POINT('',(122.,-60.5,0.));
#13145 = DIRECTION('',(-0.,0.,-1.));
#13146 = DIRECTION('',(-0.,-1.,0.));
#13147 = FACE_BOUND('',#13148,.F.);
#13148 = EDGE_LOOP('',(#13149));
#13149 = ORIENTED_EDGE('',*,*,#13150,.T.);
#13150 = EDGE_CURVE('',#13151,#13151,#13153,.T.);
#13151 = VERTEX_POINT('',#13152);
#13152 = CARTESIAN_POINT('',(124.,-60.875,0.));
#13153 = CIRCLE('',#13154,0.375);
#13154 = AXIS2_PLACEMENT_3D('',#13155,#13156,#13157);
#13155 = CARTESIAN_POINT('',(124.,-60.5,0.));
#13156 = DIRECTION('',(-0.,0.,-1.));
#13157 = DIRECTION('',(-0.,-1.,0.));
#13158 = FACE_BOUND('',#13159,.F.);
#13159 = EDGE_LOOP('',(#13160));
#13160 = ORIENTED_EDGE('',*,*,#13161,.T.);
#13161 = EDGE_CURVE('',#13162,#13162,#13164,.T.);
#13162 = VERTEX_POINT('',#13163);
#13163 = CARTESIAN_POINT('',(130.6576,-78.0708,0.));
#13164 = CIRCLE('',#13165,0.55);
#13165 = AXIS2_PLACEMENT_3D('',#13166,#13167,#13168);
#13166 = CARTESIAN_POINT('',(130.6576,-77.5208,0.));
#13167 = DIRECTION('',(-0.,0.,-1.));
#13168 = DIRECTION('',(-0.,-1.,0.));
#13169 = FACE_BOUND('',#13170,.F.);
#13170 = EDGE_LOOP('',(#13171));
#13171 = ORIENTED_EDGE('',*,*,#13172,.T.);
#13172 = EDGE_CURVE('',#13173,#13173,#13175,.T.);
#13173 = VERTEX_POINT('',#13174);
#13174 = CARTESIAN_POINT('',(134.2644,-83.4112,0.));
#13175 = CIRCLE('',#13176,0.15);
#13176 = AXIS2_PLACEMENT_3D('',#13177,#13178,#13179);
#13177 = CARTESIAN_POINT('',(134.2644,-83.2612,0.));
#13178 = DIRECTION('',(-0.,0.,-1.));
#13179 = DIRECTION('',(-0.,-1.,0.));
#13180 = FACE_BOUND('',#13181,.F.);
#13181 = EDGE_LOOP('',(#13182));
#13182 = ORIENTED_EDGE('',*,*,#13183,.T.);
#13183 = EDGE_CURVE('',#13184,#13184,#13186,.T.);
#13184 = VERTEX_POINT('',#13185);
#13185 = CARTESIAN_POINT('',(129.6924,-73.3528,0.));
#13186 = CIRCLE('',#13187,0.15);
#13187 = AXIS2_PLACEMENT_3D('',#13188,#13189,#13190);
#13188 = CARTESIAN_POINT('',(129.6924,-73.2028,0.));
#13189 = DIRECTION('',(-0.,0.,-1.));
#13190 = DIRECTION('',(-0.,-1.,0.));
#13191 = FACE_BOUND('',#13192,.F.);
#13192 = EDGE_LOOP('',(#13193));
#13193 = ORIENTED_EDGE('',*,*,#13194,.T.);
#13194 = EDGE_CURVE('',#13195,#13195,#13197,.T.);
#13195 = VERTEX_POINT('',#13196);
#13196 = CARTESIAN_POINT('',(134.62,-73.3464,0.));
#13197 = CIRCLE('',#13198,0.55);
#13198 = AXIS2_PLACEMENT_3D('',#13199,#13200,#13201);
#13199 = CARTESIAN_POINT('',(134.62,-72.7964,0.));
#13200 = DIRECTION('',(-0.,0.,-1.));
#13201 = DIRECTION('',(-0.,-1.,0.));
#13202 = FACE_BOUND('',#13203,.F.);
#13203 = EDGE_LOOP('',(#13204));
#13204 = ORIENTED_EDGE('',*,*,#13205,.T.);
#13205 = EDGE_CURVE('',#13206,#13206,#13208,.T.);
#13206 = VERTEX_POINT('',#13207);
#13207 = CARTESIAN_POINT('',(137.3124,-73.3528,0.));
#13208 = CIRCLE('',#13209,0.15);
#13209 = AXIS2_PLACEMENT_3D('',#13210,#13211,#13212);
#13210 = CARTESIAN_POINT('',(137.3124,-73.2028,0.));
#13211 = DIRECTION('',(-0.,0.,-1.));
#13212 = DIRECTION('',(-0.,-1.,0.));
#13213 = FACE_BOUND('',#13214,.F.);
#13214 = EDGE_LOOP('',(#13215));
#13215 = ORIENTED_EDGE('',*,*,#13216,.T.);
#13216 = EDGE_CURVE('',#13217,#13217,#13219,.T.);
#13217 = VERTEX_POINT('',#13218);
#13218 = CARTESIAN_POINT('',(139.2428,-80.5156,0.));
#13219 = CIRCLE('',#13220,0.15);
#13220 = AXIS2_PLACEMENT_3D('',#13221,#13222,#13223);
#13221 = CARTESIAN_POINT('',(139.2428,-80.3656,0.));
#13222 = DIRECTION('',(-0.,0.,-1.));
#13223 = DIRECTION('',(-0.,-1.,0.));
#13224 = FACE_BOUND('',#13225,.F.);
#13225 = EDGE_LOOP('',(#13226));
#13226 = ORIENTED_EDGE('',*,*,#13227,.T.);
#13227 = EDGE_CURVE('',#13228,#13228,#13230,.T.);
#13228 = VERTEX_POINT('',#13229);
#13229 = CARTESIAN_POINT('',(140.553902,-79.652,0.));
#13230 = CIRCLE('',#13231,0.15);
#13231 = AXIS2_PLACEMENT_3D('',#13232,#13233,#13234);
#13232 = CARTESIAN_POINT('',(140.553902,-79.502,0.));
#13233 = DIRECTION('',(-0.,0.,-1.));
#13234 = DIRECTION('',(-0.,-1.,0.));
#13235 = FACE_BOUND('',#13236,.F.);
#13236 = EDGE_LOOP('',(#13237));
#13237 = ORIENTED_EDGE('',*,*,#13238,.T.);
#13238 = EDGE_CURVE('',#13239,#13239,#13241,.T.);
#13239 = VERTEX_POINT('',#13240);
#13240 = CARTESIAN_POINT('',(143.764,-78.702,0.));
#13241 = CIRCLE('',#13242,0.15);
#13242 = AXIS2_PLACEMENT_3D('',#13243,#13244,#13245);
#13243 = CARTESIAN_POINT('',(143.764,-78.552,0.));
#13244 = DIRECTION('',(-0.,0.,-1.));
#13245 = DIRECTION('',(-0.,-1.,0.));
#13246 = FACE_BOUND('',#13247,.F.);
#13247 = EDGE_LOOP('',(#13248));
#13248 = ORIENTED_EDGE('',*,*,#13249,.T.);
#13249 = EDGE_CURVE('',#13250,#13250,#13252,.T.);
#13250 = VERTEX_POINT('',#13251);
#13251 = CARTESIAN_POINT('',(129.92,-65.15,0.));
#13252 = CIRCLE('',#13253,0.65);
#13253 = AXIS2_PLACEMENT_3D('',#13254,#13255,#13256);
#13254 = CARTESIAN_POINT('',(129.92,-64.5,0.));
#13255 = DIRECTION('',(-0.,0.,-1.));
#13256 = DIRECTION('',(-4.372570681601E-14,-1.,0.));
#13257 = FACE_BOUND('',#13258,.F.);
#13258 = EDGE_LOOP('',(#13259));
#13259 = ORIENTED_EDGE('',*,*,#13260,.T.);
#13260 = EDGE_CURVE('',#13261,#13261,#13263,.T.);
#13261 = VERTEX_POINT('',#13262);
#13262 = CARTESIAN_POINT('',(135.,-65.15,0.));
#13263 = CIRCLE('',#13264,0.65);
#13264 = AXIS2_PLACEMENT_3D('',#13265,#13266,#13267);
#13265 = CARTESIAN_POINT('',(135.,-64.5,0.));
#13266 = DIRECTION('',(-0.,0.,-1.));
#13267 = DIRECTION('',(-0.,-1.,0.));
#13268 = FACE_BOUND('',#13269,.F.);
#13269 = EDGE_LOOP('',(#13270));
#13270 = ORIENTED_EDGE('',*,*,#13271,.T.);
#13271 = EDGE_CURVE('',#13272,#13272,#13274,.T.);
#13272 = VERTEX_POINT('',#13273);
#13273 = CARTESIAN_POINT('',(140.716,-66.698,0.));
#13274 = CIRCLE('',#13275,0.15);
#13275 = AXIS2_PLACEMENT_3D('',#13276,#13277,#13278);
#13276 = CARTESIAN_POINT('',(140.716,-66.548,0.));
#13277 = DIRECTION('',(-0.,0.,-1.));
#13278 = DIRECTION('',(-0.,-1.,0.));
#13279 = FACE_BOUND('',#13280,.F.);
#13280 = EDGE_LOOP('',(#13281));
#13281 = ORIENTED_EDGE('',*,*,#13282,.T.);
#13282 = EDGE_CURVE('',#13283,#13283,#13285,.T.);
#13283 = VERTEX_POINT('',#13284);
#13284 = CARTESIAN_POINT('',(139.446,-59.967,0.));
#13285 = CIRCLE('',#13286,0.15);
#13286 = AXIS2_PLACEMENT_3D('',#13287,#13288,#13289);
#13287 = CARTESIAN_POINT('',(139.446,-59.817,0.));
#13288 = DIRECTION('',(-0.,0.,-1.));
#13289 = DIRECTION('',(-0.,-1.,0.));
#13290 = FACE_BOUND('',#13291,.F.);
#13291 = EDGE_LOOP('',(#13292));
#13292 = ORIENTED_EDGE('',*,*,#13293,.T.);
#13293 = EDGE_CURVE('',#13294,#13294,#13296,.T.);
#13294 = VERTEX_POINT('',#13295);
#13295 = CARTESIAN_POINT('',(143.62,-64.1,0.));
#13296 = CIRCLE('',#13297,1.6);
#13297 = AXIS2_PLACEMENT_3D('',#13298,#13299,#13300);
#13298 = CARTESIAN_POINT('',(143.62,-62.5,0.));
#13299 = DIRECTION('',(-0.,0.,-1.));
#13300 = DIRECTION('',(-0.,-1.,0.));
#13301 = PLANE('',#13302);
#13302 = AXIS2_PLACEMENT_3D('',#13303,#13304,#13305);
#13303 = CARTESIAN_POINT('',(0.,0.,0.));
#13304 = DIRECTION('',(0.,0.,1.));
#13305 = DIRECTION('',(1.,0.,-0.));
#13306 = ADVANCED_FACE('',(#13307,#13353,#13364,#13375,#13386,#13397,
    #13408,#13419,#13430,#13441,#13452,#13463,#13474,#13485,#13496,
    #13507,#13518,#13529,#13540,#13551,#13562,#13573,#13584,#13595,
    #13606,#13617,#13628,#13639,#13650,#13661,#13672,#13683,#13694,
    #13705,#13716,#13727,#13738,#13749,#13760,#13771,#13782,#13793,
    #13804,#13815,#13826,#13837,#13848,#13859,#13870,#13881,#13892,
    #13903),#13914,.T.);
#13307 = FACE_BOUND('',#13308,.T.);
#13308 = EDGE_LOOP('',(#13309,#13310,#13311,#13320,#13328,#13337,#13345,
    #13352));
#13309 = ORIENTED_EDGE('',*,*,#12603,.F.);
#13310 = ORIENTED_EDGE('',*,*,#12645,.F.);
#13311 = ORIENTED_EDGE('',*,*,#13312,.F.);
#13312 = EDGE_CURVE('',#13313,#12638,#13315,.T.);
#13313 = VERTEX_POINT('',#13314);
#13314 = CARTESIAN_POINT('',(110.8,-62.445,1.51));
#13315 = CIRCLE('',#13316,4.999999678834);
#13316 = AXIS2_PLACEMENT_3D('',#13317,#13318,#13319);
#13317 = CARTESIAN_POINT('',(115.79999967883,-62.44499967883,1.51));
#13318 = DIRECTION('',(0.,0.,-1.));
#13319 = DIRECTION('',(-1.,-6.423314275614E-08,-0.));
#13320 = ORIENTED_EDGE('',*,*,#13321,.F.);
#13321 = EDGE_CURVE('',#13322,#13313,#13324,.T.);
#13322 = VERTEX_POINT('',#13323);
#13323 = CARTESIAN_POINT('',(110.8,-104.955,1.51));
#13324 = LINE('',#13325,#13326);
#13325 = CARTESIAN_POINT('',(110.8,-104.955,1.51));
#13326 = VECTOR('',#13327,1.);
#13327 = DIRECTION('',(0.,1.,0.));
#13328 = ORIENTED_EDGE('',*,*,#13329,.F.);
#13329 = EDGE_CURVE('',#13330,#13322,#13332,.T.);
#13330 = VERTEX_POINT('',#13331);
#13331 = CARTESIAN_POINT('',(115.8,-109.955,1.51));
#13332 = CIRCLE('',#13333,4.999999678834);
#13333 = AXIS2_PLACEMENT_3D('',#13334,#13335,#13336);
#13334 = CARTESIAN_POINT('',(115.79999967883,-104.9550003211,1.51));
#13335 = DIRECTION('',(0.,0.,-1.));
#13336 = DIRECTION('',(6.423314417722E-08,-1.,0.));
#13337 = ORIENTED_EDGE('',*,*,#13338,.F.);
#13338 = EDGE_CURVE('',#13339,#13330,#13341,.T.);
#13339 = VERTEX_POINT('',#13340);
#13340 = CARTESIAN_POINT('',(142.8,-109.955,1.51));
#13341 = LINE('',#13342,#13343);
#13342 = CARTESIAN_POINT('',(142.8,-109.955,1.51));
#13343 = VECTOR('',#13344,1.);
#13344 = DIRECTION('',(-1.,0.,0.));
#13345 = ORIENTED_EDGE('',*,*,#13346,.F.);
#13346 = EDGE_CURVE('',#12668,#13339,#13347,.T.);
#13347 = CIRCLE('',#13348,4.999999678834);
#13348 = AXIS2_PLACEMENT_3D('',#13349,#13350,#13351);
#13349 = CARTESIAN_POINT('',(142.80000032116,-104.9550003211,1.51));
#13350 = DIRECTION('',(0.,0.,-1.));
#13351 = DIRECTION('',(1.,6.423313849288E-08,0.));
#13352 = ORIENTED_EDGE('',*,*,#12667,.F.);
#13353 = FACE_BOUND('',#13354,.T.);
#13354 = EDGE_LOOP('',(#13355));
#13355 = ORIENTED_EDGE('',*,*,#13356,.T.);
#13356 = EDGE_CURVE('',#13357,#13357,#13359,.T.);
#13357 = VERTEX_POINT('',#13358);
#13358 = CARTESIAN_POINT('',(115.,-106.89,1.51));
#13359 = CIRCLE('',#13360,1.6);
#13360 = AXIS2_PLACEMENT_3D('',#13361,#13362,#13363);
#13361 = CARTESIAN_POINT('',(115.,-105.29,1.51));
#13362 = DIRECTION('',(-0.,0.,-1.));
#13363 = DIRECTION('',(-0.,-1.,0.));
#13364 = FACE_BOUND('',#13365,.T.);
#13365 = EDGE_LOOP('',(#13366));
#13366 = ORIENTED_EDGE('',*,*,#13367,.T.);
#13367 = EDGE_CURVE('',#13368,#13368,#13370,.T.);
#13368 = VERTEX_POINT('',#13369);
#13369 = CARTESIAN_POINT('',(117.7036,-101.6992,1.51));
#13370 = CIRCLE('',#13371,0.15);
#13371 = AXIS2_PLACEMENT_3D('',#13372,#13373,#13374);
#13372 = CARTESIAN_POINT('',(117.7036,-101.5492,1.51));
#13373 = DIRECTION('',(-0.,0.,-1.));
#13374 = DIRECTION('',(-0.,-1.,0.));
#13375 = FACE_BOUND('',#13376,.T.);
#13376 = EDGE_LOOP('',(#13377));
#13377 = ORIENTED_EDGE('',*,*,#13378,.T.);
#13378 = EDGE_CURVE('',#13379,#13379,#13381,.T.);
#13379 = VERTEX_POINT('',#13380);
#13380 = CARTESIAN_POINT('',(118.0084,-96.7716,1.51));
#13381 = CIRCLE('',#13382,0.15);
#13382 = AXIS2_PLACEMENT_3D('',#13383,#13384,#13385);
#13383 = CARTESIAN_POINT('',(118.0084,-96.6216,1.51));
#13384 = DIRECTION('',(-0.,0.,-1.));
#13385 = DIRECTION('',(-0.,-1.,0.));
#13386 = FACE_BOUND('',#13387,.T.);
#13387 = EDGE_LOOP('',(#13388));
#13388 = ORIENTED_EDGE('',*,*,#13389,.T.);
#13389 = EDGE_CURVE('',#13390,#13390,#13392,.T.);
#13390 = VERTEX_POINT('',#13391);
#13391 = CARTESIAN_POINT('',(121.5136,-105.6044,1.51));
#13392 = CIRCLE('',#13393,0.55);
#13393 = AXIS2_PLACEMENT_3D('',#13394,#13395,#13396);
#13394 = CARTESIAN_POINT('',(121.5136,-105.0544,1.51));
#13395 = DIRECTION('',(-0.,0.,-1.));
#13396 = DIRECTION('',(-0.,-1.,0.));
#13397 = FACE_BOUND('',#13398,.T.);
#13398 = EDGE_LOOP('',(#13399));
#13399 = ORIENTED_EDGE('',*,*,#13400,.T.);
#13400 = EDGE_CURVE('',#13401,#13401,#13403,.T.);
#13401 = VERTEX_POINT('',#13402);
#13402 = CARTESIAN_POINT('',(125.8316,-95.5524,1.51));
#13403 = CIRCLE('',#13404,0.15);
#13404 = AXIS2_PLACEMENT_3D('',#13405,#13406,#13407);
#13405 = CARTESIAN_POINT('',(125.8316,-95.4024,1.51));
#13406 = DIRECTION('',(-0.,0.,-1.));
#13407 = DIRECTION('',(-9.473903143469E-14,-1.,0.));
#13408 = FACE_BOUND('',#13409,.T.);
#13409 = EDGE_LOOP('',(#13410));
#13410 = ORIENTED_EDGE('',*,*,#13411,.T.);
#13411 = EDGE_CURVE('',#13412,#13412,#13414,.T.);
#13412 = VERTEX_POINT('',#13413);
#13413 = CARTESIAN_POINT('',(114.554,-91.9456,1.51));
#13414 = CIRCLE('',#13415,0.15);
#13415 = AXIS2_PLACEMENT_3D('',#13416,#13417,#13418);
#13416 = CARTESIAN_POINT('',(114.554,-91.7956,1.51));
#13417 = DIRECTION('',(-0.,0.,-1.));
#13418 = DIRECTION('',(-0.,-1.,0.));
#13419 = FACE_BOUND('',#13420,.T.);
#13420 = EDGE_LOOP('',(#13421));
#13421 = ORIENTED_EDGE('',*,*,#13422,.T.);
#13422 = EDGE_CURVE('',#13423,#13423,#13425,.T.);
#13423 = VERTEX_POINT('',#13424);
#13424 = CARTESIAN_POINT('',(118.108,-84.5288,1.51));
#13425 = CIRCLE('',#13426,0.15);
#13426 = AXIS2_PLACEMENT_3D('',#13427,#13428,#13429);
#13427 = CARTESIAN_POINT('',(118.108,-84.3788,1.51));
#13428 = DIRECTION('',(-0.,0.,-1.));
#13429 = DIRECTION('',(-0.,-1.,0.));
#13430 = FACE_BOUND('',#13431,.T.);
#13431 = EDGE_LOOP('',(#13432));
#13432 = ORIENTED_EDGE('',*,*,#13433,.T.);
#13433 = EDGE_CURVE('',#13434,#13434,#13436,.T.);
#13434 = VERTEX_POINT('',#13435);
#13435 = CARTESIAN_POINT('',(121.5136,-95.4444,1.51));
#13436 = CIRCLE('',#13437,0.55);
#13437 = AXIS2_PLACEMENT_3D('',#13438,#13439,#13440);
#13438 = CARTESIAN_POINT('',(121.5136,-94.8944,1.51));
#13439 = DIRECTION('',(-0.,0.,-1.));
#13440 = DIRECTION('',(-0.,-1.,0.));
#13441 = FACE_BOUND('',#13442,.T.);
#13442 = EDGE_LOOP('',(#13443));
#13443 = ORIENTED_EDGE('',*,*,#13444,.T.);
#13444 = EDGE_CURVE('',#13445,#13445,#13447,.T.);
#13445 = VERTEX_POINT('',#13446);
#13446 = CARTESIAN_POINT('',(122.7074,-89.6596,1.51));
#13447 = CIRCLE('',#13448,0.15);
#13448 = AXIS2_PLACEMENT_3D('',#13449,#13450,#13451);
#13449 = CARTESIAN_POINT('',(122.7074,-89.5096,1.51));
#13450 = DIRECTION('',(-0.,0.,-1.));
#13451 = DIRECTION('',(-0.,-1.,0.));
#13452 = FACE_BOUND('',#13453,.T.);
#13453 = EDGE_LOOP('',(#13454));
#13454 = ORIENTED_EDGE('',*,*,#13455,.T.);
#13455 = EDGE_CURVE('',#13456,#13456,#13458,.T.);
#13456 = VERTEX_POINT('',#13457);
#13457 = CARTESIAN_POINT('',(128.4732,-91.8376,1.51));
#13458 = CIRCLE('',#13459,0.55);
#13459 = AXIS2_PLACEMENT_3D('',#13460,#13461,#13462);
#13460 = CARTESIAN_POINT('',(128.4732,-91.2876,1.51));
#13461 = DIRECTION('',(-0.,0.,-1.));
#13462 = DIRECTION('',(-0.,-1.,0.));
#13463 = FACE_BOUND('',#13464,.T.);
#13464 = EDGE_LOOP('',(#13465));
#13465 = ORIENTED_EDGE('',*,*,#13466,.T.);
#13466 = EDGE_CURVE('',#13467,#13467,#13469,.T.);
#13467 = VERTEX_POINT('',#13468);
#13468 = CARTESIAN_POINT('',(122.7836,-84.6304,1.51));
#13469 = CIRCLE('',#13470,0.15);
#13470 = AXIS2_PLACEMENT_3D('',#13471,#13472,#13473);
#13471 = CARTESIAN_POINT('',(122.7836,-84.4804,1.51));
#13472 = DIRECTION('',(-0.,0.,-1.));
#13473 = DIRECTION('',(-0.,-1.,0.));
#13474 = FACE_BOUND('',#13475,.T.);
#13475 = EDGE_LOOP('',(#13476));
#13476 = ORIENTED_EDGE('',*,*,#13477,.T.);
#13477 = EDGE_CURVE('',#13478,#13478,#13480,.T.);
#13478 = VERTEX_POINT('',#13479);
#13479 = CARTESIAN_POINT('',(124.5108,-83.462,1.51));
#13480 = CIRCLE('',#13481,0.15);
#13481 = AXIS2_PLACEMENT_3D('',#13482,#13483,#13484);
#13482 = CARTESIAN_POINT('',(124.5108,-83.312,1.51));
#13483 = DIRECTION('',(-0.,0.,-1.));
#13484 = DIRECTION('',(9.473903143467E-14,-1.,-0.));
#13485 = FACE_BOUND('',#13486,.T.);
#13486 = EDGE_LOOP('',(#13487));
#13487 = ORIENTED_EDGE('',*,*,#13488,.T.);
#13488 = EDGE_CURVE('',#13489,#13489,#13491,.T.);
#13489 = VERTEX_POINT('',#13490);
#13490 = CARTESIAN_POINT('',(143.62,-106.89,1.51));
#13491 = CIRCLE('',#13492,1.6);
#13492 = AXIS2_PLACEMENT_3D('',#13493,#13494,#13495);
#13493 = CARTESIAN_POINT('',(143.62,-105.29,1.51));
#13494 = DIRECTION('',(-0.,0.,-1.));
#13495 = DIRECTION('',(-0.,-1.,0.));
#13496 = FACE_BOUND('',#13497,.T.);
#13497 = EDGE_LOOP('',(#13498));
#13498 = ORIENTED_EDGE('',*,*,#13499,.T.);
#13499 = EDGE_CURVE('',#13500,#13500,#13502,.T.);
#13500 = VERTEX_POINT('',#13501);
#13501 = CARTESIAN_POINT('',(130.6068,-95.0952,1.51));
#13502 = CIRCLE('',#13503,0.15);
#13503 = AXIS2_PLACEMENT_3D('',#13504,#13505,#13506);
#13504 = CARTESIAN_POINT('',(130.6068,-94.9452,1.51));
#13505 = DIRECTION('',(-0.,0.,-1.));
#13506 = DIRECTION('',(-0.,-1.,0.));
#13507 = FACE_BOUND('',#13508,.T.);
#13508 = EDGE_LOOP('',(#13509));
#13509 = ORIENTED_EDGE('',*,*,#13510,.T.);
#13510 = EDGE_CURVE('',#13511,#13511,#13513,.T.);
#13511 = VERTEX_POINT('',#13512);
#13512 = CARTESIAN_POINT('',(130.6576,-88.2308,1.51));
#13513 = CIRCLE('',#13514,0.55);
#13514 = AXIS2_PLACEMENT_3D('',#13515,#13516,#13517);
#13515 = CARTESIAN_POINT('',(130.6576,-87.6808,1.51));
#13516 = DIRECTION('',(-0.,0.,-1.));
#13517 = DIRECTION('',(-0.,-1.,0.));
#13518 = FACE_BOUND('',#13519,.T.);
#13519 = EDGE_LOOP('',(#13520));
#13520 = ORIENTED_EDGE('',*,*,#13521,.T.);
#13521 = EDGE_CURVE('',#13522,#13522,#13524,.T.);
#13522 = VERTEX_POINT('',#13523);
#13523 = CARTESIAN_POINT('',(134.112,-85.7988,1.51));
#13524 = CIRCLE('',#13525,0.15);
#13525 = AXIS2_PLACEMENT_3D('',#13526,#13527,#13528);
#13526 = CARTESIAN_POINT('',(134.112,-85.6488,1.51));
#13527 = DIRECTION('',(-0.,0.,-1.));
#13528 = DIRECTION('',(-0.,-1.,0.));
#13529 = FACE_BOUND('',#13530,.T.);
#13530 = EDGE_LOOP('',(#13531));
#13531 = ORIENTED_EDGE('',*,*,#13532,.T.);
#13532 = EDGE_CURVE('',#13533,#13533,#13535,.T.);
#13533 = VERTEX_POINT('',#13534);
#13534 = CARTESIAN_POINT('',(136.7028,-85.3924,1.51));
#13535 = CIRCLE('',#13536,0.15);
#13536 = AXIS2_PLACEMENT_3D('',#13537,#13538,#13539);
#13537 = CARTESIAN_POINT('',(136.7028,-85.2424,1.51));
#13538 = DIRECTION('',(-0.,0.,-1.));
#13539 = DIRECTION('',(-0.,-1.,0.));
#13540 = FACE_BOUND('',#13541,.T.);
#13541 = EDGE_LOOP('',(#13542));
#13542 = ORIENTED_EDGE('',*,*,#13543,.T.);
#13543 = EDGE_CURVE('',#13544,#13544,#13546,.T.);
#13544 = VERTEX_POINT('',#13545);
#13545 = CARTESIAN_POINT('',(138.0236,-95.0444,1.51));
#13546 = CIRCLE('',#13547,0.15);
#13547 = AXIS2_PLACEMENT_3D('',#13548,#13549,#13550);
#13548 = CARTESIAN_POINT('',(138.0236,-94.8944,1.51));
#13549 = DIRECTION('',(-0.,0.,-1.));
#13550 = DIRECTION('',(-0.,-1.,0.));
#13551 = FACE_BOUND('',#13552,.T.);
#13552 = EDGE_LOOP('',(#13553));
#13553 = ORIENTED_EDGE('',*,*,#13554,.T.);
#13554 = EDGE_CURVE('',#13555,#13555,#13557,.T.);
#13555 = VERTEX_POINT('',#13556);
#13556 = CARTESIAN_POINT('',(138.6332,-91.8376,1.51));
#13557 = CIRCLE('',#13558,0.55);
#13558 = AXIS2_PLACEMENT_3D('',#13559,#13560,#13561);
#13559 = CARTESIAN_POINT('',(138.6332,-91.2876,1.51));
#13560 = DIRECTION('',(-0.,0.,-1.));
#13561 = DIRECTION('',(-0.,-1.,0.));
#13562 = FACE_BOUND('',#13563,.T.);
#13563 = EDGE_LOOP('',(#13564));
#13564 = ORIENTED_EDGE('',*,*,#13565,.T.);
#13565 = EDGE_CURVE('',#13566,#13566,#13568,.T.);
#13566 = VERTEX_POINT('',#13567);
#13567 = CARTESIAN_POINT('',(143.256,-93.5712,1.51));
#13568 = CIRCLE('',#13569,0.15);
#13569 = AXIS2_PLACEMENT_3D('',#13570,#13571,#13572);
#13570 = CARTESIAN_POINT('',(143.256,-93.4212,1.51));
#13571 = DIRECTION('',(-0.,0.,-1.));
#13572 = DIRECTION('',(-0.,-1.,0.));
#13573 = FACE_BOUND('',#13574,.T.);
#13574 = EDGE_LOOP('',(#13575));
#13575 = ORIENTED_EDGE('',*,*,#13576,.T.);
#13576 = EDGE_CURVE('',#13577,#13577,#13579,.T.);
#13577 = VERTEX_POINT('',#13578);
#13578 = CARTESIAN_POINT('',(138.618,-87.78,1.51));
#13579 = CIRCLE('',#13580,0.15);
#13580 = AXIS2_PLACEMENT_3D('',#13581,#13582,#13583);
#13581 = CARTESIAN_POINT('',(138.618,-87.63,1.51));
#13582 = DIRECTION('',(-0.,0.,-1.));
#13583 = DIRECTION('',(-0.,-1.,0.));
#13584 = FACE_BOUND('',#13585,.T.);
#13585 = EDGE_LOOP('',(#13586));
#13586 = ORIENTED_EDGE('',*,*,#13587,.T.);
#13587 = EDGE_CURVE('',#13588,#13588,#13590,.T.);
#13588 = VERTEX_POINT('',#13589);
#13589 = CARTESIAN_POINT('',(146.05,-87.399,1.51));
#13590 = CIRCLE('',#13591,0.15);
#13591 = AXIS2_PLACEMENT_3D('',#13592,#13593,#13594);
#13592 = CARTESIAN_POINT('',(146.05,-87.249,1.51));
#13593 = DIRECTION('',(-0.,0.,-1.));
#13594 = DIRECTION('',(-0.,-1.,0.));
#13595 = FACE_BOUND('',#13596,.T.);
#13596 = EDGE_LOOP('',(#13597));
#13597 = ORIENTED_EDGE('',*,*,#13598,.T.);
#13598 = EDGE_CURVE('',#13599,#13599,#13601,.T.);
#13599 = VERTEX_POINT('',#13600);
#13600 = CARTESIAN_POINT('',(112.6744,-82.0904,1.51));
#13601 = CIRCLE('',#13602,0.15);
#13602 = AXIS2_PLACEMENT_3D('',#13603,#13604,#13605);
#13603 = CARTESIAN_POINT('',(112.6744,-81.9404,1.51));
#13604 = DIRECTION('',(-0.,0.,-1.));
#13605 = DIRECTION('',(9.473903143467E-14,-1.,-0.));
#13606 = FACE_BOUND('',#13607,.T.);
#13607 = EDGE_LOOP('',(#13608));
#13608 = ORIENTED_EDGE('',*,*,#13609,.T.);
#13609 = EDGE_CURVE('',#13610,#13610,#13612,.T.);
#13610 = VERTEX_POINT('',#13611);
#13611 = CARTESIAN_POINT('',(118.11,-81.3284,1.51));
#13612 = CIRCLE('',#13613,0.15);
#13613 = AXIS2_PLACEMENT_3D('',#13614,#13615,#13616);
#13614 = CARTESIAN_POINT('',(118.11,-81.1784,1.51));
#13615 = DIRECTION('',(-0.,0.,-1.));
#13616 = DIRECTION('',(-0.,-1.,0.));
#13617 = FACE_BOUND('',#13618,.T.);
#13618 = EDGE_LOOP('',(#13619));
#13619 = ORIENTED_EDGE('',*,*,#13620,.T.);
#13620 = EDGE_CURVE('',#13621,#13621,#13623,.T.);
#13621 = VERTEX_POINT('',#13622);
#13622 = CARTESIAN_POINT('',(114.808,-76.192,1.51));
#13623 = CIRCLE('',#13624,0.5);
#13624 = AXIS2_PLACEMENT_3D('',#13625,#13626,#13627);
#13625 = CARTESIAN_POINT('',(114.808,-75.692,1.51));
#13626 = DIRECTION('',(-0.,0.,-1.));
#13627 = DIRECTION('',(-0.,-1.,0.));
#13628 = FACE_BOUND('',#13629,.T.);
#13629 = EDGE_LOOP('',(#13630));
#13630 = ORIENTED_EDGE('',*,*,#13631,.T.);
#13631 = EDGE_CURVE('',#13632,#13632,#13634,.T.);
#13632 = VERTEX_POINT('',#13633);
#13633 = CARTESIAN_POINT('',(114.808,-73.652,1.51));
#13634 = CIRCLE('',#13635,0.5);
#13635 = AXIS2_PLACEMENT_3D('',#13636,#13637,#13638);
#13636 = CARTESIAN_POINT('',(114.808,-73.152,1.51));
#13637 = DIRECTION('',(-0.,0.,-1.));
#13638 = DIRECTION('',(-0.,-1.,0.));
#13639 = FACE_BOUND('',#13640,.T.);
#13640 = EDGE_LOOP('',(#13641));
#13641 = ORIENTED_EDGE('',*,*,#13642,.T.);
#13642 = EDGE_CURVE('',#13643,#13643,#13645,.T.);
#13643 = VERTEX_POINT('',#13644);
#13644 = CARTESIAN_POINT('',(120.396,-73.937,1.51));
#13645 = CIRCLE('',#13646,0.15);
#13646 = AXIS2_PLACEMENT_3D('',#13647,#13648,#13649);
#13647 = CARTESIAN_POINT('',(120.396,-73.787,1.51));
#13648 = DIRECTION('',(-0.,0.,-1.));
#13649 = DIRECTION('',(-0.,-1.,0.));
#13650 = FACE_BOUND('',#13651,.T.);
#13651 = EDGE_LOOP('',(#13652));
#13652 = ORIENTED_EDGE('',*,*,#13653,.T.);
#13653 = EDGE_CURVE('',#13654,#13654,#13656,.T.);
#13654 = VERTEX_POINT('',#13655);
#13655 = CARTESIAN_POINT('',(121.6,-72.286,1.51));
#13656 = CIRCLE('',#13657,0.15);
#13657 = AXIS2_PLACEMENT_3D('',#13658,#13659,#13660);
#13658 = CARTESIAN_POINT('',(121.6,-72.136,1.51));
#13659 = DIRECTION('',(-0.,0.,-1.));
#13660 = DIRECTION('',(-0.,-1.,0.));
#13661 = FACE_BOUND('',#13662,.T.);
#13662 = EDGE_LOOP('',(#13663));
#13663 = ORIENTED_EDGE('',*,*,#13664,.T.);
#13664 = EDGE_CURVE('',#13665,#13665,#13667,.T.);
#13665 = VERTEX_POINT('',#13666);
#13666 = CARTESIAN_POINT('',(124.46,-73.3464,1.51));
#13667 = CIRCLE('',#13668,0.55);
#13668 = AXIS2_PLACEMENT_3D('',#13669,#13670,#13671);
#13669 = CARTESIAN_POINT('',(124.46,-72.7964,1.51));
#13670 = DIRECTION('',(-0.,0.,-1.));
#13671 = DIRECTION('',(-2.5837917664E-14,-1.,0.));
#13672 = FACE_BOUND('',#13673,.T.);
#13673 = EDGE_LOOP('',(#13674));
#13674 = ORIENTED_EDGE('',*,*,#13675,.T.);
#13675 = EDGE_CURVE('',#13676,#13676,#13678,.T.);
#13676 = VERTEX_POINT('',#13677);
#13677 = CARTESIAN_POINT('',(114.808,-71.112,1.51));
#13678 = CIRCLE('',#13679,0.5);
#13679 = AXIS2_PLACEMENT_3D('',#13680,#13681,#13682);
#13680 = CARTESIAN_POINT('',(114.808,-70.612,1.51));
#13681 = DIRECTION('',(-0.,0.,-1.));
#13682 = DIRECTION('',(-0.,-1.,0.));
#13683 = FACE_BOUND('',#13684,.T.);
#13684 = EDGE_LOOP('',(#13685));
#13685 = ORIENTED_EDGE('',*,*,#13686,.T.);
#13686 = EDGE_CURVE('',#13687,#13687,#13689,.T.);
#13687 = VERTEX_POINT('',#13688);
#13688 = CARTESIAN_POINT('',(114.808,-68.572,1.51));
#13689 = CIRCLE('',#13690,0.5);
#13690 = AXIS2_PLACEMENT_3D('',#13691,#13692,#13693);
#13691 = CARTESIAN_POINT('',(114.808,-68.072,1.51));
#13692 = DIRECTION('',(-0.,0.,-1.));
#13693 = DIRECTION('',(-0.,-1.,0.));
#13694 = FACE_BOUND('',#13695,.T.);
#13695 = EDGE_LOOP('',(#13696));
#13696 = ORIENTED_EDGE('',*,*,#13697,.T.);
#13697 = EDGE_CURVE('',#13698,#13698,#13700,.T.);
#13698 = VERTEX_POINT('',#13699);
#13699 = CARTESIAN_POINT('',(118.364,-70.508,1.51));
#13700 = CIRCLE('',#13701,0.15);
#13701 = AXIS2_PLACEMENT_3D('',#13702,#13703,#13704);
#13702 = CARTESIAN_POINT('',(118.364,-70.358,1.51));
#13703 = DIRECTION('',(-0.,0.,-1.));
#13704 = DIRECTION('',(-0.,-1.,0.));
#13705 = FACE_BOUND('',#13706,.T.);
#13706 = EDGE_LOOP('',(#13707));
#13707 = ORIENTED_EDGE('',*,*,#13708,.T.);
#13708 = EDGE_CURVE('',#13709,#13709,#13711,.T.);
#13709 = VERTEX_POINT('',#13710);
#13710 = CARTESIAN_POINT('',(118.11,-68.222,1.51));
#13711 = CIRCLE('',#13712,0.15);
#13712 = AXIS2_PLACEMENT_3D('',#13713,#13714,#13715);
#13713 = CARTESIAN_POINT('',(118.11,-68.072,1.51));
#13714 = DIRECTION('',(-0.,0.,-1.));
#13715 = DIRECTION('',(-0.,-1.,0.));
#13716 = FACE_BOUND('',#13717,.T.);
#13717 = EDGE_LOOP('',(#13718));
#13718 = ORIENTED_EDGE('',*,*,#13719,.T.);
#13719 = EDGE_CURVE('',#13720,#13720,#13722,.T.);
#13720 = VERTEX_POINT('',#13721);
#13721 = CARTESIAN_POINT('',(115.,-64.1,1.51));
#13722 = CIRCLE('',#13723,1.6);
#13723 = AXIS2_PLACEMENT_3D('',#13724,#13725,#13726);
#13724 = CARTESIAN_POINT('',(115.,-62.5,1.51));
#13725 = DIRECTION('',(-0.,0.,-1.));
#13726 = DIRECTION('',(-0.,-1.,0.));
#13727 = FACE_BOUND('',#13728,.T.);
#13728 = EDGE_LOOP('',(#13729));
#13729 = ORIENTED_EDGE('',*,*,#13730,.T.);
#13730 = EDGE_CURVE('',#13731,#13731,#13733,.T.);
#13731 = VERTEX_POINT('',#13732);
#13732 = CARTESIAN_POINT('',(122.047,-69.238,1.51));
#13733 = CIRCLE('',#13734,0.15);
#13734 = AXIS2_PLACEMENT_3D('',#13735,#13736,#13737);
#13735 = CARTESIAN_POINT('',(122.047,-69.088,1.51));
#13736 = DIRECTION('',(-0.,0.,-1.));
#13737 = DIRECTION('',(-0.,-1.,0.));
#13738 = FACE_BOUND('',#13739,.T.);
#13739 = EDGE_LOOP('',(#13740));
#13740 = ORIENTED_EDGE('',*,*,#13741,.T.);
#13741 = EDGE_CURVE('',#13742,#13742,#13744,.T.);
#13742 = VERTEX_POINT('',#13743);
#13743 = CARTESIAN_POINT('',(125.857,-67.206,1.51));
#13744 = CIRCLE('',#13745,0.15);
#13745 = AXIS2_PLACEMENT_3D('',#13746,#13747,#13748);
#13746 = CARTESIAN_POINT('',(125.857,-67.056,1.51));
#13747 = DIRECTION('',(-0.,0.,-1.));
#13748 = DIRECTION('',(-0.,-1.,0.));
#13749 = FACE_BOUND('',#13750,.T.);
#13750 = EDGE_LOOP('',(#13751));
#13751 = ORIENTED_EDGE('',*,*,#13752,.T.);
#13752 = EDGE_CURVE('',#13753,#13753,#13755,.T.);
#13753 = VERTEX_POINT('',#13754);
#13754 = CARTESIAN_POINT('',(122.,-60.875,1.51));
#13755 = CIRCLE('',#13756,0.375);
#13756 = AXIS2_PLACEMENT_3D('',#13757,#13758,#13759);
#13757 = CARTESIAN_POINT('',(122.,-60.5,1.51));
#13758 = DIRECTION('',(-0.,0.,-1.));
#13759 = DIRECTION('',(-0.,-1.,0.));
#13760 = FACE_BOUND('',#13761,.T.);
#13761 = EDGE_LOOP('',(#13762));
#13762 = ORIENTED_EDGE('',*,*,#13763,.T.);
#13763 = EDGE_CURVE('',#13764,#13764,#13766,.T.);
#13764 = VERTEX_POINT('',#13765);
#13765 = CARTESIAN_POINT('',(124.,-60.875,1.51));
#13766 = CIRCLE('',#13767,0.375);
#13767 = AXIS2_PLACEMENT_3D('',#13768,#13769,#13770);
#13768 = CARTESIAN_POINT('',(124.,-60.5,1.51));
#13769 = DIRECTION('',(-0.,0.,-1.));
#13770 = DIRECTION('',(-0.,-1.,0.));
#13771 = FACE_BOUND('',#13772,.T.);
#13772 = EDGE_LOOP('',(#13773));
#13773 = ORIENTED_EDGE('',*,*,#13774,.T.);
#13774 = EDGE_CURVE('',#13775,#13775,#13777,.T.);
#13775 = VERTEX_POINT('',#13776);
#13776 = CARTESIAN_POINT('',(130.6576,-78.0708,1.51));
#13777 = CIRCLE('',#13778,0.55);
#13778 = AXIS2_PLACEMENT_3D('',#13779,#13780,#13781);
#13779 = CARTESIAN_POINT('',(130.6576,-77.5208,1.51));
#13780 = DIRECTION('',(-0.,0.,-1.));
#13781 = DIRECTION('',(-0.,-1.,0.));
#13782 = FACE_BOUND('',#13783,.T.);
#13783 = EDGE_LOOP('',(#13784));
#13784 = ORIENTED_EDGE('',*,*,#13785,.T.);
#13785 = EDGE_CURVE('',#13786,#13786,#13788,.T.);
#13786 = VERTEX_POINT('',#13787);
#13787 = CARTESIAN_POINT('',(134.2644,-83.4112,1.51));
#13788 = CIRCLE('',#13789,0.15);
#13789 = AXIS2_PLACEMENT_3D('',#13790,#13791,#13792);
#13790 = CARTESIAN_POINT('',(134.2644,-83.2612,1.51));
#13791 = DIRECTION('',(-0.,0.,-1.));
#13792 = DIRECTION('',(-0.,-1.,0.));
#13793 = FACE_BOUND('',#13794,.T.);
#13794 = EDGE_LOOP('',(#13795));
#13795 = ORIENTED_EDGE('',*,*,#13796,.T.);
#13796 = EDGE_CURVE('',#13797,#13797,#13799,.T.);
#13797 = VERTEX_POINT('',#13798);
#13798 = CARTESIAN_POINT('',(129.6924,-73.3528,1.51));
#13799 = CIRCLE('',#13800,0.15);
#13800 = AXIS2_PLACEMENT_3D('',#13801,#13802,#13803);
#13801 = CARTESIAN_POINT('',(129.6924,-73.2028,1.51));
#13802 = DIRECTION('',(-0.,0.,-1.));
#13803 = DIRECTION('',(-0.,-1.,0.));
#13804 = FACE_BOUND('',#13805,.T.);
#13805 = EDGE_LOOP('',(#13806));
#13806 = ORIENTED_EDGE('',*,*,#13807,.T.);
#13807 = EDGE_CURVE('',#13808,#13808,#13810,.T.);
#13808 = VERTEX_POINT('',#13809);
#13809 = CARTESIAN_POINT('',(134.62,-73.3464,1.51));
#13810 = CIRCLE('',#13811,0.55);
#13811 = AXIS2_PLACEMENT_3D('',#13812,#13813,#13814);
#13812 = CARTESIAN_POINT('',(134.62,-72.7964,1.51));
#13813 = DIRECTION('',(-0.,0.,-1.));
#13814 = DIRECTION('',(-0.,-1.,0.));
#13815 = FACE_BOUND('',#13816,.T.);
#13816 = EDGE_LOOP('',(#13817));
#13817 = ORIENTED_EDGE('',*,*,#13818,.T.);
#13818 = EDGE_CURVE('',#13819,#13819,#13821,.T.);
#13819 = VERTEX_POINT('',#13820);
#13820 = CARTESIAN_POINT('',(137.3124,-73.3528,1.51));
#13821 = CIRCLE('',#13822,0.15);
#13822 = AXIS2_PLACEMENT_3D('',#13823,#13824,#13825);
#13823 = CARTESIAN_POINT('',(137.3124,-73.2028,1.51));
#13824 = DIRECTION('',(-0.,0.,-1.));
#13825 = DIRECTION('',(-0.,-1.,0.));
#13826 = FACE_BOUND('',#13827,.T.);
#13827 = EDGE_LOOP('',(#13828));
#13828 = ORIENTED_EDGE('',*,*,#13829,.T.);
#13829 = EDGE_CURVE('',#13830,#13830,#13832,.T.);
#13830 = VERTEX_POINT('',#13831);
#13831 = CARTESIAN_POINT('',(139.2428,-80.5156,1.51));
#13832 = CIRCLE('',#13833,0.15);
#13833 = AXIS2_PLACEMENT_3D('',#13834,#13835,#13836);
#13834 = CARTESIAN_POINT('',(139.2428,-80.3656,1.51));
#13835 = DIRECTION('',(-0.,0.,-1.));
#13836 = DIRECTION('',(-0.,-1.,0.));
#13837 = FACE_BOUND('',#13838,.T.);
#13838 = EDGE_LOOP('',(#13839));
#13839 = ORIENTED_EDGE('',*,*,#13840,.T.);
#13840 = EDGE_CURVE('',#13841,#13841,#13843,.T.);
#13841 = VERTEX_POINT('',#13842);
#13842 = CARTESIAN_POINT('',(140.553902,-79.652,1.51));
#13843 = CIRCLE('',#13844,0.15);
#13844 = AXIS2_PLACEMENT_3D('',#13845,#13846,#13847);
#13845 = CARTESIAN_POINT('',(140.553902,-79.502,1.51));
#13846 = DIRECTION('',(-0.,0.,-1.));
#13847 = DIRECTION('',(-0.,-1.,0.));
#13848 = FACE_BOUND('',#13849,.T.);
#13849 = EDGE_LOOP('',(#13850));
#13850 = ORIENTED_EDGE('',*,*,#13851,.T.);
#13851 = EDGE_CURVE('',#13852,#13852,#13854,.T.);
#13852 = VERTEX_POINT('',#13853);
#13853 = CARTESIAN_POINT('',(143.764,-78.702,1.51));
#13854 = CIRCLE('',#13855,0.15);
#13855 = AXIS2_PLACEMENT_3D('',#13856,#13857,#13858);
#13856 = CARTESIAN_POINT('',(143.764,-78.552,1.51));
#13857 = DIRECTION('',(-0.,0.,-1.));
#13858 = DIRECTION('',(-0.,-1.,0.));
#13859 = FACE_BOUND('',#13860,.T.);
#13860 = EDGE_LOOP('',(#13861));
#13861 = ORIENTED_EDGE('',*,*,#13862,.T.);
#13862 = EDGE_CURVE('',#13863,#13863,#13865,.T.);
#13863 = VERTEX_POINT('',#13864);
#13864 = CARTESIAN_POINT('',(129.92,-65.15,1.51));
#13865 = CIRCLE('',#13866,0.65);
#13866 = AXIS2_PLACEMENT_3D('',#13867,#13868,#13869);
#13867 = CARTESIAN_POINT('',(129.92,-64.5,1.51));
#13868 = DIRECTION('',(-0.,0.,-1.));
#13869 = DIRECTION('',(-4.372570681601E-14,-1.,0.));
#13870 = FACE_BOUND('',#13871,.T.);
#13871 = EDGE_LOOP('',(#13872));
#13872 = ORIENTED_EDGE('',*,*,#13873,.T.);
#13873 = EDGE_CURVE('',#13874,#13874,#13876,.T.);
#13874 = VERTEX_POINT('',#13875);
#13875 = CARTESIAN_POINT('',(135.,-65.15,1.51));
#13876 = CIRCLE('',#13877,0.65);
#13877 = AXIS2_PLACEMENT_3D('',#13878,#13879,#13880);
#13878 = CARTESIAN_POINT('',(135.,-64.5,1.51));
#13879 = DIRECTION('',(-0.,0.,-1.));
#13880 = DIRECTION('',(-0.,-1.,0.));
#13881 = FACE_BOUND('',#13882,.T.);
#13882 = EDGE_LOOP('',(#13883));
#13883 = ORIENTED_EDGE('',*,*,#13884,.T.);
#13884 = EDGE_CURVE('',#13885,#13885,#13887,.T.);
#13885 = VERTEX_POINT('',#13886);
#13886 = CARTESIAN_POINT('',(140.716,-66.698,1.51));
#13887 = CIRCLE('',#13888,0.15);
#13888 = AXIS2_PLACEMENT_3D('',#13889,#13890,#13891);
#13889 = CARTESIAN_POINT('',(140.716,-66.548,1.51));
#13890 = DIRECTION('',(-0.,0.,-1.));
#13891 = DIRECTION('',(-0.,-1.,0.));
#13892 = FACE_BOUND('',#13893,.T.);
#13893 = EDGE_LOOP('',(#13894));
#13894 = ORIENTED_EDGE('',*,*,#13895,.T.);
#13895 = EDGE_CURVE('',#13896,#13896,#13898,.T.);
#13896 = VERTEX_POINT('',#13897);
#13897 = CARTESIAN_POINT('',(139.446,-59.967,1.51));
#13898 = CIRCLE('',#13899,0.15);
#13899 = AXIS2_PLACEMENT_3D('',#13900,#13901,#13902);
#13900 = CARTESIAN_POINT('',(139.446,-59.817,1.51));
#13901 = DIRECTION('',(-0.,0.,-1.));
#13902 = DIRECTION('',(-0.,-1.,0.));
#13903 = FACE_BOUND('',#13904,.T.);
#13904 = EDGE_LOOP('',(#13905));
#13905 = ORIENTED_EDGE('',*,*,#13906,.T.);
#13906 = EDGE_CURVE('',#13907,#13907,#13909,.T.);
#13907 = VERTEX_POINT('',#13908);
#13908 = CARTESIAN_POINT('',(143.62,-64.1,1.51));
#13909 = CIRCLE('',#13910,1.6);
#13910 = AXIS2_PLACEMENT_3D('',#13911,#13912,#13913);
#13911 = CARTESIAN_POINT('',(143.62,-62.5,1.51));
#13912 = DIRECTION('',(-0.,0.,-1.));
#13913 = DIRECTION('',(-0.,-1.,0.));
#13914 = PLANE('',#13915);
#13915 = AXIS2_PLACEMENT_3D('',#13916,#13917,#13918);
#13916 = CARTESIAN_POINT('',(0.,0.,1.51));
#13917 = DIRECTION('',(0.,0.,1.));
#13918 = DIRECTION('',(1.,0.,-0.));
#13919 = ADVANCED_FACE('',(#13920),#13931,.T.);
#13920 = FACE_BOUND('',#13921,.T.);
#13921 = EDGE_LOOP('',(#13922,#13928,#13929,#13930));
#13922 = ORIENTED_EDGE('',*,*,#13923,.T.);
#13923 = EDGE_CURVE('',#12700,#13313,#13924,.T.);
#13924 = LINE('',#13925,#13926);
#13925 = CARTESIAN_POINT('',(110.8,-62.445,0.));
#13926 = VECTOR('',#13927,1.);
#13927 = DIRECTION('',(0.,0.,1.));
#13928 = ORIENTED_EDGE('',*,*,#13312,.T.);
#13929 = ORIENTED_EDGE('',*,*,#12635,.F.);
#13930 = ORIENTED_EDGE('',*,*,#12699,.F.);
#13931 = CYLINDRICAL_SURFACE('',#13932,4.999999678834);
#13932 = AXIS2_PLACEMENT_3D('',#13933,#13934,#13935);
#13933 = CARTESIAN_POINT('',(115.79999967883,-62.44499967883,0.));
#13934 = DIRECTION('',(0.,0.,-1.));
#13935 = DIRECTION('',(-1.,-6.423314275614E-08,-0.));
#13936 = ADVANCED_FACE('',(#13937),#13948,.T.);
#13937 = FACE_BOUND('',#13938,.T.);
#13938 = EDGE_LOOP('',(#13939,#13940,#13941,#13947));
#13939 = ORIENTED_EDGE('',*,*,#12675,.T.);
#13940 = ORIENTED_EDGE('',*,*,#13346,.T.);
#13941 = ORIENTED_EDGE('',*,*,#13942,.F.);
#13942 = EDGE_CURVE('',#12726,#13339,#13943,.T.);
#13943 = LINE('',#13944,#13945);
#13944 = CARTESIAN_POINT('',(142.8,-109.955,0.));
#13945 = VECTOR('',#13946,1.);
#13946 = DIRECTION('',(0.,0.,1.));
#13947 = ORIENTED_EDGE('',*,*,#12733,.F.);
#13948 = CYLINDRICAL_SURFACE('',#13949,4.999999678834);
#13949 = AXIS2_PLACEMENT_3D('',#13950,#13951,#13952);
#13950 = CARTESIAN_POINT('',(142.80000032116,-104.9550003211,0.));
#13951 = DIRECTION('',(0.,0.,-1.));
#13952 = DIRECTION('',(1.,6.423313849288E-08,0.));
#13953 = ADVANCED_FACE('',(#13954),#13965,.T.);
#13954 = FACE_BOUND('',#13955,.T.);
#13955 = EDGE_LOOP('',(#13956,#13962,#13963,#13964));
#13956 = ORIENTED_EDGE('',*,*,#13957,.T.);
#13957 = EDGE_CURVE('',#12709,#13322,#13958,.T.);
#13958 = LINE('',#13959,#13960);
#13959 = CARTESIAN_POINT('',(110.8,-104.955,0.));
#13960 = VECTOR('',#13961,1.);
#13961 = DIRECTION('',(0.,0.,1.));
#13962 = ORIENTED_EDGE('',*,*,#13321,.T.);
#13963 = ORIENTED_EDGE('',*,*,#13923,.F.);
#13964 = ORIENTED_EDGE('',*,*,#12708,.F.);
#13965 = PLANE('',#13966);
#13966 = AXIS2_PLACEMENT_3D('',#13967,#13968,#13969);
#13967 = CARTESIAN_POINT('',(110.8,-104.955,0.));
#13968 = DIRECTION('',(-1.,0.,0.));
#13969 = DIRECTION('',(0.,1.,0.));
#13970 = ADVANCED_FACE('',(#13971),#13982,.T.);
#13971 = FACE_BOUND('',#13972,.T.);
#13972 = EDGE_LOOP('',(#13973,#13974,#13975,#13981));
#13973 = ORIENTED_EDGE('',*,*,#13942,.T.);
#13974 = ORIENTED_EDGE('',*,*,#13338,.T.);
#13975 = ORIENTED_EDGE('',*,*,#13976,.F.);
#13976 = EDGE_CURVE('',#12717,#13330,#13977,.T.);
#13977 = LINE('',#13978,#13979);
#13978 = CARTESIAN_POINT('',(115.8,-109.955,0.));
#13979 = VECTOR('',#13980,1.);
#13980 = DIRECTION('',(0.,0.,1.));
#13981 = ORIENTED_EDGE('',*,*,#12725,.F.);
#13982 = PLANE('',#13983);
#13983 = AXIS2_PLACEMENT_3D('',#13984,#13985,#13986);
#13984 = CARTESIAN_POINT('',(142.8,-109.955,0.));
#13985 = DIRECTION('',(0.,-1.,0.));
#13986 = DIRECTION('',(-1.,0.,0.));
#13987 = ADVANCED_FACE('',(#13988),#13994,.T.);
#13988 = FACE_BOUND('',#13989,.T.);
#13989 = EDGE_LOOP('',(#13990,#13991,#13992,#13993));
#13990 = ORIENTED_EDGE('',*,*,#13976,.T.);
#13991 = ORIENTED_EDGE('',*,*,#13329,.T.);
#13992 = ORIENTED_EDGE('',*,*,#13957,.F.);
#13993 = ORIENTED_EDGE('',*,*,#12716,.F.);
#13994 = CYLINDRICAL_SURFACE('',#13995,4.999999678834);
#13995 = AXIS2_PLACEMENT_3D('',#13996,#13997,#13998);
#13996 = CARTESIAN_POINT('',(115.79999967883,-104.9550003211,0.));
#13997 = DIRECTION('',(0.,0.,-1.));
#13998 = DIRECTION('',(6.423314417722E-08,-1.,0.));
#13999 = ADVANCED_FACE('',(#14000),#14011,.F.);
#14000 = FACE_BOUND('',#14001,.T.);
#14001 = EDGE_LOOP('',(#14002,#14003,#14009,#14010));
#14002 = ORIENTED_EDGE('',*,*,#12743,.T.);
#14003 = ORIENTED_EDGE('',*,*,#14004,.T.);
#14004 = EDGE_CURVE('',#12744,#13357,#14005,.T.);
#14005 = LINE('',#14006,#14007);
#14006 = CARTESIAN_POINT('',(115.,-106.89,-4.6E-02));
#14007 = VECTOR('',#14008,1.);
#14008 = DIRECTION('',(0.,0.,1.));
#14009 = ORIENTED_EDGE('',*,*,#13356,.F.);
#14010 = ORIENTED_EDGE('',*,*,#14004,.F.);
#14011 = CYLINDRICAL_SURFACE('',#14012,1.6);
#14012 = AXIS2_PLACEMENT_3D('',#14013,#14014,#14015);
#14013 = CARTESIAN_POINT('',(115.,-105.29,-4.6E-02));
#14014 = DIRECTION('',(-0.,-0.,-1.));
#14015 = DIRECTION('',(-0.,-1.,0.));
#14016 = ADVANCED_FACE('',(#14017),#14028,.F.);
#14017 = FACE_BOUND('',#14018,.T.);
#14018 = EDGE_LOOP('',(#14019,#14020,#14026,#14027));
#14019 = ORIENTED_EDGE('',*,*,#12754,.T.);
#14020 = ORIENTED_EDGE('',*,*,#14021,.T.);
#14021 = EDGE_CURVE('',#12755,#13368,#14022,.T.);
#14022 = LINE('',#14023,#14024);
#14023 = CARTESIAN_POINT('',(117.7036,-101.6992,-3.6E-02));
#14024 = VECTOR('',#14025,1.);
#14025 = DIRECTION('',(0.,0.,1.));
#14026 = ORIENTED_EDGE('',*,*,#13367,.F.);
#14027 = ORIENTED_EDGE('',*,*,#14021,.F.);
#14028 = CYLINDRICAL_SURFACE('',#14029,0.15);
#14029 = AXIS2_PLACEMENT_3D('',#14030,#14031,#14032);
#14030 = CARTESIAN_POINT('',(117.7036,-101.5492,-3.6E-02));
#14031 = DIRECTION('',(-0.,-0.,-1.));
#14032 = DIRECTION('',(-0.,-1.,0.));
#14033 = ADVANCED_FACE('',(#14034),#14045,.F.);
#14034 = FACE_BOUND('',#14035,.T.);
#14035 = EDGE_LOOP('',(#14036,#14037,#14043,#14044));
#14036 = ORIENTED_EDGE('',*,*,#12765,.T.);
#14037 = ORIENTED_EDGE('',*,*,#14038,.T.);
#14038 = EDGE_CURVE('',#12766,#13379,#14039,.T.);
#14039 = LINE('',#14040,#14041);
#14040 = CARTESIAN_POINT('',(118.0084,-96.7716,-3.6E-02));
#14041 = VECTOR('',#14042,1.);
#14042 = DIRECTION('',(0.,0.,1.));
#14043 = ORIENTED_EDGE('',*,*,#13378,.F.);
#14044 = ORIENTED_EDGE('',*,*,#14038,.F.);
#14045 = CYLINDRICAL_SURFACE('',#14046,0.15);
#14046 = AXIS2_PLACEMENT_3D('',#14047,#14048,#14049);
#14047 = CARTESIAN_POINT('',(118.0084,-96.6216,-3.6E-02));
#14048 = DIRECTION('',(-0.,-0.,-1.));
#14049 = DIRECTION('',(-0.,-1.,0.));
#14050 = ADVANCED_FACE('',(#14051),#14062,.F.);
#14051 = FACE_BOUND('',#14052,.T.);
#14052 = EDGE_LOOP('',(#14053,#14054,#14060,#14061));
#14053 = ORIENTED_EDGE('',*,*,#12776,.T.);
#14054 = ORIENTED_EDGE('',*,*,#14055,.T.);
#14055 = EDGE_CURVE('',#12777,#13390,#14056,.T.);
#14056 = LINE('',#14057,#14058);
#14057 = CARTESIAN_POINT('',(121.5136,-105.6044,-4.6E-02));
#14058 = VECTOR('',#14059,1.);
#14059 = DIRECTION('',(0.,0.,1.));
#14060 = ORIENTED_EDGE('',*,*,#13389,.F.);
#14061 = ORIENTED_EDGE('',*,*,#14055,.F.);
#14062 = CYLINDRICAL_SURFACE('',#14063,0.55);
#14063 = AXIS2_PLACEMENT_3D('',#14064,#14065,#14066);
#14064 = CARTESIAN_POINT('',(121.5136,-105.0544,-4.6E-02));
#14065 = DIRECTION('',(-0.,-0.,-1.));
#14066 = DIRECTION('',(-0.,-1.,0.));
#14067 = ADVANCED_FACE('',(#14068),#14079,.F.);
#14068 = FACE_BOUND('',#14069,.T.);
#14069 = EDGE_LOOP('',(#14070,#14071,#14077,#14078));
#14070 = ORIENTED_EDGE('',*,*,#12787,.T.);
#14071 = ORIENTED_EDGE('',*,*,#14072,.T.);
#14072 = EDGE_CURVE('',#12788,#13401,#14073,.T.);
#14073 = LINE('',#14074,#14075);
#14074 = CARTESIAN_POINT('',(125.8316,-95.5524,-3.6E-02));
#14075 = VECTOR('',#14076,1.);
#14076 = DIRECTION('',(0.,0.,1.));
#14077 = ORIENTED_EDGE('',*,*,#13400,.F.);
#14078 = ORIENTED_EDGE('',*,*,#14072,.F.);
#14079 = CYLINDRICAL_SURFACE('',#14080,0.15);
#14080 = AXIS2_PLACEMENT_3D('',#14081,#14082,#14083);
#14081 = CARTESIAN_POINT('',(125.8316,-95.4024,-3.6E-02));
#14082 = DIRECTION('',(-0.,-0.,-1.));
#14083 = DIRECTION('',(-9.473903143469E-14,-1.,0.));
#14084 = ADVANCED_FACE('',(#14085),#14096,.F.);
#14085 = FACE_BOUND('',#14086,.T.);
#14086 = EDGE_LOOP('',(#14087,#14088,#14094,#14095));
#14087 = ORIENTED_EDGE('',*,*,#12798,.T.);
#14088 = ORIENTED_EDGE('',*,*,#14089,.T.);
#14089 = EDGE_CURVE('',#12799,#13412,#14090,.T.);
#14090 = LINE('',#14091,#14092);
#14091 = CARTESIAN_POINT('',(114.554,-91.9456,-3.6E-02));
#14092 = VECTOR('',#14093,1.);
#14093 = DIRECTION('',(0.,0.,1.));
#14094 = ORIENTED_EDGE('',*,*,#13411,.F.);
#14095 = ORIENTED_EDGE('',*,*,#14089,.F.);
#14096 = CYLINDRICAL_SURFACE('',#14097,0.15);
#14097 = AXIS2_PLACEMENT_3D('',#14098,#14099,#14100);
#14098 = CARTESIAN_POINT('',(114.554,-91.7956,-3.6E-02));
#14099 = DIRECTION('',(-0.,-0.,-1.));
#14100 = DIRECTION('',(-0.,-1.,0.));
#14101 = ADVANCED_FACE('',(#14102),#14113,.F.);
#14102 = FACE_BOUND('',#14103,.T.);
#14103 = EDGE_LOOP('',(#14104,#14105,#14111,#14112));
#14104 = ORIENTED_EDGE('',*,*,#12809,.T.);
#14105 = ORIENTED_EDGE('',*,*,#14106,.T.);
#14106 = EDGE_CURVE('',#12810,#13423,#14107,.T.);
#14107 = LINE('',#14108,#14109);
#14108 = CARTESIAN_POINT('',(118.108,-84.5288,-3.6E-02));
#14109 = VECTOR('',#14110,1.);
#14110 = DIRECTION('',(0.,0.,1.));
#14111 = ORIENTED_EDGE('',*,*,#13422,.F.);
#14112 = ORIENTED_EDGE('',*,*,#14106,.F.);
#14113 = CYLINDRICAL_SURFACE('',#14114,0.15);
#14114 = AXIS2_PLACEMENT_3D('',#14115,#14116,#14117);
#14115 = CARTESIAN_POINT('',(118.108,-84.3788,-3.6E-02));
#14116 = DIRECTION('',(-0.,-0.,-1.));
#14117 = DIRECTION('',(-0.,-1.,0.));
#14118 = ADVANCED_FACE('',(#14119),#14130,.F.);
#14119 = FACE_BOUND('',#14120,.T.);
#14120 = EDGE_LOOP('',(#14121,#14122,#14128,#14129));
#14121 = ORIENTED_EDGE('',*,*,#12820,.T.);
#14122 = ORIENTED_EDGE('',*,*,#14123,.T.);
#14123 = EDGE_CURVE('',#12821,#13434,#14124,.T.);
#14124 = LINE('',#14125,#14126);
#14125 = CARTESIAN_POINT('',(121.5136,-95.4444,-4.6E-02));
#14126 = VECTOR('',#14127,1.);
#14127 = DIRECTION('',(0.,0.,1.));
#14128 = ORIENTED_EDGE('',*,*,#13433,.F.);
#14129 = ORIENTED_EDGE('',*,*,#14123,.F.);
#14130 = CYLINDRICAL_SURFACE('',#14131,0.55);
#14131 = AXIS2_PLACEMENT_3D('',#14132,#14133,#14134);
#14132 = CARTESIAN_POINT('',(121.5136,-94.8944,-4.6E-02));
#14133 = DIRECTION('',(-0.,-0.,-1.));
#14134 = DIRECTION('',(-0.,-1.,0.));
#14135 = ADVANCED_FACE('',(#14136),#14147,.F.);
#14136 = FACE_BOUND('',#14137,.T.);
#14137 = EDGE_LOOP('',(#14138,#14139,#14145,#14146));
#14138 = ORIENTED_EDGE('',*,*,#12831,.T.);
#14139 = ORIENTED_EDGE('',*,*,#14140,.T.);
#14140 = EDGE_CURVE('',#12832,#13445,#14141,.T.);
#14141 = LINE('',#14142,#14143);
#14142 = CARTESIAN_POINT('',(122.7074,-89.6596,-3.6E-02));
#14143 = VECTOR('',#14144,1.);
#14144 = DIRECTION('',(0.,0.,1.));
#14145 = ORIENTED_EDGE('',*,*,#13444,.F.);
#14146 = ORIENTED_EDGE('',*,*,#14140,.F.);
#14147 = CYLINDRICAL_SURFACE('',#14148,0.15);
#14148 = AXIS2_PLACEMENT_3D('',#14149,#14150,#14151);
#14149 = CARTESIAN_POINT('',(122.7074,-89.5096,-3.6E-02));
#14150 = DIRECTION('',(-0.,-0.,-1.));
#14151 = DIRECTION('',(-0.,-1.,0.));
#14152 = ADVANCED_FACE('',(#14153),#14164,.F.);
#14153 = FACE_BOUND('',#14154,.T.);
#14154 = EDGE_LOOP('',(#14155,#14156,#14162,#14163));
#14155 = ORIENTED_EDGE('',*,*,#12842,.T.);
#14156 = ORIENTED_EDGE('',*,*,#14157,.T.);
#14157 = EDGE_CURVE('',#12843,#13456,#14158,.T.);
#14158 = LINE('',#14159,#14160);
#14159 = CARTESIAN_POINT('',(128.4732,-91.8376,-4.6E-02));
#14160 = VECTOR('',#14161,1.);
#14161 = DIRECTION('',(0.,0.,1.));
#14162 = ORIENTED_EDGE('',*,*,#13455,.F.);
#14163 = ORIENTED_EDGE('',*,*,#14157,.F.);
#14164 = CYLINDRICAL_SURFACE('',#14165,0.55);
#14165 = AXIS2_PLACEMENT_3D('',#14166,#14167,#14168);
#14166 = CARTESIAN_POINT('',(128.4732,-91.2876,-4.6E-02));
#14167 = DIRECTION('',(-0.,-0.,-1.));
#14168 = DIRECTION('',(-0.,-1.,0.));
#14169 = ADVANCED_FACE('',(#14170),#14181,.F.);
#14170 = FACE_BOUND('',#14171,.T.);
#14171 = EDGE_LOOP('',(#14172,#14173,#14179,#14180));
#14172 = ORIENTED_EDGE('',*,*,#12853,.T.);
#14173 = ORIENTED_EDGE('',*,*,#14174,.T.);
#14174 = EDGE_CURVE('',#12854,#13467,#14175,.T.);
#14175 = LINE('',#14176,#14177);
#14176 = CARTESIAN_POINT('',(122.7836,-84.6304,-3.6E-02));
#14177 = VECTOR('',#14178,1.);
#14178 = DIRECTION('',(0.,0.,1.));
#14179 = ORIENTED_EDGE('',*,*,#13466,.F.);
#14180 = ORIENTED_EDGE('',*,*,#14174,.F.);
#14181 = CYLINDRICAL_SURFACE('',#14182,0.15);
#14182 = AXIS2_PLACEMENT_3D('',#14183,#14184,#14185);
#14183 = CARTESIAN_POINT('',(122.7836,-84.4804,-3.6E-02));
#14184 = DIRECTION('',(-0.,-0.,-1.));
#14185 = DIRECTION('',(-0.,-1.,0.));
#14186 = ADVANCED_FACE('',(#14187),#14198,.F.);
#14187 = FACE_BOUND('',#14188,.T.);
#14188 = EDGE_LOOP('',(#14189,#14190,#14196,#14197));
#14189 = ORIENTED_EDGE('',*,*,#12864,.T.);
#14190 = ORIENTED_EDGE('',*,*,#14191,.T.);
#14191 = EDGE_CURVE('',#12865,#13478,#14192,.T.);
#14192 = LINE('',#14193,#14194);
#14193 = CARTESIAN_POINT('',(124.5108,-83.462,-3.6E-02));
#14194 = VECTOR('',#14195,1.);
#14195 = DIRECTION('',(0.,0.,1.));
#14196 = ORIENTED_EDGE('',*,*,#13477,.F.);
#14197 = ORIENTED_EDGE('',*,*,#14191,.F.);
#14198 = CYLINDRICAL_SURFACE('',#14199,0.15);
#14199 = AXIS2_PLACEMENT_3D('',#14200,#14201,#14202);
#14200 = CARTESIAN_POINT('',(124.5108,-83.312,-3.6E-02));
#14201 = DIRECTION('',(-0.,0.,-1.));
#14202 = DIRECTION('',(9.473903143467E-14,-1.,-0.));
#14203 = ADVANCED_FACE('',(#14204),#14215,.F.);
#14204 = FACE_BOUND('',#14205,.T.);
#14205 = EDGE_LOOP('',(#14206,#14207,#14213,#14214));
#14206 = ORIENTED_EDGE('',*,*,#12875,.T.);
#14207 = ORIENTED_EDGE('',*,*,#14208,.T.);
#14208 = EDGE_CURVE('',#12876,#13489,#14209,.T.);
#14209 = LINE('',#14210,#14211);
#14210 = CARTESIAN_POINT('',(143.62,-106.89,-4.6E-02));
#14211 = VECTOR('',#14212,1.);
#14212 = DIRECTION('',(0.,0.,1.));
#14213 = ORIENTED_EDGE('',*,*,#13488,.F.);
#14214 = ORIENTED_EDGE('',*,*,#14208,.F.);
#14215 = CYLINDRICAL_SURFACE('',#14216,1.6);
#14216 = AXIS2_PLACEMENT_3D('',#14217,#14218,#14219);
#14217 = CARTESIAN_POINT('',(143.62,-105.29,-4.6E-02));
#14218 = DIRECTION('',(-0.,-0.,-1.));
#14219 = DIRECTION('',(-0.,-1.,0.));
#14220 = ADVANCED_FACE('',(#14221),#14232,.F.);
#14221 = FACE_BOUND('',#14222,.T.);
#14222 = EDGE_LOOP('',(#14223,#14224,#14230,#14231));
#14223 = ORIENTED_EDGE('',*,*,#12886,.T.);
#14224 = ORIENTED_EDGE('',*,*,#14225,.T.);
#14225 = EDGE_CURVE('',#12887,#13500,#14226,.T.);
#14226 = LINE('',#14227,#14228);
#14227 = CARTESIAN_POINT('',(130.6068,-95.0952,-3.6E-02));
#14228 = VECTOR('',#14229,1.);
#14229 = DIRECTION('',(0.,0.,1.));
#14230 = ORIENTED_EDGE('',*,*,#13499,.F.);
#14231 = ORIENTED_EDGE('',*,*,#14225,.F.);
#14232 = CYLINDRICAL_SURFACE('',#14233,0.15);
#14233 = AXIS2_PLACEMENT_3D('',#14234,#14235,#14236);
#14234 = CARTESIAN_POINT('',(130.6068,-94.9452,-3.6E-02));
#14235 = DIRECTION('',(-0.,-0.,-1.));
#14236 = DIRECTION('',(-0.,-1.,0.));
#14237 = ADVANCED_FACE('',(#14238),#14249,.F.);
#14238 = FACE_BOUND('',#14239,.T.);
#14239 = EDGE_LOOP('',(#14240,#14241,#14247,#14248));
#14240 = ORIENTED_EDGE('',*,*,#12897,.T.);
#14241 = ORIENTED_EDGE('',*,*,#14242,.T.);
#14242 = EDGE_CURVE('',#12898,#13511,#14243,.T.);
#14243 = LINE('',#14244,#14245);
#14244 = CARTESIAN_POINT('',(130.6576,-88.2308,-4.6E-02));
#14245 = VECTOR('',#14246,1.);
#14246 = DIRECTION('',(0.,0.,1.));
#14247 = ORIENTED_EDGE('',*,*,#13510,.F.);
#14248 = ORIENTED_EDGE('',*,*,#14242,.F.);
#14249 = CYLINDRICAL_SURFACE('',#14250,0.55);
#14250 = AXIS2_PLACEMENT_3D('',#14251,#14252,#14253);
#14251 = CARTESIAN_POINT('',(130.6576,-87.6808,-4.6E-02));
#14252 = DIRECTION('',(-0.,-0.,-1.));
#14253 = DIRECTION('',(-0.,-1.,0.));
#14254 = ADVANCED_FACE('',(#14255),#14266,.F.);
#14255 = FACE_BOUND('',#14256,.T.);
#14256 = EDGE_LOOP('',(#14257,#14258,#14264,#14265));
#14257 = ORIENTED_EDGE('',*,*,#12908,.T.);
#14258 = ORIENTED_EDGE('',*,*,#14259,.T.);
#14259 = EDGE_CURVE('',#12909,#13522,#14260,.T.);
#14260 = LINE('',#14261,#14262);
#14261 = CARTESIAN_POINT('',(134.112,-85.7988,-3.6E-02));
#14262 = VECTOR('',#14263,1.);
#14263 = DIRECTION('',(0.,0.,1.));
#14264 = ORIENTED_EDGE('',*,*,#13521,.F.);
#14265 = ORIENTED_EDGE('',*,*,#14259,.F.);
#14266 = CYLINDRICAL_SURFACE('',#14267,0.15);
#14267 = AXIS2_PLACEMENT_3D('',#14268,#14269,#14270);
#14268 = CARTESIAN_POINT('',(134.112,-85.6488,-3.6E-02));
#14269 = DIRECTION('',(-0.,-0.,-1.));
#14270 = DIRECTION('',(-0.,-1.,0.));
#14271 = ADVANCED_FACE('',(#14272),#14283,.F.);
#14272 = FACE_BOUND('',#14273,.T.);
#14273 = EDGE_LOOP('',(#14274,#14275,#14281,#14282));
#14274 = ORIENTED_EDGE('',*,*,#12919,.T.);
#14275 = ORIENTED_EDGE('',*,*,#14276,.T.);
#14276 = EDGE_CURVE('',#12920,#13533,#14277,.T.);
#14277 = LINE('',#14278,#14279);
#14278 = CARTESIAN_POINT('',(136.7028,-85.3924,-3.6E-02));
#14279 = VECTOR('',#14280,1.);
#14280 = DIRECTION('',(0.,0.,1.));
#14281 = ORIENTED_EDGE('',*,*,#13532,.F.);
#14282 = ORIENTED_EDGE('',*,*,#14276,.F.);
#14283 = CYLINDRICAL_SURFACE('',#14284,0.15);
#14284 = AXIS2_PLACEMENT_3D('',#14285,#14286,#14287);
#14285 = CARTESIAN_POINT('',(136.7028,-85.2424,-3.6E-02));
#14286 = DIRECTION('',(-0.,-0.,-1.));
#14287 = DIRECTION('',(-0.,-1.,0.));
#14288 = ADVANCED_FACE('',(#14289),#14300,.F.);
#14289 = FACE_BOUND('',#14290,.T.);
#14290 = EDGE_LOOP('',(#14291,#14292,#14298,#14299));
#14291 = ORIENTED_EDGE('',*,*,#12930,.T.);
#14292 = ORIENTED_EDGE('',*,*,#14293,.T.);
#14293 = EDGE_CURVE('',#12931,#13544,#14294,.T.);
#14294 = LINE('',#14295,#14296);
#14295 = CARTESIAN_POINT('',(138.0236,-95.0444,-3.6E-02));
#14296 = VECTOR('',#14297,1.);
#14297 = DIRECTION('',(0.,0.,1.));
#14298 = ORIENTED_EDGE('',*,*,#13543,.F.);
#14299 = ORIENTED_EDGE('',*,*,#14293,.F.);
#14300 = CYLINDRICAL_SURFACE('',#14301,0.15);
#14301 = AXIS2_PLACEMENT_3D('',#14302,#14303,#14304);
#14302 = CARTESIAN_POINT('',(138.0236,-94.8944,-3.6E-02));
#14303 = DIRECTION('',(-0.,-0.,-1.));
#14304 = DIRECTION('',(-0.,-1.,0.));
#14305 = ADVANCED_FACE('',(#14306),#14317,.F.);
#14306 = FACE_BOUND('',#14307,.T.);
#14307 = EDGE_LOOP('',(#14308,#14309,#14315,#14316));
#14308 = ORIENTED_EDGE('',*,*,#12941,.T.);
#14309 = ORIENTED_EDGE('',*,*,#14310,.T.);
#14310 = EDGE_CURVE('',#12942,#13555,#14311,.T.);
#14311 = LINE('',#14312,#14313);
#14312 = CARTESIAN_POINT('',(138.6332,-91.8376,-4.6E-02));
#14313 = VECTOR('',#14314,1.);
#14314 = DIRECTION('',(0.,0.,1.));
#14315 = ORIENTED_EDGE('',*,*,#13554,.F.);
#14316 = ORIENTED_EDGE('',*,*,#14310,.F.);
#14317 = CYLINDRICAL_SURFACE('',#14318,0.55);
#14318 = AXIS2_PLACEMENT_3D('',#14319,#14320,#14321);
#14319 = CARTESIAN_POINT('',(138.6332,-91.2876,-4.6E-02));
#14320 = DIRECTION('',(-0.,-0.,-1.));
#14321 = DIRECTION('',(-0.,-1.,0.));
#14322 = ADVANCED_FACE('',(#14323),#14334,.F.);
#14323 = FACE_BOUND('',#14324,.T.);
#14324 = EDGE_LOOP('',(#14325,#14326,#14332,#14333));
#14325 = ORIENTED_EDGE('',*,*,#12952,.T.);
#14326 = ORIENTED_EDGE('',*,*,#14327,.T.);
#14327 = EDGE_CURVE('',#12953,#13566,#14328,.T.);
#14328 = LINE('',#14329,#14330);
#14329 = CARTESIAN_POINT('',(143.256,-93.5712,-3.6E-02));
#14330 = VECTOR('',#14331,1.);
#14331 = DIRECTION('',(0.,0.,1.));
#14332 = ORIENTED_EDGE('',*,*,#13565,.F.);
#14333 = ORIENTED_EDGE('',*,*,#14327,.F.);
#14334 = CYLINDRICAL_SURFACE('',#14335,0.15);
#14335 = AXIS2_PLACEMENT_3D('',#14336,#14337,#14338);
#14336 = CARTESIAN_POINT('',(143.256,-93.4212,-3.6E-02));
#14337 = DIRECTION('',(-0.,-0.,-1.));
#14338 = DIRECTION('',(-0.,-1.,0.));
#14339 = ADVANCED_FACE('',(#14340),#14351,.F.);
#14340 = FACE_BOUND('',#14341,.T.);
#14341 = EDGE_LOOP('',(#14342,#14343,#14349,#14350));
#14342 = ORIENTED_EDGE('',*,*,#12963,.T.);
#14343 = ORIENTED_EDGE('',*,*,#14344,.T.);
#14344 = EDGE_CURVE('',#12964,#13577,#14345,.T.);
#14345 = LINE('',#14346,#14347);
#14346 = CARTESIAN_POINT('',(138.618,-87.78,-3.6E-02));
#14347 = VECTOR('',#14348,1.);
#14348 = DIRECTION('',(0.,0.,1.));
#14349 = ORIENTED_EDGE('',*,*,#13576,.F.);
#14350 = ORIENTED_EDGE('',*,*,#14344,.F.);
#14351 = CYLINDRICAL_SURFACE('',#14352,0.15);
#14352 = AXIS2_PLACEMENT_3D('',#14353,#14354,#14355);
#14353 = CARTESIAN_POINT('',(138.618,-87.63,-3.6E-02));
#14354 = DIRECTION('',(-0.,-0.,-1.));
#14355 = DIRECTION('',(-0.,-1.,0.));
#14356 = ADVANCED_FACE('',(#14357),#14368,.F.);
#14357 = FACE_BOUND('',#14358,.T.);
#14358 = EDGE_LOOP('',(#14359,#14360,#14366,#14367));
#14359 = ORIENTED_EDGE('',*,*,#12974,.T.);
#14360 = ORIENTED_EDGE('',*,*,#14361,.T.);
#14361 = EDGE_CURVE('',#12975,#13588,#14362,.T.);
#14362 = LINE('',#14363,#14364);
#14363 = CARTESIAN_POINT('',(146.05,-87.399,-3.6E-02));
#14364 = VECTOR('',#14365,1.);
#14365 = DIRECTION('',(0.,0.,1.));
#14366 = ORIENTED_EDGE('',*,*,#13587,.F.);
#14367 = ORIENTED_EDGE('',*,*,#14361,.F.);
#14368 = CYLINDRICAL_SURFACE('',#14369,0.15);
#14369 = AXIS2_PLACEMENT_3D('',#14370,#14371,#14372);
#14370 = CARTESIAN_POINT('',(146.05,-87.249,-3.6E-02));
#14371 = DIRECTION('',(-0.,-0.,-1.));
#14372 = DIRECTION('',(-0.,-1.,0.));
#14373 = ADVANCED_FACE('',(#14374),#14385,.F.);
#14374 = FACE_BOUND('',#14375,.T.);
#14375 = EDGE_LOOP('',(#14376,#14377,#14383,#14384));
#14376 = ORIENTED_EDGE('',*,*,#12985,.T.);
#14377 = ORIENTED_EDGE('',*,*,#14378,.T.);
#14378 = EDGE_CURVE('',#12986,#13599,#14379,.T.);
#14379 = LINE('',#14380,#14381);
#14380 = CARTESIAN_POINT('',(112.6744,-82.0904,-3.6E-02));
#14381 = VECTOR('',#14382,1.);
#14382 = DIRECTION('',(0.,0.,1.));
#14383 = ORIENTED_EDGE('',*,*,#13598,.F.);
#14384 = ORIENTED_EDGE('',*,*,#14378,.F.);
#14385 = CYLINDRICAL_SURFACE('',#14386,0.15);
#14386 = AXIS2_PLACEMENT_3D('',#14387,#14388,#14389);
#14387 = CARTESIAN_POINT('',(112.6744,-81.9404,-3.6E-02));
#14388 = DIRECTION('',(-0.,0.,-1.));
#14389 = DIRECTION('',(9.473903143467E-14,-1.,-0.));
#14390 = ADVANCED_FACE('',(#14391),#14402,.F.);
#14391 = FACE_BOUND('',#14392,.T.);
#14392 = EDGE_LOOP('',(#14393,#14394,#14400,#14401));
#14393 = ORIENTED_EDGE('',*,*,#12996,.T.);
#14394 = ORIENTED_EDGE('',*,*,#14395,.T.);
#14395 = EDGE_CURVE('',#12997,#13610,#14396,.T.);
#14396 = LINE('',#14397,#14398);
#14397 = CARTESIAN_POINT('',(118.11,-81.3284,-3.6E-02));
#14398 = VECTOR('',#14399,1.);
#14399 = DIRECTION('',(0.,0.,1.));
#14400 = ORIENTED_EDGE('',*,*,#13609,.F.);
#14401 = ORIENTED_EDGE('',*,*,#14395,.F.);
#14402 = CYLINDRICAL_SURFACE('',#14403,0.15);
#14403 = AXIS2_PLACEMENT_3D('',#14404,#14405,#14406);
#14404 = CARTESIAN_POINT('',(118.11,-81.1784,-3.6E-02));
#14405 = DIRECTION('',(-0.,-0.,-1.));
#14406 = DIRECTION('',(-0.,-1.,0.));
#14407 = ADVANCED_FACE('',(#14408),#14419,.F.);
#14408 = FACE_BOUND('',#14409,.T.);
#14409 = EDGE_LOOP('',(#14410,#14411,#14417,#14418));
#14410 = ORIENTED_EDGE('',*,*,#13007,.T.);
#14411 = ORIENTED_EDGE('',*,*,#14412,.T.);
#14412 = EDGE_CURVE('',#13008,#13621,#14413,.T.);
#14413 = LINE('',#14414,#14415);
#14414 = CARTESIAN_POINT('',(114.808,-76.192,-4.6E-02));
#14415 = VECTOR('',#14416,1.);
#14416 = DIRECTION('',(0.,0.,1.));
#14417 = ORIENTED_EDGE('',*,*,#13620,.F.);
#14418 = ORIENTED_EDGE('',*,*,#14412,.F.);
#14419 = CYLINDRICAL_SURFACE('',#14420,0.5);
#14420 = AXIS2_PLACEMENT_3D('',#14421,#14422,#14423);
#14421 = CARTESIAN_POINT('',(114.808,-75.692,-4.6E-02));
#14422 = DIRECTION('',(-0.,-0.,-1.));
#14423 = DIRECTION('',(-0.,-1.,0.));
#14424 = ADVANCED_FACE('',(#14425),#14436,.F.);
#14425 = FACE_BOUND('',#14426,.T.);
#14426 = EDGE_LOOP('',(#14427,#14428,#14434,#14435));
#14427 = ORIENTED_EDGE('',*,*,#13018,.T.);
#14428 = ORIENTED_EDGE('',*,*,#14429,.T.);
#14429 = EDGE_CURVE('',#13019,#13632,#14430,.T.);
#14430 = LINE('',#14431,#14432);
#14431 = CARTESIAN_POINT('',(114.808,-73.652,-4.6E-02));
#14432 = VECTOR('',#14433,1.);
#14433 = DIRECTION('',(0.,0.,1.));
#14434 = ORIENTED_EDGE('',*,*,#13631,.F.);
#14435 = ORIENTED_EDGE('',*,*,#14429,.F.);
#14436 = CYLINDRICAL_SURFACE('',#14437,0.5);
#14437 = AXIS2_PLACEMENT_3D('',#14438,#14439,#14440);
#14438 = CARTESIAN_POINT('',(114.808,-73.152,-4.6E-02));
#14439 = DIRECTION('',(-0.,-0.,-1.));
#14440 = DIRECTION('',(-0.,-1.,0.));
#14441 = ADVANCED_FACE('',(#14442),#14453,.F.);
#14442 = FACE_BOUND('',#14443,.T.);
#14443 = EDGE_LOOP('',(#14444,#14445,#14451,#14452));
#14444 = ORIENTED_EDGE('',*,*,#13029,.T.);
#14445 = ORIENTED_EDGE('',*,*,#14446,.T.);
#14446 = EDGE_CURVE('',#13030,#13643,#14447,.T.);
#14447 = LINE('',#14448,#14449);
#14448 = CARTESIAN_POINT('',(120.396,-73.937,-3.6E-02));
#14449 = VECTOR('',#14450,1.);
#14450 = DIRECTION('',(0.,0.,1.));
#14451 = ORIENTED_EDGE('',*,*,#13642,.F.);
#14452 = ORIENTED_EDGE('',*,*,#14446,.F.);
#14453 = CYLINDRICAL_SURFACE('',#14454,0.15);
#14454 = AXIS2_PLACEMENT_3D('',#14455,#14456,#14457);
#14455 = CARTESIAN_POINT('',(120.396,-73.787,-3.6E-02));
#14456 = DIRECTION('',(-0.,-0.,-1.));
#14457 = DIRECTION('',(-0.,-1.,0.));
#14458 = ADVANCED_FACE('',(#14459),#14470,.F.);
#14459 = FACE_BOUND('',#14460,.T.);
#14460 = EDGE_LOOP('',(#14461,#14462,#14468,#14469));
#14461 = ORIENTED_EDGE('',*,*,#13040,.T.);
#14462 = ORIENTED_EDGE('',*,*,#14463,.T.);
#14463 = EDGE_CURVE('',#13041,#13654,#14464,.T.);
#14464 = LINE('',#14465,#14466);
#14465 = CARTESIAN_POINT('',(121.6,-72.286,-3.6E-02));
#14466 = VECTOR('',#14467,1.);
#14467 = DIRECTION('',(0.,0.,1.));
#14468 = ORIENTED_EDGE('',*,*,#13653,.F.);
#14469 = ORIENTED_EDGE('',*,*,#14463,.F.);
#14470 = CYLINDRICAL_SURFACE('',#14471,0.15);
#14471 = AXIS2_PLACEMENT_3D('',#14472,#14473,#14474);
#14472 = CARTESIAN_POINT('',(121.6,-72.136,-3.6E-02));
#14473 = DIRECTION('',(-0.,-0.,-1.));
#14474 = DIRECTION('',(-0.,-1.,0.));
#14475 = ADVANCED_FACE('',(#14476),#14487,.F.);
#14476 = FACE_BOUND('',#14477,.T.);
#14477 = EDGE_LOOP('',(#14478,#14479,#14485,#14486));
#14478 = ORIENTED_EDGE('',*,*,#13051,.T.);
#14479 = ORIENTED_EDGE('',*,*,#14480,.T.);
#14480 = EDGE_CURVE('',#13052,#13665,#14481,.T.);
#14481 = LINE('',#14482,#14483);
#14482 = CARTESIAN_POINT('',(124.46,-73.3464,-4.6E-02));
#14483 = VECTOR('',#14484,1.);
#14484 = DIRECTION('',(0.,0.,1.));
#14485 = ORIENTED_EDGE('',*,*,#13664,.F.);
#14486 = ORIENTED_EDGE('',*,*,#14480,.F.);
#14487 = CYLINDRICAL_SURFACE('',#14488,0.55);
#14488 = AXIS2_PLACEMENT_3D('',#14489,#14490,#14491);
#14489 = CARTESIAN_POINT('',(124.46,-72.7964,-4.6E-02));
#14490 = DIRECTION('',(-0.,-0.,-1.));
#14491 = DIRECTION('',(-2.5837917664E-14,-1.,0.));
#14492 = ADVANCED_FACE('',(#14493),#14504,.F.);
#14493 = FACE_BOUND('',#14494,.T.);
#14494 = EDGE_LOOP('',(#14495,#14496,#14502,#14503));
#14495 = ORIENTED_EDGE('',*,*,#13062,.T.);
#14496 = ORIENTED_EDGE('',*,*,#14497,.T.);
#14497 = EDGE_CURVE('',#13063,#13676,#14498,.T.);
#14498 = LINE('',#14499,#14500);
#14499 = CARTESIAN_POINT('',(114.808,-71.112,-4.6E-02));
#14500 = VECTOR('',#14501,1.);
#14501 = DIRECTION('',(0.,0.,1.));
#14502 = ORIENTED_EDGE('',*,*,#13675,.F.);
#14503 = ORIENTED_EDGE('',*,*,#14497,.F.);
#14504 = CYLINDRICAL_SURFACE('',#14505,0.5);
#14505 = AXIS2_PLACEMENT_3D('',#14506,#14507,#14508);
#14506 = CARTESIAN_POINT('',(114.808,-70.612,-4.6E-02));
#14507 = DIRECTION('',(-0.,-0.,-1.));
#14508 = DIRECTION('',(-0.,-1.,0.));
#14509 = ADVANCED_FACE('',(#14510),#14521,.F.);
#14510 = FACE_BOUND('',#14511,.T.);
#14511 = EDGE_LOOP('',(#14512,#14513,#14519,#14520));
#14512 = ORIENTED_EDGE('',*,*,#13073,.T.);
#14513 = ORIENTED_EDGE('',*,*,#14514,.T.);
#14514 = EDGE_CURVE('',#13074,#13687,#14515,.T.);
#14515 = LINE('',#14516,#14517);
#14516 = CARTESIAN_POINT('',(114.808,-68.572,-4.6E-02));
#14517 = VECTOR('',#14518,1.);
#14518 = DIRECTION('',(0.,0.,1.));
#14519 = ORIENTED_EDGE('',*,*,#13686,.F.);
#14520 = ORIENTED_EDGE('',*,*,#14514,.F.);
#14521 = CYLINDRICAL_SURFACE('',#14522,0.5);
#14522 = AXIS2_PLACEMENT_3D('',#14523,#14524,#14525);
#14523 = CARTESIAN_POINT('',(114.808,-68.072,-4.6E-02));
#14524 = DIRECTION('',(-0.,-0.,-1.));
#14525 = DIRECTION('',(-0.,-1.,0.));
#14526 = ADVANCED_FACE('',(#14527),#14538,.F.);
#14527 = FACE_BOUND('',#14528,.T.);
#14528 = EDGE_LOOP('',(#14529,#14530,#14536,#14537));
#14529 = ORIENTED_EDGE('',*,*,#13084,.T.);
#14530 = ORIENTED_EDGE('',*,*,#14531,.T.);
#14531 = EDGE_CURVE('',#13085,#13698,#14532,.T.);
#14532 = LINE('',#14533,#14534);
#14533 = CARTESIAN_POINT('',(118.364,-70.508,-3.6E-02));
#14534 = VECTOR('',#14535,1.);
#14535 = DIRECTION('',(0.,0.,1.));
#14536 = ORIENTED_EDGE('',*,*,#13697,.F.);
#14537 = ORIENTED_EDGE('',*,*,#14531,.F.);
#14538 = CYLINDRICAL_SURFACE('',#14539,0.15);
#14539 = AXIS2_PLACEMENT_3D('',#14540,#14541,#14542);
#14540 = CARTESIAN_POINT('',(118.364,-70.358,-3.6E-02));
#14541 = DIRECTION('',(-0.,-0.,-1.));
#14542 = DIRECTION('',(-0.,-1.,0.));
#14543 = ADVANCED_FACE('',(#14544),#14555,.F.);
#14544 = FACE_BOUND('',#14545,.T.);
#14545 = EDGE_LOOP('',(#14546,#14547,#14553,#14554));
#14546 = ORIENTED_EDGE('',*,*,#13095,.T.);
#14547 = ORIENTED_EDGE('',*,*,#14548,.T.);
#14548 = EDGE_CURVE('',#13096,#13709,#14549,.T.);
#14549 = LINE('',#14550,#14551);
#14550 = CARTESIAN_POINT('',(118.11,-68.222,-3.6E-02));
#14551 = VECTOR('',#14552,1.);
#14552 = DIRECTION('',(0.,0.,1.));
#14553 = ORIENTED_EDGE('',*,*,#13708,.F.);
#14554 = ORIENTED_EDGE('',*,*,#14548,.F.);
#14555 = CYLINDRICAL_SURFACE('',#14556,0.15);
#14556 = AXIS2_PLACEMENT_3D('',#14557,#14558,#14559);
#14557 = CARTESIAN_POINT('',(118.11,-68.072,-3.6E-02));
#14558 = DIRECTION('',(-0.,-0.,-1.));
#14559 = DIRECTION('',(-0.,-1.,0.));
#14560 = ADVANCED_FACE('',(#14561),#14572,.F.);
#14561 = FACE_BOUND('',#14562,.T.);
#14562 = EDGE_LOOP('',(#14563,#14564,#14570,#14571));
#14563 = ORIENTED_EDGE('',*,*,#13106,.T.);
#14564 = ORIENTED_EDGE('',*,*,#14565,.T.);
#14565 = EDGE_CURVE('',#13107,#13720,#14566,.T.);
#14566 = LINE('',#14567,#14568);
#14567 = CARTESIAN_POINT('',(115.,-64.1,-4.6E-02));
#14568 = VECTOR('',#14569,1.);
#14569 = DIRECTION('',(0.,0.,1.));
#14570 = ORIENTED_EDGE('',*,*,#13719,.F.);
#14571 = ORIENTED_EDGE('',*,*,#14565,.F.);
#14572 = CYLINDRICAL_SURFACE('',#14573,1.6);
#14573 = AXIS2_PLACEMENT_3D('',#14574,#14575,#14576);
#14574 = CARTESIAN_POINT('',(115.,-62.5,-4.6E-02));
#14575 = DIRECTION('',(-0.,-0.,-1.));
#14576 = DIRECTION('',(-0.,-1.,0.));
#14577 = ADVANCED_FACE('',(#14578),#14589,.F.);
#14578 = FACE_BOUND('',#14579,.T.);
#14579 = EDGE_LOOP('',(#14580,#14581,#14587,#14588));
#14580 = ORIENTED_EDGE('',*,*,#13117,.T.);
#14581 = ORIENTED_EDGE('',*,*,#14582,.T.);
#14582 = EDGE_CURVE('',#13118,#13731,#14583,.T.);
#14583 = LINE('',#14584,#14585);
#14584 = CARTESIAN_POINT('',(122.047,-69.238,-3.6E-02));
#14585 = VECTOR('',#14586,1.);
#14586 = DIRECTION('',(0.,0.,1.));
#14587 = ORIENTED_EDGE('',*,*,#13730,.F.);
#14588 = ORIENTED_EDGE('',*,*,#14582,.F.);
#14589 = CYLINDRICAL_SURFACE('',#14590,0.15);
#14590 = AXIS2_PLACEMENT_3D('',#14591,#14592,#14593);
#14591 = CARTESIAN_POINT('',(122.047,-69.088,-3.6E-02));
#14592 = DIRECTION('',(-0.,-0.,-1.));
#14593 = DIRECTION('',(-0.,-1.,0.));
#14594 = ADVANCED_FACE('',(#14595),#14606,.F.);
#14595 = FACE_BOUND('',#14596,.T.);
#14596 = EDGE_LOOP('',(#14597,#14598,#14604,#14605));
#14597 = ORIENTED_EDGE('',*,*,#13128,.T.);
#14598 = ORIENTED_EDGE('',*,*,#14599,.T.);
#14599 = EDGE_CURVE('',#13129,#13742,#14600,.T.);
#14600 = LINE('',#14601,#14602);
#14601 = CARTESIAN_POINT('',(125.857,-67.206,-3.6E-02));
#14602 = VECTOR('',#14603,1.);
#14603 = DIRECTION('',(0.,0.,1.));
#14604 = ORIENTED_EDGE('',*,*,#13741,.F.);
#14605 = ORIENTED_EDGE('',*,*,#14599,.F.);
#14606 = CYLINDRICAL_SURFACE('',#14607,0.15);
#14607 = AXIS2_PLACEMENT_3D('',#14608,#14609,#14610);
#14608 = CARTESIAN_POINT('',(125.857,-67.056,-3.6E-02));
#14609 = DIRECTION('',(-0.,-0.,-1.));
#14610 = DIRECTION('',(-0.,-1.,0.));
#14611 = ADVANCED_FACE('',(#14612),#14623,.F.);
#14612 = FACE_BOUND('',#14613,.T.);
#14613 = EDGE_LOOP('',(#14614,#14615,#14621,#14622));
#14614 = ORIENTED_EDGE('',*,*,#13139,.T.);
#14615 = ORIENTED_EDGE('',*,*,#14616,.T.);
#14616 = EDGE_CURVE('',#13140,#13753,#14617,.T.);
#14617 = LINE('',#14618,#14619);
#14618 = CARTESIAN_POINT('',(122.,-60.875,-4.6E-02));
#14619 = VECTOR('',#14620,1.);
#14620 = DIRECTION('',(0.,0.,1.));
#14621 = ORIENTED_EDGE('',*,*,#13752,.F.);
#14622 = ORIENTED_EDGE('',*,*,#14616,.F.);
#14623 = CYLINDRICAL_SURFACE('',#14624,0.375);
#14624 = AXIS2_PLACEMENT_3D('',#14625,#14626,#14627);
#14625 = CARTESIAN_POINT('',(122.,-60.5,-4.6E-02));
#14626 = DIRECTION('',(-0.,-0.,-1.));
#14627 = DIRECTION('',(-0.,-1.,0.));
#14628 = ADVANCED_FACE('',(#14629),#14640,.F.);
#14629 = FACE_BOUND('',#14630,.T.);
#14630 = EDGE_LOOP('',(#14631,#14632,#14638,#14639));
#14631 = ORIENTED_EDGE('',*,*,#13150,.T.);
#14632 = ORIENTED_EDGE('',*,*,#14633,.T.);
#14633 = EDGE_CURVE('',#13151,#13764,#14634,.T.);
#14634 = LINE('',#14635,#14636);
#14635 = CARTESIAN_POINT('',(124.,-60.875,-4.6E-02));
#14636 = VECTOR('',#14637,1.);
#14637 = DIRECTION('',(0.,0.,1.));
#14638 = ORIENTED_EDGE('',*,*,#13763,.F.);
#14639 = ORIENTED_EDGE('',*,*,#14633,.F.);
#14640 = CYLINDRICAL_SURFACE('',#14641,0.375);
#14641 = AXIS2_PLACEMENT_3D('',#14642,#14643,#14644);
#14642 = CARTESIAN_POINT('',(124.,-60.5,-4.6E-02));
#14643 = DIRECTION('',(-0.,-0.,-1.));
#14644 = DIRECTION('',(-0.,-1.,0.));
#14645 = ADVANCED_FACE('',(#14646),#14657,.F.);
#14646 = FACE_BOUND('',#14647,.T.);
#14647 = EDGE_LOOP('',(#14648,#14649,#14655,#14656));
#14648 = ORIENTED_EDGE('',*,*,#13161,.T.);
#14649 = ORIENTED_EDGE('',*,*,#14650,.T.);
#14650 = EDGE_CURVE('',#13162,#13775,#14651,.T.);
#14651 = LINE('',#14652,#14653);
#14652 = CARTESIAN_POINT('',(130.6576,-78.0708,-4.6E-02));
#14653 = VECTOR('',#14654,1.);
#14654 = DIRECTION('',(0.,0.,1.));
#14655 = ORIENTED_EDGE('',*,*,#13774,.F.);
#14656 = ORIENTED_EDGE('',*,*,#14650,.F.);
#14657 = CYLINDRICAL_SURFACE('',#14658,0.55);
#14658 = AXIS2_PLACEMENT_3D('',#14659,#14660,#14661);
#14659 = CARTESIAN_POINT('',(130.6576,-77.5208,-4.6E-02));
#14660 = DIRECTION('',(-0.,-0.,-1.));
#14661 = DIRECTION('',(-0.,-1.,0.));
#14662 = ADVANCED_FACE('',(#14663),#14674,.F.);
#14663 = FACE_BOUND('',#14664,.T.);
#14664 = EDGE_LOOP('',(#14665,#14666,#14672,#14673));
#14665 = ORIENTED_EDGE('',*,*,#13172,.T.);
#14666 = ORIENTED_EDGE('',*,*,#14667,.T.);
#14667 = EDGE_CURVE('',#13173,#13786,#14668,.T.);
#14668 = LINE('',#14669,#14670);
#14669 = CARTESIAN_POINT('',(134.2644,-83.4112,-3.6E-02));
#14670 = VECTOR('',#14671,1.);
#14671 = DIRECTION('',(0.,0.,1.));
#14672 = ORIENTED_EDGE('',*,*,#13785,.F.);
#14673 = ORIENTED_EDGE('',*,*,#14667,.F.);
#14674 = CYLINDRICAL_SURFACE('',#14675,0.15);
#14675 = AXIS2_PLACEMENT_3D('',#14676,#14677,#14678);
#14676 = CARTESIAN_POINT('',(134.2644,-83.2612,-3.6E-02));
#14677 = DIRECTION('',(-0.,-0.,-1.));
#14678 = DIRECTION('',(-0.,-1.,0.));
#14679 = ADVANCED_FACE('',(#14680),#14691,.F.);
#14680 = FACE_BOUND('',#14681,.T.);
#14681 = EDGE_LOOP('',(#14682,#14683,#14689,#14690));
#14682 = ORIENTED_EDGE('',*,*,#13183,.T.);
#14683 = ORIENTED_EDGE('',*,*,#14684,.T.);
#14684 = EDGE_CURVE('',#13184,#13797,#14685,.T.);
#14685 = LINE('',#14686,#14687);
#14686 = CARTESIAN_POINT('',(129.6924,-73.3528,-3.6E-02));
#14687 = VECTOR('',#14688,1.);
#14688 = DIRECTION('',(0.,0.,1.));
#14689 = ORIENTED_EDGE('',*,*,#13796,.F.);
#14690 = ORIENTED_EDGE('',*,*,#14684,.F.);
#14691 = CYLINDRICAL_SURFACE('',#14692,0.15);
#14692 = AXIS2_PLACEMENT_3D('',#14693,#14694,#14695);
#14693 = CARTESIAN_POINT('',(129.6924,-73.2028,-3.6E-02));
#14694 = DIRECTION('',(-0.,-0.,-1.));
#14695 = DIRECTION('',(-0.,-1.,0.));
#14696 = ADVANCED_FACE('',(#14697),#14708,.F.);
#14697 = FACE_BOUND('',#14698,.T.);
#14698 = EDGE_LOOP('',(#14699,#14700,#14706,#14707));
#14699 = ORIENTED_EDGE('',*,*,#13194,.T.);
#14700 = ORIENTED_EDGE('',*,*,#14701,.T.);
#14701 = EDGE_CURVE('',#13195,#13808,#14702,.T.);
#14702 = LINE('',#14703,#14704);
#14703 = CARTESIAN_POINT('',(134.62,-73.3464,-4.6E-02));
#14704 = VECTOR('',#14705,1.);
#14705 = DIRECTION('',(0.,0.,1.));
#14706 = ORIENTED_EDGE('',*,*,#13807,.F.);
#14707 = ORIENTED_EDGE('',*,*,#14701,.F.);
#14708 = CYLINDRICAL_SURFACE('',#14709,0.55);
#14709 = AXIS2_PLACEMENT_3D('',#14710,#14711,#14712);
#14710 = CARTESIAN_POINT('',(134.62,-72.7964,-4.6E-02));
#14711 = DIRECTION('',(-0.,-0.,-1.));
#14712 = DIRECTION('',(-0.,-1.,0.));
#14713 = ADVANCED_FACE('',(#14714),#14725,.F.);
#14714 = FACE_BOUND('',#14715,.T.);
#14715 = EDGE_LOOP('',(#14716,#14717,#14723,#14724));
#14716 = ORIENTED_EDGE('',*,*,#13205,.T.);
#14717 = ORIENTED_EDGE('',*,*,#14718,.T.);
#14718 = EDGE_CURVE('',#13206,#13819,#14719,.T.);
#14719 = LINE('',#14720,#14721);
#14720 = CARTESIAN_POINT('',(137.3124,-73.3528,-3.6E-02));
#14721 = VECTOR('',#14722,1.);
#14722 = DIRECTION('',(0.,0.,1.));
#14723 = ORIENTED_EDGE('',*,*,#13818,.F.);
#14724 = ORIENTED_EDGE('',*,*,#14718,.F.);
#14725 = CYLINDRICAL_SURFACE('',#14726,0.15);
#14726 = AXIS2_PLACEMENT_3D('',#14727,#14728,#14729);
#14727 = CARTESIAN_POINT('',(137.3124,-73.2028,-3.6E-02));
#14728 = DIRECTION('',(-0.,-0.,-1.));
#14729 = DIRECTION('',(-0.,-1.,0.));
#14730 = ADVANCED_FACE('',(#14731),#14742,.F.);
#14731 = FACE_BOUND('',#14732,.T.);
#14732 = EDGE_LOOP('',(#14733,#14734,#14740,#14741));
#14733 = ORIENTED_EDGE('',*,*,#13216,.T.);
#14734 = ORIENTED_EDGE('',*,*,#14735,.T.);
#14735 = EDGE_CURVE('',#13217,#13830,#14736,.T.);
#14736 = LINE('',#14737,#14738);
#14737 = CARTESIAN_POINT('',(139.2428,-80.5156,-3.6E-02));
#14738 = VECTOR('',#14739,1.);
#14739 = DIRECTION('',(0.,0.,1.));
#14740 = ORIENTED_EDGE('',*,*,#13829,.F.);
#14741 = ORIENTED_EDGE('',*,*,#14735,.F.);
#14742 = CYLINDRICAL_SURFACE('',#14743,0.15);
#14743 = AXIS2_PLACEMENT_3D('',#14744,#14745,#14746);
#14744 = CARTESIAN_POINT('',(139.2428,-80.3656,-3.6E-02));
#14745 = DIRECTION('',(-0.,-0.,-1.));
#14746 = DIRECTION('',(-0.,-1.,0.));
#14747 = ADVANCED_FACE('',(#14748),#14759,.F.);
#14748 = FACE_BOUND('',#14749,.T.);
#14749 = EDGE_LOOP('',(#14750,#14751,#14757,#14758));
#14750 = ORIENTED_EDGE('',*,*,#13227,.T.);
#14751 = ORIENTED_EDGE('',*,*,#14752,.T.);
#14752 = EDGE_CURVE('',#13228,#13841,#14753,.T.);
#14753 = LINE('',#14754,#14755);
#14754 = CARTESIAN_POINT('',(140.553902,-79.652,-3.6E-02));
#14755 = VECTOR('',#14756,1.);
#14756 = DIRECTION('',(0.,0.,1.));
#14757 = ORIENTED_EDGE('',*,*,#13840,.F.);
#14758 = ORIENTED_EDGE('',*,*,#14752,.F.);
#14759 = CYLINDRICAL_SURFACE('',#14760,0.15);
#14760 = AXIS2_PLACEMENT_3D('',#14761,#14762,#14763);
#14761 = CARTESIAN_POINT('',(140.553902,-79.502,-3.6E-02));
#14762 = DIRECTION('',(-0.,-0.,-1.));
#14763 = DIRECTION('',(-0.,-1.,0.));
#14764 = ADVANCED_FACE('',(#14765),#14776,.F.);
#14765 = FACE_BOUND('',#14766,.T.);
#14766 = EDGE_LOOP('',(#14767,#14768,#14774,#14775));
#14767 = ORIENTED_EDGE('',*,*,#13238,.T.);
#14768 = ORIENTED_EDGE('',*,*,#14769,.T.);
#14769 = EDGE_CURVE('',#13239,#13852,#14770,.T.);
#14770 = LINE('',#14771,#14772);
#14771 = CARTESIAN_POINT('',(143.764,-78.702,-3.6E-02));
#14772 = VECTOR('',#14773,1.);
#14773 = DIRECTION('',(0.,0.,1.));
#14774 = ORIENTED_EDGE('',*,*,#13851,.F.);
#14775 = ORIENTED_EDGE('',*,*,#14769,.F.);
#14776 = CYLINDRICAL_SURFACE('',#14777,0.15);
#14777 = AXIS2_PLACEMENT_3D('',#14778,#14779,#14780);
#14778 = CARTESIAN_POINT('',(143.764,-78.552,-3.6E-02));
#14779 = DIRECTION('',(-0.,-0.,-1.));
#14780 = DIRECTION('',(-0.,-1.,0.));
#14781 = ADVANCED_FACE('',(#14782),#14793,.F.);
#14782 = FACE_BOUND('',#14783,.T.);
#14783 = EDGE_LOOP('',(#14784,#14785,#14791,#14792));
#14784 = ORIENTED_EDGE('',*,*,#13249,.T.);
#14785 = ORIENTED_EDGE('',*,*,#14786,.T.);
#14786 = EDGE_CURVE('',#13250,#13863,#14787,.T.);
#14787 = LINE('',#14788,#14789);
#14788 = CARTESIAN_POINT('',(129.92,-65.15,-4.6E-02));
#14789 = VECTOR('',#14790,1.);
#14790 = DIRECTION('',(0.,0.,1.));
#14791 = ORIENTED_EDGE('',*,*,#13862,.F.);
#14792 = ORIENTED_EDGE('',*,*,#14786,.F.);
#14793 = CYLINDRICAL_SURFACE('',#14794,0.65);
#14794 = AXIS2_PLACEMENT_3D('',#14795,#14796,#14797);
#14795 = CARTESIAN_POINT('',(129.92,-64.5,-4.6E-02));
#14796 = DIRECTION('',(-0.,-0.,-1.));
#14797 = DIRECTION('',(-4.372570681601E-14,-1.,0.));
#14798 = ADVANCED_FACE('',(#14799),#14810,.F.);
#14799 = FACE_BOUND('',#14800,.T.);
#14800 = EDGE_LOOP('',(#14801,#14802,#14808,#14809));
#14801 = ORIENTED_EDGE('',*,*,#13260,.T.);
#14802 = ORIENTED_EDGE('',*,*,#14803,.T.);
#14803 = EDGE_CURVE('',#13261,#13874,#14804,.T.);
#14804 = LINE('',#14805,#14806);
#14805 = CARTESIAN_POINT('',(135.,-65.15,-4.6E-02));
#14806 = VECTOR('',#14807,1.);
#14807 = DIRECTION('',(0.,0.,1.));
#14808 = ORIENTED_EDGE('',*,*,#13873,.F.);
#14809 = ORIENTED_EDGE('',*,*,#14803,.F.);
#14810 = CYLINDRICAL_SURFACE('',#14811,0.65);
#14811 = AXIS2_PLACEMENT_3D('',#14812,#14813,#14814);
#14812 = CARTESIAN_POINT('',(135.,-64.5,-4.6E-02));
#14813 = DIRECTION('',(-0.,-0.,-1.));
#14814 = DIRECTION('',(-0.,-1.,0.));
#14815 = ADVANCED_FACE('',(#14816),#14827,.F.);
#14816 = FACE_BOUND('',#14817,.T.);
#14817 = EDGE_LOOP('',(#14818,#14819,#14825,#14826));
#14818 = ORIENTED_EDGE('',*,*,#13271,.T.);
#14819 = ORIENTED_EDGE('',*,*,#14820,.T.);
#14820 = EDGE_CURVE('',#13272,#13885,#14821,.T.);
#14821 = LINE('',#14822,#14823);
#14822 = CARTESIAN_POINT('',(140.716,-66.698,-3.6E-02));
#14823 = VECTOR('',#14824,1.);
#14824 = DIRECTION('',(0.,0.,1.));
#14825 = ORIENTED_EDGE('',*,*,#13884,.F.);
#14826 = ORIENTED_EDGE('',*,*,#14820,.F.);
#14827 = CYLINDRICAL_SURFACE('',#14828,0.15);
#14828 = AXIS2_PLACEMENT_3D('',#14829,#14830,#14831);
#14829 = CARTESIAN_POINT('',(140.716,-66.548,-3.6E-02));
#14830 = DIRECTION('',(-0.,-0.,-1.));
#14831 = DIRECTION('',(-0.,-1.,0.));
#14832 = ADVANCED_FACE('',(#14833),#14844,.F.);
#14833 = FACE_BOUND('',#14834,.T.);
#14834 = EDGE_LOOP('',(#14835,#14836,#14842,#14843));
#14835 = ORIENTED_EDGE('',*,*,#13282,.T.);
#14836 = ORIENTED_EDGE('',*,*,#14837,.T.);
#14837 = EDGE_CURVE('',#13283,#13896,#14838,.T.);
#14838 = LINE('',#14839,#14840);
#14839 = CARTESIAN_POINT('',(139.446,-59.967,-3.6E-02));
#14840 = VECTOR('',#14841,1.);
#14841 = DIRECTION('',(0.,0.,1.));
#14842 = ORIENTED_EDGE('',*,*,#13895,.F.);
#14843 = ORIENTED_EDGE('',*,*,#14837,.F.);
#14844 = CYLINDRICAL_SURFACE('',#14845,0.15);
#14845 = AXIS2_PLACEMENT_3D('',#14846,#14847,#14848);
#14846 = CARTESIAN_POINT('',(139.446,-59.817,-3.6E-02));
#14847 = DIRECTION('',(-0.,-0.,-1.));
#14848 = DIRECTION('',(-0.,-1.,0.));
#14849 = ADVANCED_FACE('',(#14850),#14861,.F.);
#14850 = FACE_BOUND('',#14851,.T.);
#14851 = EDGE_LOOP('',(#14852,#14853,#14859,#14860));
#14852 = ORIENTED_EDGE('',*,*,#13293,.T.);
#14853 = ORIENTED_EDGE('',*,*,#14854,.T.);
#14854 = EDGE_CURVE('',#13294,#13907,#14855,.T.);
#14855 = LINE('',#14856,#14857);
#14856 = CARTESIAN_POINT('',(143.62,-64.1,-4.6E-02));
#14857 = VECTOR('',#14858,1.);
#14858 = DIRECTION('',(0.,0.,1.));
#14859 = ORIENTED_EDGE('',*,*,#13906,.F.);
#14860 = ORIENTED_EDGE('',*,*,#14854,.F.);
#14861 = CYLINDRICAL_SURFACE('',#14862,1.6);
#14862 = AXIS2_PLACEMENT_3D('',#14863,#14864,#14865);
#14863 = CARTESIAN_POINT('',(143.62,-62.5,-4.6E-02));
#14864 = DIRECTION('',(-0.,-0.,-1.));
#14865 = DIRECTION('',(-0.,-1.,0.));
#14866 = ( GEOMETRIC_REPRESENTATION_CONTEXT(3) 
GLOBAL_UNCERTAINTY_ASSIGNED_CONTEXT((#14870)) 
GLOBAL_UNIT_ASSIGNED_CONTEXT((#14867,#14868,#14869)) 
REPRESENTATION_CONTEXT('Context #1',
  '3D Context with UNIT and UNCERTAINTY') );
#14867 = ( LENGTH_UNIT() NAMED_UNIT(*) SI_UNIT(.MILLI.,.METRE.) );
#14868 = ( NAMED_UNIT(*) PLANE_ANGLE_UNIT() SI_UNIT($,.RADIAN.) );
#14869 = ( NAMED_UNIT(*) SI_UNIT($,.STERADIAN.) SOLID_ANGLE_UNIT() );
#14870 = UNCERTAINTY_MEASURE_WITH_UNIT(LENGTH_MEASURE(1.E-07),#14867,
  'distance_accuracy_value','confusion accuracy');
#14871 = CONTEXT_DEPENDENT_SHAPE_REPRESENTATION(#14872,#14874);
#14872 = ( REPRESENTATION_RELATIONSHIP('','',#12586,#10) 
REPRESENTATION_RELATIONSHIP_WITH_TRANSFORMATION(#14873) 
SHAPE_REPRESENTATION_RELATIONSHIP() );
#14873 = ITEM_DEFINED_TRANSFORMATION('','',#11,#119);
#14874 = PRODUCT_DEFINITION_SHAPE('Placement','Placement of an item',
  #14875);
#14875 = NEXT_ASSEMBLY_USAGE_OCCURRENCE('34','=>[0:1:1:16]','',#5,#12581
  ,$);
#14876 = PRODUCT_RELATED_PRODUCT_CATEGORY('part',$,(#12583));
#14877 = MECHANICAL_DESIGN_GEOMETRIC_PRESENTATION_REPRESENTATION('',(
    #14878,#14888,#14898,#14907,#14916,#14925,#14934,#14943,#14952,
    #14961,#14970,#14979,#14988,#14997,#15006,#15015,#15024,#15033,
    #15042,#15051,#15060,#15069,#15078,#15087,#15096,#15105,#15114,
    #15123,#15132,#15141,#15150,#15159,#15168,#15177,#15186,#15195,
    #15204,#15213,#15222,#15231,#15240,#15249,#15258,#15267,#15276,
    #15285,#15294,#15303,#15312,#15321,#15330,#15339,#15348,#15357,
    #15366,#15375,#15384,#15393,#15402,#15411,#15420,#15429,#15438,
    #15447,#15456,#15465,#15474,#15483,#15492,#15501,#15510,#15519,
    #15528,#15537,#15546,#15555,#15564,#15573,#15582,#15591,#15600,
    #15609,#15618,#15627,#15636,#15645,#15654,#15663,#15672,#15681,
    #15690,#15699,#15708,#15717,#15726,#15735,#15744,#15753,#15762,
    #15771,#15780,#15789,#15798,#15807),#12568);
#14878 = STYLED_ITEM('color',(#14879),#9718);
#14879 = PRESENTATION_STYLE_ASSIGNMENT((#14880,#14886));
#14880 = SURFACE_STYLE_USAGE(.BOTH.,#14881);
#14881 = SURFACE_SIDE_STYLE('',(#14882));
#14882 = SURFACE_STYLE_FILL_AREA(#14883);
#14883 = FILL_AREA_STYLE('',(#14884));
#14884 = FILL_AREA_STYLE_COLOUR('',#14885);
#14885 = COLOUR_RGB('',0.339999993741,0.679999990811,0.445000007484);
#14886 = CURVE_STYLE('',#14887,POSITIVE_LENGTH_MEASURE(0.1),#14885);
#14887 = DRAUGHTING_PRE_DEFINED_CURVE_FONT('continuous');
#14888 = OVER_RIDING_STYLED_ITEM('overriding color',(#14889),#9820,
  #14878);
#14889 = PRESENTATION_STYLE_ASSIGNMENT((#14890,#14896));
#14890 = SURFACE_STYLE_USAGE(.BOTH.,#14891);
#14891 = SURFACE_SIDE_STYLE('',(#14892));
#14892 = SURFACE_STYLE_FILL_AREA(#14893);
#14893 = FILL_AREA_STYLE('',(#14894));
#14894 = FILL_AREA_STYLE_COLOUR('',#14895);
#14895 = COLOUR_RGB('',0.823999987314,0.819999987296,0.781000009244);
#14896 = CURVE_STYLE('',#14897,POSITIVE_LENGTH_MEASURE(0.1),#14895);
#14897 = DRAUGHTING_PRE_DEFINED_CURVE_FONT('continuous');
#14898 = OVER_RIDING_STYLED_ITEM('overriding color',(#14899),#9830,
  #14878);
#14899 = PRESENTATION_STYLE_ASSIGNMENT((#14900,#14905));
#14900 = SURFACE_STYLE_USAGE(.BOTH.,#14901);
#14901 = SURFACE_SIDE_STYLE('',(#14902));
#14902 = SURFACE_STYLE_FILL_AREA(#14903);
#14903 = FILL_AREA_STYLE('',(#14904));
#14904 = FILL_AREA_STYLE_COLOUR('',#14895);
#14905 = CURVE_STYLE('',#14906,POSITIVE_LENGTH_MEASURE(0.1),#14895);
#14906 = DRAUGHTING_PRE_DEFINED_CURVE_FONT('continuous');
#14907 = OVER_RIDING_STYLED_ITEM('overriding color',(#14908),#9838,
  #14878);
#14908 = PRESENTATION_STYLE_ASSIGNMENT((#14909,#14914));
#14909 = SURFACE_STYLE_USAGE(.BOTH.,#14910);
#14910 = SURFACE_SIDE_STYLE('',(#14911));
#14911 = SURFACE_STYLE_FILL_AREA(#14912);
#14912 = FILL_AREA_STYLE('',(#14913));
#14913 = FILL_AREA_STYLE_COLOUR('',#14895);
#14914 = CURVE_STYLE('',#14915,POSITIVE_LENGTH_MEASURE(0.1),#14895);
#14915 = DRAUGHTING_PRE_DEFINED_CURVE_FONT('continuous');
#14916 = OVER_RIDING_STYLED_ITEM('overriding color',(#14917),#9846,
  #14878);
#14917 = PRESENTATION_STYLE_ASSIGNMENT((#14918,#14923));
#14918 = SURFACE_STYLE_USAGE(.BOTH.,#14919);
#14919 = SURFACE_SIDE_STYLE('',(#14920));
#14920 = SURFACE_STYLE_FILL_AREA(#14921);
#14921 = FILL_AREA_STYLE('',(#14922));
#14922 = FILL_AREA_STYLE_COLOUR('',#14895);
#14923 = CURVE_STYLE('',#14924,POSITIVE_LENGTH_MEASURE(0.1),#14895);
#14924 = DRAUGHTING_PRE_DEFINED_CURVE_FONT('continuous');
#14925 = OVER_RIDING_STYLED_ITEM('overriding color',(#14926),#9854,
  #14878);
#14926 = PRESENTATION_STYLE_ASSIGNMENT((#14927,#14932));
#14927 = SURFACE_STYLE_USAGE(.BOTH.,#14928);
#14928 = SURFACE_SIDE_STYLE('',(#14929));
#14929 = SURFACE_STYLE_FILL_AREA(#14930);
#14930 = FILL_AREA_STYLE('',(#14931));
#14931 = FILL_AREA_STYLE_COLOUR('',#14895);
#14932 = CURVE_STYLE('',#14933,POSITIVE_LENGTH_MEASURE(0.1),#14895);
#14933 = DRAUGHTING_PRE_DEFINED_CURVE_FONT('continuous');
#14934 = OVER_RIDING_STYLED_ITEM('overriding color',(#14935),#9864,
  #14878);
#14935 = PRESENTATION_STYLE_ASSIGNMENT((#14936,#14941));
#14936 = SURFACE_STYLE_USAGE(.BOTH.,#14937);
#14937 = SURFACE_SIDE_STYLE('',(#14938));
#14938 = SURFACE_STYLE_FILL_AREA(#14939);
#14939 = FILL_AREA_STYLE('',(#14940));
#14940 = FILL_AREA_STYLE_COLOUR('',#14895);
#14941 = CURVE_STYLE('',#14942,POSITIVE_LENGTH_MEASURE(0.1),#14895);
#14942 = DRAUGHTING_PRE_DEFINED_CURVE_FONT('continuous');
#14943 = OVER_RIDING_STYLED_ITEM('overriding color',(#14944),#9872,
  #14878);
#14944 = PRESENTATION_STYLE_ASSIGNMENT((#14945,#14950));
#14945 = SURFACE_STYLE_USAGE(.BOTH.,#14946);
#14946 = SURFACE_SIDE_STYLE('',(#14947));
#14947 = SURFACE_STYLE_FILL_AREA(#14948);
#14948 = FILL_AREA_STYLE('',(#14949));
#14949 = FILL_AREA_STYLE_COLOUR('',#14895);
#14950 = CURVE_STYLE('',#14951,POSITIVE_LENGTH_MEASURE(0.1),#14895);
#14951 = DRAUGHTING_PRE_DEFINED_CURVE_FONT('continuous');
#14952 = OVER_RIDING_STYLED_ITEM('overriding color',(#14953),#9880,
  #14878);
#14953 = PRESENTATION_STYLE_ASSIGNMENT((#14954,#14959));
#14954 = SURFACE_STYLE_USAGE(.BOTH.,#14955);
#14955 = SURFACE_SIDE_STYLE('',(#14956));
#14956 = SURFACE_STYLE_FILL_AREA(#14957);
#14957 = FILL_AREA_STYLE('',(#14958));
#14958 = FILL_AREA_STYLE_COLOUR('',#14895);
#14959 = CURVE_STYLE('',#14960,POSITIVE_LENGTH_MEASURE(0.1),#14895);
#14960 = DRAUGHTING_PRE_DEFINED_CURVE_FONT('continuous');
#14961 = STYLED_ITEM('color',(#14962),#9890);
#14962 = PRESENTATION_STYLE_ASSIGNMENT((#14963,#14968));
#14963 = SURFACE_STYLE_USAGE(.BOTH.,#14964);
#14964 = SURFACE_SIDE_STYLE('',(#14965));
#14965 = SURFACE_STYLE_FILL_AREA(#14966);
#14966 = FILL_AREA_STYLE('',(#14967));
#14967 = FILL_AREA_STYLE_COLOUR('',#14885);
#14968 = CURVE_STYLE('',#14969,POSITIVE_LENGTH_MEASURE(0.1),#14885);
#14969 = DRAUGHTING_PRE_DEFINED_CURVE_FONT('continuous');
#14970 = STYLED_ITEM('color',(#14971),#9976);
#14971 = PRESENTATION_STYLE_ASSIGNMENT((#14972,#14977));
#14972 = SURFACE_STYLE_USAGE(.BOTH.,#14973);
#14973 = SURFACE_SIDE_STYLE('',(#14974));
#14974 = SURFACE_STYLE_FILL_AREA(#14975);
#14975 = FILL_AREA_STYLE('',(#14976));
#14976 = FILL_AREA_STYLE_COLOUR('',#14885);
#14977 = CURVE_STYLE('',#14978,POSITIVE_LENGTH_MEASURE(0.1),#14885);
#14978 = DRAUGHTING_PRE_DEFINED_CURVE_FONT('continuous');
#14979 = STYLED_ITEM('color',(#14980),#10068);
#14980 = PRESENTATION_STYLE_ASSIGNMENT((#14981,#14986));
#14981 = SURFACE_STYLE_USAGE(.BOTH.,#14982);
#14982 = SURFACE_SIDE_STYLE('',(#14983));
#14983 = SURFACE_STYLE_FILL_AREA(#14984);
#14984 = FILL_AREA_STYLE('',(#14985));
#14985 = FILL_AREA_STYLE_COLOUR('',#14885);
#14986 = CURVE_STYLE('',#14987,POSITIVE_LENGTH_MEASURE(0.1),#14885);
#14987 = DRAUGHTING_PRE_DEFINED_CURVE_FONT('continuous');
#14988 = STYLED_ITEM('color',(#14989),#10092);
#14989 = PRESENTATION_STYLE_ASSIGNMENT((#14990,#14995));
#14990 = SURFACE_STYLE_USAGE(.BOTH.,#14991);
#14991 = SURFACE_SIDE_STYLE('',(#14992));
#14992 = SURFACE_STYLE_FILL_AREA(#14993);
#14993 = FILL_AREA_STYLE('',(#14994));
#14994 = FILL_AREA_STYLE_COLOUR('',#14885);
#14995 = CURVE_STYLE('',#14996,POSITIVE_LENGTH_MEASURE(0.1),#14885);
#14996 = DRAUGHTING_PRE_DEFINED_CURVE_FONT('continuous');
#14997 = STYLED_ITEM('color',(#14998),#10171);
#14998 = PRESENTATION_STYLE_ASSIGNMENT((#14999,#15004));
#14999 = SURFACE_STYLE_USAGE(.BOTH.,#15000);
#15000 = SURFACE_SIDE_STYLE('',(#15001));
#15001 = SURFACE_STYLE_FILL_AREA(#15002);
#15002 = FILL_AREA_STYLE('',(#15003));
#15003 = FILL_AREA_STYLE_COLOUR('',#14885);
#15004 = CURVE_STYLE('',#15005,POSITIVE_LENGTH_MEASURE(0.1),#14885);
#15005 = DRAUGHTING_PRE_DEFINED_CURVE_FONT('continuous');
#15006 = STYLED_ITEM('color',(#15007),#10195);
#15007 = PRESENTATION_STYLE_ASSIGNMENT((#15008,#15013));
#15008 = SURFACE_STYLE_USAGE(.BOTH.,#15009);
#15009 = SURFACE_SIDE_STYLE('',(#15010));
#15010 = SURFACE_STYLE_FILL_AREA(#15011);
#15011 = FILL_AREA_STYLE('',(#15012));
#15012 = FILL_AREA_STYLE_COLOUR('',#14885);
#15013 = CURVE_STYLE('',#15014,POSITIVE_LENGTH_MEASURE(0.1),#14885);
#15014 = DRAUGHTING_PRE_DEFINED_CURVE_FONT('continuous');
#15015 = STYLED_ITEM('color',(#15016),#10219);
#15016 = PRESENTATION_STYLE_ASSIGNMENT((#15017,#15022));
#15017 = SURFACE_STYLE_USAGE(.BOTH.,#15018);
#15018 = SURFACE_SIDE_STYLE('',(#15019));
#15019 = SURFACE_STYLE_FILL_AREA(#15020);
#15020 = FILL_AREA_STYLE('',(#15021));
#15021 = FILL_AREA_STYLE_COLOUR('',#14885);
#15022 = CURVE_STYLE('',#15023,POSITIVE_LENGTH_MEASURE(0.1),#14885);
#15023 = DRAUGHTING_PRE_DEFINED_CURVE_FONT('continuous');
#15024 = STYLED_ITEM('color',(#15025),#10236);
#15025 = PRESENTATION_STYLE_ASSIGNMENT((#15026,#15031));
#15026 = SURFACE_STYLE_USAGE(.BOTH.,#15027);
#15027 = SURFACE_SIDE_STYLE('',(#15028));
#15028 = SURFACE_STYLE_FILL_AREA(#15029);
#15029 = FILL_AREA_STYLE('',(#15030));
#15030 = FILL_AREA_STYLE_COLOUR('',#14885);
#15031 = CURVE_STYLE('',#15032,POSITIVE_LENGTH_MEASURE(0.1),#14885);
#15032 = DRAUGHTING_PRE_DEFINED_CURVE_FONT('continuous');
#15033 = STYLED_ITEM('color',(#15034),#10260);
#15034 = PRESENTATION_STYLE_ASSIGNMENT((#15035,#15040));
#15035 = SURFACE_STYLE_USAGE(.BOTH.,#15036);
#15036 = SURFACE_SIDE_STYLE('',(#15037));
#15037 = SURFACE_STYLE_FILL_AREA(#15038);
#15038 = FILL_AREA_STYLE('',(#15039));
#15039 = FILL_AREA_STYLE_COLOUR('',#14885);
#15040 = CURVE_STYLE('',#15041,POSITIVE_LENGTH_MEASURE(0.1),#14885);
#15041 = DRAUGHTING_PRE_DEFINED_CURVE_FONT('continuous');
#15042 = STYLED_ITEM('color',(#15043),#10277);
#15043 = PRESENTATION_STYLE_ASSIGNMENT((#15044,#15049));
#15044 = SURFACE_STYLE_USAGE(.BOTH.,#15045);
#15045 = SURFACE_SIDE_STYLE('',(#15046));
#15046 = SURFACE_STYLE_FILL_AREA(#15047);
#15047 = FILL_AREA_STYLE('',(#15048));
#15048 = FILL_AREA_STYLE_COLOUR('',#14885);
#15049 = CURVE_STYLE('',#15050,POSITIVE_LENGTH_MEASURE(0.1),#14885);
#15050 = DRAUGHTING_PRE_DEFINED_CURVE_FONT('continuous');
#15051 = STYLED_ITEM('color',(#15052),#10294);
#15052 = PRESENTATION_STYLE_ASSIGNMENT((#15053,#15058));
#15053 = SURFACE_STYLE_USAGE(.BOTH.,#15054);
#15054 = SURFACE_SIDE_STYLE('',(#15055));
#15055 = SURFACE_STYLE_FILL_AREA(#15056);
#15056 = FILL_AREA_STYLE('',(#15057));
#15057 = FILL_AREA_STYLE_COLOUR('',#14895);
#15058 = CURVE_STYLE('',#15059,POSITIVE_LENGTH_MEASURE(0.1),#14895);
#15059 = DRAUGHTING_PRE_DEFINED_CURVE_FONT('continuous');
#15060 = STYLED_ITEM('color',(#15061),#10325);
#15061 = PRESENTATION_STYLE_ASSIGNMENT((#15062,#15067));
#15062 = SURFACE_STYLE_USAGE(.BOTH.,#15063);
#15063 = SURFACE_SIDE_STYLE('',(#15064));
#15064 = SURFACE_STYLE_FILL_AREA(#15065);
#15065 = FILL_AREA_STYLE('',(#15066));
#15066 = FILL_AREA_STYLE_COLOUR('',#14895);
#15067 = CURVE_STYLE('',#15068,POSITIVE_LENGTH_MEASURE(0.1),#14895);
#15068 = DRAUGHTING_PRE_DEFINED_CURVE_FONT('continuous');
#15069 = STYLED_ITEM('color',(#15070),#10349);
#15070 = PRESENTATION_STYLE_ASSIGNMENT((#15071,#15076));
#15071 = SURFACE_STYLE_USAGE(.BOTH.,#15072);
#15072 = SURFACE_SIDE_STYLE('',(#15073));
#15073 = SURFACE_STYLE_FILL_AREA(#15074);
#15074 = FILL_AREA_STYLE('',(#15075));
#15075 = FILL_AREA_STYLE_COLOUR('',#14895);
#15076 = CURVE_STYLE('',#15077,POSITIVE_LENGTH_MEASURE(0.1),#14895);
#15077 = DRAUGHTING_PRE_DEFINED_CURVE_FONT('continuous');
#15078 = STYLED_ITEM('color',(#15079),#10373);
#15079 = PRESENTATION_STYLE_ASSIGNMENT((#15080,#15085));
#15080 = SURFACE_STYLE_USAGE(.BOTH.,#15081);
#15081 = SURFACE_SIDE_STYLE('',(#15082));
#15082 = SURFACE_STYLE_FILL_AREA(#15083);
#15083 = FILL_AREA_STYLE('',(#15084));
#15084 = FILL_AREA_STYLE_COLOUR('',#14895);
#15085 = CURVE_STYLE('',#15086,POSITIVE_LENGTH_MEASURE(0.1),#14895);
#15086 = DRAUGHTING_PRE_DEFINED_CURVE_FONT('continuous');
#15087 = STYLED_ITEM('color',(#15088),#10390);
#15088 = PRESENTATION_STYLE_ASSIGNMENT((#15089,#15094));
#15089 = SURFACE_STYLE_USAGE(.BOTH.,#15090);
#15090 = SURFACE_SIDE_STYLE('',(#15091));
#15091 = SURFACE_STYLE_FILL_AREA(#15092);
#15092 = FILL_AREA_STYLE('',(#15093));
#15093 = FILL_AREA_STYLE_COLOUR('',#14895);
#15094 = CURVE_STYLE('',#15095,POSITIVE_LENGTH_MEASURE(0.1),#14895);
#15095 = DRAUGHTING_PRE_DEFINED_CURVE_FONT('continuous');
#15096 = STYLED_ITEM('color',(#15097),#10421);
#15097 = PRESENTATION_STYLE_ASSIGNMENT((#15098,#15103));
#15098 = SURFACE_STYLE_USAGE(.BOTH.,#15099);
#15099 = SURFACE_SIDE_STYLE('',(#15100));
#15100 = SURFACE_STYLE_FILL_AREA(#15101);
#15101 = FILL_AREA_STYLE('',(#15102));
#15102 = FILL_AREA_STYLE_COLOUR('',#14895);
#15103 = CURVE_STYLE('',#15104,POSITIVE_LENGTH_MEASURE(0.1),#14895);
#15104 = DRAUGHTING_PRE_DEFINED_CURVE_FONT('continuous');
#15105 = STYLED_ITEM('color',(#15106),#10445);
#15106 = PRESENTATION_STYLE_ASSIGNMENT((#15107,#15112));
#15107 = SURFACE_STYLE_USAGE(.BOTH.,#15108);
#15108 = SURFACE_SIDE_STYLE('',(#15109));
#15109 = SURFACE_STYLE_FILL_AREA(#15110);
#15110 = FILL_AREA_STYLE('',(#15111));
#15111 = FILL_AREA_STYLE_COLOUR('',#14895);
#15112 = CURVE_STYLE('',#15113,POSITIVE_LENGTH_MEASURE(0.1),#14895);
#15113 = DRAUGHTING_PRE_DEFINED_CURVE_FONT('continuous');
#15114 = STYLED_ITEM('color',(#15115),#10469);
#15115 = PRESENTATION_STYLE_ASSIGNMENT((#15116,#15121));
#15116 = SURFACE_STYLE_USAGE(.BOTH.,#15117);
#15117 = SURFACE_SIDE_STYLE('',(#15118));
#15118 = SURFACE_STYLE_FILL_AREA(#15119);
#15119 = FILL_AREA_STYLE('',(#15120));
#15120 = FILL_AREA_STYLE_COLOUR('',#14895);
#15121 = CURVE_STYLE('',#15122,POSITIVE_LENGTH_MEASURE(0.1),#14895);
#15122 = DRAUGHTING_PRE_DEFINED_CURVE_FONT('continuous');
#15123 = STYLED_ITEM('color',(#15124),#10486);
#15124 = PRESENTATION_STYLE_ASSIGNMENT((#15125,#15130));
#15125 = SURFACE_STYLE_USAGE(.BOTH.,#15126);
#15126 = SURFACE_SIDE_STYLE('',(#15127));
#15127 = SURFACE_STYLE_FILL_AREA(#15128);
#15128 = FILL_AREA_STYLE('',(#15129));
#15129 = FILL_AREA_STYLE_COLOUR('',#14885);
#15130 = CURVE_STYLE('',#15131,POSITIVE_LENGTH_MEASURE(0.1),#14885);
#15131 = DRAUGHTING_PRE_DEFINED_CURVE_FONT('continuous');
#15132 = STYLED_ITEM('color',(#15133),#10508);
#15133 = PRESENTATION_STYLE_ASSIGNMENT((#15134,#15139));
#15134 = SURFACE_STYLE_USAGE(.BOTH.,#15135);
#15135 = SURFACE_SIDE_STYLE('',(#15136));
#15136 = SURFACE_STYLE_FILL_AREA(#15137);
#15137 = FILL_AREA_STYLE('',(#15138));
#15138 = FILL_AREA_STYLE_COLOUR('',#14885);
#15139 = CURVE_STYLE('',#15140,POSITIVE_LENGTH_MEASURE(0.1),#14885);
#15140 = DRAUGHTING_PRE_DEFINED_CURVE_FONT('continuous');
#15141 = STYLED_ITEM('color',(#15142),#10547);
#15142 = PRESENTATION_STYLE_ASSIGNMENT((#15143,#15148));
#15143 = SURFACE_STYLE_USAGE(.BOTH.,#15144);
#15144 = SURFACE_SIDE_STYLE('',(#15145));
#15145 = SURFACE_STYLE_FILL_AREA(#15146);
#15146 = FILL_AREA_STYLE('',(#15147));
#15147 = FILL_AREA_STYLE_COLOUR('',#14885);
#15148 = CURVE_STYLE('',#15149,POSITIVE_LENGTH_MEASURE(0.1),#14885);
#15149 = DRAUGHTING_PRE_DEFINED_CURVE_FONT('continuous');
#15150 = STYLED_ITEM('color',(#15151),#10564);
#15151 = PRESENTATION_STYLE_ASSIGNMENT((#15152,#15157));
#15152 = SURFACE_STYLE_USAGE(.BOTH.,#15153);
#15153 = SURFACE_SIDE_STYLE('',(#15154));
#15154 = SURFACE_STYLE_FILL_AREA(#15155);
#15155 = FILL_AREA_STYLE('',(#15156));
#15156 = FILL_AREA_STYLE_COLOUR('',#14885);
#15157 = CURVE_STYLE('',#15158,POSITIVE_LENGTH_MEASURE(0.1),#14885);
#15158 = DRAUGHTING_PRE_DEFINED_CURVE_FONT('continuous');
#15159 = STYLED_ITEM('color',(#15160),#10576);
#15160 = PRESENTATION_STYLE_ASSIGNMENT((#15161,#15166));
#15161 = SURFACE_STYLE_USAGE(.BOTH.,#15162);
#15162 = SURFACE_SIDE_STYLE('',(#15163));
#15163 = SURFACE_STYLE_FILL_AREA(#15164);
#15164 = FILL_AREA_STYLE('',(#15165));
#15165 = FILL_AREA_STYLE_COLOUR('',#14885);
#15166 = CURVE_STYLE('',#15167,POSITIVE_LENGTH_MEASURE(0.1),#14885);
#15167 = DRAUGHTING_PRE_DEFINED_CURVE_FONT('continuous');
#15168 = STYLED_ITEM('color',(#15169),#10588);
#15169 = PRESENTATION_STYLE_ASSIGNMENT((#15170,#15175));
#15170 = SURFACE_STYLE_USAGE(.BOTH.,#15171);
#15171 = SURFACE_SIDE_STYLE('',(#15172));
#15172 = SURFACE_STYLE_FILL_AREA(#15173);
#15173 = FILL_AREA_STYLE('',(#15174));
#15174 = FILL_AREA_STYLE_COLOUR('',#14885);
#15175 = CURVE_STYLE('',#15176,POSITIVE_LENGTH_MEASURE(0.1),#14885);
#15176 = DRAUGHTING_PRE_DEFINED_CURVE_FONT('continuous');
#15177 = STYLED_ITEM('color',(#15178),#10600);
#15178 = PRESENTATION_STYLE_ASSIGNMENT((#15179,#15184));
#15179 = SURFACE_STYLE_USAGE(.BOTH.,#15180);
#15180 = SURFACE_SIDE_STYLE('',(#15181));
#15181 = SURFACE_STYLE_FILL_AREA(#15182);
#15182 = FILL_AREA_STYLE('',(#15183));
#15183 = FILL_AREA_STYLE_COLOUR('',#14885);
#15184 = CURVE_STYLE('',#15185,POSITIVE_LENGTH_MEASURE(0.1),#14885);
#15185 = DRAUGHTING_PRE_DEFINED_CURVE_FONT('continuous');
#15186 = STYLED_ITEM('color',(#15187),#10629);
#15187 = PRESENTATION_STYLE_ASSIGNMENT((#15188,#15193));
#15188 = SURFACE_STYLE_USAGE(.BOTH.,#15189);
#15189 = SURFACE_SIDE_STYLE('',(#15190));
#15190 = SURFACE_STYLE_FILL_AREA(#15191);
#15191 = FILL_AREA_STYLE('',(#15192));
#15192 = FILL_AREA_STYLE_COLOUR('',#14885);
#15193 = CURVE_STYLE('',#15194,POSITIVE_LENGTH_MEASURE(0.1),#14885);
#15194 = DRAUGHTING_PRE_DEFINED_CURVE_FONT('continuous');
#15195 = STYLED_ITEM('color',(#15196),#10668);
#15196 = PRESENTATION_STYLE_ASSIGNMENT((#15197,#15202));
#15197 = SURFACE_STYLE_USAGE(.BOTH.,#15198);
#15198 = SURFACE_SIDE_STYLE('',(#15199));
#15199 = SURFACE_STYLE_FILL_AREA(#15200);
#15200 = FILL_AREA_STYLE('',(#15201));
#15201 = FILL_AREA_STYLE_COLOUR('',#14885);
#15202 = CURVE_STYLE('',#15203,POSITIVE_LENGTH_MEASURE(0.1),#14885);
#15203 = DRAUGHTING_PRE_DEFINED_CURVE_FONT('continuous');
#15204 = STYLED_ITEM('color',(#15205),#10691);
#15205 = PRESENTATION_STYLE_ASSIGNMENT((#15206,#15211));
#15206 = SURFACE_STYLE_USAGE(.BOTH.,#15207);
#15207 = SURFACE_SIDE_STYLE('',(#15208));
#15208 = SURFACE_STYLE_FILL_AREA(#15209);
#15209 = FILL_AREA_STYLE('',(#15210));
#15210 = FILL_AREA_STYLE_COLOUR('',#14885);
#15211 = CURVE_STYLE('',#15212,POSITIVE_LENGTH_MEASURE(0.1),#14885);
#15212 = DRAUGHTING_PRE_DEFINED_CURVE_FONT('continuous');
#15213 = STYLED_ITEM('color',(#15214),#10708);
#15214 = PRESENTATION_STYLE_ASSIGNMENT((#15215,#15220));
#15215 = SURFACE_STYLE_USAGE(.BOTH.,#15216);
#15216 = SURFACE_SIDE_STYLE('',(#15217));
#15217 = SURFACE_STYLE_FILL_AREA(#15218);
#15218 = FILL_AREA_STYLE('',(#15219));
#15219 = FILL_AREA_STYLE_COLOUR('',#14885);
#15220 = CURVE_STYLE('',#15221,POSITIVE_LENGTH_MEASURE(0.1),#14885);
#15221 = DRAUGHTING_PRE_DEFINED_CURVE_FONT('continuous');
#15222 = STYLED_ITEM('color',(#15223),#10737);
#15223 = PRESENTATION_STYLE_ASSIGNMENT((#15224,#15229));
#15224 = SURFACE_STYLE_USAGE(.BOTH.,#15225);
#15225 = SURFACE_SIDE_STYLE('',(#15226));
#15226 = SURFACE_STYLE_FILL_AREA(#15227);
#15227 = FILL_AREA_STYLE('',(#15228));
#15228 = FILL_AREA_STYLE_COLOUR('',#14885);
#15229 = CURVE_STYLE('',#15230,POSITIVE_LENGTH_MEASURE(0.1),#14885);
#15230 = DRAUGHTING_PRE_DEFINED_CURVE_FONT('continuous');
#15231 = STYLED_ITEM('color',(#15232),#10776);
#15232 = PRESENTATION_STYLE_ASSIGNMENT((#15233,#15238));
#15233 = SURFACE_STYLE_USAGE(.BOTH.,#15234);
#15234 = SURFACE_SIDE_STYLE('',(#15235));
#15235 = SURFACE_STYLE_FILL_AREA(#15236);
#15236 = FILL_AREA_STYLE('',(#15237));
#15237 = FILL_AREA_STYLE_COLOUR('',#14885);
#15238 = CURVE_STYLE('',#15239,POSITIVE_LENGTH_MEASURE(0.1),#14885);
#15239 = DRAUGHTING_PRE_DEFINED_CURVE_FONT('continuous');
#15240 = STYLED_ITEM('color',(#15241),#10799);
#15241 = PRESENTATION_STYLE_ASSIGNMENT((#15242,#15247));
#15242 = SURFACE_STYLE_USAGE(.BOTH.,#15243);
#15243 = SURFACE_SIDE_STYLE('',(#15244));
#15244 = SURFACE_STYLE_FILL_AREA(#15245);
#15245 = FILL_AREA_STYLE('',(#15246));
#15246 = FILL_AREA_STYLE_COLOUR('',#14885);
#15247 = CURVE_STYLE('',#15248,POSITIVE_LENGTH_MEASURE(0.1),#14885);
#15248 = DRAUGHTING_PRE_DEFINED_CURVE_FONT('continuous');
#15249 = STYLED_ITEM('color',(#15250),#10816);
#15250 = PRESENTATION_STYLE_ASSIGNMENT((#15251,#15256));
#15251 = SURFACE_STYLE_USAGE(.BOTH.,#15252);
#15252 = SURFACE_SIDE_STYLE('',(#15253));
#15253 = SURFACE_STYLE_FILL_AREA(#15254);
#15254 = FILL_AREA_STYLE('',(#15255));
#15255 = FILL_AREA_STYLE_COLOUR('',#14885);
#15256 = CURVE_STYLE('',#15257,POSITIVE_LENGTH_MEASURE(0.1),#14885);
#15257 = DRAUGHTING_PRE_DEFINED_CURVE_FONT('continuous');
#15258 = STYLED_ITEM('color',(#15259),#10828);
#15259 = PRESENTATION_STYLE_ASSIGNMENT((#15260,#15265));
#15260 = SURFACE_STYLE_USAGE(.BOTH.,#15261);
#15261 = SURFACE_SIDE_STYLE('',(#15262));
#15262 = SURFACE_STYLE_FILL_AREA(#15263);
#15263 = FILL_AREA_STYLE('',(#15264));
#15264 = FILL_AREA_STYLE_COLOUR('',#14895);
#15265 = CURVE_STYLE('',#15266,POSITIVE_LENGTH_MEASURE(0.1),#14895);
#15266 = DRAUGHTING_PRE_DEFINED_CURVE_FONT('continuous');
#15267 = STYLED_ITEM('color',(#15268),#10840);
#15268 = PRESENTATION_STYLE_ASSIGNMENT((#15269,#15274));
#15269 = SURFACE_STYLE_USAGE(.BOTH.,#15270);
#15270 = SURFACE_SIDE_STYLE('',(#15271));
#15271 = SURFACE_STYLE_FILL_AREA(#15272);
#15272 = FILL_AREA_STYLE('',(#15273));
#15273 = FILL_AREA_STYLE_COLOUR('',#14895);
#15274 = CURVE_STYLE('',#15275,POSITIVE_LENGTH_MEASURE(0.1),#14895);
#15275 = DRAUGHTING_PRE_DEFINED_CURVE_FONT('continuous');
#15276 = STYLED_ITEM('color',(#15277),#10852);
#15277 = PRESENTATION_STYLE_ASSIGNMENT((#15278,#15283));
#15278 = SURFACE_STYLE_USAGE(.BOTH.,#15279);
#15279 = SURFACE_SIDE_STYLE('',(#15280));
#15280 = SURFACE_STYLE_FILL_AREA(#15281);
#15281 = FILL_AREA_STYLE('',(#15282));
#15282 = FILL_AREA_STYLE_COLOUR('',#14885);
#15283 = CURVE_STYLE('',#15284,POSITIVE_LENGTH_MEASURE(0.1),#14885);
#15284 = DRAUGHTING_PRE_DEFINED_CURVE_FONT('continuous');
#15285 = STYLED_ITEM('color',(#15286),#11011);
#15286 = PRESENTATION_STYLE_ASSIGNMENT((#15287,#15292));
#15287 = SURFACE_STYLE_USAGE(.BOTH.,#15288);
#15288 = SURFACE_SIDE_STYLE('',(#15289));
#15289 = SURFACE_STYLE_FILL_AREA(#15290);
#15290 = FILL_AREA_STYLE('',(#15291));
#15291 = FILL_AREA_STYLE_COLOUR('',#14885);
#15292 = CURVE_STYLE('',#15293,POSITIVE_LENGTH_MEASURE(0.1),#14885);
#15293 = DRAUGHTING_PRE_DEFINED_CURVE_FONT('continuous');
#15294 = STYLED_ITEM('color',(#15295),#11170);
#15295 = PRESENTATION_STYLE_ASSIGNMENT((#15296,#15301));
#15296 = SURFACE_STYLE_USAGE(.BOTH.,#15297);
#15297 = SURFACE_SIDE_STYLE('',(#15298));
#15298 = SURFACE_STYLE_FILL_AREA(#15299);
#15299 = FILL_AREA_STYLE('',(#15300));
#15300 = FILL_AREA_STYLE_COLOUR('',#14885);
#15301 = CURVE_STYLE('',#15302,POSITIVE_LENGTH_MEASURE(0.1),#14885);
#15302 = DRAUGHTING_PRE_DEFINED_CURVE_FONT('continuous');
#15303 = STYLED_ITEM('color',(#15304),#11194);
#15304 = PRESENTATION_STYLE_ASSIGNMENT((#15305,#15310));
#15305 = SURFACE_STYLE_USAGE(.BOTH.,#15306);
#15306 = SURFACE_SIDE_STYLE('',(#15307));
#15307 = SURFACE_STYLE_FILL_AREA(#15308);
#15308 = FILL_AREA_STYLE('',(#15309));
#15309 = FILL_AREA_STYLE_COLOUR('',#14885);
#15310 = CURVE_STYLE('',#15311,POSITIVE_LENGTH_MEASURE(0.1),#14885);
#15311 = DRAUGHTING_PRE_DEFINED_CURVE_FONT('continuous');
#15312 = STYLED_ITEM('color',(#15313),#11218);
#15313 = PRESENTATION_STYLE_ASSIGNMENT((#15314,#15319));
#15314 = SURFACE_STYLE_USAGE(.BOTH.,#15315);
#15315 = SURFACE_SIDE_STYLE('',(#15316));
#15316 = SURFACE_STYLE_FILL_AREA(#15317);
#15317 = FILL_AREA_STYLE('',(#15318));
#15318 = FILL_AREA_STYLE_COLOUR('',#14895);
#15319 = CURVE_STYLE('',#15320,POSITIVE_LENGTH_MEASURE(0.1),#14895);
#15320 = DRAUGHTING_PRE_DEFINED_CURVE_FONT('continuous');
#15321 = STYLED_ITEM('color',(#15322),#11269);
#15322 = PRESENTATION_STYLE_ASSIGNMENT((#15323,#15328));
#15323 = SURFACE_STYLE_USAGE(.BOTH.,#15324);
#15324 = SURFACE_SIDE_STYLE('',(#15325));
#15325 = SURFACE_STYLE_FILL_AREA(#15326);
#15326 = FILL_AREA_STYLE('',(#15327));
#15327 = FILL_AREA_STYLE_COLOUR('',#14885);
#15328 = CURVE_STYLE('',#15329,POSITIVE_LENGTH_MEASURE(0.1),#14885);
#15329 = DRAUGHTING_PRE_DEFINED_CURVE_FONT('continuous');
#15330 = STYLED_ITEM('color',(#15331),#11281);
#15331 = PRESENTATION_STYLE_ASSIGNMENT((#15332,#15337));
#15332 = SURFACE_STYLE_USAGE(.BOTH.,#15333);
#15333 = SURFACE_SIDE_STYLE('',(#15334));
#15334 = SURFACE_STYLE_FILL_AREA(#15335);
#15335 = FILL_AREA_STYLE('',(#15336));
#15336 = FILL_AREA_STYLE_COLOUR('',#14885);
#15337 = CURVE_STYLE('',#15338,POSITIVE_LENGTH_MEASURE(0.1),#14885);
#15338 = DRAUGHTING_PRE_DEFINED_CURVE_FONT('continuous');
#15339 = STYLED_ITEM('color',(#15340),#11305);
#15340 = PRESENTATION_STYLE_ASSIGNMENT((#15341,#15346));
#15341 = SURFACE_STYLE_USAGE(.BOTH.,#15342);
#15342 = SURFACE_SIDE_STYLE('',(#15343));
#15343 = SURFACE_STYLE_FILL_AREA(#15344);
#15344 = FILL_AREA_STYLE('',(#15345));
#15345 = FILL_AREA_STYLE_COLOUR('',#14885);
#15346 = CURVE_STYLE('',#15347,POSITIVE_LENGTH_MEASURE(0.1),#14885);
#15347 = DRAUGHTING_PRE_DEFINED_CURVE_FONT('continuous');
#15348 = STYLED_ITEM('color',(#15349),#11329);
#15349 = PRESENTATION_STYLE_ASSIGNMENT((#15350,#15355));
#15350 = SURFACE_STYLE_USAGE(.BOTH.,#15351);
#15351 = SURFACE_SIDE_STYLE('',(#15352));
#15352 = SURFACE_STYLE_FILL_AREA(#15353);
#15353 = FILL_AREA_STYLE('',(#15354));
#15354 = FILL_AREA_STYLE_COLOUR('',#14895);
#15355 = CURVE_STYLE('',#15356,POSITIVE_LENGTH_MEASURE(0.1),#14895);
#15356 = DRAUGHTING_PRE_DEFINED_CURVE_FONT('continuous');
#15357 = STYLED_ITEM('color',(#15358),#11380);
#15358 = PRESENTATION_STYLE_ASSIGNMENT((#15359,#15364));
#15359 = SURFACE_STYLE_USAGE(.BOTH.,#15360);
#15360 = SURFACE_SIDE_STYLE('',(#15361));
#15361 = SURFACE_STYLE_FILL_AREA(#15362);
#15362 = FILL_AREA_STYLE('',(#15363));
#15363 = FILL_AREA_STYLE_COLOUR('',#14885);
#15364 = CURVE_STYLE('',#15365,POSITIVE_LENGTH_MEASURE(0.1),#14885);
#15365 = DRAUGHTING_PRE_DEFINED_CURVE_FONT('continuous');
#15366 = STYLED_ITEM('color',(#15367),#11392);
#15367 = PRESENTATION_STYLE_ASSIGNMENT((#15368,#15373));
#15368 = SURFACE_STYLE_USAGE(.BOTH.,#15369);
#15369 = SURFACE_SIDE_STYLE('',(#15370));
#15370 = SURFACE_STYLE_FILL_AREA(#15371);
#15371 = FILL_AREA_STYLE('',(#15372));
#15372 = FILL_AREA_STYLE_COLOUR('',#14885);
#15373 = CURVE_STYLE('',#15374,POSITIVE_LENGTH_MEASURE(0.1),#14885);
#15374 = DRAUGHTING_PRE_DEFINED_CURVE_FONT('continuous');
#15375 = STYLED_ITEM('color',(#15376),#11408);
#15376 = PRESENTATION_STYLE_ASSIGNMENT((#15377,#15382));
#15377 = SURFACE_STYLE_USAGE(.BOTH.,#15378);
#15378 = SURFACE_SIDE_STYLE('',(#15379));
#15379 = SURFACE_STYLE_FILL_AREA(#15380);
#15380 = FILL_AREA_STYLE('',(#15381));
#15381 = FILL_AREA_STYLE_COLOUR('',#14895);
#15382 = CURVE_STYLE('',#15383,POSITIVE_LENGTH_MEASURE(0.1),#14895);
#15383 = DRAUGHTING_PRE_DEFINED_CURVE_FONT('continuous');
#15384 = STYLED_ITEM('color',(#15385),#11441);
#15385 = PRESENTATION_STYLE_ASSIGNMENT((#15386,#15391));
#15386 = SURFACE_STYLE_USAGE(.BOTH.,#15387);
#15387 = SURFACE_SIDE_STYLE('',(#15388));
#15388 = SURFACE_STYLE_FILL_AREA(#15389);
#15389 = FILL_AREA_STYLE('',(#15390));
#15390 = FILL_AREA_STYLE_COLOUR('',#14895);
#15391 = CURVE_STYLE('',#15392,POSITIVE_LENGTH_MEASURE(0.1),#14895);
#15392 = DRAUGHTING_PRE_DEFINED_CURVE_FONT('continuous');
#15393 = STYLED_ITEM('color',(#15394),#11466);
#15394 = PRESENTATION_STYLE_ASSIGNMENT((#15395,#15400));
#15395 = SURFACE_STYLE_USAGE(.BOTH.,#15396);
#15396 = SURFACE_SIDE_STYLE('',(#15397));
#15397 = SURFACE_STYLE_FILL_AREA(#15398);
#15398 = FILL_AREA_STYLE('',(#15399));
#15399 = FILL_AREA_STYLE_COLOUR('',#14895);
#15400 = CURVE_STYLE('',#15401,POSITIVE_LENGTH_MEASURE(0.1),#14895);
#15401 = DRAUGHTING_PRE_DEFINED_CURVE_FONT('continuous');
#15402 = STYLED_ITEM('color',(#15403),#11497);
#15403 = PRESENTATION_STYLE_ASSIGNMENT((#15404,#15409));
#15404 = SURFACE_STYLE_USAGE(.BOTH.,#15405);
#15405 = SURFACE_SIDE_STYLE('',(#15406));
#15406 = SURFACE_STYLE_FILL_AREA(#15407);
#15407 = FILL_AREA_STYLE('',(#15408));
#15408 = FILL_AREA_STYLE_COLOUR('',#14885);
#15409 = CURVE_STYLE('',#15410,POSITIVE_LENGTH_MEASURE(0.1),#14885);
#15410 = DRAUGHTING_PRE_DEFINED_CURVE_FONT('continuous');
#15411 = STYLED_ITEM('color',(#15412),#11507);
#15412 = PRESENTATION_STYLE_ASSIGNMENT((#15413,#15418));
#15413 = SURFACE_STYLE_USAGE(.BOTH.,#15414);
#15414 = SURFACE_SIDE_STYLE('',(#15415));
#15415 = SURFACE_STYLE_FILL_AREA(#15416);
#15416 = FILL_AREA_STYLE('',(#15417));
#15417 = FILL_AREA_STYLE_COLOUR('',#14895);
#15418 = CURVE_STYLE('',#15419,POSITIVE_LENGTH_MEASURE(0.1),#14895);
#15419 = DRAUGHTING_PRE_DEFINED_CURVE_FONT('continuous');
#15420 = STYLED_ITEM('color',(#15421),#11532);
#15421 = PRESENTATION_STYLE_ASSIGNMENT((#15422,#15427));
#15422 = SURFACE_STYLE_USAGE(.BOTH.,#15423);
#15423 = SURFACE_SIDE_STYLE('',(#15424));
#15424 = SURFACE_STYLE_FILL_AREA(#15425);
#15425 = FILL_AREA_STYLE('',(#15426));
#15426 = FILL_AREA_STYLE_COLOUR('',#14895);
#15427 = CURVE_STYLE('',#15428,POSITIVE_LENGTH_MEASURE(0.1),#14895);
#15428 = DRAUGHTING_PRE_DEFINED_CURVE_FONT('continuous');
#15429 = STYLED_ITEM('color',(#15430),#11563);
#15430 = PRESENTATION_STYLE_ASSIGNMENT((#15431,#15436));
#15431 = SURFACE_STYLE_USAGE(.BOTH.,#15432);
#15432 = SURFACE_SIDE_STYLE('',(#15433));
#15433 = SURFACE_STYLE_FILL_AREA(#15434);
#15434 = FILL_AREA_STYLE('',(#15435));
#15435 = FILL_AREA_STYLE_COLOUR('',#14885);
#15436 = CURVE_STYLE('',#15437,POSITIVE_LENGTH_MEASURE(0.1),#14885);
#15437 = DRAUGHTING_PRE_DEFINED_CURVE_FONT('continuous');
#15438 = STYLED_ITEM('color',(#15439),#11594);
#15439 = PRESENTATION_STYLE_ASSIGNMENT((#15440,#15445));
#15440 = SURFACE_STYLE_USAGE(.BOTH.,#15441);
#15441 = SURFACE_SIDE_STYLE('',(#15442));
#15442 = SURFACE_STYLE_FILL_AREA(#15443);
#15443 = FILL_AREA_STYLE('',(#15444));
#15444 = FILL_AREA_STYLE_COLOUR('',#14895);
#15445 = CURVE_STYLE('',#15446,POSITIVE_LENGTH_MEASURE(0.1),#14895);
#15446 = DRAUGHTING_PRE_DEFINED_CURVE_FONT('continuous');
#15447 = STYLED_ITEM('color',(#15448),#11616);
#15448 = PRESENTATION_STYLE_ASSIGNMENT((#15449,#15454));
#15449 = SURFACE_STYLE_USAGE(.BOTH.,#15450);
#15450 = SURFACE_SIDE_STYLE('',(#15451));
#15451 = SURFACE_STYLE_FILL_AREA(#15452);
#15452 = FILL_AREA_STYLE('',(#15453));
#15453 = FILL_AREA_STYLE_COLOUR('',#14885);
#15454 = CURVE_STYLE('',#15455,POSITIVE_LENGTH_MEASURE(0.1),#14885);
#15455 = DRAUGHTING_PRE_DEFINED_CURVE_FONT('continuous');
#15456 = STYLED_ITEM('color',(#15457),#11626);
#15457 = PRESENTATION_STYLE_ASSIGNMENT((#15458,#15463));
#15458 = SURFACE_STYLE_USAGE(.BOTH.,#15459);
#15459 = SURFACE_SIDE_STYLE('',(#15460));
#15460 = SURFACE_STYLE_FILL_AREA(#15461);
#15461 = FILL_AREA_STYLE('',(#15462));
#15462 = FILL_AREA_STYLE_COLOUR('',#14885);
#15463 = CURVE_STYLE('',#15464,POSITIVE_LENGTH_MEASURE(0.1),#14885);
#15464 = DRAUGHTING_PRE_DEFINED_CURVE_FONT('continuous');
#15465 = STYLED_ITEM('color',(#15466),#11657);
#15466 = PRESENTATION_STYLE_ASSIGNMENT((#15467,#15472));
#15467 = SURFACE_STYLE_USAGE(.BOTH.,#15468);
#15468 = SURFACE_SIDE_STYLE('',(#15469));
#15469 = SURFACE_STYLE_FILL_AREA(#15470);
#15470 = FILL_AREA_STYLE('',(#15471));
#15471 = FILL_AREA_STYLE_COLOUR('',#14895);
#15472 = CURVE_STYLE('',#15473,POSITIVE_LENGTH_MEASURE(0.1),#14895);
#15473 = DRAUGHTING_PRE_DEFINED_CURVE_FONT('continuous');
#15474 = STYLED_ITEM('color',(#15475),#11675);
#15475 = PRESENTATION_STYLE_ASSIGNMENT((#15476,#15481));
#15476 = SURFACE_STYLE_USAGE(.BOTH.,#15477);
#15477 = SURFACE_SIDE_STYLE('',(#15478));
#15478 = SURFACE_STYLE_FILL_AREA(#15479);
#15479 = FILL_AREA_STYLE('',(#15480));
#15480 = FILL_AREA_STYLE_COLOUR('',#14885);
#15481 = CURVE_STYLE('',#15482,POSITIVE_LENGTH_MEASURE(0.1),#14885);
#15482 = DRAUGHTING_PRE_DEFINED_CURVE_FONT('continuous');
#15483 = STYLED_ITEM('color',(#15484),#11691);
#15484 = PRESENTATION_STYLE_ASSIGNMENT((#15485,#15490));
#15485 = SURFACE_STYLE_USAGE(.BOTH.,#15486);
#15486 = SURFACE_SIDE_STYLE('',(#15487));
#15487 = SURFACE_STYLE_FILL_AREA(#15488);
#15488 = FILL_AREA_STYLE('',(#15489));
#15489 = FILL_AREA_STYLE_COLOUR('',#14895);
#15490 = CURVE_STYLE('',#15491,POSITIVE_LENGTH_MEASURE(0.1),#14895);
#15491 = DRAUGHTING_PRE_DEFINED_CURVE_FONT('continuous');
#15492 = STYLED_ITEM('color',(#15493),#11724);
#15493 = PRESENTATION_STYLE_ASSIGNMENT((#15494,#15499));
#15494 = SURFACE_STYLE_USAGE(.BOTH.,#15495);
#15495 = SURFACE_SIDE_STYLE('',(#15496));
#15496 = SURFACE_STYLE_FILL_AREA(#15497);
#15497 = FILL_AREA_STYLE('',(#15498));
#15498 = FILL_AREA_STYLE_COLOUR('',#14895);
#15499 = CURVE_STYLE('',#15500,POSITIVE_LENGTH_MEASURE(0.1),#14895);
#15500 = DRAUGHTING_PRE_DEFINED_CURVE_FONT('continuous');
#15501 = STYLED_ITEM('color',(#15502),#11749);
#15502 = PRESENTATION_STYLE_ASSIGNMENT((#15503,#15508));
#15503 = SURFACE_STYLE_USAGE(.BOTH.,#15504);
#15504 = SURFACE_SIDE_STYLE('',(#15505));
#15505 = SURFACE_STYLE_FILL_AREA(#15506);
#15506 = FILL_AREA_STYLE('',(#15507));
#15507 = FILL_AREA_STYLE_COLOUR('',#14895);
#15508 = CURVE_STYLE('',#15509,POSITIVE_LENGTH_MEASURE(0.1),#14895);
#15509 = DRAUGHTING_PRE_DEFINED_CURVE_FONT('continuous');
#15510 = STYLED_ITEM('color',(#15511),#11780);
#15511 = PRESENTATION_STYLE_ASSIGNMENT((#15512,#15517));
#15512 = SURFACE_STYLE_USAGE(.BOTH.,#15513);
#15513 = SURFACE_SIDE_STYLE('',(#15514));
#15514 = SURFACE_STYLE_FILL_AREA(#15515);
#15515 = FILL_AREA_STYLE('',(#15516));
#15516 = FILL_AREA_STYLE_COLOUR('',#14885);
#15517 = CURVE_STYLE('',#15518,POSITIVE_LENGTH_MEASURE(0.1),#14885);
#15518 = DRAUGHTING_PRE_DEFINED_CURVE_FONT('continuous');
#15519 = STYLED_ITEM('color',(#15520),#11790);
#15520 = PRESENTATION_STYLE_ASSIGNMENT((#15521,#15526));
#15521 = SURFACE_STYLE_USAGE(.BOTH.,#15522);
#15522 = SURFACE_SIDE_STYLE('',(#15523));
#15523 = SURFACE_STYLE_FILL_AREA(#15524);
#15524 = FILL_AREA_STYLE('',(#15525));
#15525 = FILL_AREA_STYLE_COLOUR('',#14895);
#15526 = CURVE_STYLE('',#15527,POSITIVE_LENGTH_MEASURE(0.1),#14895);
#15527 = DRAUGHTING_PRE_DEFINED_CURVE_FONT('continuous');
#15528 = STYLED_ITEM('color',(#15529),#11815);
#15529 = PRESENTATION_STYLE_ASSIGNMENT((#15530,#15535));
#15530 = SURFACE_STYLE_USAGE(.BOTH.,#15531);
#15531 = SURFACE_SIDE_STYLE('',(#15532));
#15532 = SURFACE_STYLE_FILL_AREA(#15533);
#15533 = FILL_AREA_STYLE('',(#15534));
#15534 = FILL_AREA_STYLE_COLOUR('',#14895);
#15535 = CURVE_STYLE('',#15536,POSITIVE_LENGTH_MEASURE(0.1),#14895);
#15536 = DRAUGHTING_PRE_DEFINED_CURVE_FONT('continuous');
#15537 = STYLED_ITEM('color',(#15538),#11846);
#15538 = PRESENTATION_STYLE_ASSIGNMENT((#15539,#15544));
#15539 = SURFACE_STYLE_USAGE(.BOTH.,#15540);
#15540 = SURFACE_SIDE_STYLE('',(#15541));
#15541 = SURFACE_STYLE_FILL_AREA(#15542);
#15542 = FILL_AREA_STYLE('',(#15543));
#15543 = FILL_AREA_STYLE_COLOUR('',#14885);
#15544 = CURVE_STYLE('',#15545,POSITIVE_LENGTH_MEASURE(0.1),#14885);
#15545 = DRAUGHTING_PRE_DEFINED_CURVE_FONT('continuous');
#15546 = STYLED_ITEM('color',(#15547),#11877);
#15547 = PRESENTATION_STYLE_ASSIGNMENT((#15548,#15553));
#15548 = SURFACE_STYLE_USAGE(.BOTH.,#15549);
#15549 = SURFACE_SIDE_STYLE('',(#15550));
#15550 = SURFACE_STYLE_FILL_AREA(#15551);
#15551 = FILL_AREA_STYLE('',(#15552));
#15552 = FILL_AREA_STYLE_COLOUR('',#14895);
#15553 = CURVE_STYLE('',#15554,POSITIVE_LENGTH_MEASURE(0.1),#14895);
#15554 = DRAUGHTING_PRE_DEFINED_CURVE_FONT('continuous');
#15555 = STYLED_ITEM('color',(#15556),#11899);
#15556 = PRESENTATION_STYLE_ASSIGNMENT((#15557,#15562));
#15557 = SURFACE_STYLE_USAGE(.BOTH.,#15558);
#15558 = SURFACE_SIDE_STYLE('',(#15559));
#15559 = SURFACE_STYLE_FILL_AREA(#15560);
#15560 = FILL_AREA_STYLE('',(#15561));
#15561 = FILL_AREA_STYLE_COLOUR('',#14885);
#15562 = CURVE_STYLE('',#15563,POSITIVE_LENGTH_MEASURE(0.1),#14885);
#15563 = DRAUGHTING_PRE_DEFINED_CURVE_FONT('continuous');
#15564 = STYLED_ITEM('color',(#15565),#11909);
#15565 = PRESENTATION_STYLE_ASSIGNMENT((#15566,#15571));
#15566 = SURFACE_STYLE_USAGE(.BOTH.,#15567);
#15567 = SURFACE_SIDE_STYLE('',(#15568));
#15568 = SURFACE_STYLE_FILL_AREA(#15569);
#15569 = FILL_AREA_STYLE('',(#15570));
#15570 = FILL_AREA_STYLE_COLOUR('',#14885);
#15571 = CURVE_STYLE('',#15572,POSITIVE_LENGTH_MEASURE(0.1),#14885);
#15572 = DRAUGHTING_PRE_DEFINED_CURVE_FONT('continuous');
#15573 = STYLED_ITEM('color',(#15574),#11940);
#15574 = PRESENTATION_STYLE_ASSIGNMENT((#15575,#15580));
#15575 = SURFACE_STYLE_USAGE(.BOTH.,#15576);
#15576 = SURFACE_SIDE_STYLE('',(#15577));
#15577 = SURFACE_STYLE_FILL_AREA(#15578);
#15578 = FILL_AREA_STYLE('',(#15579));
#15579 = FILL_AREA_STYLE_COLOUR('',#14895);
#15580 = CURVE_STYLE('',#15581,POSITIVE_LENGTH_MEASURE(0.1),#14895);
#15581 = DRAUGHTING_PRE_DEFINED_CURVE_FONT('continuous');
#15582 = STYLED_ITEM('color',(#15583),#11958);
#15583 = PRESENTATION_STYLE_ASSIGNMENT((#15584,#15589));
#15584 = SURFACE_STYLE_USAGE(.BOTH.,#15585);
#15585 = SURFACE_SIDE_STYLE('',(#15586));
#15586 = SURFACE_STYLE_FILL_AREA(#15587);
#15587 = FILL_AREA_STYLE('',(#15588));
#15588 = FILL_AREA_STYLE_COLOUR('',#14895);
#15589 = CURVE_STYLE('',#15590,POSITIVE_LENGTH_MEASURE(0.1),#14895);
#15590 = DRAUGHTING_PRE_DEFINED_CURVE_FONT('continuous');
#15591 = STYLED_ITEM('color',(#15592),#11980);
#15592 = PRESENTATION_STYLE_ASSIGNMENT((#15593,#15598));
#15593 = SURFACE_STYLE_USAGE(.BOTH.,#15594);
#15594 = SURFACE_SIDE_STYLE('',(#15595));
#15595 = SURFACE_STYLE_FILL_AREA(#15596);
#15596 = FILL_AREA_STYLE('',(#15597));
#15597 = FILL_AREA_STYLE_COLOUR('',#14895);
#15598 = CURVE_STYLE('',#15599,POSITIVE_LENGTH_MEASURE(0.1),#14895);
#15599 = DRAUGHTING_PRE_DEFINED_CURVE_FONT('continuous');
#15600 = STYLED_ITEM('color',(#15601),#11999);
#15601 = PRESENTATION_STYLE_ASSIGNMENT((#15602,#15607));
#15602 = SURFACE_STYLE_USAGE(.BOTH.,#15603);
#15603 = SURFACE_SIDE_STYLE('',(#15604));
#15604 = SURFACE_STYLE_FILL_AREA(#15605);
#15605 = FILL_AREA_STYLE('',(#15606));
#15606 = FILL_AREA_STYLE_COLOUR('',#14895);
#15607 = CURVE_STYLE('',#15608,POSITIVE_LENGTH_MEASURE(0.1),#14895);
#15608 = DRAUGHTING_PRE_DEFINED_CURVE_FONT('continuous');
#15609 = STYLED_ITEM('color',(#15610),#12016);
#15610 = PRESENTATION_STYLE_ASSIGNMENT((#15611,#15616));
#15611 = SURFACE_STYLE_USAGE(.BOTH.,#15612);
#15612 = SURFACE_SIDE_STYLE('',(#15613));
#15613 = SURFACE_STYLE_FILL_AREA(#15614);
#15614 = FILL_AREA_STYLE('',(#15615));
#15615 = FILL_AREA_STYLE_COLOUR('',#14895);
#15616 = CURVE_STYLE('',#15617,POSITIVE_LENGTH_MEASURE(0.1),#14895);
#15617 = DRAUGHTING_PRE_DEFINED_CURVE_FONT('continuous');
#15618 = STYLED_ITEM('color',(#15619),#12030);
#15619 = PRESENTATION_STYLE_ASSIGNMENT((#15620,#15625));
#15620 = SURFACE_STYLE_USAGE(.BOTH.,#15621);
#15621 = SURFACE_SIDE_STYLE('',(#15622));
#15622 = SURFACE_STYLE_FILL_AREA(#15623);
#15623 = FILL_AREA_STYLE('',(#15624));
#15624 = FILL_AREA_STYLE_COLOUR('',#14895);
#15625 = CURVE_STYLE('',#15626,POSITIVE_LENGTH_MEASURE(0.1),#14895);
#15626 = DRAUGHTING_PRE_DEFINED_CURVE_FONT('continuous');
#15627 = STYLED_ITEM('color',(#15628),#12052);
#15628 = PRESENTATION_STYLE_ASSIGNMENT((#15629,#15634));
#15629 = SURFACE_STYLE_USAGE(.BOTH.,#15630);
#15630 = SURFACE_SIDE_STYLE('',(#15631));
#15631 = SURFACE_STYLE_FILL_AREA(#15632);
#15632 = FILL_AREA_STYLE('',(#15633));
#15633 = FILL_AREA_STYLE_COLOUR('',#14895);
#15634 = CURVE_STYLE('',#15635,POSITIVE_LENGTH_MEASURE(0.1),#14895);
#15635 = DRAUGHTING_PRE_DEFINED_CURVE_FONT('continuous');
#15636 = STYLED_ITEM('color',(#15637),#12071);
#15637 = PRESENTATION_STYLE_ASSIGNMENT((#15638,#15643));
#15638 = SURFACE_STYLE_USAGE(.BOTH.,#15639);
#15639 = SURFACE_SIDE_STYLE('',(#15640));
#15640 = SURFACE_STYLE_FILL_AREA(#15641);
#15641 = FILL_AREA_STYLE('',(#15642));
#15642 = FILL_AREA_STYLE_COLOUR('',#14895);
#15643 = CURVE_STYLE('',#15644,POSITIVE_LENGTH_MEASURE(0.1),#14895);
#15644 = DRAUGHTING_PRE_DEFINED_CURVE_FONT('continuous');
#15645 = STYLED_ITEM('color',(#15646),#12088);
#15646 = PRESENTATION_STYLE_ASSIGNMENT((#15647,#15652));
#15647 = SURFACE_STYLE_USAGE(.BOTH.,#15648);
#15648 = SURFACE_SIDE_STYLE('',(#15649));
#15649 = SURFACE_STYLE_FILL_AREA(#15650);
#15650 = FILL_AREA_STYLE('',(#15651));
#15651 = FILL_AREA_STYLE_COLOUR('',#14895);
#15652 = CURVE_STYLE('',#15653,POSITIVE_LENGTH_MEASURE(0.1),#14895);
#15653 = DRAUGHTING_PRE_DEFINED_CURVE_FONT('continuous');
#15654 = STYLED_ITEM('color',(#15655),#12102);
#15655 = PRESENTATION_STYLE_ASSIGNMENT((#15656,#15661));
#15656 = SURFACE_STYLE_USAGE(.BOTH.,#15657);
#15657 = SURFACE_SIDE_STYLE('',(#15658));
#15658 = SURFACE_STYLE_FILL_AREA(#15659);
#15659 = FILL_AREA_STYLE('',(#15660));
#15660 = FILL_AREA_STYLE_COLOUR('',#14895);
#15661 = CURVE_STYLE('',#15662,POSITIVE_LENGTH_MEASURE(0.1),#14895);
#15662 = DRAUGHTING_PRE_DEFINED_CURVE_FONT('continuous');
#15663 = STYLED_ITEM('color',(#15664),#12127);
#15664 = PRESENTATION_STYLE_ASSIGNMENT((#15665,#15670));
#15665 = SURFACE_STYLE_USAGE(.BOTH.,#15666);
#15666 = SURFACE_SIDE_STYLE('',(#15667));
#15667 = SURFACE_STYLE_FILL_AREA(#15668);
#15668 = FILL_AREA_STYLE('',(#15669));
#15669 = FILL_AREA_STYLE_COLOUR('',#14895);
#15670 = CURVE_STYLE('',#15671,POSITIVE_LENGTH_MEASURE(0.1),#14895);
#15671 = DRAUGHTING_PRE_DEFINED_CURVE_FONT('continuous');
#15672 = STYLED_ITEM('color',(#15673),#12238);
#15673 = PRESENTATION_STYLE_ASSIGNMENT((#15674,#15679));
#15674 = SURFACE_STYLE_USAGE(.BOTH.,#15675);
#15675 = SURFACE_SIDE_STYLE('',(#15676));
#15676 = SURFACE_STYLE_FILL_AREA(#15677);
#15677 = FILL_AREA_STYLE('',(#15678));
#15678 = FILL_AREA_STYLE_COLOUR('',#14895);
#15679 = CURVE_STYLE('',#15680,POSITIVE_LENGTH_MEASURE(0.1),#14895);
#15680 = DRAUGHTING_PRE_DEFINED_CURVE_FONT('continuous');
#15681 = STYLED_ITEM('color',(#15682),#12248);
#15682 = PRESENTATION_STYLE_ASSIGNMENT((#15683,#15688));
#15683 = SURFACE_STYLE_USAGE(.BOTH.,#15684);
#15684 = SURFACE_SIDE_STYLE('',(#15685));
#15685 = SURFACE_STYLE_FILL_AREA(#15686);
#15686 = FILL_AREA_STYLE('',(#15687));
#15687 = FILL_AREA_STYLE_COLOUR('',#14895);
#15688 = CURVE_STYLE('',#15689,POSITIVE_LENGTH_MEASURE(0.1),#14895);
#15689 = DRAUGHTING_PRE_DEFINED_CURVE_FONT('continuous');
#15690 = STYLED_ITEM('color',(#15691),#12258);
#15691 = PRESENTATION_STYLE_ASSIGNMENT((#15692,#15697));
#15692 = SURFACE_STYLE_USAGE(.BOTH.,#15693);
#15693 = SURFACE_SIDE_STYLE('',(#15694));
#15694 = SURFACE_STYLE_FILL_AREA(#15695);
#15695 = FILL_AREA_STYLE('',(#15696));
#15696 = FILL_AREA_STYLE_COLOUR('',#14895);
#15697 = CURVE_STYLE('',#15698,POSITIVE_LENGTH_MEASURE(0.1),#14895);
#15698 = DRAUGHTING_PRE_DEFINED_CURVE_FONT('continuous');
#15699 = STYLED_ITEM('color',(#15700),#12283);
#15700 = PRESENTATION_STYLE_ASSIGNMENT((#15701,#15706));
#15701 = SURFACE_STYLE_USAGE(.BOTH.,#15702);
#15702 = SURFACE_SIDE_STYLE('',(#15703));
#15703 = SURFACE_STYLE_FILL_AREA(#15704);
#15704 = FILL_AREA_STYLE('',(#15705));
#15705 = FILL_AREA_STYLE_COLOUR('',#14895);
#15706 = CURVE_STYLE('',#15707,POSITIVE_LENGTH_MEASURE(0.1),#14895);
#15707 = DRAUGHTING_PRE_DEFINED_CURVE_FONT('continuous');
#15708 = STYLED_ITEM('color',(#15709),#12394);
#15709 = PRESENTATION_STYLE_ASSIGNMENT((#15710,#15715));
#15710 = SURFACE_STYLE_USAGE(.BOTH.,#15711);
#15711 = SURFACE_SIDE_STYLE('',(#15712));
#15712 = SURFACE_STYLE_FILL_AREA(#15713);
#15713 = FILL_AREA_STYLE('',(#15714));
#15714 = FILL_AREA_STYLE_COLOUR('',#14895);
#15715 = CURVE_STYLE('',#15716,POSITIVE_LENGTH_MEASURE(0.1),#14895);
#15716 = DRAUGHTING_PRE_DEFINED_CURVE_FONT('continuous');
#15717 = STYLED_ITEM('color',(#15718),#12404);
#15718 = PRESENTATION_STYLE_ASSIGNMENT((#15719,#15724));
#15719 = SURFACE_STYLE_USAGE(.BOTH.,#15720);
#15720 = SURFACE_SIDE_STYLE('',(#15721));
#15721 = SURFACE_STYLE_FILL_AREA(#15722);
#15722 = FILL_AREA_STYLE('',(#15723));
#15723 = FILL_AREA_STYLE_COLOUR('',#14895);
#15724 = CURVE_STYLE('',#15725,POSITIVE_LENGTH_MEASURE(0.1),#14895);
#15725 = DRAUGHTING_PRE_DEFINED_CURVE_FONT('continuous');
#15726 = STYLED_ITEM('color',(#15727),#12414);
#15727 = PRESENTATION_STYLE_ASSIGNMENT((#15728,#15733));
#15728 = SURFACE_STYLE_USAGE(.BOTH.,#15729);
#15729 = SURFACE_SIDE_STYLE('',(#15730));
#15730 = SURFACE_STYLE_FILL_AREA(#15731);
#15731 = FILL_AREA_STYLE('',(#15732));
#15732 = FILL_AREA_STYLE_COLOUR('',#14895);
#15733 = CURVE_STYLE('',#15734,POSITIVE_LENGTH_MEASURE(0.1),#14895);
#15734 = DRAUGHTING_PRE_DEFINED_CURVE_FONT('continuous');
#15735 = STYLED_ITEM('color',(#15736),#12430);
#15736 = PRESENTATION_STYLE_ASSIGNMENT((#15737,#15742));
#15737 = SURFACE_STYLE_USAGE(.BOTH.,#15738);
#15738 = SURFACE_SIDE_STYLE('',(#15739));
#15739 = SURFACE_STYLE_FILL_AREA(#15740);
#15740 = FILL_AREA_STYLE('',(#15741));
#15741 = FILL_AREA_STYLE_COLOUR('',#14895);
#15742 = CURVE_STYLE('',#15743,POSITIVE_LENGTH_MEASURE(0.1),#14895);
#15743 = DRAUGHTING_PRE_DEFINED_CURVE_FONT('continuous');
#15744 = STYLED_ITEM('color',(#15745),#12447);
#15745 = PRESENTATION_STYLE_ASSIGNMENT((#15746,#15751));
#15746 = SURFACE_STYLE_USAGE(.BOTH.,#15747);
#15747 = SURFACE_SIDE_STYLE('',(#15748));
#15748 = SURFACE_STYLE_FILL_AREA(#15749);
#15749 = FILL_AREA_STYLE('',(#15750));
#15750 = FILL_AREA_STYLE_COLOUR('',#14895);
#15751 = CURVE_STYLE('',#15752,POSITIVE_LENGTH_MEASURE(0.1),#14895);
#15752 = DRAUGHTING_PRE_DEFINED_CURVE_FONT('continuous');
#15753 = STYLED_ITEM('color',(#15754),#12464);
#15754 = PRESENTATION_STYLE_ASSIGNMENT((#15755,#15760));
#15755 = SURFACE_STYLE_USAGE(.BOTH.,#15756);
#15756 = SURFACE_SIDE_STYLE('',(#15757));
#15757 = SURFACE_STYLE_FILL_AREA(#15758);
#15758 = FILL_AREA_STYLE('',(#15759));
#15759 = FILL_AREA_STYLE_COLOUR('',#14895);
#15760 = CURVE_STYLE('',#15761,POSITIVE_LENGTH_MEASURE(0.1),#14895);
#15761 = DRAUGHTING_PRE_DEFINED_CURVE_FONT('continuous');
#15762 = STYLED_ITEM('color',(#15763),#12481);
#15763 = PRESENTATION_STYLE_ASSIGNMENT((#15764,#15769));
#15764 = SURFACE_STYLE_USAGE(.BOTH.,#15765);
#15765 = SURFACE_SIDE_STYLE('',(#15766));
#15766 = SURFACE_STYLE_FILL_AREA(#15767);
#15767 = FILL_AREA_STYLE('',(#15768));
#15768 = FILL_AREA_STYLE_COLOUR('',#14895);
#15769 = CURVE_STYLE('',#15770,POSITIVE_LENGTH_MEASURE(0.1),#14895);
#15770 = DRAUGHTING_PRE_DEFINED_CURVE_FONT('continuous');
#15771 = STYLED_ITEM('color',(#15772),#12491);
#15772 = PRESENTATION_STYLE_ASSIGNMENT((#15773,#15778));
#15773 = SURFACE_STYLE_USAGE(.BOTH.,#15774);
#15774 = SURFACE_SIDE_STYLE('',(#15775));
#15775 = SURFACE_STYLE_FILL_AREA(#15776);
#15776 = FILL_AREA_STYLE('',(#15777));
#15777 = FILL_AREA_STYLE_COLOUR('',#14895);
#15778 = CURVE_STYLE('',#15779,POSITIVE_LENGTH_MEASURE(0.1),#14895);
#15779 = DRAUGHTING_PRE_DEFINED_CURVE_FONT('continuous');
#15780 = STYLED_ITEM('color',(#15781),#12507);
#15781 = PRESENTATION_STYLE_ASSIGNMENT((#15782,#15787));
#15782 = SURFACE_STYLE_USAGE(.BOTH.,#15783);
#15783 = SURFACE_SIDE_STYLE('',(#15784));
#15784 = SURFACE_STYLE_FILL_AREA(#15785);
#15785 = FILL_AREA_STYLE('',(#15786));
#15786 = FILL_AREA_STYLE_COLOUR('',#14895);
#15787 = CURVE_STYLE('',#15788,POSITIVE_LENGTH_MEASURE(0.1),#14895);
#15788 = DRAUGHTING_PRE_DEFINED_CURVE_FONT('continuous');
#15789 = STYLED_ITEM('color',(#15790),#12524);
#15790 = PRESENTATION_STYLE_ASSIGNMENT((#15791,#15796));
#15791 = SURFACE_STYLE_USAGE(.BOTH.,#15792);
#15792 = SURFACE_SIDE_STYLE('',(#15793));
#15793 = SURFACE_STYLE_FILL_AREA(#15794);
#15794 = FILL_AREA_STYLE('',(#15795));
#15795 = FILL_AREA_STYLE_COLOUR('',#14895);
#15796 = CURVE_STYLE('',#15797,POSITIVE_LENGTH_MEASURE(0.1),#14895);
#15797 = DRAUGHTING_PRE_DEFINED_CURVE_FONT('continuous');
#15798 = STYLED_ITEM('color',(#15799),#12541);
#15799 = PRESENTATION_STYLE_ASSIGNMENT((#15800,#15805));
#15800 = SURFACE_STYLE_USAGE(.BOTH.,#15801);
#15801 = SURFACE_SIDE_STYLE('',(#15802));
#15802 = SURFACE_STYLE_FILL_AREA(#15803);
#15803 = FILL_AREA_STYLE('',(#15804));
#15804 = FILL_AREA_STYLE_COLOUR('',#14895);
#15805 = CURVE_STYLE('',#15806,POSITIVE_LENGTH_MEASURE(0.1),#14895);
#15806 = DRAUGHTING_PRE_DEFINED_CURVE_FONT('continuous');
#15807 = STYLED_ITEM('color',(#15808),#12558);
#15808 = PRESENTATION_STYLE_ASSIGNMENT((#15809,#15814));
#15809 = SURFACE_STYLE_USAGE(.BOTH.,#15810);
#15810 = SURFACE_SIDE_STYLE('',(#15811));
#15811 = SURFACE_STYLE_FILL_AREA(#15812);
#15812 = FILL_AREA_STYLE('',(#15813));
#15813 = FILL_AREA_STYLE_COLOUR('',#14895);
#15814 = CURVE_STYLE('',#15815,POSITIVE_LENGTH_MEASURE(0.1),#14895);
#15815 = DRAUGHTING_PRE_DEFINED_CURVE_FONT('continuous');
#15816 = MECHANICAL_DESIGN_GEOMETRIC_PRESENTATION_REPRESENTATION('',(
    #15817,#15825,#15832,#15839,#15847,#15854,#15861,#15868,#15875,
    #15882,#15889,#15896,#15903,#15910,#15917),#6680);
#15817 = STYLED_ITEM('color',(#15818),#6347);
#15818 = PRESENTATION_STYLE_ASSIGNMENT((#15819));
#15819 = SURFACE_STYLE_USAGE(.BOTH.,#15820);
#15820 = SURFACE_SIDE_STYLE('',(#15821));
#15821 = SURFACE_STYLE_FILL_AREA(#15822);
#15822 = FILL_AREA_STYLE('',(#15823));
#15823 = FILL_AREA_STYLE_COLOUR('',#15824);
#15824 = COLOUR_RGB('',0.894999966383,0.890999961016,0.813000030345);
#15825 = STYLED_ITEM('color',(#15826),#6380);
#15826 = PRESENTATION_STYLE_ASSIGNMENT((#15827));
#15827 = SURFACE_STYLE_USAGE(.BOTH.,#15828);
#15828 = SURFACE_SIDE_STYLE('',(#15829));
#15829 = SURFACE_STYLE_FILL_AREA(#15830);
#15830 = FILL_AREA_STYLE('',(#15831));
#15831 = FILL_AREA_STYLE_COLOUR('',#15824);
#15832 = STYLED_ITEM('color',(#15833),#6400);
#15833 = PRESENTATION_STYLE_ASSIGNMENT((#15834));
#15834 = SURFACE_STYLE_USAGE(.BOTH.,#15835);
#15835 = SURFACE_SIDE_STYLE('',(#15836));
#15836 = SURFACE_STYLE_FILL_AREA(#15837);
#15837 = FILL_AREA_STYLE('',(#15838));
#15838 = FILL_AREA_STYLE_COLOUR('',#15824);
#15839 = STYLED_ITEM('color',(#15840),#6420);
#15840 = PRESENTATION_STYLE_ASSIGNMENT((#15841));
#15841 = SURFACE_STYLE_USAGE(.BOTH.,#15842);
#15842 = SURFACE_SIDE_STYLE('',(#15843));
#15843 = SURFACE_STYLE_FILL_AREA(#15844);
#15844 = FILL_AREA_STYLE('',(#15845));
#15845 = FILL_AREA_STYLE_COLOUR('',#15846);
#15846 = COLOUR_RGB('',0.147999998088,0.144999993226,0.144999993226);
#15847 = STYLED_ITEM('color',(#15848),#6445);
#15848 = PRESENTATION_STYLE_ASSIGNMENT((#15849));
#15849 = SURFACE_STYLE_USAGE(.BOTH.,#15850);
#15850 = SURFACE_SIDE_STYLE('',(#15851));
#15851 = SURFACE_STYLE_FILL_AREA(#15852);
#15852 = FILL_AREA_STYLE('',(#15853));
#15853 = FILL_AREA_STYLE_COLOUR('',#15846);
#15854 = STYLED_ITEM('color',(#15855),#6470);
#15855 = PRESENTATION_STYLE_ASSIGNMENT((#15856));
#15856 = SURFACE_STYLE_USAGE(.BOTH.,#15857);
#15857 = SURFACE_SIDE_STYLE('',(#15858));
#15858 = SURFACE_STYLE_FILL_AREA(#15859);
#15859 = FILL_AREA_STYLE('',(#15860));
#15860 = FILL_AREA_STYLE_COLOUR('',#15846);
#15861 = STYLED_ITEM('color',(#15862),#6490);
#15862 = PRESENTATION_STYLE_ASSIGNMENT((#15863));
#15863 = SURFACE_STYLE_USAGE(.BOTH.,#15864);
#15864 = SURFACE_SIDE_STYLE('',(#15865));
#15865 = SURFACE_STYLE_FILL_AREA(#15866);
#15866 = FILL_AREA_STYLE('',(#15867));
#15867 = FILL_AREA_STYLE_COLOUR('',#15846);
#15868 = STYLED_ITEM('color',(#15869),#6510);
#15869 = PRESENTATION_STYLE_ASSIGNMENT((#15870));
#15870 = SURFACE_STYLE_USAGE(.BOTH.,#15871);
#15871 = SURFACE_SIDE_STYLE('',(#15872));
#15872 = SURFACE_STYLE_FILL_AREA(#15873);
#15873 = FILL_AREA_STYLE('',(#15874));
#15874 = FILL_AREA_STYLE_COLOUR('',#14895);
#15875 = STYLED_ITEM('color',(#15876),#6535);
#15876 = PRESENTATION_STYLE_ASSIGNMENT((#15877));
#15877 = SURFACE_STYLE_USAGE(.BOTH.,#15878);
#15878 = SURFACE_SIDE_STYLE('',(#15879));
#15879 = SURFACE_STYLE_FILL_AREA(#15880);
#15880 = FILL_AREA_STYLE('',(#15881));
#15881 = FILL_AREA_STYLE_COLOUR('',#14895);
#15882 = STYLED_ITEM('color',(#15883),#6560);
#15883 = PRESENTATION_STYLE_ASSIGNMENT((#15884));
#15884 = SURFACE_STYLE_USAGE(.BOTH.,#15885);
#15885 = SURFACE_SIDE_STYLE('',(#15886));
#15886 = SURFACE_STYLE_FILL_AREA(#15887);
#15887 = FILL_AREA_STYLE('',(#15888));
#15888 = FILL_AREA_STYLE_COLOUR('',#14895);
#15889 = STYLED_ITEM('color',(#15890),#6586);
#15890 = PRESENTATION_STYLE_ASSIGNMENT((#15891));
#15891 = SURFACE_STYLE_USAGE(.BOTH.,#15892);
#15892 = SURFACE_SIDE_STYLE('',(#15893));
#15893 = SURFACE_STYLE_FILL_AREA(#15894);
#15894 = FILL_AREA_STYLE('',(#15895));
#15895 = FILL_AREA_STYLE_COLOUR('',#14895);
#15896 = STYLED_ITEM('color',(#15897),#6612);
#15897 = PRESENTATION_STYLE_ASSIGNMENT((#15898));
#15898 = SURFACE_STYLE_USAGE(.BOTH.,#15899);
#15899 = SURFACE_SIDE_STYLE('',(#15900));
#15900 = SURFACE_STYLE_FILL_AREA(#15901);
#15901 = FILL_AREA_STYLE('',(#15902));
#15902 = FILL_AREA_STYLE_COLOUR('',#14895);
#15903 = STYLED_ITEM('color',(#15904),#6637);
#15904 = PRESENTATION_STYLE_ASSIGNMENT((#15905));
#15905 = SURFACE_STYLE_USAGE(.BOTH.,#15906);
#15906 = SURFACE_SIDE_STYLE('',(#15907));
#15907 = SURFACE_STYLE_FILL_AREA(#15908);
#15908 = FILL_AREA_STYLE('',(#15909));
#15909 = FILL_AREA_STYLE_COLOUR('',#14895);
#15910 = STYLED_ITEM('color',(#15911),#6662);
#15911 = PRESENTATION_STYLE_ASSIGNMENT((#15912));
#15912 = SURFACE_STYLE_USAGE(.BOTH.,#15913);
#15913 = SURFACE_SIDE_STYLE('',(#15914));
#15914 = SURFACE_STYLE_FILL_AREA(#15915);
#15915 = FILL_AREA_STYLE('',(#15916));
#15916 = FILL_AREA_STYLE_COLOUR('',#14895);
#15917 = STYLED_ITEM('color',(#15918),#6671);
#15918 = PRESENTATION_STYLE_ASSIGNMENT((#15919));
#15919 = SURFACE_STYLE_USAGE(.BOTH.,#15920);
#15920 = SURFACE_SIDE_STYLE('',(#15921));
#15921 = SURFACE_STYLE_FILL_AREA(#15922);
#15922 = FILL_AREA_STYLE('',(#15923));
#15923 = FILL_AREA_STYLE_COLOUR('',#14895);
#15924 = MECHANICAL_DESIGN_GEOMETRIC_PRESENTATION_REPRESENTATION('',(
    #15925),#14866);
#15925 = STYLED_ITEM('color',(#15926),#12587);
#15926 = PRESENTATION_STYLE_ASSIGNMENT((#15927));
#15927 = SURFACE_STYLE_USAGE(.BOTH.,#15928);
#15928 = SURFACE_SIDE_STYLE('',(#15929));
#15929 = SURFACE_STYLE_FILL_AREA(#15930);
#15930 = FILL_AREA_STYLE('',(#15931));
#15931 = FILL_AREA_STYLE_COLOUR('',#15932);
#15932 = COLOUR_RGB('',0.313304153717,0.484529207832,0.410020903123);
#15933 = MECHANICAL_DESIGN_GEOMETRIC_PRESENTATION_REPRESENTATION('',(
    #15934,#15941,#15948,#15955,#15962,#15969,#15976,#15983,#15990,
    #15997,#16004,#16011,#16018,#16025,#16032,#16039,#16046,#16053,
    #16060,#16067,#16074,#16081,#16088,#16095,#16102,#16109,#16116,
    #16123,#16130,#16137,#16144,#16151,#16158,#16165,#16172,#16179,
    #16186,#16193,#16200,#16207,#16214,#16221,#16228,#16235,#16242,
    #16249,#16256,#16263,#16270,#16278),#6293);
#15934 = STYLED_ITEM('color',(#15935),#4737);
#15935 = PRESENTATION_STYLE_ASSIGNMENT((#15936));
#15936 = SURFACE_STYLE_USAGE(.BOTH.,#15937);
#15937 = SURFACE_SIDE_STYLE('',(#15938));
#15938 = SURFACE_STYLE_FILL_AREA(#15939);
#15939 = FILL_AREA_STYLE('',(#15940));
#15940 = FILL_AREA_STYLE_COLOUR('',#14895);
#15941 = STYLED_ITEM('color',(#15942),#4777);
#15942 = PRESENTATION_STYLE_ASSIGNMENT((#15943));
#15943 = SURFACE_STYLE_USAGE(.BOTH.,#15944);
#15944 = SURFACE_SIDE_STYLE('',(#15945));
#15945 = SURFACE_STYLE_FILL_AREA(#15946);
#15946 = FILL_AREA_STYLE('',(#15947));
#15947 = FILL_AREA_STYLE_COLOUR('',#14895);
#15948 = STYLED_ITEM('color',(#15949),#4816);
#15949 = PRESENTATION_STYLE_ASSIGNMENT((#15950));
#15950 = SURFACE_STYLE_USAGE(.BOTH.,#15951);
#15951 = SURFACE_SIDE_STYLE('',(#15952));
#15952 = SURFACE_STYLE_FILL_AREA(#15953);
#15953 = FILL_AREA_STYLE('',(#15954));
#15954 = FILL_AREA_STYLE_COLOUR('',#14895);
#15955 = STYLED_ITEM('color',(#15956),#4840);
#15956 = PRESENTATION_STYLE_ASSIGNMENT((#15957));
#15957 = SURFACE_STYLE_USAGE(.BOTH.,#15958);
#15958 = SURFACE_SIDE_STYLE('',(#15959));
#15959 = SURFACE_STYLE_FILL_AREA(#15960);
#15960 = FILL_AREA_STYLE('',(#15961));
#15961 = FILL_AREA_STYLE_COLOUR('',#15846);
#15962 = STYLED_ITEM('color',(#15963),#5098);
#15963 = PRESENTATION_STYLE_ASSIGNMENT((#15964));
#15964 = SURFACE_STYLE_USAGE(.BOTH.,#15965);
#15965 = SURFACE_SIDE_STYLE('',(#15966));
#15966 = SURFACE_STYLE_FILL_AREA(#15967);
#15967 = FILL_AREA_STYLE('',(#15968));
#15968 = FILL_AREA_STYLE_COLOUR('',#14895);
#15969 = STYLED_ITEM('color',(#15970),#5115);
#15970 = PRESENTATION_STYLE_ASSIGNMENT((#15971));
#15971 = SURFACE_STYLE_USAGE(.BOTH.,#15972);
#15972 = SURFACE_SIDE_STYLE('',(#15973));
#15973 = SURFACE_STYLE_FILL_AREA(#15974);
#15974 = FILL_AREA_STYLE('',(#15975));
#15975 = FILL_AREA_STYLE_COLOUR('',#14895);
#15976 = STYLED_ITEM('color',(#15977),#5132);
#15977 = PRESENTATION_STYLE_ASSIGNMENT((#15978));
#15978 = SURFACE_STYLE_USAGE(.BOTH.,#15979);
#15979 = SURFACE_SIDE_STYLE('',(#15980));
#15980 = SURFACE_STYLE_FILL_AREA(#15981);
#15981 = FILL_AREA_STYLE('',(#15982));
#15982 = FILL_AREA_STYLE_COLOUR('',#14895);
#15983 = STYLED_ITEM('color',(#15984),#5144);
#15984 = PRESENTATION_STYLE_ASSIGNMENT((#15985));
#15985 = SURFACE_STYLE_USAGE(.BOTH.,#15986);
#15986 = SURFACE_SIDE_STYLE('',(#15987));
#15987 = SURFACE_STYLE_FILL_AREA(#15988);
#15988 = FILL_AREA_STYLE('',(#15989));
#15989 = FILL_AREA_STYLE_COLOUR('',#15846);
#15990 = STYLED_ITEM('color',(#15991),#5244);
#15991 = PRESENTATION_STYLE_ASSIGNMENT((#15992));
#15992 = SURFACE_STYLE_USAGE(.BOTH.,#15993);
#15993 = SURFACE_SIDE_STYLE('',(#15994));
#15994 = SURFACE_STYLE_FILL_AREA(#15995);
#15995 = FILL_AREA_STYLE('',(#15996));
#15996 = FILL_AREA_STYLE_COLOUR('',#14895);
#15997 = STYLED_ITEM('color',(#15998),#5284);
#15998 = PRESENTATION_STYLE_ASSIGNMENT((#15999));
#15999 = SURFACE_STYLE_USAGE(.BOTH.,#16000);
#16000 = SURFACE_SIDE_STYLE('',(#16001));
#16001 = SURFACE_STYLE_FILL_AREA(#16002);
#16002 = FILL_AREA_STYLE('',(#16003));
#16003 = FILL_AREA_STYLE_COLOUR('',#14895);
#16004 = STYLED_ITEM('color',(#16005),#5308);
#16005 = PRESENTATION_STYLE_ASSIGNMENT((#16006));
#16006 = SURFACE_STYLE_USAGE(.BOTH.,#16007);
#16007 = SURFACE_SIDE_STYLE('',(#16008));
#16008 = SURFACE_STYLE_FILL_AREA(#16009);
#16009 = FILL_AREA_STYLE('',(#16010));
#16010 = FILL_AREA_STYLE_COLOUR('',#14895);
#16011 = STYLED_ITEM('color',(#16012),#5341);
#16012 = PRESENTATION_STYLE_ASSIGNMENT((#16013));
#16013 = SURFACE_STYLE_USAGE(.BOTH.,#16014);
#16014 = SURFACE_SIDE_STYLE('',(#16015));
#16015 = SURFACE_STYLE_FILL_AREA(#16016);
#16016 = FILL_AREA_STYLE('',(#16017));
#16017 = FILL_AREA_STYLE_COLOUR('',#14895);
#16018 = STYLED_ITEM('color',(#16019),#5381);
#16019 = PRESENTATION_STYLE_ASSIGNMENT((#16020));
#16020 = SURFACE_STYLE_USAGE(.BOTH.,#16021);
#16021 = SURFACE_SIDE_STYLE('',(#16022));
#16022 = SURFACE_STYLE_FILL_AREA(#16023);
#16023 = FILL_AREA_STYLE('',(#16024));
#16024 = FILL_AREA_STYLE_COLOUR('',#14895);
#16025 = STYLED_ITEM('color',(#16026),#5405);
#16026 = PRESENTATION_STYLE_ASSIGNMENT((#16027));
#16027 = SURFACE_STYLE_USAGE(.BOTH.,#16028);
#16028 = SURFACE_SIDE_STYLE('',(#16029));
#16029 = SURFACE_STYLE_FILL_AREA(#16030);
#16030 = FILL_AREA_STYLE('',(#16031));
#16031 = FILL_AREA_STYLE_COLOUR('',#14895);
#16032 = STYLED_ITEM('color',(#16033),#5438);
#16033 = PRESENTATION_STYLE_ASSIGNMENT((#16034));
#16034 = SURFACE_STYLE_USAGE(.BOTH.,#16035);
#16035 = SURFACE_SIDE_STYLE('',(#16036));
#16036 = SURFACE_STYLE_FILL_AREA(#16037);
#16037 = FILL_AREA_STYLE('',(#16038));
#16038 = FILL_AREA_STYLE_COLOUR('',#14895);
#16039 = STYLED_ITEM('color',(#16040),#5478);
#16040 = PRESENTATION_STYLE_ASSIGNMENT((#16041));
#16041 = SURFACE_STYLE_USAGE(.BOTH.,#16042);
#16042 = SURFACE_SIDE_STYLE('',(#16043));
#16043 = SURFACE_STYLE_FILL_AREA(#16044);
#16044 = FILL_AREA_STYLE('',(#16045));
#16045 = FILL_AREA_STYLE_COLOUR('',#14895);
#16046 = STYLED_ITEM('color',(#16047),#5502);
#16047 = PRESENTATION_STYLE_ASSIGNMENT((#16048));
#16048 = SURFACE_STYLE_USAGE(.BOTH.,#16049);
#16049 = SURFACE_SIDE_STYLE('',(#16050));
#16050 = SURFACE_STYLE_FILL_AREA(#16051);
#16051 = FILL_AREA_STYLE('',(#16052));
#16052 = FILL_AREA_STYLE_COLOUR('',#14895);
#16053 = STYLED_ITEM('color',(#16054),#5535);
#16054 = PRESENTATION_STYLE_ASSIGNMENT((#16055));
#16055 = SURFACE_STYLE_USAGE(.BOTH.,#16056);
#16056 = SURFACE_SIDE_STYLE('',(#16057));
#16057 = SURFACE_STYLE_FILL_AREA(#16058);
#16058 = FILL_AREA_STYLE('',(#16059));
#16059 = FILL_AREA_STYLE_COLOUR('',#15846);
#16060 = STYLED_ITEM('color',(#16061),#5559);
#16061 = PRESENTATION_STYLE_ASSIGNMENT((#16062));
#16062 = SURFACE_STYLE_USAGE(.BOTH.,#16063);
#16063 = SURFACE_SIDE_STYLE('',(#16064));
#16064 = SURFACE_STYLE_FILL_AREA(#16065);
#16065 = FILL_AREA_STYLE('',(#16066));
#16066 = FILL_AREA_STYLE_COLOUR('',#15846);
#16067 = STYLED_ITEM('color',(#16068),#5652);
#16068 = PRESENTATION_STYLE_ASSIGNMENT((#16069));
#16069 = SURFACE_STYLE_USAGE(.BOTH.,#16070);
#16070 = SURFACE_SIDE_STYLE('',(#16071));
#16071 = SURFACE_STYLE_FILL_AREA(#16072);
#16072 = FILL_AREA_STYLE('',(#16073));
#16073 = FILL_AREA_STYLE_COLOUR('',#14895);
#16074 = STYLED_ITEM('color',(#16075),#5692);
#16075 = PRESENTATION_STYLE_ASSIGNMENT((#16076));
#16076 = SURFACE_STYLE_USAGE(.BOTH.,#16077);
#16077 = SURFACE_SIDE_STYLE('',(#16078));
#16078 = SURFACE_STYLE_FILL_AREA(#16079);
#16079 = FILL_AREA_STYLE('',(#16080));
#16080 = FILL_AREA_STYLE_COLOUR('',#14895);
#16081 = STYLED_ITEM('color',(#16082),#5716);
#16082 = PRESENTATION_STYLE_ASSIGNMENT((#16083));
#16083 = SURFACE_STYLE_USAGE(.BOTH.,#16084);
#16084 = SURFACE_SIDE_STYLE('',(#16085));
#16085 = SURFACE_STYLE_FILL_AREA(#16086);
#16086 = FILL_AREA_STYLE('',(#16087));
#16087 = FILL_AREA_STYLE_COLOUR('',#14895);
#16088 = STYLED_ITEM('color',(#16089),#5749);
#16089 = PRESENTATION_STYLE_ASSIGNMENT((#16090));
#16090 = SURFACE_STYLE_USAGE(.BOTH.,#16091);
#16091 = SURFACE_SIDE_STYLE('',(#16092));
#16092 = SURFACE_STYLE_FILL_AREA(#16093);
#16093 = FILL_AREA_STYLE('',(#16094));
#16094 = FILL_AREA_STYLE_COLOUR('',#14895);
#16095 = STYLED_ITEM('color',(#16096),#5789);
#16096 = PRESENTATION_STYLE_ASSIGNMENT((#16097));
#16097 = SURFACE_STYLE_USAGE(.BOTH.,#16098);
#16098 = SURFACE_SIDE_STYLE('',(#16099));
#16099 = SURFACE_STYLE_FILL_AREA(#16100);
#16100 = FILL_AREA_STYLE('',(#16101));
#16101 = FILL_AREA_STYLE_COLOUR('',#14895);
#16102 = STYLED_ITEM('color',(#16103),#5813);
#16103 = PRESENTATION_STYLE_ASSIGNMENT((#16104));
#16104 = SURFACE_STYLE_USAGE(.BOTH.,#16105);
#16105 = SURFACE_SIDE_STYLE('',(#16106));
#16106 = SURFACE_STYLE_FILL_AREA(#16107);
#16107 = FILL_AREA_STYLE('',(#16108));
#16108 = FILL_AREA_STYLE_COLOUR('',#14895);
#16109 = STYLED_ITEM('color',(#16110),#5846);
#16110 = PRESENTATION_STYLE_ASSIGNMENT((#16111));
#16111 = SURFACE_STYLE_USAGE(.BOTH.,#16112);
#16112 = SURFACE_SIDE_STYLE('',(#16113));
#16113 = SURFACE_STYLE_FILL_AREA(#16114);
#16114 = FILL_AREA_STYLE('',(#16115));
#16115 = FILL_AREA_STYLE_COLOUR('',#14895);
#16116 = STYLED_ITEM('color',(#16117),#5886);
#16117 = PRESENTATION_STYLE_ASSIGNMENT((#16118));
#16118 = SURFACE_STYLE_USAGE(.BOTH.,#16119);
#16119 = SURFACE_SIDE_STYLE('',(#16120));
#16120 = SURFACE_STYLE_FILL_AREA(#16121);
#16121 = FILL_AREA_STYLE('',(#16122));
#16122 = FILL_AREA_STYLE_COLOUR('',#14895);
#16123 = STYLED_ITEM('color',(#16124),#5910);
#16124 = PRESENTATION_STYLE_ASSIGNMENT((#16125));
#16125 = SURFACE_STYLE_USAGE(.BOTH.,#16126);
#16126 = SURFACE_SIDE_STYLE('',(#16127));
#16127 = SURFACE_STYLE_FILL_AREA(#16128);
#16128 = FILL_AREA_STYLE('',(#16129));
#16129 = FILL_AREA_STYLE_COLOUR('',#14895);
#16130 = STYLED_ITEM('color',(#16131),#5943);
#16131 = PRESENTATION_STYLE_ASSIGNMENT((#16132));
#16132 = SURFACE_STYLE_USAGE(.BOTH.,#16133);
#16133 = SURFACE_SIDE_STYLE('',(#16134));
#16134 = SURFACE_STYLE_FILL_AREA(#16135);
#16135 = FILL_AREA_STYLE('',(#16136));
#16136 = FILL_AREA_STYLE_COLOUR('',#15846);
#16137 = STYLED_ITEM('color',(#16138),#5960);
#16138 = PRESENTATION_STYLE_ASSIGNMENT((#16139));
#16139 = SURFACE_STYLE_USAGE(.BOTH.,#16140);
#16140 = SURFACE_SIDE_STYLE('',(#16141));
#16141 = SURFACE_STYLE_FILL_AREA(#16142);
#16142 = FILL_AREA_STYLE('',(#16143));
#16143 = FILL_AREA_STYLE_COLOUR('',#14895);
#16144 = STYLED_ITEM('color',(#16145),#5977);
#16145 = PRESENTATION_STYLE_ASSIGNMENT((#16146));
#16146 = SURFACE_STYLE_USAGE(.BOTH.,#16147);
#16147 = SURFACE_SIDE_STYLE('',(#16148));
#16148 = SURFACE_STYLE_FILL_AREA(#16149);
#16149 = FILL_AREA_STYLE('',(#16150));
#16150 = FILL_AREA_STYLE_COLOUR('',#14895);
#16151 = STYLED_ITEM('color',(#16152),#5994);
#16152 = PRESENTATION_STYLE_ASSIGNMENT((#16153));
#16153 = SURFACE_STYLE_USAGE(.BOTH.,#16154);
#16154 = SURFACE_SIDE_STYLE('',(#16155));
#16155 = SURFACE_STYLE_FILL_AREA(#16156);
#16156 = FILL_AREA_STYLE('',(#16157));
#16157 = FILL_AREA_STYLE_COLOUR('',#14895);
#16158 = STYLED_ITEM('color',(#16159),#6011);
#16159 = PRESENTATION_STYLE_ASSIGNMENT((#16160));
#16160 = SURFACE_STYLE_USAGE(.BOTH.,#16161);
#16161 = SURFACE_SIDE_STYLE('',(#16162));
#16162 = SURFACE_STYLE_FILL_AREA(#16163);
#16163 = FILL_AREA_STYLE('',(#16164));
#16164 = FILL_AREA_STYLE_COLOUR('',#15846);
#16165 = STYLED_ITEM('color',(#16166),#6034);
#16166 = PRESENTATION_STYLE_ASSIGNMENT((#16167));
#16167 = SURFACE_STYLE_USAGE(.BOTH.,#16168);
#16168 = SURFACE_SIDE_STYLE('',(#16169));
#16169 = SURFACE_STYLE_FILL_AREA(#16170);
#16170 = FILL_AREA_STYLE('',(#16171));
#16171 = FILL_AREA_STYLE_COLOUR('',#14895);
#16172 = STYLED_ITEM('color',(#16173),#6051);
#16173 = PRESENTATION_STYLE_ASSIGNMENT((#16174));
#16174 = SURFACE_STYLE_USAGE(.BOTH.,#16175);
#16175 = SURFACE_SIDE_STYLE('',(#16176));
#16176 = SURFACE_STYLE_FILL_AREA(#16177);
#16177 = FILL_AREA_STYLE('',(#16178));
#16178 = FILL_AREA_STYLE_COLOUR('',#14895);
#16179 = STYLED_ITEM('color',(#16180),#6063);
#16180 = PRESENTATION_STYLE_ASSIGNMENT((#16181));
#16181 = SURFACE_STYLE_USAGE(.BOTH.,#16182);
#16182 = SURFACE_SIDE_STYLE('',(#16183));
#16183 = SURFACE_STYLE_FILL_AREA(#16184);
#16184 = FILL_AREA_STYLE('',(#16185));
#16185 = FILL_AREA_STYLE_COLOUR('',#14895);
#16186 = STYLED_ITEM('color',(#16187),#6080);
#16187 = PRESENTATION_STYLE_ASSIGNMENT((#16188));
#16188 = SURFACE_STYLE_USAGE(.BOTH.,#16189);
#16189 = SURFACE_SIDE_STYLE('',(#16190));
#16190 = SURFACE_STYLE_FILL_AREA(#16191);
#16191 = FILL_AREA_STYLE('',(#16192));
#16192 = FILL_AREA_STYLE_COLOUR('',#14895);
#16193 = STYLED_ITEM('color',(#16194),#6092);
#16194 = PRESENTATION_STYLE_ASSIGNMENT((#16195));
#16195 = SURFACE_STYLE_USAGE(.BOTH.,#16196);
#16196 = SURFACE_SIDE_STYLE('',(#16197));
#16197 = SURFACE_STYLE_FILL_AREA(#16198);
#16198 = FILL_AREA_STYLE('',(#16199));
#16199 = FILL_AREA_STYLE_COLOUR('',#14895);
#16200 = STYLED_ITEM('color',(#16201),#6109);
#16201 = PRESENTATION_STYLE_ASSIGNMENT((#16202));
#16202 = SURFACE_STYLE_USAGE(.BOTH.,#16203);
#16203 = SURFACE_SIDE_STYLE('',(#16204));
#16204 = SURFACE_STYLE_FILL_AREA(#16205);
#16205 = FILL_AREA_STYLE('',(#16206));
#16206 = FILL_AREA_STYLE_COLOUR('',#14895);
#16207 = STYLED_ITEM('color',(#16208),#6121);
#16208 = PRESENTATION_STYLE_ASSIGNMENT((#16209));
#16209 = SURFACE_STYLE_USAGE(.BOTH.,#16210);
#16210 = SURFACE_SIDE_STYLE('',(#16211));
#16211 = SURFACE_STYLE_FILL_AREA(#16212);
#16212 = FILL_AREA_STYLE('',(#16213));
#16213 = FILL_AREA_STYLE_COLOUR('',#14895);
#16214 = STYLED_ITEM('color',(#16215),#6138);
#16215 = PRESENTATION_STYLE_ASSIGNMENT((#16216));
#16216 = SURFACE_STYLE_USAGE(.BOTH.,#16217);
#16217 = SURFACE_SIDE_STYLE('',(#16218));
#16218 = SURFACE_STYLE_FILL_AREA(#16219);
#16219 = FILL_AREA_STYLE('',(#16220));
#16220 = FILL_AREA_STYLE_COLOUR('',#14895);
#16221 = STYLED_ITEM('color',(#16222),#6155);
#16222 = PRESENTATION_STYLE_ASSIGNMENT((#16223));
#16223 = SURFACE_STYLE_USAGE(.BOTH.,#16224);
#16224 = SURFACE_SIDE_STYLE('',(#16225));
#16225 = SURFACE_STYLE_FILL_AREA(#16226);
#16226 = FILL_AREA_STYLE('',(#16227));
#16227 = FILL_AREA_STYLE_COLOUR('',#14895);
#16228 = STYLED_ITEM('color',(#16229),#6172);
#16229 = PRESENTATION_STYLE_ASSIGNMENT((#16230));
#16230 = SURFACE_STYLE_USAGE(.BOTH.,#16231);
#16231 = SURFACE_SIDE_STYLE('',(#16232));
#16232 = SURFACE_STYLE_FILL_AREA(#16233);
#16233 = FILL_AREA_STYLE('',(#16234));
#16234 = FILL_AREA_STYLE_COLOUR('',#14895);
#16235 = STYLED_ITEM('color',(#16236),#6189);
#16236 = PRESENTATION_STYLE_ASSIGNMENT((#16237));
#16237 = SURFACE_STYLE_USAGE(.BOTH.,#16238);
#16238 = SURFACE_SIDE_STYLE('',(#16239));
#16239 = SURFACE_STYLE_FILL_AREA(#16240);
#16240 = FILL_AREA_STYLE('',(#16241));
#16241 = FILL_AREA_STYLE_COLOUR('',#14895);
#16242 = STYLED_ITEM('color',(#16243),#6201);
#16243 = PRESENTATION_STYLE_ASSIGNMENT((#16244));
#16244 = SURFACE_STYLE_USAGE(.BOTH.,#16245);
#16245 = SURFACE_SIDE_STYLE('',(#16246));
#16246 = SURFACE_STYLE_FILL_AREA(#16247);
#16247 = FILL_AREA_STYLE('',(#16248));
#16248 = FILL_AREA_STYLE_COLOUR('',#14895);
#16249 = STYLED_ITEM('color',(#16250),#6218);
#16250 = PRESENTATION_STYLE_ASSIGNMENT((#16251));
#16251 = SURFACE_STYLE_USAGE(.BOTH.,#16252);
#16252 = SURFACE_SIDE_STYLE('',(#16253));
#16253 = SURFACE_STYLE_FILL_AREA(#16254);
#16254 = FILL_AREA_STYLE('',(#16255));
#16255 = FILL_AREA_STYLE_COLOUR('',#14895);
#16256 = STYLED_ITEM('color',(#16257),#6230);
#16257 = PRESENTATION_STYLE_ASSIGNMENT((#16258));
#16258 = SURFACE_STYLE_USAGE(.BOTH.,#16259);
#16259 = SURFACE_SIDE_STYLE('',(#16260));
#16260 = SURFACE_STYLE_FILL_AREA(#16261);
#16261 = FILL_AREA_STYLE('',(#16262));
#16262 = FILL_AREA_STYLE_COLOUR('',#14895);
#16263 = STYLED_ITEM('color',(#16264),#6247);
#16264 = PRESENTATION_STYLE_ASSIGNMENT((#16265));
#16265 = SURFACE_STYLE_USAGE(.BOTH.,#16266);
#16266 = SURFACE_SIDE_STYLE('',(#16267));
#16267 = SURFACE_STYLE_FILL_AREA(#16268);
#16268 = FILL_AREA_STYLE('',(#16269));
#16269 = FILL_AREA_STYLE_COLOUR('',#14895);
#16270 = STYLED_ITEM('color',(#16271),#6259);
#16271 = PRESENTATION_STYLE_ASSIGNMENT((#16272));
#16272 = SURFACE_STYLE_USAGE(.BOTH.,#16273);
#16273 = SURFACE_SIDE_STYLE('',(#16274));
#16274 = SURFACE_STYLE_FILL_AREA(#16275);
#16275 = FILL_AREA_STYLE('',(#16276));
#16276 = FILL_AREA_STYLE_COLOUR('',#16277);
#16277 = COLOUR_RGB('',0.690999977303,0.663999984767,0.597999987832);
#16278 = STYLED_ITEM('color',(#16279),#6284);
#16279 = PRESENTATION_STYLE_ASSIGNMENT((#16280));
#16280 = SURFACE_STYLE_USAGE(.BOTH.,#16281);
#16281 = SURFACE_SIDE_STYLE('',(#16282));
#16282 = SURFACE_STYLE_FILL_AREA(#16283);
#16283 = FILL_AREA_STYLE('',(#16284));
#16284 = FILL_AREA_STYLE_COLOUR('',#16277);
#16285 = MECHANICAL_DESIGN_GEOMETRIC_PRESENTATION_REPRESENTATION('',(
    #16286,#16293,#16300,#16307,#16314,#16321,#16328,#16335,#16342,
    #16349,#16356,#16363,#16370,#16377,#16384,#16391,#16398,#16405,
    #16412,#16419,#16426,#16433,#16440,#16447,#16454,#16461,#16468,
    #16475,#16482,#16490,#16497,#16504,#16511,#16518,#16525,#16532,
    #16539,#16546,#16553,#16560,#16567,#16574,#16581,#16588,#16595,
    #16602,#16609,#16616,#16623,#16630,#16637,#16644,#16651,#16658,
    #16665,#16672,#16679,#16686,#16693,#16700,#16707,#16714,#16721,
    #16728,#16735,#16742,#16749,#16756,#16763,#16770,#16777,#16784,
    #16791,#16798,#16805,#16812,#16819,#16826,#16833,#16840,#16847,
    #16854,#16861,#16868,#16875,#16882,#16889,#16896,#16903,#16910,
    #16917,#16924,#16931,#16938,#16945,#16952,#16959,#16966,#16973,
    #16980),#2940);
#16286 = STYLED_ITEM('color',(#16287),#162);
#16287 = PRESENTATION_STYLE_ASSIGNMENT((#16288));
#16288 = SURFACE_STYLE_USAGE(.BOTH.,#16289);
#16289 = SURFACE_SIDE_STYLE('',(#16290));
#16290 = SURFACE_STYLE_FILL_AREA(#16291);
#16291 = FILL_AREA_STYLE('',(#16292));
#16292 = FILL_AREA_STYLE_COLOUR('',#15846);
#16293 = STYLED_ITEM('color',(#16294),#202);
#16294 = PRESENTATION_STYLE_ASSIGNMENT((#16295));
#16295 = SURFACE_STYLE_USAGE(.BOTH.,#16296);
#16296 = SURFACE_SIDE_STYLE('',(#16297));
#16297 = SURFACE_STYLE_FILL_AREA(#16298);
#16298 = FILL_AREA_STYLE('',(#16299));
#16299 = FILL_AREA_STYLE_COLOUR('',#15846);
#16300 = STYLED_ITEM('color',(#16301),#233);
#16301 = PRESENTATION_STYLE_ASSIGNMENT((#16302));
#16302 = SURFACE_STYLE_USAGE(.BOTH.,#16303);
#16303 = SURFACE_SIDE_STYLE('',(#16304));
#16304 = SURFACE_STYLE_FILL_AREA(#16305);
#16305 = FILL_AREA_STYLE('',(#16306));
#16306 = FILL_AREA_STYLE_COLOUR('',#15846);
#16307 = STYLED_ITEM('color',(#16308),#264);
#16308 = PRESENTATION_STYLE_ASSIGNMENT((#16309));
#16309 = SURFACE_STYLE_USAGE(.BOTH.,#16310);
#16310 = SURFACE_SIDE_STYLE('',(#16311));
#16311 = SURFACE_STYLE_FILL_AREA(#16312);
#16312 = FILL_AREA_STYLE('',(#16313));
#16313 = FILL_AREA_STYLE_COLOUR('',#15846);
#16314 = STYLED_ITEM('color',(#16315),#593);
#16315 = PRESENTATION_STYLE_ASSIGNMENT((#16316));
#16316 = SURFACE_STYLE_USAGE(.BOTH.,#16317);
#16317 = SURFACE_SIDE_STYLE('',(#16318));
#16318 = SURFACE_STYLE_FILL_AREA(#16319);
#16319 = FILL_AREA_STYLE('',(#16320));
#16320 = FILL_AREA_STYLE_COLOUR('',#15846);
#16321 = STYLED_ITEM('color',(#16322),#922);
#16322 = PRESENTATION_STYLE_ASSIGNMENT((#16323));
#16323 = SURFACE_STYLE_USAGE(.BOTH.,#16324);
#16324 = SURFACE_SIDE_STYLE('',(#16325));
#16325 = SURFACE_STYLE_FILL_AREA(#16326);
#16326 = FILL_AREA_STYLE('',(#16327));
#16327 = FILL_AREA_STYLE_COLOUR('',#15846);
#16328 = STYLED_ITEM('color',(#16329),#939);
#16329 = PRESENTATION_STYLE_ASSIGNMENT((#16330));
#16330 = SURFACE_STYLE_USAGE(.BOTH.,#16331);
#16331 = SURFACE_SIDE_STYLE('',(#16332));
#16332 = SURFACE_STYLE_FILL_AREA(#16333);
#16333 = FILL_AREA_STYLE('',(#16334));
#16334 = FILL_AREA_STYLE_COLOUR('',#15846);
#16335 = STYLED_ITEM('color',(#16336),#956);
#16336 = PRESENTATION_STYLE_ASSIGNMENT((#16337));
#16337 = SURFACE_STYLE_USAGE(.BOTH.,#16338);
#16338 = SURFACE_SIDE_STYLE('',(#16339));
#16339 = SURFACE_STYLE_FILL_AREA(#16340);
#16340 = FILL_AREA_STYLE('',(#16341));
#16341 = FILL_AREA_STYLE_COLOUR('',#15846);
#16342 = STYLED_ITEM('color',(#16343),#973);
#16343 = PRESENTATION_STYLE_ASSIGNMENT((#16344));
#16344 = SURFACE_STYLE_USAGE(.BOTH.,#16345);
#16345 = SURFACE_SIDE_STYLE('',(#16346));
#16346 = SURFACE_STYLE_FILL_AREA(#16347);
#16347 = FILL_AREA_STYLE('',(#16348));
#16348 = FILL_AREA_STYLE_COLOUR('',#15846);
#16349 = STYLED_ITEM('color',(#16350),#990);
#16350 = PRESENTATION_STYLE_ASSIGNMENT((#16351));
#16351 = SURFACE_STYLE_USAGE(.BOTH.,#16352);
#16352 = SURFACE_SIDE_STYLE('',(#16353));
#16353 = SURFACE_STYLE_FILL_AREA(#16354);
#16354 = FILL_AREA_STYLE('',(#16355));
#16355 = FILL_AREA_STYLE_COLOUR('',#15846);
#16356 = STYLED_ITEM('color',(#16357),#1007);
#16357 = PRESENTATION_STYLE_ASSIGNMENT((#16358));
#16358 = SURFACE_STYLE_USAGE(.BOTH.,#16359);
#16359 = SURFACE_SIDE_STYLE('',(#16360));
#16360 = SURFACE_STYLE_FILL_AREA(#16361);
#16361 = FILL_AREA_STYLE('',(#16362));
#16362 = FILL_AREA_STYLE_COLOUR('',#15846);
#16363 = STYLED_ITEM('color',(#16364),#1024);
#16364 = PRESENTATION_STYLE_ASSIGNMENT((#16365));
#16365 = SURFACE_STYLE_USAGE(.BOTH.,#16366);
#16366 = SURFACE_SIDE_STYLE('',(#16367));
#16367 = SURFACE_STYLE_FILL_AREA(#16368);
#16368 = FILL_AREA_STYLE('',(#16369));
#16369 = FILL_AREA_STYLE_COLOUR('',#15846);
#16370 = STYLED_ITEM('color',(#16371),#1041);
#16371 = PRESENTATION_STYLE_ASSIGNMENT((#16372));
#16372 = SURFACE_STYLE_USAGE(.BOTH.,#16373);
#16373 = SURFACE_SIDE_STYLE('',(#16374));
#16374 = SURFACE_STYLE_FILL_AREA(#16375);
#16375 = FILL_AREA_STYLE('',(#16376));
#16376 = FILL_AREA_STYLE_COLOUR('',#15846);
#16377 = STYLED_ITEM('color',(#16378),#1058);
#16378 = PRESENTATION_STYLE_ASSIGNMENT((#16379));
#16379 = SURFACE_STYLE_USAGE(.BOTH.,#16380);
#16380 = SURFACE_SIDE_STYLE('',(#16381));
#16381 = SURFACE_STYLE_FILL_AREA(#16382);
#16382 = FILL_AREA_STYLE('',(#16383));
#16383 = FILL_AREA_STYLE_COLOUR('',#15846);
#16384 = STYLED_ITEM('color',(#16385),#1075);
#16385 = PRESENTATION_STYLE_ASSIGNMENT((#16386));
#16386 = SURFACE_STYLE_USAGE(.BOTH.,#16387);
#16387 = SURFACE_SIDE_STYLE('',(#16388));
#16388 = SURFACE_STYLE_FILL_AREA(#16389);
#16389 = FILL_AREA_STYLE('',(#16390));
#16390 = FILL_AREA_STYLE_COLOUR('',#15846);
#16391 = STYLED_ITEM('color',(#16392),#1092);
#16392 = PRESENTATION_STYLE_ASSIGNMENT((#16393));
#16393 = SURFACE_STYLE_USAGE(.BOTH.,#16394);
#16394 = SURFACE_SIDE_STYLE('',(#16395));
#16395 = SURFACE_STYLE_FILL_AREA(#16396);
#16396 = FILL_AREA_STYLE('',(#16397));
#16397 = FILL_AREA_STYLE_COLOUR('',#15846);
#16398 = STYLED_ITEM('color',(#16399),#1109);
#16399 = PRESENTATION_STYLE_ASSIGNMENT((#16400));
#16400 = SURFACE_STYLE_USAGE(.BOTH.,#16401);
#16401 = SURFACE_SIDE_STYLE('',(#16402));
#16402 = SURFACE_STYLE_FILL_AREA(#16403);
#16403 = FILL_AREA_STYLE('',(#16404));
#16404 = FILL_AREA_STYLE_COLOUR('',#15846);
#16405 = STYLED_ITEM('color',(#16406),#1126);
#16406 = PRESENTATION_STYLE_ASSIGNMENT((#16407));
#16407 = SURFACE_STYLE_USAGE(.BOTH.,#16408);
#16408 = SURFACE_SIDE_STYLE('',(#16409));
#16409 = SURFACE_STYLE_FILL_AREA(#16410);
#16410 = FILL_AREA_STYLE('',(#16411));
#16411 = FILL_AREA_STYLE_COLOUR('',#15846);
#16412 = STYLED_ITEM('color',(#16413),#1143);
#16413 = PRESENTATION_STYLE_ASSIGNMENT((#16414));
#16414 = SURFACE_STYLE_USAGE(.BOTH.,#16415);
#16415 = SURFACE_SIDE_STYLE('',(#16416));
#16416 = SURFACE_STYLE_FILL_AREA(#16417);
#16417 = FILL_AREA_STYLE('',(#16418));
#16418 = FILL_AREA_STYLE_COLOUR('',#15846);
#16419 = STYLED_ITEM('color',(#16420),#1160);
#16420 = PRESENTATION_STYLE_ASSIGNMENT((#16421));
#16421 = SURFACE_STYLE_USAGE(.BOTH.,#16422);
#16422 = SURFACE_SIDE_STYLE('',(#16423));
#16423 = SURFACE_STYLE_FILL_AREA(#16424);
#16424 = FILL_AREA_STYLE('',(#16425));
#16425 = FILL_AREA_STYLE_COLOUR('',#15846);
#16426 = STYLED_ITEM('color',(#16427),#1177);
#16427 = PRESENTATION_STYLE_ASSIGNMENT((#16428));
#16428 = SURFACE_STYLE_USAGE(.BOTH.,#16429);
#16429 = SURFACE_SIDE_STYLE('',(#16430));
#16430 = SURFACE_STYLE_FILL_AREA(#16431);
#16431 = FILL_AREA_STYLE('',(#16432));
#16432 = FILL_AREA_STYLE_COLOUR('',#15846);
#16433 = STYLED_ITEM('color',(#16434),#1194);
#16434 = PRESENTATION_STYLE_ASSIGNMENT((#16435));
#16435 = SURFACE_STYLE_USAGE(.BOTH.,#16436);
#16436 = SURFACE_SIDE_STYLE('',(#16437));
#16437 = SURFACE_STYLE_FILL_AREA(#16438);
#16438 = FILL_AREA_STYLE('',(#16439));
#16439 = FILL_AREA_STYLE_COLOUR('',#15846);
#16440 = STYLED_ITEM('color',(#16441),#1211);
#16441 = PRESENTATION_STYLE_ASSIGNMENT((#16442));
#16442 = SURFACE_STYLE_USAGE(.BOTH.,#16443);
#16443 = SURFACE_SIDE_STYLE('',(#16444));
#16444 = SURFACE_STYLE_FILL_AREA(#16445);
#16445 = FILL_AREA_STYLE('',(#16446));
#16446 = FILL_AREA_STYLE_COLOUR('',#15846);
#16447 = STYLED_ITEM('color',(#16448),#1228);
#16448 = PRESENTATION_STYLE_ASSIGNMENT((#16449));
#16449 = SURFACE_STYLE_USAGE(.BOTH.,#16450);
#16450 = SURFACE_SIDE_STYLE('',(#16451));
#16451 = SURFACE_STYLE_FILL_AREA(#16452);
#16452 = FILL_AREA_STYLE('',(#16453));
#16453 = FILL_AREA_STYLE_COLOUR('',#15846);
#16454 = STYLED_ITEM('color',(#16455),#1245);
#16455 = PRESENTATION_STYLE_ASSIGNMENT((#16456));
#16456 = SURFACE_STYLE_USAGE(.BOTH.,#16457);
#16457 = SURFACE_SIDE_STYLE('',(#16458));
#16458 = SURFACE_STYLE_FILL_AREA(#16459);
#16459 = FILL_AREA_STYLE('',(#16460));
#16460 = FILL_AREA_STYLE_COLOUR('',#15846);
#16461 = STYLED_ITEM('color',(#16462),#1262);
#16462 = PRESENTATION_STYLE_ASSIGNMENT((#16463));
#16463 = SURFACE_STYLE_USAGE(.BOTH.,#16464);
#16464 = SURFACE_SIDE_STYLE('',(#16465));
#16465 = SURFACE_STYLE_FILL_AREA(#16466);
#16466 = FILL_AREA_STYLE('',(#16467));
#16467 = FILL_AREA_STYLE_COLOUR('',#15846);
#16468 = STYLED_ITEM('color',(#16469),#1279);
#16469 = PRESENTATION_STYLE_ASSIGNMENT((#16470));
#16470 = SURFACE_STYLE_USAGE(.BOTH.,#16471);
#16471 = SURFACE_SIDE_STYLE('',(#16472));
#16472 = SURFACE_STYLE_FILL_AREA(#16473);
#16473 = FILL_AREA_STYLE('',(#16474));
#16474 = FILL_AREA_STYLE_COLOUR('',#15846);
#16475 = STYLED_ITEM('color',(#16476),#1296);
#16476 = PRESENTATION_STYLE_ASSIGNMENT((#16477));
#16477 = SURFACE_STYLE_USAGE(.BOTH.,#16478);
#16478 = SURFACE_SIDE_STYLE('',(#16479));
#16479 = SURFACE_STYLE_FILL_AREA(#16480);
#16480 = FILL_AREA_STYLE('',(#16481));
#16481 = FILL_AREA_STYLE_COLOUR('',#15846);
#16482 = STYLED_ITEM('color',(#16483),#1308);
#16483 = PRESENTATION_STYLE_ASSIGNMENT((#16484));
#16484 = SURFACE_STYLE_USAGE(.BOTH.,#16485);
#16485 = SURFACE_SIDE_STYLE('',(#16486));
#16486 = SURFACE_STYLE_FILL_AREA(#16487);
#16487 = FILL_AREA_STYLE('',(#16488));
#16488 = FILL_AREA_STYLE_COLOUR('',#16489);
#16489 = COLOUR_RGB('',0.859000020776,0.737999965183,0.495999988746);
#16490 = STYLED_ITEM('color',(#16491),#1339);
#16491 = PRESENTATION_STYLE_ASSIGNMENT((#16492));
#16492 = SURFACE_STYLE_USAGE(.BOTH.,#16493);
#16493 = SURFACE_SIDE_STYLE('',(#16494));
#16494 = SURFACE_STYLE_FILL_AREA(#16495);
#16495 = FILL_AREA_STYLE('',(#16496));
#16496 = FILL_AREA_STYLE_COLOUR('',#16489);
#16497 = STYLED_ITEM('color',(#16498),#1363);
#16498 = PRESENTATION_STYLE_ASSIGNMENT((#16499));
#16499 = SURFACE_STYLE_USAGE(.BOTH.,#16500);
#16500 = SURFACE_SIDE_STYLE('',(#16501));
#16501 = SURFACE_STYLE_FILL_AREA(#16502);
#16502 = FILL_AREA_STYLE('',(#16503));
#16503 = FILL_AREA_STYLE_COLOUR('',#16489);
#16504 = STYLED_ITEM('color',(#16505),#1387);
#16505 = PRESENTATION_STYLE_ASSIGNMENT((#16506));
#16506 = SURFACE_STYLE_USAGE(.BOTH.,#16507);
#16507 = SURFACE_SIDE_STYLE('',(#16508));
#16508 = SURFACE_STYLE_FILL_AREA(#16509);
#16509 = FILL_AREA_STYLE('',(#16510));
#16510 = FILL_AREA_STYLE_COLOUR('',#16489);
#16511 = STYLED_ITEM('color',(#16512),#1404);
#16512 = PRESENTATION_STYLE_ASSIGNMENT((#16513));
#16513 = SURFACE_STYLE_USAGE(.BOTH.,#16514);
#16514 = SURFACE_SIDE_STYLE('',(#16515));
#16515 = SURFACE_STYLE_FILL_AREA(#16516);
#16516 = FILL_AREA_STYLE('',(#16517));
#16517 = FILL_AREA_STYLE_COLOUR('',#16489);
#16518 = STYLED_ITEM('color',(#16519),#1435);
#16519 = PRESENTATION_STYLE_ASSIGNMENT((#16520));
#16520 = SURFACE_STYLE_USAGE(.BOTH.,#16521);
#16521 = SURFACE_SIDE_STYLE('',(#16522));
#16522 = SURFACE_STYLE_FILL_AREA(#16523);
#16523 = FILL_AREA_STYLE('',(#16524));
#16524 = FILL_AREA_STYLE_COLOUR('',#16489);
#16525 = STYLED_ITEM('color',(#16526),#1459);
#16526 = PRESENTATION_STYLE_ASSIGNMENT((#16527));
#16527 = SURFACE_STYLE_USAGE(.BOTH.,#16528);
#16528 = SURFACE_SIDE_STYLE('',(#16529));
#16529 = SURFACE_STYLE_FILL_AREA(#16530);
#16530 = FILL_AREA_STYLE('',(#16531));
#16531 = FILL_AREA_STYLE_COLOUR('',#16489);
#16532 = STYLED_ITEM('color',(#16533),#1483);
#16533 = PRESENTATION_STYLE_ASSIGNMENT((#16534));
#16534 = SURFACE_STYLE_USAGE(.BOTH.,#16535);
#16535 = SURFACE_SIDE_STYLE('',(#16536));
#16536 = SURFACE_STYLE_FILL_AREA(#16537);
#16537 = FILL_AREA_STYLE('',(#16538));
#16538 = FILL_AREA_STYLE_COLOUR('',#16489);
#16539 = STYLED_ITEM('color',(#16540),#1500);
#16540 = PRESENTATION_STYLE_ASSIGNMENT((#16541));
#16541 = SURFACE_STYLE_USAGE(.BOTH.,#16542);
#16542 = SURFACE_SIDE_STYLE('',(#16543));
#16543 = SURFACE_STYLE_FILL_AREA(#16544);
#16544 = FILL_AREA_STYLE('',(#16545));
#16545 = FILL_AREA_STYLE_COLOUR('',#16489);
#16546 = STYLED_ITEM('color',(#16547),#1531);
#16547 = PRESENTATION_STYLE_ASSIGNMENT((#16548));
#16548 = SURFACE_STYLE_USAGE(.BOTH.,#16549);
#16549 = SURFACE_SIDE_STYLE('',(#16550));
#16550 = SURFACE_STYLE_FILL_AREA(#16551);
#16551 = FILL_AREA_STYLE('',(#16552));
#16552 = FILL_AREA_STYLE_COLOUR('',#16489);
#16553 = STYLED_ITEM('color',(#16554),#1555);
#16554 = PRESENTATION_STYLE_ASSIGNMENT((#16555));
#16555 = SURFACE_STYLE_USAGE(.BOTH.,#16556);
#16556 = SURFACE_SIDE_STYLE('',(#16557));
#16557 = SURFACE_STYLE_FILL_AREA(#16558);
#16558 = FILL_AREA_STYLE('',(#16559));
#16559 = FILL_AREA_STYLE_COLOUR('',#16489);
#16560 = STYLED_ITEM('color',(#16561),#1579);
#16561 = PRESENTATION_STYLE_ASSIGNMENT((#16562));
#16562 = SURFACE_STYLE_USAGE(.BOTH.,#16563);
#16563 = SURFACE_SIDE_STYLE('',(#16564));
#16564 = SURFACE_STYLE_FILL_AREA(#16565);
#16565 = FILL_AREA_STYLE('',(#16566));
#16566 = FILL_AREA_STYLE_COLOUR('',#16489);
#16567 = STYLED_ITEM('color',(#16568),#1596);
#16568 = PRESENTATION_STYLE_ASSIGNMENT((#16569));
#16569 = SURFACE_STYLE_USAGE(.BOTH.,#16570);
#16570 = SURFACE_SIDE_STYLE('',(#16571));
#16571 = SURFACE_STYLE_FILL_AREA(#16572);
#16572 = FILL_AREA_STYLE('',(#16573));
#16573 = FILL_AREA_STYLE_COLOUR('',#16489);
#16574 = STYLED_ITEM('color',(#16575),#1627);
#16575 = PRESENTATION_STYLE_ASSIGNMENT((#16576));
#16576 = SURFACE_STYLE_USAGE(.BOTH.,#16577);
#16577 = SURFACE_SIDE_STYLE('',(#16578));
#16578 = SURFACE_STYLE_FILL_AREA(#16579);
#16579 = FILL_AREA_STYLE('',(#16580));
#16580 = FILL_AREA_STYLE_COLOUR('',#16489);
#16581 = STYLED_ITEM('color',(#16582),#1651);
#16582 = PRESENTATION_STYLE_ASSIGNMENT((#16583));
#16583 = SURFACE_STYLE_USAGE(.BOTH.,#16584);
#16584 = SURFACE_SIDE_STYLE('',(#16585));
#16585 = SURFACE_STYLE_FILL_AREA(#16586);
#16586 = FILL_AREA_STYLE('',(#16587));
#16587 = FILL_AREA_STYLE_COLOUR('',#16489);
#16588 = STYLED_ITEM('color',(#16589),#1675);
#16589 = PRESENTATION_STYLE_ASSIGNMENT((#16590));
#16590 = SURFACE_STYLE_USAGE(.BOTH.,#16591);
#16591 = SURFACE_SIDE_STYLE('',(#16592));
#16592 = SURFACE_STYLE_FILL_AREA(#16593);
#16593 = FILL_AREA_STYLE('',(#16594));
#16594 = FILL_AREA_STYLE_COLOUR('',#16489);
#16595 = STYLED_ITEM('color',(#16596),#1692);
#16596 = PRESENTATION_STYLE_ASSIGNMENT((#16597));
#16597 = SURFACE_STYLE_USAGE(.BOTH.,#16598);
#16598 = SURFACE_SIDE_STYLE('',(#16599));
#16599 = SURFACE_STYLE_FILL_AREA(#16600);
#16600 = FILL_AREA_STYLE('',(#16601));
#16601 = FILL_AREA_STYLE_COLOUR('',#16489);
#16602 = STYLED_ITEM('color',(#16603),#1723);
#16603 = PRESENTATION_STYLE_ASSIGNMENT((#16604));
#16604 = SURFACE_STYLE_USAGE(.BOTH.,#16605);
#16605 = SURFACE_SIDE_STYLE('',(#16606));
#16606 = SURFACE_STYLE_FILL_AREA(#16607);
#16607 = FILL_AREA_STYLE('',(#16608));
#16608 = FILL_AREA_STYLE_COLOUR('',#16489);
#16609 = STYLED_ITEM('color',(#16610),#1747);
#16610 = PRESENTATION_STYLE_ASSIGNMENT((#16611));
#16611 = SURFACE_STYLE_USAGE(.BOTH.,#16612);
#16612 = SURFACE_SIDE_STYLE('',(#16613));
#16613 = SURFACE_STYLE_FILL_AREA(#16614);
#16614 = FILL_AREA_STYLE('',(#16615));
#16615 = FILL_AREA_STYLE_COLOUR('',#16489);
#16616 = STYLED_ITEM('color',(#16617),#1771);
#16617 = PRESENTATION_STYLE_ASSIGNMENT((#16618));
#16618 = SURFACE_STYLE_USAGE(.BOTH.,#16619);
#16619 = SURFACE_SIDE_STYLE('',(#16620));
#16620 = SURFACE_STYLE_FILL_AREA(#16621);
#16621 = FILL_AREA_STYLE('',(#16622));
#16622 = FILL_AREA_STYLE_COLOUR('',#16489);
#16623 = STYLED_ITEM('color',(#16624),#1788);
#16624 = PRESENTATION_STYLE_ASSIGNMENT((#16625));
#16625 = SURFACE_STYLE_USAGE(.BOTH.,#16626);
#16626 = SURFACE_SIDE_STYLE('',(#16627));
#16627 = SURFACE_STYLE_FILL_AREA(#16628);
#16628 = FILL_AREA_STYLE('',(#16629));
#16629 = FILL_AREA_STYLE_COLOUR('',#16489);
#16630 = STYLED_ITEM('color',(#16631),#1819);
#16631 = PRESENTATION_STYLE_ASSIGNMENT((#16632));
#16632 = SURFACE_STYLE_USAGE(.BOTH.,#16633);
#16633 = SURFACE_SIDE_STYLE('',(#16634));
#16634 = SURFACE_STYLE_FILL_AREA(#16635);
#16635 = FILL_AREA_STYLE('',(#16636));
#16636 = FILL_AREA_STYLE_COLOUR('',#16489);
#16637 = STYLED_ITEM('color',(#16638),#1843);
#16638 = PRESENTATION_STYLE_ASSIGNMENT((#16639));
#16639 = SURFACE_STYLE_USAGE(.BOTH.,#16640);
#16640 = SURFACE_SIDE_STYLE('',(#16641));
#16641 = SURFACE_STYLE_FILL_AREA(#16642);
#16642 = FILL_AREA_STYLE('',(#16643));
#16643 = FILL_AREA_STYLE_COLOUR('',#16489);
#16644 = STYLED_ITEM('color',(#16645),#1867);
#16645 = PRESENTATION_STYLE_ASSIGNMENT((#16646));
#16646 = SURFACE_STYLE_USAGE(.BOTH.,#16647);
#16647 = SURFACE_SIDE_STYLE('',(#16648));
#16648 = SURFACE_STYLE_FILL_AREA(#16649);
#16649 = FILL_AREA_STYLE('',(#16650));
#16650 = FILL_AREA_STYLE_COLOUR('',#16489);
#16651 = STYLED_ITEM('color',(#16652),#1884);
#16652 = PRESENTATION_STYLE_ASSIGNMENT((#16653));
#16653 = SURFACE_STYLE_USAGE(.BOTH.,#16654);
#16654 = SURFACE_SIDE_STYLE('',(#16655));
#16655 = SURFACE_STYLE_FILL_AREA(#16656);
#16656 = FILL_AREA_STYLE('',(#16657));
#16657 = FILL_AREA_STYLE_COLOUR('',#16489);
#16658 = STYLED_ITEM('color',(#16659),#1915);
#16659 = PRESENTATION_STYLE_ASSIGNMENT((#16660));
#16660 = SURFACE_STYLE_USAGE(.BOTH.,#16661);
#16661 = SURFACE_SIDE_STYLE('',(#16662));
#16662 = SURFACE_STYLE_FILL_AREA(#16663);
#16663 = FILL_AREA_STYLE('',(#16664));
#16664 = FILL_AREA_STYLE_COLOUR('',#16489);
#16665 = STYLED_ITEM('color',(#16666),#1939);
#16666 = PRESENTATION_STYLE_ASSIGNMENT((#16667));
#16667 = SURFACE_STYLE_USAGE(.BOTH.,#16668);
#16668 = SURFACE_SIDE_STYLE('',(#16669));
#16669 = SURFACE_STYLE_FILL_AREA(#16670);
#16670 = FILL_AREA_STYLE('',(#16671));
#16671 = FILL_AREA_STYLE_COLOUR('',#16489);
#16672 = STYLED_ITEM('color',(#16673),#1963);
#16673 = PRESENTATION_STYLE_ASSIGNMENT((#16674));
#16674 = SURFACE_STYLE_USAGE(.BOTH.,#16675);
#16675 = SURFACE_SIDE_STYLE('',(#16676));
#16676 = SURFACE_STYLE_FILL_AREA(#16677);
#16677 = FILL_AREA_STYLE('',(#16678));
#16678 = FILL_AREA_STYLE_COLOUR('',#16489);
#16679 = STYLED_ITEM('color',(#16680),#1980);
#16680 = PRESENTATION_STYLE_ASSIGNMENT((#16681));
#16681 = SURFACE_STYLE_USAGE(.BOTH.,#16682);
#16682 = SURFACE_SIDE_STYLE('',(#16683));
#16683 = SURFACE_STYLE_FILL_AREA(#16684);
#16684 = FILL_AREA_STYLE('',(#16685));
#16685 = FILL_AREA_STYLE_COLOUR('',#16489);
#16686 = STYLED_ITEM('color',(#16687),#2011);
#16687 = PRESENTATION_STYLE_ASSIGNMENT((#16688));
#16688 = SURFACE_STYLE_USAGE(.BOTH.,#16689);
#16689 = SURFACE_SIDE_STYLE('',(#16690));
#16690 = SURFACE_STYLE_FILL_AREA(#16691);
#16691 = FILL_AREA_STYLE('',(#16692));
#16692 = FILL_AREA_STYLE_COLOUR('',#16489);
#16693 = STYLED_ITEM('color',(#16694),#2035);
#16694 = PRESENTATION_STYLE_ASSIGNMENT((#16695));
#16695 = SURFACE_STYLE_USAGE(.BOTH.,#16696);
#16696 = SURFACE_SIDE_STYLE('',(#16697));
#16697 = SURFACE_STYLE_FILL_AREA(#16698);
#16698 = FILL_AREA_STYLE('',(#16699));
#16699 = FILL_AREA_STYLE_COLOUR('',#16489);
#16700 = STYLED_ITEM('color',(#16701),#2059);
#16701 = PRESENTATION_STYLE_ASSIGNMENT((#16702));
#16702 = SURFACE_STYLE_USAGE(.BOTH.,#16703);
#16703 = SURFACE_SIDE_STYLE('',(#16704));
#16704 = SURFACE_STYLE_FILL_AREA(#16705);
#16705 = FILL_AREA_STYLE('',(#16706));
#16706 = FILL_AREA_STYLE_COLOUR('',#16489);
#16707 = STYLED_ITEM('color',(#16708),#2076);
#16708 = PRESENTATION_STYLE_ASSIGNMENT((#16709));
#16709 = SURFACE_STYLE_USAGE(.BOTH.,#16710);
#16710 = SURFACE_SIDE_STYLE('',(#16711));
#16711 = SURFACE_STYLE_FILL_AREA(#16712);
#16712 = FILL_AREA_STYLE('',(#16713));
#16713 = FILL_AREA_STYLE_COLOUR('',#16489);
#16714 = STYLED_ITEM('color',(#16715),#2107);
#16715 = PRESENTATION_STYLE_ASSIGNMENT((#16716));
#16716 = SURFACE_STYLE_USAGE(.BOTH.,#16717);
#16717 = SURFACE_SIDE_STYLE('',(#16718));
#16718 = SURFACE_STYLE_FILL_AREA(#16719);
#16719 = FILL_AREA_STYLE('',(#16720));
#16720 = FILL_AREA_STYLE_COLOUR('',#16489);
#16721 = STYLED_ITEM('color',(#16722),#2131);
#16722 = PRESENTATION_STYLE_ASSIGNMENT((#16723));
#16723 = SURFACE_STYLE_USAGE(.BOTH.,#16724);
#16724 = SURFACE_SIDE_STYLE('',(#16725));
#16725 = SURFACE_STYLE_FILL_AREA(#16726);
#16726 = FILL_AREA_STYLE('',(#16727));
#16727 = FILL_AREA_STYLE_COLOUR('',#16489);
#16728 = STYLED_ITEM('color',(#16729),#2155);
#16729 = PRESENTATION_STYLE_ASSIGNMENT((#16730));
#16730 = SURFACE_STYLE_USAGE(.BOTH.,#16731);
#16731 = SURFACE_SIDE_STYLE('',(#16732));
#16732 = SURFACE_STYLE_FILL_AREA(#16733);
#16733 = FILL_AREA_STYLE('',(#16734));
#16734 = FILL_AREA_STYLE_COLOUR('',#16489);
#16735 = STYLED_ITEM('color',(#16736),#2172);
#16736 = PRESENTATION_STYLE_ASSIGNMENT((#16737));
#16737 = SURFACE_STYLE_USAGE(.BOTH.,#16738);
#16738 = SURFACE_SIDE_STYLE('',(#16739));
#16739 = SURFACE_STYLE_FILL_AREA(#16740);
#16740 = FILL_AREA_STYLE('',(#16741));
#16741 = FILL_AREA_STYLE_COLOUR('',#16489);
#16742 = STYLED_ITEM('color',(#16743),#2203);
#16743 = PRESENTATION_STYLE_ASSIGNMENT((#16744));
#16744 = SURFACE_STYLE_USAGE(.BOTH.,#16745);
#16745 = SURFACE_SIDE_STYLE('',(#16746));
#16746 = SURFACE_STYLE_FILL_AREA(#16747);
#16747 = FILL_AREA_STYLE('',(#16748));
#16748 = FILL_AREA_STYLE_COLOUR('',#16489);
#16749 = STYLED_ITEM('color',(#16750),#2227);
#16750 = PRESENTATION_STYLE_ASSIGNMENT((#16751));
#16751 = SURFACE_STYLE_USAGE(.BOTH.,#16752);
#16752 = SURFACE_SIDE_STYLE('',(#16753));
#16753 = SURFACE_STYLE_FILL_AREA(#16754);
#16754 = FILL_AREA_STYLE('',(#16755));
#16755 = FILL_AREA_STYLE_COLOUR('',#16489);
#16756 = STYLED_ITEM('color',(#16757),#2251);
#16757 = PRESENTATION_STYLE_ASSIGNMENT((#16758));
#16758 = SURFACE_STYLE_USAGE(.BOTH.,#16759);
#16759 = SURFACE_SIDE_STYLE('',(#16760));
#16760 = SURFACE_STYLE_FILL_AREA(#16761);
#16761 = FILL_AREA_STYLE('',(#16762));
#16762 = FILL_AREA_STYLE_COLOUR('',#16489);
#16763 = STYLED_ITEM('color',(#16764),#2268);
#16764 = PRESENTATION_STYLE_ASSIGNMENT((#16765));
#16765 = SURFACE_STYLE_USAGE(.BOTH.,#16766);
#16766 = SURFACE_SIDE_STYLE('',(#16767));
#16767 = SURFACE_STYLE_FILL_AREA(#16768);
#16768 = FILL_AREA_STYLE('',(#16769));
#16769 = FILL_AREA_STYLE_COLOUR('',#16489);
#16770 = STYLED_ITEM('color',(#16771),#2299);
#16771 = PRESENTATION_STYLE_ASSIGNMENT((#16772));
#16772 = SURFACE_STYLE_USAGE(.BOTH.,#16773);
#16773 = SURFACE_SIDE_STYLE('',(#16774));
#16774 = SURFACE_STYLE_FILL_AREA(#16775);
#16775 = FILL_AREA_STYLE('',(#16776));
#16776 = FILL_AREA_STYLE_COLOUR('',#16489);
#16777 = STYLED_ITEM('color',(#16778),#2323);
#16778 = PRESENTATION_STYLE_ASSIGNMENT((#16779));
#16779 = SURFACE_STYLE_USAGE(.BOTH.,#16780);
#16780 = SURFACE_SIDE_STYLE('',(#16781));
#16781 = SURFACE_STYLE_FILL_AREA(#16782);
#16782 = FILL_AREA_STYLE('',(#16783));
#16783 = FILL_AREA_STYLE_COLOUR('',#16489);
#16784 = STYLED_ITEM('color',(#16785),#2347);
#16785 = PRESENTATION_STYLE_ASSIGNMENT((#16786));
#16786 = SURFACE_STYLE_USAGE(.BOTH.,#16787);
#16787 = SURFACE_SIDE_STYLE('',(#16788));
#16788 = SURFACE_STYLE_FILL_AREA(#16789);
#16789 = FILL_AREA_STYLE('',(#16790));
#16790 = FILL_AREA_STYLE_COLOUR('',#16489);
#16791 = STYLED_ITEM('color',(#16792),#2364);
#16792 = PRESENTATION_STYLE_ASSIGNMENT((#16793));
#16793 = SURFACE_STYLE_USAGE(.BOTH.,#16794);
#16794 = SURFACE_SIDE_STYLE('',(#16795));
#16795 = SURFACE_STYLE_FILL_AREA(#16796);
#16796 = FILL_AREA_STYLE('',(#16797));
#16797 = FILL_AREA_STYLE_COLOUR('',#16489);
#16798 = STYLED_ITEM('color',(#16799),#2395);
#16799 = PRESENTATION_STYLE_ASSIGNMENT((#16800));
#16800 = SURFACE_STYLE_USAGE(.BOTH.,#16801);
#16801 = SURFACE_SIDE_STYLE('',(#16802));
#16802 = SURFACE_STYLE_FILL_AREA(#16803);
#16803 = FILL_AREA_STYLE('',(#16804));
#16804 = FILL_AREA_STYLE_COLOUR('',#16489);
#16805 = STYLED_ITEM('color',(#16806),#2419);
#16806 = PRESENTATION_STYLE_ASSIGNMENT((#16807));
#16807 = SURFACE_STYLE_USAGE(.BOTH.,#16808);
#16808 = SURFACE_SIDE_STYLE('',(#16809));
#16809 = SURFACE_STYLE_FILL_AREA(#16810);
#16810 = FILL_AREA_STYLE('',(#16811));
#16811 = FILL_AREA_STYLE_COLOUR('',#16489);
#16812 = STYLED_ITEM('color',(#16813),#2443);
#16813 = PRESENTATION_STYLE_ASSIGNMENT((#16814));
#16814 = SURFACE_STYLE_USAGE(.BOTH.,#16815);
#16815 = SURFACE_SIDE_STYLE('',(#16816));
#16816 = SURFACE_STYLE_FILL_AREA(#16817);
#16817 = FILL_AREA_STYLE('',(#16818));
#16818 = FILL_AREA_STYLE_COLOUR('',#16489);
#16819 = STYLED_ITEM('color',(#16820),#2460);
#16820 = PRESENTATION_STYLE_ASSIGNMENT((#16821));
#16821 = SURFACE_STYLE_USAGE(.BOTH.,#16822);
#16822 = SURFACE_SIDE_STYLE('',(#16823));
#16823 = SURFACE_STYLE_FILL_AREA(#16824);
#16824 = FILL_AREA_STYLE('',(#16825));
#16825 = FILL_AREA_STYLE_COLOUR('',#16489);
#16826 = STYLED_ITEM('color',(#16827),#2491);
#16827 = PRESENTATION_STYLE_ASSIGNMENT((#16828));
#16828 = SURFACE_STYLE_USAGE(.BOTH.,#16829);
#16829 = SURFACE_SIDE_STYLE('',(#16830));
#16830 = SURFACE_STYLE_FILL_AREA(#16831);
#16831 = FILL_AREA_STYLE('',(#16832));
#16832 = FILL_AREA_STYLE_COLOUR('',#16489);
#16833 = STYLED_ITEM('color',(#16834),#2515);
#16834 = PRESENTATION_STYLE_ASSIGNMENT((#16835));
#16835 = SURFACE_STYLE_USAGE(.BOTH.,#16836);
#16836 = SURFACE_SIDE_STYLE('',(#16837));
#16837 = SURFACE_STYLE_FILL_AREA(#16838);
#16838 = FILL_AREA_STYLE('',(#16839));
#16839 = FILL_AREA_STYLE_COLOUR('',#16489);
#16840 = STYLED_ITEM('color',(#16841),#2539);
#16841 = PRESENTATION_STYLE_ASSIGNMENT((#16842));
#16842 = SURFACE_STYLE_USAGE(.BOTH.,#16843);
#16843 = SURFACE_SIDE_STYLE('',(#16844));
#16844 = SURFACE_STYLE_FILL_AREA(#16845);
#16845 = FILL_AREA_STYLE('',(#16846));
#16846 = FILL_AREA_STYLE_COLOUR('',#16489);
#16847 = STYLED_ITEM('color',(#16848),#2556);
#16848 = PRESENTATION_STYLE_ASSIGNMENT((#16849));
#16849 = SURFACE_STYLE_USAGE(.BOTH.,#16850);
#16850 = SURFACE_SIDE_STYLE('',(#16851));
#16851 = SURFACE_STYLE_FILL_AREA(#16852);
#16852 = FILL_AREA_STYLE('',(#16853));
#16853 = FILL_AREA_STYLE_COLOUR('',#16489);
#16854 = STYLED_ITEM('color',(#16855),#2587);
#16855 = PRESENTATION_STYLE_ASSIGNMENT((#16856));
#16856 = SURFACE_STYLE_USAGE(.BOTH.,#16857);
#16857 = SURFACE_SIDE_STYLE('',(#16858));
#16858 = SURFACE_STYLE_FILL_AREA(#16859);
#16859 = FILL_AREA_STYLE('',(#16860));
#16860 = FILL_AREA_STYLE_COLOUR('',#16489);
#16861 = STYLED_ITEM('color',(#16862),#2611);
#16862 = PRESENTATION_STYLE_ASSIGNMENT((#16863));
#16863 = SURFACE_STYLE_USAGE(.BOTH.,#16864);
#16864 = SURFACE_SIDE_STYLE('',(#16865));
#16865 = SURFACE_STYLE_FILL_AREA(#16866);
#16866 = FILL_AREA_STYLE('',(#16867));
#16867 = FILL_AREA_STYLE_COLOUR('',#16489);
#16868 = STYLED_ITEM('color',(#16869),#2635);
#16869 = PRESENTATION_STYLE_ASSIGNMENT((#16870));
#16870 = SURFACE_STYLE_USAGE(.BOTH.,#16871);
#16871 = SURFACE_SIDE_STYLE('',(#16872));
#16872 = SURFACE_STYLE_FILL_AREA(#16873);
#16873 = FILL_AREA_STYLE('',(#16874));
#16874 = FILL_AREA_STYLE_COLOUR('',#16489);
#16875 = STYLED_ITEM('color',(#16876),#2652);
#16876 = PRESENTATION_STYLE_ASSIGNMENT((#16877));
#16877 = SURFACE_STYLE_USAGE(.BOTH.,#16878);
#16878 = SURFACE_SIDE_STYLE('',(#16879));
#16879 = SURFACE_STYLE_FILL_AREA(#16880);
#16880 = FILL_AREA_STYLE('',(#16881));
#16881 = FILL_AREA_STYLE_COLOUR('',#16489);
#16882 = STYLED_ITEM('color',(#16883),#2683);
#16883 = PRESENTATION_STYLE_ASSIGNMENT((#16884));
#16884 = SURFACE_STYLE_USAGE(.BOTH.,#16885);
#16885 = SURFACE_SIDE_STYLE('',(#16886));
#16886 = SURFACE_STYLE_FILL_AREA(#16887);
#16887 = FILL_AREA_STYLE('',(#16888));
#16888 = FILL_AREA_STYLE_COLOUR('',#16489);
#16889 = STYLED_ITEM('color',(#16890),#2707);
#16890 = PRESENTATION_STYLE_ASSIGNMENT((#16891));
#16891 = SURFACE_STYLE_USAGE(.BOTH.,#16892);
#16892 = SURFACE_SIDE_STYLE('',(#16893));
#16893 = SURFACE_STYLE_FILL_AREA(#16894);
#16894 = FILL_AREA_STYLE('',(#16895));
#16895 = FILL_AREA_STYLE_COLOUR('',#16489);
#16896 = STYLED_ITEM('color',(#16897),#2731);
#16897 = PRESENTATION_STYLE_ASSIGNMENT((#16898));
#16898 = SURFACE_STYLE_USAGE(.BOTH.,#16899);
#16899 = SURFACE_SIDE_STYLE('',(#16900));
#16900 = SURFACE_STYLE_FILL_AREA(#16901);
#16901 = FILL_AREA_STYLE('',(#16902));
#16902 = FILL_AREA_STYLE_COLOUR('',#16489);
#16903 = STYLED_ITEM('color',(#16904),#2748);
#16904 = PRESENTATION_STYLE_ASSIGNMENT((#16905));
#16905 = SURFACE_STYLE_USAGE(.BOTH.,#16906);
#16906 = SURFACE_SIDE_STYLE('',(#16907));
#16907 = SURFACE_STYLE_FILL_AREA(#16908);
#16908 = FILL_AREA_STYLE('',(#16909));
#16909 = FILL_AREA_STYLE_COLOUR('',#16489);
#16910 = STYLED_ITEM('color',(#16911),#2779);
#16911 = PRESENTATION_STYLE_ASSIGNMENT((#16912));
#16912 = SURFACE_STYLE_USAGE(.BOTH.,#16913);
#16913 = SURFACE_SIDE_STYLE('',(#16914));
#16914 = SURFACE_STYLE_FILL_AREA(#16915);
#16915 = FILL_AREA_STYLE('',(#16916));
#16916 = FILL_AREA_STYLE_COLOUR('',#16489);
#16917 = STYLED_ITEM('color',(#16918),#2803);
#16918 = PRESENTATION_STYLE_ASSIGNMENT((#16919));
#16919 = SURFACE_STYLE_USAGE(.BOTH.,#16920);
#16920 = SURFACE_SIDE_STYLE('',(#16921));
#16921 = SURFACE_STYLE_FILL_AREA(#16922);
#16922 = FILL_AREA_STYLE('',(#16923));
#16923 = FILL_AREA_STYLE_COLOUR('',#16489);
#16924 = STYLED_ITEM('color',(#16925),#2827);
#16925 = PRESENTATION_STYLE_ASSIGNMENT((#16926));
#16926 = SURFACE_STYLE_USAGE(.BOTH.,#16927);
#16927 = SURFACE_SIDE_STYLE('',(#16928));
#16928 = SURFACE_STYLE_FILL_AREA(#16929);
#16929 = FILL_AREA_STYLE('',(#16930));
#16930 = FILL_AREA_STYLE_COLOUR('',#16489);
#16931 = STYLED_ITEM('color',(#16932),#2844);
#16932 = PRESENTATION_STYLE_ASSIGNMENT((#16933));
#16933 = SURFACE_STYLE_USAGE(.BOTH.,#16934);
#16934 = SURFACE_SIDE_STYLE('',(#16935));
#16935 = SURFACE_STYLE_FILL_AREA(#16936);
#16936 = FILL_AREA_STYLE('',(#16937));
#16937 = FILL_AREA_STYLE_COLOUR('',#16489);
#16938 = STYLED_ITEM('color',(#16939),#2856);
#16939 = PRESENTATION_STYLE_ASSIGNMENT((#16940));
#16940 = SURFACE_STYLE_USAGE(.BOTH.,#16941);
#16941 = SURFACE_SIDE_STYLE('',(#16942));
#16942 = SURFACE_STYLE_FILL_AREA(#16943);
#16943 = FILL_AREA_STYLE('',(#16944));
#16944 = FILL_AREA_STYLE_COLOUR('',#16489);
#16945 = STYLED_ITEM('color',(#16946),#2868);
#16946 = PRESENTATION_STYLE_ASSIGNMENT((#16947));
#16947 = SURFACE_STYLE_USAGE(.BOTH.,#16948);
#16948 = SURFACE_SIDE_STYLE('',(#16949));
#16949 = SURFACE_STYLE_FILL_AREA(#16950);
#16950 = FILL_AREA_STYLE('',(#16951));
#16951 = FILL_AREA_STYLE_COLOUR('',#16489);
#16952 = STYLED_ITEM('color',(#16953),#2880);
#16953 = PRESENTATION_STYLE_ASSIGNMENT((#16954));
#16954 = SURFACE_STYLE_USAGE(.BOTH.,#16955);
#16955 = SURFACE_SIDE_STYLE('',(#16956));
#16956 = SURFACE_STYLE_FILL_AREA(#16957);
#16957 = FILL_AREA_STYLE('',(#16958));
#16958 = FILL_AREA_STYLE_COLOUR('',#16489);
#16959 = STYLED_ITEM('color',(#16960),#2892);
#16960 = PRESENTATION_STYLE_ASSIGNMENT((#16961));
#16961 = SURFACE_STYLE_USAGE(.BOTH.,#16962);
#16962 = SURFACE_SIDE_STYLE('',(#16963));
#16963 = SURFACE_STYLE_FILL_AREA(#16964);
#16964 = FILL_AREA_STYLE('',(#16965));
#16965 = FILL_AREA_STYLE_COLOUR('',#16489);
#16966 = STYLED_ITEM('color',(#16967),#2904);
#16967 = PRESENTATION_STYLE_ASSIGNMENT((#16968));
#16968 = SURFACE_STYLE_USAGE(.BOTH.,#16969);
#16969 = SURFACE_SIDE_STYLE('',(#16970));
#16970 = SURFACE_STYLE_FILL_AREA(#16971);
#16971 = FILL_AREA_STYLE('',(#16972));
#16972 = FILL_AREA_STYLE_COLOUR('',#16489);
#16973 = STYLED_ITEM('color',(#16974),#2916);
#16974 = PRESENTATION_STYLE_ASSIGNMENT((#16975));
#16975 = SURFACE_STYLE_USAGE(.BOTH.,#16976);
#16976 = SURFACE_SIDE_STYLE('',(#16977));
#16977 = SURFACE_STYLE_FILL_AREA(#16978);
#16978 = FILL_AREA_STYLE('',(#16979));
#16979 = FILL_AREA_STYLE_COLOUR('',#16489);
#16980 = STYLED_ITEM('color',(#16981),#2928);
#16981 = PRESENTATION_STYLE_ASSIGNMENT((#16982));
#16982 = SURFACE_STYLE_USAGE(.BOTH.,#16983);
#16983 = SURFACE_SIDE_STYLE('',(#16984));
#16984 = SURFACE_STYLE_FILL_AREA(#16985);
#16985 = FILL_AREA_STYLE('',(#16986));
#16986 = FILL_AREA_STYLE_COLOUR('',#16489);
#16987 = MECHANICAL_DESIGN_GEOMETRIC_PRESENTATION_REPRESENTATION('',(
    #16988,#16995,#17002,#17009,#17016,#17023,#17030,#17037,#17044,
    #17051,#17058,#17065,#17072,#17079,#17087,#17094,#17101,#17108,
    #17115,#17122,#17129,#17136,#17143,#17150,#17157,#17164),#4688);
#16988 = STYLED_ITEM('color',(#16989),#3900);
#16989 = PRESENTATION_STYLE_ASSIGNMENT((#16990));
#16990 = SURFACE_STYLE_USAGE(.BOTH.,#16991);
#16991 = SURFACE_SIDE_STYLE('',(#16992));
#16992 = SURFACE_STYLE_FILL_AREA(#16993);
#16993 = FILL_AREA_STYLE('',(#16994));
#16994 = FILL_AREA_STYLE_COLOUR('',#14895);
#16995 = STYLED_ITEM('color',(#16996),#3940);
#16996 = PRESENTATION_STYLE_ASSIGNMENT((#16997));
#16997 = SURFACE_STYLE_USAGE(.BOTH.,#16998);
#16998 = SURFACE_SIDE_STYLE('',(#16999));
#16999 = SURFACE_STYLE_FILL_AREA(#17000);
#17000 = FILL_AREA_STYLE('',(#17001));
#17001 = FILL_AREA_STYLE_COLOUR('',#14895);
#17002 = STYLED_ITEM('color',(#17003),#4023);
#17003 = PRESENTATION_STYLE_ASSIGNMENT((#17004));
#17004 = SURFACE_STYLE_USAGE(.BOTH.,#17005);
#17005 = SURFACE_SIDE_STYLE('',(#17006));
#17006 = SURFACE_STYLE_FILL_AREA(#17007);
#17007 = FILL_AREA_STYLE('',(#17008));
#17008 = FILL_AREA_STYLE_COLOUR('',#14895);
#17009 = STYLED_ITEM('color',(#17010),#4048);
#17010 = PRESENTATION_STYLE_ASSIGNMENT((#17011));
#17011 = SURFACE_STYLE_USAGE(.BOTH.,#17012);
#17012 = SURFACE_SIDE_STYLE('',(#17013));
#17013 = SURFACE_STYLE_FILL_AREA(#17014);
#17014 = FILL_AREA_STYLE('',(#17015));
#17015 = FILL_AREA_STYLE_COLOUR('',#14895);
#17016 = STYLED_ITEM('color',(#17017),#4073);
#17017 = PRESENTATION_STYLE_ASSIGNMENT((#17018));
#17018 = SURFACE_STYLE_USAGE(.BOTH.,#17019);
#17019 = SURFACE_SIDE_STYLE('',(#17020));
#17020 = SURFACE_STYLE_FILL_AREA(#17021);
#17021 = FILL_AREA_STYLE('',(#17022));
#17022 = FILL_AREA_STYLE_COLOUR('',#14895);
#17023 = STYLED_ITEM('color',(#17024),#4140);
#17024 = PRESENTATION_STYLE_ASSIGNMENT((#17025));
#17025 = SURFACE_STYLE_USAGE(.BOTH.,#17026);
#17026 = SURFACE_SIDE_STYLE('',(#17027));
#17027 = SURFACE_STYLE_FILL_AREA(#17028);
#17028 = FILL_AREA_STYLE('',(#17029));
#17029 = FILL_AREA_STYLE_COLOUR('',#14895);
#17030 = STYLED_ITEM('color',(#17031),#4157);
#17031 = PRESENTATION_STYLE_ASSIGNMENT((#17032));
#17032 = SURFACE_STYLE_USAGE(.BOTH.,#17033);
#17033 = SURFACE_SIDE_STYLE('',(#17034));
#17034 = SURFACE_STYLE_FILL_AREA(#17035);
#17035 = FILL_AREA_STYLE('',(#17036));
#17036 = FILL_AREA_STYLE_COLOUR('',#14895);
#17037 = STYLED_ITEM('color',(#17038),#4174);
#17038 = PRESENTATION_STYLE_ASSIGNMENT((#17039));
#17039 = SURFACE_STYLE_USAGE(.BOTH.,#17040);
#17040 = SURFACE_SIDE_STYLE('',(#17041));
#17041 = SURFACE_STYLE_FILL_AREA(#17042);
#17042 = FILL_AREA_STYLE('',(#17043));
#17043 = FILL_AREA_STYLE_COLOUR('',#15824);
#17044 = STYLED_ITEM('color',(#17045),#4223);
#17045 = PRESENTATION_STYLE_ASSIGNMENT((#17046));
#17046 = SURFACE_STYLE_USAGE(.BOTH.,#17047);
#17047 = SURFACE_SIDE_STYLE('',(#17048));
#17048 = SURFACE_STYLE_FILL_AREA(#17049);
#17049 = FILL_AREA_STYLE('',(#17050));
#17050 = FILL_AREA_STYLE_COLOUR('',#14895);
#17051 = STYLED_ITEM('color',(#17052),#4240);
#17052 = PRESENTATION_STYLE_ASSIGNMENT((#17053));
#17053 = SURFACE_STYLE_USAGE(.BOTH.,#17054);
#17054 = SURFACE_SIDE_STYLE('',(#17055));
#17055 = SURFACE_STYLE_FILL_AREA(#17056);
#17056 = FILL_AREA_STYLE('',(#17057));
#17057 = FILL_AREA_STYLE_COLOUR('',#14895);
#17058 = STYLED_ITEM('color',(#17059),#4257);
#17059 = PRESENTATION_STYLE_ASSIGNMENT((#17060));
#17060 = SURFACE_STYLE_USAGE(.BOTH.,#17061);
#17061 = SURFACE_SIDE_STYLE('',(#17062));
#17062 = SURFACE_STYLE_FILL_AREA(#17063);
#17063 = FILL_AREA_STYLE('',(#17064));
#17064 = FILL_AREA_STYLE_COLOUR('',#15824);
#17065 = STYLED_ITEM('color',(#17066),#4306);
#17066 = PRESENTATION_STYLE_ASSIGNMENT((#17067));
#17067 = SURFACE_STYLE_USAGE(.BOTH.,#17068);
#17068 = SURFACE_SIDE_STYLE('',(#17069));
#17069 = SURFACE_STYLE_FILL_AREA(#17070);
#17070 = FILL_AREA_STYLE('',(#17071));
#17071 = FILL_AREA_STYLE_COLOUR('',#15824);
#17072 = STYLED_ITEM('color',(#17073),#4323);
#17073 = PRESENTATION_STYLE_ASSIGNMENT((#17074));
#17074 = SURFACE_STYLE_USAGE(.BOTH.,#17075);
#17075 = SURFACE_SIDE_STYLE('',(#17076));
#17076 = SURFACE_STYLE_FILL_AREA(#17077);
#17077 = FILL_AREA_STYLE('',(#17078));
#17078 = FILL_AREA_STYLE_COLOUR('',#14895);
#17079 = STYLED_ITEM('color',(#17080),#4392);
#17080 = PRESENTATION_STYLE_ASSIGNMENT((#17081));
#17081 = SURFACE_STYLE_USAGE(.BOTH.,#17082);
#17082 = SURFACE_SIDE_STYLE('',(#17083));
#17083 = SURFACE_STYLE_FILL_AREA(#17084);
#17084 = FILL_AREA_STYLE('',(#17085));
#17085 = FILL_AREA_STYLE_COLOUR('',#17086);
#17086 = COLOUR_RGB('',8.200000279077E-02,8.600000121357E-02,
  9.399999706163E-02);
#17087 = STYLED_ITEM('color',(#17088),#4423);
#17088 = PRESENTATION_STYLE_ASSIGNMENT((#17089));
#17089 = SURFACE_STYLE_USAGE(.BOTH.,#17090);
#17090 = SURFACE_SIDE_STYLE('',(#17091));
#17091 = SURFACE_STYLE_FILL_AREA(#17092);
#17092 = FILL_AREA_STYLE('',(#17093));
#17093 = FILL_AREA_STYLE_COLOUR('',#17086);
#17094 = STYLED_ITEM('color',(#17095),#4447);
#17095 = PRESENTATION_STYLE_ASSIGNMENT((#17096));
#17096 = SURFACE_STYLE_USAGE(.BOTH.,#17097);
#17097 = SURFACE_SIDE_STYLE('',(#17098));
#17098 = SURFACE_STYLE_FILL_AREA(#17099);
#17099 = FILL_AREA_STYLE('',(#17100));
#17100 = FILL_AREA_STYLE_COLOUR('',#14895);
#17101 = STYLED_ITEM('color',(#17102),#4516);
#17102 = PRESENTATION_STYLE_ASSIGNMENT((#17103));
#17103 = SURFACE_STYLE_USAGE(.BOTH.,#17104);
#17104 = SURFACE_SIDE_STYLE('',(#17105));
#17105 = SURFACE_STYLE_FILL_AREA(#17106);
#17106 = FILL_AREA_STYLE('',(#17107));
#17107 = FILL_AREA_STYLE_COLOUR('',#17086);
#17108 = STYLED_ITEM('color',(#17109),#4540);
#17109 = PRESENTATION_STYLE_ASSIGNMENT((#17110));
#17110 = SURFACE_STYLE_USAGE(.BOTH.,#17111);
#17111 = SURFACE_SIDE_STYLE('',(#17112));
#17112 = SURFACE_STYLE_FILL_AREA(#17113);
#17113 = FILL_AREA_STYLE('',(#17114));
#17114 = FILL_AREA_STYLE_COLOUR('',#14895);
#17115 = STYLED_ITEM('color',(#17116),#4557);
#17116 = PRESENTATION_STYLE_ASSIGNMENT((#17117));
#17117 = SURFACE_STYLE_USAGE(.BOTH.,#17118);
#17118 = SURFACE_SIDE_STYLE('',(#17119));
#17119 = SURFACE_STYLE_FILL_AREA(#17120);
#17120 = FILL_AREA_STYLE('',(#17121));
#17121 = FILL_AREA_STYLE_COLOUR('',#14895);
#17122 = STYLED_ITEM('color',(#17123),#4574);
#17123 = PRESENTATION_STYLE_ASSIGNMENT((#17124));
#17124 = SURFACE_STYLE_USAGE(.BOTH.,#17125);
#17125 = SURFACE_SIDE_STYLE('',(#17126));
#17126 = SURFACE_STYLE_FILL_AREA(#17127);
#17127 = FILL_AREA_STYLE('',(#17128));
#17128 = FILL_AREA_STYLE_COLOUR('',#14895);
#17129 = STYLED_ITEM('color',(#17130),#4591);
#17130 = PRESENTATION_STYLE_ASSIGNMENT((#17131));
#17131 = SURFACE_STYLE_USAGE(.BOTH.,#17132);
#17132 = SURFACE_SIDE_STYLE('',(#17133));
#17133 = SURFACE_STYLE_FILL_AREA(#17134);
#17134 = FILL_AREA_STYLE('',(#17135));
#17135 = FILL_AREA_STYLE_COLOUR('',#14895);
#17136 = STYLED_ITEM('color',(#17137),#4608);
#17137 = PRESENTATION_STYLE_ASSIGNMENT((#17138));
#17138 = SURFACE_STYLE_USAGE(.BOTH.,#17139);
#17139 = SURFACE_SIDE_STYLE('',(#17140));
#17140 = SURFACE_STYLE_FILL_AREA(#17141);
#17141 = FILL_AREA_STYLE('',(#17142));
#17142 = FILL_AREA_STYLE_COLOUR('',#14895);
#17143 = STYLED_ITEM('color',(#17144),#4625);
#17144 = PRESENTATION_STYLE_ASSIGNMENT((#17145));
#17145 = SURFACE_STYLE_USAGE(.BOTH.,#17146);
#17146 = SURFACE_SIDE_STYLE('',(#17147));
#17147 = SURFACE_STYLE_FILL_AREA(#17148);
#17148 = FILL_AREA_STYLE('',(#17149));
#17149 = FILL_AREA_STYLE_COLOUR('',#14895);
#17150 = STYLED_ITEM('color',(#17151),#4642);
#17151 = PRESENTATION_STYLE_ASSIGNMENT((#17152));
#17152 = SURFACE_STYLE_USAGE(.BOTH.,#17153);
#17153 = SURFACE_SIDE_STYLE('',(#17154));
#17154 = SURFACE_STYLE_FILL_AREA(#17155);
#17155 = FILL_AREA_STYLE('',(#17156));
#17156 = FILL_AREA_STYLE_COLOUR('',#14895);
#17157 = STYLED_ITEM('color',(#17158),#4659);
#17158 = PRESENTATION_STYLE_ASSIGNMENT((#17159));
#17159 = SURFACE_STYLE_USAGE(.BOTH.,#17160);
#17160 = SURFACE_SIDE_STYLE('',(#17161));
#17161 = SURFACE_STYLE_FILL_AREA(#17162);
#17162 = FILL_AREA_STYLE('',(#17163));
#17163 = FILL_AREA_STYLE_COLOUR('',#17086);
#17164 = STYLED_ITEM('color',(#17165),#4676);
#17165 = PRESENTATION_STYLE_ASSIGNMENT((#17166));
#17166 = SURFACE_STYLE_USAGE(.BOTH.,#17167);
#17167 = SURFACE_SIDE_STYLE('',(#17168));
#17168 = SURFACE_STYLE_FILL_AREA(#17169);
#17169 = FILL_AREA_STYLE('',(#17170));
#17170 = FILL_AREA_STYLE_COLOUR('',#17086);
#17171 = MECHANICAL_DESIGN_GEOMETRIC_PRESENTATION_REPRESENTATION('',(
    #17172,#17179,#17186,#17193,#17200,#17207,#17214,#17221,#17228,
    #17235,#17242,#17250,#17257,#17264,#17271,#17278,#17285,#17292,
    #17299,#17306,#17313,#17320,#17327,#17334,#17341,#17348,#17355,
    #17362),#3836);
#17172 = STYLED_ITEM('color',(#17173),#2984);
#17173 = PRESENTATION_STYLE_ASSIGNMENT((#17174));
#17174 = SURFACE_STYLE_USAGE(.BOTH.,#17175);
#17175 = SURFACE_SIDE_STYLE('',(#17176));
#17176 = SURFACE_STYLE_FILL_AREA(#17177);
#17177 = FILL_AREA_STYLE('',(#17178));
#17178 = FILL_AREA_STYLE_COLOUR('',#14895);
#17179 = STYLED_ITEM('color',(#17180),#3060);
#17180 = PRESENTATION_STYLE_ASSIGNMENT((#17181));
#17181 = SURFACE_STYLE_USAGE(.BOTH.,#17182);
#17182 = SURFACE_SIDE_STYLE('',(#17183));
#17183 = SURFACE_STYLE_FILL_AREA(#17184);
#17184 = FILL_AREA_STYLE('',(#17185));
#17185 = FILL_AREA_STYLE_COLOUR('',#14895);
#17186 = STYLED_ITEM('color',(#17187),#3091);
#17187 = PRESENTATION_STYLE_ASSIGNMENT((#17188));
#17188 = SURFACE_STYLE_USAGE(.BOTH.,#17189);
#17189 = SURFACE_SIDE_STYLE('',(#17190));
#17190 = SURFACE_STYLE_FILL_AREA(#17191);
#17191 = FILL_AREA_STYLE('',(#17192));
#17192 = FILL_AREA_STYLE_COLOUR('',#14895);
#17193 = STYLED_ITEM('color',(#17194),#3116);
#17194 = PRESENTATION_STYLE_ASSIGNMENT((#17195));
#17195 = SURFACE_STYLE_USAGE(.BOTH.,#17196);
#17196 = SURFACE_SIDE_STYLE('',(#17197));
#17197 = SURFACE_STYLE_FILL_AREA(#17198);
#17198 = FILL_AREA_STYLE('',(#17199));
#17199 = FILL_AREA_STYLE_COLOUR('',#14895);
#17200 = STYLED_ITEM('color',(#17201),#3141);
#17201 = PRESENTATION_STYLE_ASSIGNMENT((#17202));
#17202 = SURFACE_STYLE_USAGE(.BOTH.,#17203);
#17203 = SURFACE_SIDE_STYLE('',(#17204));
#17204 = SURFACE_STYLE_FILL_AREA(#17205);
#17205 = FILL_AREA_STYLE('',(#17206));
#17206 = FILL_AREA_STYLE_COLOUR('',#14895);
#17207 = STYLED_ITEM('color',(#17208),#3165);
#17208 = PRESENTATION_STYLE_ASSIGNMENT((#17209));
#17209 = SURFACE_STYLE_USAGE(.BOTH.,#17210);
#17210 = SURFACE_SIDE_STYLE('',(#17211));
#17211 = SURFACE_STYLE_FILL_AREA(#17212);
#17212 = FILL_AREA_STYLE('',(#17213));
#17213 = FILL_AREA_STYLE_COLOUR('',#14895);
#17214 = STYLED_ITEM('color',(#17215),#3189);
#17215 = PRESENTATION_STYLE_ASSIGNMENT((#17216));
#17216 = SURFACE_STYLE_USAGE(.BOTH.,#17217);
#17217 = SURFACE_SIDE_STYLE('',(#17218));
#17218 = SURFACE_STYLE_FILL_AREA(#17219);
#17219 = FILL_AREA_STYLE('',(#17220));
#17220 = FILL_AREA_STYLE_COLOUR('',#14895);
#17221 = STYLED_ITEM('color',(#17222),#3214);
#17222 = PRESENTATION_STYLE_ASSIGNMENT((#17223));
#17223 = SURFACE_STYLE_USAGE(.BOTH.,#17224);
#17224 = SURFACE_SIDE_STYLE('',(#17225));
#17225 = SURFACE_STYLE_FILL_AREA(#17226);
#17226 = FILL_AREA_STYLE('',(#17227));
#17227 = FILL_AREA_STYLE_COLOUR('',#14895);
#17228 = STYLED_ITEM('color',(#17229),#3239);
#17229 = PRESENTATION_STYLE_ASSIGNMENT((#17230));
#17230 = SURFACE_STYLE_USAGE(.BOTH.,#17231);
#17231 = SURFACE_SIDE_STYLE('',(#17232));
#17232 = SURFACE_STYLE_FILL_AREA(#17233);
#17233 = FILL_AREA_STYLE('',(#17234));
#17234 = FILL_AREA_STYLE_COLOUR('',#14895);
#17235 = STYLED_ITEM('color',(#17236),#3256);
#17236 = PRESENTATION_STYLE_ASSIGNMENT((#17237));
#17237 = SURFACE_STYLE_USAGE(.BOTH.,#17238);
#17238 = SURFACE_SIDE_STYLE('',(#17239));
#17239 = SURFACE_STYLE_FILL_AREA(#17240);
#17240 = FILL_AREA_STYLE('',(#17241));
#17241 = FILL_AREA_STYLE_COLOUR('',#14895);
#17242 = STYLED_ITEM('color',(#17243),#3342);
#17243 = PRESENTATION_STYLE_ASSIGNMENT((#17244));
#17244 = SURFACE_STYLE_USAGE(.BOTH.,#17245);
#17245 = SURFACE_SIDE_STYLE('',(#17246));
#17246 = SURFACE_STYLE_FILL_AREA(#17247);
#17247 = FILL_AREA_STYLE('',(#17248));
#17248 = FILL_AREA_STYLE_COLOUR('',#17249);
#17249 = COLOUR_RGB('',0.379000005575,0.270000008848,0.214999999939);
#17250 = STYLED_ITEM('color',(#17251),#3374);
#17251 = PRESENTATION_STYLE_ASSIGNMENT((#17252));
#17252 = SURFACE_STYLE_USAGE(.BOTH.,#17253);
#17253 = SURFACE_SIDE_STYLE('',(#17254));
#17254 = SURFACE_STYLE_FILL_AREA(#17255);
#17255 = FILL_AREA_STYLE('',(#17256));
#17256 = FILL_AREA_STYLE_COLOUR('',#17249);
#17257 = STYLED_ITEM('color',(#17258),#3398);
#17258 = PRESENTATION_STYLE_ASSIGNMENT((#17259));
#17259 = SURFACE_STYLE_USAGE(.BOTH.,#17260);
#17260 = SURFACE_SIDE_STYLE('',(#17261));
#17261 = SURFACE_STYLE_FILL_AREA(#17262);
#17262 = FILL_AREA_STYLE('',(#17263));
#17263 = FILL_AREA_STYLE_COLOUR('',#17249);
#17264 = STYLED_ITEM('color',(#17265),#3423);
#17265 = PRESENTATION_STYLE_ASSIGNMENT((#17266));
#17266 = SURFACE_STYLE_USAGE(.BOTH.,#17267);
#17267 = SURFACE_SIDE_STYLE('',(#17268));
#17268 = SURFACE_STYLE_FILL_AREA(#17269);
#17269 = FILL_AREA_STYLE('',(#17270));
#17270 = FILL_AREA_STYLE_COLOUR('',#17249);
#17271 = STYLED_ITEM('color',(#17272),#3447);
#17272 = PRESENTATION_STYLE_ASSIGNMENT((#17273));
#17273 = SURFACE_STYLE_USAGE(.BOTH.,#17274);
#17274 = SURFACE_SIDE_STYLE('',(#17275));
#17275 = SURFACE_STYLE_FILL_AREA(#17276);
#17276 = FILL_AREA_STYLE('',(#17277));
#17277 = FILL_AREA_STYLE_COLOUR('',#17249);
#17278 = STYLED_ITEM('color',(#17279),#3472);
#17279 = PRESENTATION_STYLE_ASSIGNMENT((#17280));
#17280 = SURFACE_STYLE_USAGE(.BOTH.,#17281);
#17281 = SURFACE_SIDE_STYLE('',(#17282));
#17282 = SURFACE_STYLE_FILL_AREA(#17283);
#17283 = FILL_AREA_STYLE('',(#17284));
#17284 = FILL_AREA_STYLE_COLOUR('',#17249);
#17285 = STYLED_ITEM('color',(#17286),#3496);
#17286 = PRESENTATION_STYLE_ASSIGNMENT((#17287));
#17287 = SURFACE_STYLE_USAGE(.BOTH.,#17288);
#17288 = SURFACE_SIDE_STYLE('',(#17289));
#17289 = SURFACE_STYLE_FILL_AREA(#17290);
#17290 = FILL_AREA_STYLE('',(#17291));
#17291 = FILL_AREA_STYLE_COLOUR('',#17249);
#17292 = STYLED_ITEM('color',(#17293),#3521);
#17293 = PRESENTATION_STYLE_ASSIGNMENT((#17294));
#17294 = SURFACE_STYLE_USAGE(.BOTH.,#17295);
#17295 = SURFACE_SIDE_STYLE('',(#17296));
#17296 = SURFACE_STYLE_FILL_AREA(#17297);
#17297 = FILL_AREA_STYLE('',(#17298));
#17298 = FILL_AREA_STYLE_COLOUR('',#17249);
#17299 = STYLED_ITEM('color',(#17300),#3538);
#17300 = PRESENTATION_STYLE_ASSIGNMENT((#17301));
#17301 = SURFACE_STYLE_USAGE(.BOTH.,#17302);
#17302 = SURFACE_SIDE_STYLE('',(#17303));
#17303 = SURFACE_STYLE_FILL_AREA(#17304);
#17304 = FILL_AREA_STYLE('',(#17305));
#17305 = FILL_AREA_STYLE_COLOUR('',#14895);
#17306 = STYLED_ITEM('color',(#17307),#3624);
#17307 = PRESENTATION_STYLE_ASSIGNMENT((#17308));
#17308 = SURFACE_STYLE_USAGE(.BOTH.,#17309);
#17309 = SURFACE_SIDE_STYLE('',(#17310));
#17310 = SURFACE_STYLE_FILL_AREA(#17311);
#17311 = FILL_AREA_STYLE('',(#17312));
#17312 = FILL_AREA_STYLE_COLOUR('',#14895);
#17313 = STYLED_ITEM('color',(#17314),#3655);
#17314 = PRESENTATION_STYLE_ASSIGNMENT((#17315));
#17315 = SURFACE_STYLE_USAGE(.BOTH.,#17316);
#17316 = SURFACE_SIDE_STYLE('',(#17317));
#17317 = SURFACE_STYLE_FILL_AREA(#17318);
#17318 = FILL_AREA_STYLE('',(#17319));
#17319 = FILL_AREA_STYLE_COLOUR('',#14895);
#17320 = STYLED_ITEM('color',(#17321),#3680);
#17321 = PRESENTATION_STYLE_ASSIGNMENT((#17322));
#17322 = SURFACE_STYLE_USAGE(.BOTH.,#17323);
#17323 = SURFACE_SIDE_STYLE('',(#17324));
#17324 = SURFACE_STYLE_FILL_AREA(#17325);
#17325 = FILL_AREA_STYLE('',(#17326));
#17326 = FILL_AREA_STYLE_COLOUR('',#14895);
#17327 = STYLED_ITEM('color',(#17328),#3705);
#17328 = PRESENTATION_STYLE_ASSIGNMENT((#17329));
#17329 = SURFACE_STYLE_USAGE(.BOTH.,#17330);
#17330 = SURFACE_SIDE_STYLE('',(#17331));
#17331 = SURFACE_STYLE_FILL_AREA(#17332);
#17332 = FILL_AREA_STYLE('',(#17333));
#17333 = FILL_AREA_STYLE_COLOUR('',#14895);
#17334 = STYLED_ITEM('color',(#17335),#3729);
#17335 = PRESENTATION_STYLE_ASSIGNMENT((#17336));
#17336 = SURFACE_STYLE_USAGE(.BOTH.,#17337);
#17337 = SURFACE_SIDE_STYLE('',(#17338));
#17338 = SURFACE_STYLE_FILL_AREA(#17339);
#17339 = FILL_AREA_STYLE('',(#17340));
#17340 = FILL_AREA_STYLE_COLOUR('',#14895);
#17341 = STYLED_ITEM('color',(#17342),#3753);
#17342 = PRESENTATION_STYLE_ASSIGNMENT((#17343));
#17343 = SURFACE_STYLE_USAGE(.BOTH.,#17344);
#17344 = SURFACE_SIDE_STYLE('',(#17345));
#17345 = SURFACE_STYLE_FILL_AREA(#17346);
#17346 = FILL_AREA_STYLE('',(#17347));
#17347 = FILL_AREA_STYLE_COLOUR('',#14895);
#17348 = STYLED_ITEM('color',(#17349),#3778);
#17349 = PRESENTATION_STYLE_ASSIGNMENT((#17350));
#17350 = SURFACE_STYLE_USAGE(.BOTH.,#17351);
#17351 = SURFACE_SIDE_STYLE('',(#17352));
#17352 = SURFACE_STYLE_FILL_AREA(#17353);
#17353 = FILL_AREA_STYLE('',(#17354));
#17354 = FILL_AREA_STYLE_COLOUR('',#14895);
#17355 = STYLED_ITEM('color',(#17356),#3803);
#17356 = PRESENTATION_STYLE_ASSIGNMENT((#17357));
#17357 = SURFACE_STYLE_USAGE(.BOTH.,#17358);
#17358 = SURFACE_SIDE_STYLE('',(#17359));
#17359 = SURFACE_STYLE_FILL_AREA(#17360);
#17360 = FILL_AREA_STYLE('',(#17361));
#17361 = FILL_AREA_STYLE_COLOUR('',#14895);
#17362 = STYLED_ITEM('color',(#17363),#3820);
#17363 = PRESENTATION_STYLE_ASSIGNMENT((#17364));
#17364 = SURFACE_STYLE_USAGE(.BOTH.,#17365);
#17365 = SURFACE_SIDE_STYLE('',(#17366));
#17366 = SURFACE_STYLE_FILL_AREA(#17367);
#17367 = FILL_AREA_STYLE('',(#17368));
#17368 = FILL_AREA_STYLE_COLOUR('',#14895);
#17369 = MECHANICAL_DESIGN_GEOMETRIC_PRESENTATION_REPRESENTATION('',(
    #17370,#17378,#17385,#17392,#17399,#17406,#17413,#17420,#17427,
    #17434,#17441,#17448,#17455,#17462,#17469,#17476,#17483,#17490,
    #17497,#17504,#17511,#17518,#17525,#17532,#17539,#17546,#17553,
    #17560,#17567,#17574,#17581,#17588,#17595,#17602,#17609,#17616,
    #17623,#17630,#17637,#17644,#17651,#17658,#17665,#17672,#17680,
    #17687,#17694,#17701,#17708,#17715,#17722,#17729,#17736,#17743,
    #17750,#17757,#17764,#17771,#17778,#17785,#17792,#17799,#17806,
    #17813,#17820,#17827,#17834,#17841,#17848,#17855,#17862,#17869,
    #17876,#17883,#17890,#17897,#17904,#17911,#17918,#17925,#17932,
    #17939,#17946,#17953,#17960,#17967,#17974,#17981,#17988,#17995,
    #18002,#18009,#18016),#9629);
#17370 = STYLED_ITEM('color',(#17371),#6739);
#17371 = PRESENTATION_STYLE_ASSIGNMENT((#17372));
#17372 = SURFACE_STYLE_USAGE(.BOTH.,#17373);
#17373 = SURFACE_SIDE_STYLE('',(#17374));
#17374 = SURFACE_STYLE_FILL_AREA(#17375);
#17375 = FILL_AREA_STYLE('',(#17376));
#17376 = FILL_AREA_STYLE_COLOUR('',#17377);
#17377 = COLOUR_RGB('',0.894117649055,0.890196087049,0.811764731185);
#17378 = STYLED_ITEM('color',(#17379),#6779);
#17379 = PRESENTATION_STYLE_ASSIGNMENT((#17380));
#17380 = SURFACE_STYLE_USAGE(.BOTH.,#17381);
#17381 = SURFACE_SIDE_STYLE('',(#17382));
#17382 = SURFACE_STYLE_FILL_AREA(#17383);
#17383 = FILL_AREA_STYLE('',(#17384));
#17384 = FILL_AREA_STYLE_COLOUR('',#17377);
#17385 = STYLED_ITEM('color',(#17386),#6843);
#17386 = PRESENTATION_STYLE_ASSIGNMENT((#17387));
#17387 = SURFACE_STYLE_USAGE(.BOTH.,#17388);
#17388 = SURFACE_SIDE_STYLE('',(#17389));
#17389 = SURFACE_STYLE_FILL_AREA(#17390);
#17390 = FILL_AREA_STYLE('',(#17391));
#17391 = FILL_AREA_STYLE_COLOUR('',#17377);
#17392 = STYLED_ITEM('color',(#17393),#6931);
#17393 = PRESENTATION_STYLE_ASSIGNMENT((#17394));
#17394 = SURFACE_STYLE_USAGE(.BOTH.,#17395);
#17395 = SURFACE_SIDE_STYLE('',(#17396));
#17396 = SURFACE_STYLE_FILL_AREA(#17397);
#17397 = FILL_AREA_STYLE('',(#17398));
#17398 = FILL_AREA_STYLE_COLOUR('',#17377);
#17399 = STYLED_ITEM('color',(#17400),#6971);
#17400 = PRESENTATION_STYLE_ASSIGNMENT((#17401));
#17401 = SURFACE_STYLE_USAGE(.BOTH.,#17402);
#17402 = SURFACE_SIDE_STYLE('',(#17403));
#17403 = SURFACE_STYLE_FILL_AREA(#17404);
#17404 = FILL_AREA_STYLE('',(#17405));
#17405 = FILL_AREA_STYLE_COLOUR('',#17377);
#17406 = STYLED_ITEM('color',(#17407),#7182);
#17407 = PRESENTATION_STYLE_ASSIGNMENT((#17408));
#17408 = SURFACE_STYLE_USAGE(.BOTH.,#17409);
#17409 = SURFACE_SIDE_STYLE('',(#17410));
#17410 = SURFACE_STYLE_FILL_AREA(#17411);
#17411 = FILL_AREA_STYLE('',(#17412));
#17412 = FILL_AREA_STYLE_COLOUR('',#17377);
#17413 = STYLED_ITEM('color',(#17414),#7222);
#17414 = PRESENTATION_STYLE_ASSIGNMENT((#17415));
#17415 = SURFACE_STYLE_USAGE(.BOTH.,#17416);
#17416 = SURFACE_SIDE_STYLE('',(#17417));
#17417 = SURFACE_STYLE_FILL_AREA(#17418);
#17418 = FILL_AREA_STYLE('',(#17419));
#17419 = FILL_AREA_STYLE_COLOUR('',#17377);
#17420 = STYLED_ITEM('color',(#17421),#7246);
#17421 = PRESENTATION_STYLE_ASSIGNMENT((#17422));
#17422 = SURFACE_STYLE_USAGE(.BOTH.,#17423);
#17423 = SURFACE_SIDE_STYLE('',(#17424));
#17424 = SURFACE_STYLE_FILL_AREA(#17425);
#17425 = FILL_AREA_STYLE('',(#17426));
#17426 = FILL_AREA_STYLE_COLOUR('',#17377);
#17427 = STYLED_ITEM('color',(#17428),#7271);
#17428 = PRESENTATION_STYLE_ASSIGNMENT((#17429));
#17429 = SURFACE_STYLE_USAGE(.BOTH.,#17430);
#17430 = SURFACE_SIDE_STYLE('',(#17431));
#17431 = SURFACE_STYLE_FILL_AREA(#17432);
#17432 = FILL_AREA_STYLE('',(#17433));
#17433 = FILL_AREA_STYLE_COLOUR('',#17377);
#17434 = STYLED_ITEM('color',(#17435),#7295);
#17435 = PRESENTATION_STYLE_ASSIGNMENT((#17436));
#17436 = SURFACE_STYLE_USAGE(.BOTH.,#17437);
#17437 = SURFACE_SIDE_STYLE('',(#17438));
#17438 = SURFACE_STYLE_FILL_AREA(#17439);
#17439 = FILL_AREA_STYLE('',(#17440));
#17440 = FILL_AREA_STYLE_COLOUR('',#17377);
#17441 = STYLED_ITEM('color',(#17442),#7344);
#17442 = PRESENTATION_STYLE_ASSIGNMENT((#17443));
#17443 = SURFACE_STYLE_USAGE(.BOTH.,#17444);
#17444 = SURFACE_SIDE_STYLE('',(#17445));
#17445 = SURFACE_STYLE_FILL_AREA(#17446);
#17446 = FILL_AREA_STYLE('',(#17447));
#17447 = FILL_AREA_STYLE_COLOUR('',#17377);
#17448 = STYLED_ITEM('color',(#17449),#7366);
#17449 = PRESENTATION_STYLE_ASSIGNMENT((#17450));
#17450 = SURFACE_STYLE_USAGE(.BOTH.,#17451);
#17451 = SURFACE_SIDE_STYLE('',(#17452));
#17452 = SURFACE_STYLE_FILL_AREA(#17453);
#17453 = FILL_AREA_STYLE('',(#17454));
#17454 = FILL_AREA_STYLE_COLOUR('',#17377);
#17455 = STYLED_ITEM('color',(#17456),#7399);
#17456 = PRESENTATION_STYLE_ASSIGNMENT((#17457));
#17457 = SURFACE_STYLE_USAGE(.BOTH.,#17458);
#17458 = SURFACE_SIDE_STYLE('',(#17459));
#17459 = SURFACE_STYLE_FILL_AREA(#17460);
#17460 = FILL_AREA_STYLE('',(#17461));
#17461 = FILL_AREA_STYLE_COLOUR('',#17377);
#17462 = STYLED_ITEM('color',(#17463),#7423);
#17463 = PRESENTATION_STYLE_ASSIGNMENT((#17464));
#17464 = SURFACE_STYLE_USAGE(.BOTH.,#17465);
#17465 = SURFACE_SIDE_STYLE('',(#17466));
#17466 = SURFACE_STYLE_FILL_AREA(#17467);
#17467 = FILL_AREA_STYLE('',(#17468));
#17468 = FILL_AREA_STYLE_COLOUR('',#17377);
#17469 = STYLED_ITEM('color',(#17470),#7454);
#17470 = PRESENTATION_STYLE_ASSIGNMENT((#17471));
#17471 = SURFACE_STYLE_USAGE(.BOTH.,#17472);
#17472 = SURFACE_SIDE_STYLE('',(#17473));
#17473 = SURFACE_STYLE_FILL_AREA(#17474);
#17474 = FILL_AREA_STYLE('',(#17475));
#17475 = FILL_AREA_STYLE_COLOUR('',#17377);
#17476 = STYLED_ITEM('color',(#17477),#7471);
#17477 = PRESENTATION_STYLE_ASSIGNMENT((#17478));
#17478 = SURFACE_STYLE_USAGE(.BOTH.,#17479);
#17479 = SURFACE_SIDE_STYLE('',(#17480));
#17480 = SURFACE_STYLE_FILL_AREA(#17481);
#17481 = FILL_AREA_STYLE('',(#17482));
#17482 = FILL_AREA_STYLE_COLOUR('',#17377);
#17483 = STYLED_ITEM('color',(#17484),#7504);
#17484 = PRESENTATION_STYLE_ASSIGNMENT((#17485));
#17485 = SURFACE_STYLE_USAGE(.BOTH.,#17486);
#17486 = SURFACE_SIDE_STYLE('',(#17487));
#17487 = SURFACE_STYLE_FILL_AREA(#17488);
#17488 = FILL_AREA_STYLE('',(#17489));
#17489 = FILL_AREA_STYLE_COLOUR('',#17377);
#17490 = STYLED_ITEM('color',(#17491),#7521);
#17491 = PRESENTATION_STYLE_ASSIGNMENT((#17492));
#17492 = SURFACE_STYLE_USAGE(.BOTH.,#17493);
#17493 = SURFACE_SIDE_STYLE('',(#17494));
#17494 = SURFACE_STYLE_FILL_AREA(#17495);
#17495 = FILL_AREA_STYLE('',(#17496));
#17496 = FILL_AREA_STYLE_COLOUR('',#17377);
#17497 = STYLED_ITEM('color',(#17498),#7564);
#17498 = PRESENTATION_STYLE_ASSIGNMENT((#17499));
#17499 = SURFACE_STYLE_USAGE(.BOTH.,#17500);
#17500 = SURFACE_SIDE_STYLE('',(#17501));
#17501 = SURFACE_STYLE_FILL_AREA(#17502);
#17502 = FILL_AREA_STYLE('',(#17503));
#17503 = FILL_AREA_STYLE_COLOUR('',#17377);
#17504 = STYLED_ITEM('color',(#17505),#7581);
#17505 = PRESENTATION_STYLE_ASSIGNMENT((#17506));
#17506 = SURFACE_STYLE_USAGE(.BOTH.,#17507);
#17507 = SURFACE_SIDE_STYLE('',(#17508));
#17508 = SURFACE_STYLE_FILL_AREA(#17509);
#17509 = FILL_AREA_STYLE('',(#17510));
#17510 = FILL_AREA_STYLE_COLOUR('',#17377);
#17511 = STYLED_ITEM('color',(#17512),#7627);
#17512 = PRESENTATION_STYLE_ASSIGNMENT((#17513));
#17513 = SURFACE_STYLE_USAGE(.BOTH.,#17514);
#17514 = SURFACE_SIDE_STYLE('',(#17515));
#17515 = SURFACE_STYLE_FILL_AREA(#17516);
#17516 = FILL_AREA_STYLE('',(#17517));
#17517 = FILL_AREA_STYLE_COLOUR('',#17377);
#17518 = STYLED_ITEM('color',(#17519),#7644);
#17519 = PRESENTATION_STYLE_ASSIGNMENT((#17520));
#17520 = SURFACE_STYLE_USAGE(.BOTH.,#17521);
#17521 = SURFACE_SIDE_STYLE('',(#17522));
#17522 = SURFACE_STYLE_FILL_AREA(#17523);
#17523 = FILL_AREA_STYLE('',(#17524));
#17524 = FILL_AREA_STYLE_COLOUR('',#17377);
#17525 = STYLED_ITEM('color',(#17526),#7707);
#17526 = PRESENTATION_STYLE_ASSIGNMENT((#17527));
#17527 = SURFACE_STYLE_USAGE(.BOTH.,#17528);
#17528 = SURFACE_SIDE_STYLE('',(#17529));
#17529 = SURFACE_STYLE_FILL_AREA(#17530);
#17530 = FILL_AREA_STYLE('',(#17531));
#17531 = FILL_AREA_STYLE_COLOUR('',#17377);
#17532 = STYLED_ITEM('color',(#17533),#7731);
#17533 = PRESENTATION_STYLE_ASSIGNMENT((#17534));
#17534 = SURFACE_STYLE_USAGE(.BOTH.,#17535);
#17535 = SURFACE_SIDE_STYLE('',(#17536));
#17536 = SURFACE_STYLE_FILL_AREA(#17537);
#17537 = FILL_AREA_STYLE('',(#17538));
#17538 = FILL_AREA_STYLE_COLOUR('',#17377);
#17539 = STYLED_ITEM('color',(#17540),#7778);
#17540 = PRESENTATION_STYLE_ASSIGNMENT((#17541));
#17541 = SURFACE_STYLE_USAGE(.BOTH.,#17542);
#17542 = SURFACE_SIDE_STYLE('',(#17543));
#17543 = SURFACE_STYLE_FILL_AREA(#17544);
#17544 = FILL_AREA_STYLE('',(#17545));
#17545 = FILL_AREA_STYLE_COLOUR('',#17377);
#17546 = STYLED_ITEM('color',(#17547),#7802);
#17547 = PRESENTATION_STYLE_ASSIGNMENT((#17548));
#17548 = SURFACE_STYLE_USAGE(.BOTH.,#17549);
#17549 = SURFACE_SIDE_STYLE('',(#17550));
#17550 = SURFACE_STYLE_FILL_AREA(#17551);
#17551 = FILL_AREA_STYLE('',(#17552));
#17552 = FILL_AREA_STYLE_COLOUR('',#17377);
#17553 = STYLED_ITEM('color',(#17554),#7826);
#17554 = PRESENTATION_STYLE_ASSIGNMENT((#17555));
#17555 = SURFACE_STYLE_USAGE(.BOTH.,#17556);
#17556 = SURFACE_SIDE_STYLE('',(#17557));
#17557 = SURFACE_STYLE_FILL_AREA(#17558);
#17558 = FILL_AREA_STYLE('',(#17559));
#17559 = FILL_AREA_STYLE_COLOUR('',#17377);
#17560 = STYLED_ITEM('color',(#17561),#7843);
#17561 = PRESENTATION_STYLE_ASSIGNMENT((#17562));
#17562 = SURFACE_STYLE_USAGE(.BOTH.,#17563);
#17563 = SURFACE_SIDE_STYLE('',(#17564));
#17564 = SURFACE_STYLE_FILL_AREA(#17565);
#17565 = FILL_AREA_STYLE('',(#17566));
#17566 = FILL_AREA_STYLE_COLOUR('',#17377);
#17567 = STYLED_ITEM('color',(#17568),#7860);
#17568 = PRESENTATION_STYLE_ASSIGNMENT((#17569));
#17569 = SURFACE_STYLE_USAGE(.BOTH.,#17570);
#17570 = SURFACE_SIDE_STYLE('',(#17571));
#17571 = SURFACE_STYLE_FILL_AREA(#17572);
#17572 = FILL_AREA_STYLE('',(#17573));
#17573 = FILL_AREA_STYLE_COLOUR('',#17377);
#17574 = STYLED_ITEM('color',(#17575),#7884);
#17575 = PRESENTATION_STYLE_ASSIGNMENT((#17576));
#17576 = SURFACE_STYLE_USAGE(.BOTH.,#17577);
#17577 = SURFACE_SIDE_STYLE('',(#17578));
#17578 = SURFACE_STYLE_FILL_AREA(#17579);
#17579 = FILL_AREA_STYLE('',(#17580));
#17580 = FILL_AREA_STYLE_COLOUR('',#17377);
#17581 = STYLED_ITEM('color',(#17582),#7908);
#17582 = PRESENTATION_STYLE_ASSIGNMENT((#17583));
#17583 = SURFACE_STYLE_USAGE(.BOTH.,#17584);
#17584 = SURFACE_SIDE_STYLE('',(#17585));
#17585 = SURFACE_STYLE_FILL_AREA(#17586);
#17586 = FILL_AREA_STYLE('',(#17587));
#17587 = FILL_AREA_STYLE_COLOUR('',#17377);
#17588 = STYLED_ITEM('color',(#17589),#7925);
#17589 = PRESENTATION_STYLE_ASSIGNMENT((#17590));
#17590 = SURFACE_STYLE_USAGE(.BOTH.,#17591);
#17591 = SURFACE_SIDE_STYLE('',(#17592));
#17592 = SURFACE_STYLE_FILL_AREA(#17593);
#17593 = FILL_AREA_STYLE('',(#17594));
#17594 = FILL_AREA_STYLE_COLOUR('',#17377);
#17595 = STYLED_ITEM('color',(#17596),#7956);
#17596 = PRESENTATION_STYLE_ASSIGNMENT((#17597));
#17597 = SURFACE_STYLE_USAGE(.BOTH.,#17598);
#17598 = SURFACE_SIDE_STYLE('',(#17599));
#17599 = SURFACE_STYLE_FILL_AREA(#17600);
#17600 = FILL_AREA_STYLE('',(#17601));
#17601 = FILL_AREA_STYLE_COLOUR('',#17377);
#17602 = STYLED_ITEM('color',(#17603),#7980);
#17603 = PRESENTATION_STYLE_ASSIGNMENT((#17604));
#17604 = SURFACE_STYLE_USAGE(.BOTH.,#17605);
#17605 = SURFACE_SIDE_STYLE('',(#17606));
#17606 = SURFACE_STYLE_FILL_AREA(#17607);
#17607 = FILL_AREA_STYLE('',(#17608));
#17608 = FILL_AREA_STYLE_COLOUR('',#17377);
#17609 = STYLED_ITEM('color',(#17610),#8004);
#17610 = PRESENTATION_STYLE_ASSIGNMENT((#17611));
#17611 = SURFACE_STYLE_USAGE(.BOTH.,#17612);
#17612 = SURFACE_SIDE_STYLE('',(#17613));
#17613 = SURFACE_STYLE_FILL_AREA(#17614);
#17614 = FILL_AREA_STYLE('',(#17615));
#17615 = FILL_AREA_STYLE_COLOUR('',#17377);
#17616 = STYLED_ITEM('color',(#17617),#8021);
#17617 = PRESENTATION_STYLE_ASSIGNMENT((#17618));
#17618 = SURFACE_STYLE_USAGE(.BOTH.,#17619);
#17619 = SURFACE_SIDE_STYLE('',(#17620));
#17620 = SURFACE_STYLE_FILL_AREA(#17621);
#17621 = FILL_AREA_STYLE('',(#17622));
#17622 = FILL_AREA_STYLE_COLOUR('',#17377);
#17623 = STYLED_ITEM('color',(#17624),#8056);
#17624 = PRESENTATION_STYLE_ASSIGNMENT((#17625));
#17625 = SURFACE_STYLE_USAGE(.BOTH.,#17626);
#17626 = SURFACE_SIDE_STYLE('',(#17627));
#17627 = SURFACE_STYLE_FILL_AREA(#17628);
#17628 = FILL_AREA_STYLE('',(#17629));
#17629 = FILL_AREA_STYLE_COLOUR('',#17377);
#17630 = STYLED_ITEM('color',(#17631),#8096);
#17631 = PRESENTATION_STYLE_ASSIGNMENT((#17632));
#17632 = SURFACE_STYLE_USAGE(.BOTH.,#17633);
#17633 = SURFACE_SIDE_STYLE('',(#17634));
#17634 = SURFACE_STYLE_FILL_AREA(#17635);
#17635 = FILL_AREA_STYLE('',(#17636));
#17636 = FILL_AREA_STYLE_COLOUR('',#17377);
#17637 = STYLED_ITEM('color',(#17638),#8120);
#17638 = PRESENTATION_STYLE_ASSIGNMENT((#17639));
#17639 = SURFACE_STYLE_USAGE(.BOTH.,#17640);
#17640 = SURFACE_SIDE_STYLE('',(#17641));
#17641 = SURFACE_STYLE_FILL_AREA(#17642);
#17642 = FILL_AREA_STYLE('',(#17643));
#17643 = FILL_AREA_STYLE_COLOUR('',#17377);
#17644 = STYLED_ITEM('color',(#17645),#8161);
#17645 = PRESENTATION_STYLE_ASSIGNMENT((#17646));
#17646 = SURFACE_STYLE_USAGE(.BOTH.,#17647);
#17647 = SURFACE_SIDE_STYLE('',(#17648));
#17648 = SURFACE_STYLE_FILL_AREA(#17649);
#17649 = FILL_AREA_STYLE('',(#17650));
#17650 = FILL_AREA_STYLE_COLOUR('',#17377);
#17651 = STYLED_ITEM('color',(#17652),#8210);
#17652 = PRESENTATION_STYLE_ASSIGNMENT((#17653));
#17653 = SURFACE_STYLE_USAGE(.BOTH.,#17654);
#17654 = SURFACE_SIDE_STYLE('',(#17655));
#17655 = SURFACE_STYLE_FILL_AREA(#17656);
#17656 = FILL_AREA_STYLE('',(#17657));
#17657 = FILL_AREA_STYLE_COLOUR('',#17377);
#17658 = STYLED_ITEM('color',(#17659),#8256);
#17659 = PRESENTATION_STYLE_ASSIGNMENT((#17660));
#17660 = SURFACE_STYLE_USAGE(.BOTH.,#17661);
#17661 = SURFACE_SIDE_STYLE('',(#17662));
#17662 = SURFACE_STYLE_FILL_AREA(#17663);
#17663 = FILL_AREA_STYLE('',(#17664));
#17664 = FILL_AREA_STYLE_COLOUR('',#17377);
#17665 = STYLED_ITEM('color',(#17666),#8273);
#17666 = PRESENTATION_STYLE_ASSIGNMENT((#17667));
#17667 = SURFACE_STYLE_USAGE(.BOTH.,#17668);
#17668 = SURFACE_SIDE_STYLE('',(#17669));
#17669 = SURFACE_STYLE_FILL_AREA(#17670);
#17670 = FILL_AREA_STYLE('',(#17671));
#17671 = FILL_AREA_STYLE_COLOUR('',#17377);
#17672 = STYLED_ITEM('color',(#17673),#8285);
#17673 = PRESENTATION_STYLE_ASSIGNMENT((#17674));
#17674 = SURFACE_STYLE_USAGE(.BOTH.,#17675);
#17675 = SURFACE_SIDE_STYLE('',(#17676));
#17676 = SURFACE_STYLE_FILL_AREA(#17677);
#17677 = FILL_AREA_STYLE('',(#17678));
#17678 = FILL_AREA_STYLE_COLOUR('',#17679);
#17679 = COLOUR_RGB('',0.823529417451,0.819607860991,0.780392170416);
#17680 = STYLED_ITEM('color',(#17681),#8316);
#17681 = PRESENTATION_STYLE_ASSIGNMENT((#17682));
#17682 = SURFACE_STYLE_USAGE(.BOTH.,#17683);
#17683 = SURFACE_SIDE_STYLE('',(#17684));
#17684 = SURFACE_STYLE_FILL_AREA(#17685);
#17685 = FILL_AREA_STYLE('',(#17686));
#17686 = FILL_AREA_STYLE_COLOUR('',#17679);
#17687 = STYLED_ITEM('color',(#17688),#8372);
#17688 = PRESENTATION_STYLE_ASSIGNMENT((#17689));
#17689 = SURFACE_STYLE_USAGE(.BOTH.,#17690);
#17690 = SURFACE_SIDE_STYLE('',(#17691));
#17691 = SURFACE_STYLE_FILL_AREA(#17692);
#17692 = FILL_AREA_STYLE('',(#17693));
#17693 = FILL_AREA_STYLE_COLOUR('',#17679);
#17694 = STYLED_ITEM('color',(#17695),#8396);
#17695 = PRESENTATION_STYLE_ASSIGNMENT((#17696));
#17696 = SURFACE_STYLE_USAGE(.BOTH.,#17697);
#17697 = SURFACE_SIDE_STYLE('',(#17698));
#17698 = SURFACE_STYLE_FILL_AREA(#17699);
#17699 = FILL_AREA_STYLE('',(#17700));
#17700 = FILL_AREA_STYLE_COLOUR('',#17679);
#17701 = STYLED_ITEM('color',(#17702),#8445);
#17702 = PRESENTATION_STYLE_ASSIGNMENT((#17703));
#17703 = SURFACE_STYLE_USAGE(.BOTH.,#17704);
#17704 = SURFACE_SIDE_STYLE('',(#17705));
#17705 = SURFACE_STYLE_FILL_AREA(#17706);
#17706 = FILL_AREA_STYLE('',(#17707));
#17707 = FILL_AREA_STYLE_COLOUR('',#17377);
#17708 = STYLED_ITEM('color',(#17709),#8457);
#17709 = PRESENTATION_STYLE_ASSIGNMENT((#17710));
#17710 = SURFACE_STYLE_USAGE(.BOTH.,#17711);
#17711 = SURFACE_SIDE_STYLE('',(#17712));
#17712 = SURFACE_STYLE_FILL_AREA(#17713);
#17713 = FILL_AREA_STYLE('',(#17714));
#17714 = FILL_AREA_STYLE_COLOUR('',#17377);
#17715 = STYLED_ITEM('color',(#17716),#8560);
#17716 = PRESENTATION_STYLE_ASSIGNMENT((#17717));
#17717 = SURFACE_STYLE_USAGE(.BOTH.,#17718);
#17718 = SURFACE_SIDE_STYLE('',(#17719));
#17719 = SURFACE_STYLE_FILL_AREA(#17720);
#17720 = FILL_AREA_STYLE('',(#17721));
#17721 = FILL_AREA_STYLE_COLOUR('',#17377);
#17722 = STYLED_ITEM('color',(#17723),#8584);
#17723 = PRESENTATION_STYLE_ASSIGNMENT((#17724));
#17724 = SURFACE_STYLE_USAGE(.BOTH.,#17725);
#17725 = SURFACE_SIDE_STYLE('',(#17726));
#17726 = SURFACE_STYLE_FILL_AREA(#17727);
#17727 = FILL_AREA_STYLE('',(#17728));
#17728 = FILL_AREA_STYLE_COLOUR('',#17377);
#17729 = STYLED_ITEM('color',(#17730),#8608);
#17730 = PRESENTATION_STYLE_ASSIGNMENT((#17731));
#17731 = SURFACE_STYLE_USAGE(.BOTH.,#17732);
#17732 = SURFACE_SIDE_STYLE('',(#17733));
#17733 = SURFACE_STYLE_FILL_AREA(#17734);
#17734 = FILL_AREA_STYLE('',(#17735));
#17735 = FILL_AREA_STYLE_COLOUR('',#17377);
#17736 = STYLED_ITEM('color',(#17737),#8625);
#17737 = PRESENTATION_STYLE_ASSIGNMENT((#17738));
#17738 = SURFACE_STYLE_USAGE(.BOTH.,#17739);
#17739 = SURFACE_SIDE_STYLE('',(#17740));
#17740 = SURFACE_STYLE_FILL_AREA(#17741);
#17741 = FILL_AREA_STYLE('',(#17742));
#17742 = FILL_AREA_STYLE_COLOUR('',#17679);
#17743 = STYLED_ITEM('color',(#17744),#8656);
#17744 = PRESENTATION_STYLE_ASSIGNMENT((#17745));
#17745 = SURFACE_STYLE_USAGE(.BOTH.,#17746);
#17746 = SURFACE_SIDE_STYLE('',(#17747));
#17747 = SURFACE_STYLE_FILL_AREA(#17748);
#17748 = FILL_AREA_STYLE('',(#17749));
#17749 = FILL_AREA_STYLE_COLOUR('',#17679);
#17750 = STYLED_ITEM('color',(#17751),#8712);
#17751 = PRESENTATION_STYLE_ASSIGNMENT((#17752));
#17752 = SURFACE_STYLE_USAGE(.BOTH.,#17753);
#17753 = SURFACE_SIDE_STYLE('',(#17754));
#17754 = SURFACE_STYLE_FILL_AREA(#17755);
#17755 = FILL_AREA_STYLE('',(#17756));
#17756 = FILL_AREA_STYLE_COLOUR('',#17679);
#17757 = STYLED_ITEM('color',(#17758),#8736);
#17758 = PRESENTATION_STYLE_ASSIGNMENT((#17759));
#17759 = SURFACE_STYLE_USAGE(.BOTH.,#17760);
#17760 = SURFACE_SIDE_STYLE('',(#17761));
#17761 = SURFACE_STYLE_FILL_AREA(#17762);
#17762 = FILL_AREA_STYLE('',(#17763));
#17763 = FILL_AREA_STYLE_COLOUR('',#17679);
#17764 = STYLED_ITEM('color',(#17765),#8785);
#17765 = PRESENTATION_STYLE_ASSIGNMENT((#17766));
#17766 = SURFACE_STYLE_USAGE(.BOTH.,#17767);
#17767 = SURFACE_SIDE_STYLE('',(#17768));
#17768 = SURFACE_STYLE_FILL_AREA(#17769);
#17769 = FILL_AREA_STYLE('',(#17770));
#17770 = FILL_AREA_STYLE_COLOUR('',#17679);
#17771 = STYLED_ITEM('color',(#17772),#8802);
#17772 = PRESENTATION_STYLE_ASSIGNMENT((#17773));
#17773 = SURFACE_STYLE_USAGE(.BOTH.,#17774);
#17774 = SURFACE_SIDE_STYLE('',(#17775));
#17775 = SURFACE_STYLE_FILL_AREA(#17776);
#17776 = FILL_AREA_STYLE('',(#17777));
#17777 = FILL_AREA_STYLE_COLOUR('',#17679);
#17778 = STYLED_ITEM('color',(#17779),#8849);
#17779 = PRESENTATION_STYLE_ASSIGNMENT((#17780));
#17780 = SURFACE_STYLE_USAGE(.BOTH.,#17781);
#17781 = SURFACE_SIDE_STYLE('',(#17782));
#17782 = SURFACE_STYLE_FILL_AREA(#17783);
#17783 = FILL_AREA_STYLE('',(#17784));
#17784 = FILL_AREA_STYLE_COLOUR('',#17679);
#17785 = STYLED_ITEM('color',(#17786),#8875);
#17786 = PRESENTATION_STYLE_ASSIGNMENT((#17787));
#17787 = SURFACE_STYLE_USAGE(.BOTH.,#17788);
#17788 = SURFACE_SIDE_STYLE('',(#17789));
#17789 = SURFACE_STYLE_FILL_AREA(#17790);
#17790 = FILL_AREA_STYLE('',(#17791));
#17791 = FILL_AREA_STYLE_COLOUR('',#17679);
#17792 = STYLED_ITEM('color',(#17793),#8892);
#17793 = PRESENTATION_STYLE_ASSIGNMENT((#17794));
#17794 = SURFACE_STYLE_USAGE(.BOTH.,#17795);
#17795 = SURFACE_SIDE_STYLE('',(#17796));
#17796 = SURFACE_STYLE_FILL_AREA(#17797);
#17797 = FILL_AREA_STYLE('',(#17798));
#17798 = FILL_AREA_STYLE_COLOUR('',#17679);
#17799 = STYLED_ITEM('color',(#17800),#8918);
#17800 = PRESENTATION_STYLE_ASSIGNMENT((#17801));
#17801 = SURFACE_STYLE_USAGE(.BOTH.,#17802);
#17802 = SURFACE_SIDE_STYLE('',(#17803));
#17803 = SURFACE_STYLE_FILL_AREA(#17804);
#17804 = FILL_AREA_STYLE('',(#17805));
#17805 = FILL_AREA_STYLE_COLOUR('',#17679);
#17806 = STYLED_ITEM('color',(#17807),#8951);
#17807 = PRESENTATION_STYLE_ASSIGNMENT((#17808));
#17808 = SURFACE_STYLE_USAGE(.BOTH.,#17809);
#17809 = SURFACE_SIDE_STYLE('',(#17810));
#17810 = SURFACE_STYLE_FILL_AREA(#17811);
#17811 = FILL_AREA_STYLE('',(#17812));
#17812 = FILL_AREA_STYLE_COLOUR('',#17377);
#17813 = STYLED_ITEM('color',(#17814),#8963);
#17814 = PRESENTATION_STYLE_ASSIGNMENT((#17815));
#17815 = SURFACE_STYLE_USAGE(.BOTH.,#17816);
#17816 = SURFACE_SIDE_STYLE('',(#17817));
#17817 = SURFACE_STYLE_FILL_AREA(#17818);
#17818 = FILL_AREA_STYLE('',(#17819));
#17819 = FILL_AREA_STYLE_COLOUR('',#17679);
#17820 = STYLED_ITEM('color',(#17821),#8994);
#17821 = PRESENTATION_STYLE_ASSIGNMENT((#17822));
#17822 = SURFACE_STYLE_USAGE(.BOTH.,#17823);
#17823 = SURFACE_SIDE_STYLE('',(#17824));
#17824 = SURFACE_STYLE_FILL_AREA(#17825);
#17825 = FILL_AREA_STYLE('',(#17826));
#17826 = FILL_AREA_STYLE_COLOUR('',#17679);
#17827 = STYLED_ITEM('color',(#17828),#9018);
#17828 = PRESENTATION_STYLE_ASSIGNMENT((#17829));
#17829 = SURFACE_STYLE_USAGE(.BOTH.,#17830);
#17830 = SURFACE_SIDE_STYLE('',(#17831));
#17831 = SURFACE_STYLE_FILL_AREA(#17832);
#17832 = FILL_AREA_STYLE('',(#17833));
#17833 = FILL_AREA_STYLE_COLOUR('',#17679);
#17834 = STYLED_ITEM('color',(#17835),#9042);
#17835 = PRESENTATION_STYLE_ASSIGNMENT((#17836));
#17836 = SURFACE_STYLE_USAGE(.BOTH.,#17837);
#17837 = SURFACE_SIDE_STYLE('',(#17838));
#17838 = SURFACE_STYLE_FILL_AREA(#17839);
#17839 = FILL_AREA_STYLE('',(#17840));
#17840 = FILL_AREA_STYLE_COLOUR('',#17679);
#17841 = STYLED_ITEM('color',(#17842),#9059);
#17842 = PRESENTATION_STYLE_ASSIGNMENT((#17843));
#17843 = SURFACE_STYLE_USAGE(.BOTH.,#17844);
#17844 = SURFACE_SIDE_STYLE('',(#17845));
#17845 = SURFACE_STYLE_FILL_AREA(#17846);
#17846 = FILL_AREA_STYLE('',(#17847));
#17847 = FILL_AREA_STYLE_COLOUR('',#17679);
#17848 = STYLED_ITEM('color',(#17849),#9090);
#17849 = PRESENTATION_STYLE_ASSIGNMENT((#17850));
#17850 = SURFACE_STYLE_USAGE(.BOTH.,#17851);
#17851 = SURFACE_SIDE_STYLE('',(#17852));
#17852 = SURFACE_STYLE_FILL_AREA(#17853);
#17853 = FILL_AREA_STYLE('',(#17854));
#17854 = FILL_AREA_STYLE_COLOUR('',#17679);
#17855 = STYLED_ITEM('color',(#17856),#9114);
#17856 = PRESENTATION_STYLE_ASSIGNMENT((#17857));
#17857 = SURFACE_STYLE_USAGE(.BOTH.,#17858);
#17858 = SURFACE_SIDE_STYLE('',(#17859));
#17859 = SURFACE_STYLE_FILL_AREA(#17860);
#17860 = FILL_AREA_STYLE('',(#17861));
#17861 = FILL_AREA_STYLE_COLOUR('',#17679);
#17862 = STYLED_ITEM('color',(#17863),#9138);
#17863 = PRESENTATION_STYLE_ASSIGNMENT((#17864));
#17864 = SURFACE_STYLE_USAGE(.BOTH.,#17865);
#17865 = SURFACE_SIDE_STYLE('',(#17866));
#17866 = SURFACE_STYLE_FILL_AREA(#17867);
#17867 = FILL_AREA_STYLE('',(#17868));
#17868 = FILL_AREA_STYLE_COLOUR('',#17679);
#17869 = STYLED_ITEM('color',(#17870),#9155);
#17870 = PRESENTATION_STYLE_ASSIGNMENT((#17871));
#17871 = SURFACE_STYLE_USAGE(.BOTH.,#17872);
#17872 = SURFACE_SIDE_STYLE('',(#17873));
#17873 = SURFACE_STYLE_FILL_AREA(#17874);
#17874 = FILL_AREA_STYLE('',(#17875));
#17875 = FILL_AREA_STYLE_COLOUR('',#17679);
#17876 = STYLED_ITEM('color',(#17877),#9172);
#17877 = PRESENTATION_STYLE_ASSIGNMENT((#17878));
#17878 = SURFACE_STYLE_USAGE(.BOTH.,#17879);
#17879 = SURFACE_SIDE_STYLE('',(#17880));
#17880 = SURFACE_STYLE_FILL_AREA(#17881);
#17881 = FILL_AREA_STYLE('',(#17882));
#17882 = FILL_AREA_STYLE_COLOUR('',#17679);
#17883 = STYLED_ITEM('color',(#17884),#9219);
#17884 = PRESENTATION_STYLE_ASSIGNMENT((#17885));
#17885 = SURFACE_STYLE_USAGE(.BOTH.,#17886);
#17886 = SURFACE_SIDE_STYLE('',(#17887));
#17887 = SURFACE_STYLE_FILL_AREA(#17888);
#17888 = FILL_AREA_STYLE('',(#17889));
#17889 = FILL_AREA_STYLE_COLOUR('',#17679);
#17890 = STYLED_ITEM('color',(#17891),#9245);
#17891 = PRESENTATION_STYLE_ASSIGNMENT((#17892));
#17892 = SURFACE_STYLE_USAGE(.BOTH.,#17893);
#17893 = SURFACE_SIDE_STYLE('',(#17894));
#17894 = SURFACE_STYLE_FILL_AREA(#17895);
#17895 = FILL_AREA_STYLE('',(#17896));
#17896 = FILL_AREA_STYLE_COLOUR('',#17679);
#17897 = STYLED_ITEM('color',(#17898),#9262);
#17898 = PRESENTATION_STYLE_ASSIGNMENT((#17899));
#17899 = SURFACE_STYLE_USAGE(.BOTH.,#17900);
#17900 = SURFACE_SIDE_STYLE('',(#17901));
#17901 = SURFACE_STYLE_FILL_AREA(#17902);
#17902 = FILL_AREA_STYLE('',(#17903));
#17903 = FILL_AREA_STYLE_COLOUR('',#17679);
#17904 = STYLED_ITEM('color',(#17905),#9288);
#17905 = PRESENTATION_STYLE_ASSIGNMENT((#17906));
#17906 = SURFACE_STYLE_USAGE(.BOTH.,#17907);
#17907 = SURFACE_SIDE_STYLE('',(#17908));
#17908 = SURFACE_STYLE_FILL_AREA(#17909);
#17909 = FILL_AREA_STYLE('',(#17910));
#17910 = FILL_AREA_STYLE_COLOUR('',#17679);
#17911 = STYLED_ITEM('color',(#17912),#9321);
#17912 = PRESENTATION_STYLE_ASSIGNMENT((#17913));
#17913 = SURFACE_STYLE_USAGE(.BOTH.,#17914);
#17914 = SURFACE_SIDE_STYLE('',(#17915));
#17915 = SURFACE_STYLE_FILL_AREA(#17916);
#17916 = FILL_AREA_STYLE('',(#17917));
#17917 = FILL_AREA_STYLE_COLOUR('',#17679);
#17918 = STYLED_ITEM('color',(#17919),#9338);
#17919 = PRESENTATION_STYLE_ASSIGNMENT((#17920));
#17920 = SURFACE_STYLE_USAGE(.BOTH.,#17921);
#17921 = SURFACE_SIDE_STYLE('',(#17922));
#17922 = SURFACE_STYLE_FILL_AREA(#17923);
#17923 = FILL_AREA_STYLE('',(#17924));
#17924 = FILL_AREA_STYLE_COLOUR('',#17679);
#17925 = STYLED_ITEM('color',(#17926),#9355);
#17926 = PRESENTATION_STYLE_ASSIGNMENT((#17927));
#17927 = SURFACE_STYLE_USAGE(.BOTH.,#17928);
#17928 = SURFACE_SIDE_STYLE('',(#17929));
#17929 = SURFACE_STYLE_FILL_AREA(#17930);
#17930 = FILL_AREA_STYLE('',(#17931));
#17931 = FILL_AREA_STYLE_COLOUR('',#17679);
#17932 = STYLED_ITEM('color',(#17933),#9367);
#17933 = PRESENTATION_STYLE_ASSIGNMENT((#17934));
#17934 = SURFACE_STYLE_USAGE(.BOTH.,#17935);
#17935 = SURFACE_SIDE_STYLE('',(#17936));
#17936 = SURFACE_STYLE_FILL_AREA(#17937);
#17937 = FILL_AREA_STYLE('',(#17938));
#17938 = FILL_AREA_STYLE_COLOUR('',#17679);
#17939 = STYLED_ITEM('color',(#17940),#9398);
#17940 = PRESENTATION_STYLE_ASSIGNMENT((#17941));
#17941 = SURFACE_STYLE_USAGE(.BOTH.,#17942);
#17942 = SURFACE_SIDE_STYLE('',(#17943));
#17943 = SURFACE_STYLE_FILL_AREA(#17944);
#17944 = FILL_AREA_STYLE('',(#17945));
#17945 = FILL_AREA_STYLE_COLOUR('',#17679);
#17946 = STYLED_ITEM('color',(#17947),#9422);
#17947 = PRESENTATION_STYLE_ASSIGNMENT((#17948));
#17948 = SURFACE_STYLE_USAGE(.BOTH.,#17949);
#17949 = SURFACE_SIDE_STYLE('',(#17950));
#17950 = SURFACE_STYLE_FILL_AREA(#17951);
#17951 = FILL_AREA_STYLE('',(#17952));
#17952 = FILL_AREA_STYLE_COLOUR('',#17679);
#17953 = STYLED_ITEM('color',(#17954),#9446);
#17954 = PRESENTATION_STYLE_ASSIGNMENT((#17955));
#17955 = SURFACE_STYLE_USAGE(.BOTH.,#17956);
#17956 = SURFACE_SIDE_STYLE('',(#17957));
#17957 = SURFACE_STYLE_FILL_AREA(#17958);
#17958 = FILL_AREA_STYLE('',(#17959));
#17959 = FILL_AREA_STYLE_COLOUR('',#17679);
#17960 = STYLED_ITEM('color',(#17961),#9463);
#17961 = PRESENTATION_STYLE_ASSIGNMENT((#17962));
#17962 = SURFACE_STYLE_USAGE(.BOTH.,#17963);
#17963 = SURFACE_SIDE_STYLE('',(#17964));
#17964 = SURFACE_STYLE_FILL_AREA(#17965);
#17965 = FILL_AREA_STYLE('',(#17966));
#17966 = FILL_AREA_STYLE_COLOUR('',#17679);
#17967 = STYLED_ITEM('color',(#17968),#9494);
#17968 = PRESENTATION_STYLE_ASSIGNMENT((#17969));
#17969 = SURFACE_STYLE_USAGE(.BOTH.,#17970);
#17970 = SURFACE_SIDE_STYLE('',(#17971));
#17971 = SURFACE_STYLE_FILL_AREA(#17972);
#17972 = FILL_AREA_STYLE('',(#17973));
#17973 = FILL_AREA_STYLE_COLOUR('',#17679);
#17974 = STYLED_ITEM('color',(#17975),#9518);
#17975 = PRESENTATION_STYLE_ASSIGNMENT((#17976));
#17976 = SURFACE_STYLE_USAGE(.BOTH.,#17977);
#17977 = SURFACE_SIDE_STYLE('',(#17978));
#17978 = SURFACE_STYLE_FILL_AREA(#17979);
#17979 = FILL_AREA_STYLE('',(#17980));
#17980 = FILL_AREA_STYLE_COLOUR('',#17679);
#17981 = STYLED_ITEM('color',(#17982),#9542);
#17982 = PRESENTATION_STYLE_ASSIGNMENT((#17983));
#17983 = SURFACE_STYLE_USAGE(.BOTH.,#17984);
#17984 = SURFACE_SIDE_STYLE('',(#17985));
#17985 = SURFACE_STYLE_FILL_AREA(#17986);
#17986 = FILL_AREA_STYLE('',(#17987));
#17987 = FILL_AREA_STYLE_COLOUR('',#17679);
#17988 = STYLED_ITEM('color',(#17989),#9559);
#17989 = PRESENTATION_STYLE_ASSIGNMENT((#17990));
#17990 = SURFACE_STYLE_USAGE(.BOTH.,#17991);
#17991 = SURFACE_SIDE_STYLE('',(#17992));
#17992 = SURFACE_STYLE_FILL_AREA(#17993);
#17993 = FILL_AREA_STYLE('',(#17994));
#17994 = FILL_AREA_STYLE_COLOUR('',#17679);
#17995 = STYLED_ITEM('color',(#17996),#9576);
#17996 = PRESENTATION_STYLE_ASSIGNMENT((#17997));
#17997 = SURFACE_STYLE_USAGE(.BOTH.,#17998);
#17998 = SURFACE_SIDE_STYLE('',(#17999));
#17999 = SURFACE_STYLE_FILL_AREA(#18000);
#18000 = FILL_AREA_STYLE('',(#18001));
#18001 = FILL_AREA_STYLE_COLOUR('',#17679);
#18002 = STYLED_ITEM('color',(#18003),#9593);
#18003 = PRESENTATION_STYLE_ASSIGNMENT((#18004));
#18004 = SURFACE_STYLE_USAGE(.BOTH.,#18005);
#18005 = SURFACE_SIDE_STYLE('',(#18006));
#18006 = SURFACE_STYLE_FILL_AREA(#18007);
#18007 = FILL_AREA_STYLE('',(#18008));
#18008 = FILL_AREA_STYLE_COLOUR('',#17679);
#18009 = STYLED_ITEM('color',(#18010),#9605);
#18010 = PRESENTATION_STYLE_ASSIGNMENT((#18011));
#18011 = SURFACE_STYLE_USAGE(.BOTH.,#18012);
#18012 = SURFACE_SIDE_STYLE('',(#18013));
#18013 = SURFACE_STYLE_FILL_AREA(#18014);
#18014 = FILL_AREA_STYLE('',(#18015));
#18015 = FILL_AREA_STYLE_COLOUR('',#17679);
#18016 = STYLED_ITEM('color',(#18017),#9617);
#18017 = PRESENTATION_STYLE_ASSIGNMENT((#18018));
#18018 = SURFACE_STYLE_USAGE(.BOTH.,#18019);
#18019 = SURFACE_SIDE_STYLE('',(#18020));
#18020 = SURFACE_STYLE_FILL_AREA(#18021);
#18021 = FILL_AREA_STYLE('',(#18022));
#18022 = FILL_AREA_STYLE_COLOUR('',#17679);
ENDSEC;
END-ISO-10303-21;
